wasm_hash,instance_count,instance_percent
"07097f83dae3b746db7dba3263d9cc334efb88a9a7d5450fb96ca19f33d284b0",119053,81.2993
"ecd990f0b45ca6817149b6175f79b32efb442f35731985a084131e8265c4cd90",4569,3.1201
"0a41411f7250a78da15d6cd6cf78086e19d98bc917dd0a51e03a34f5ab969781",2276,1.5542
"f340242d143b42e273f628f44ccb907f55f5beb256f3de17de2c005fcdbc9783",1272,0.8686
"7ac3713a1df2919fc76d50539bbbadf7fc9758cedb5fe7d322c93dd5d5fb42f2",1257,0.8584
"72ae9a04124c9cdab25ecd7a58a7b7be28ecd8791dd02fefbaddfd06f521299f",1134,0.7744
"2ddb5ef1f8f029ea93313ed7a6886f763eda7287d8a08bacc0a427ab0aa1dc1f",1014,0.6924
"0c0a264d4cc0b3e79b8533e2a2e1f0ed21501a5a3f9f2455d2f18c232940b865",827,0.5647
"b62f62217ff256d557513793e9e44317b25b14401a8a6b6149a04d38d72d6c7c",814,0.5559
"bfab576fb405952fdeb0c502e3f662668601f3b63111bcf034c240cea4b6240d",484,0.3305
"76d2ba826c1b5a7b6cc0aaebe058cc3ffc373c2171f90d63ebb7481a28f577bd",442,0.3018
"556a300afee794c559573f4d95dd858944e3036e7cea14487830f27bec601df2",420,0.2868
"07bab30eb93f9d194b079a3f02ba86821ae82b9d4770a38c6b7b8524df9e284f",379,0.2588
"43a1cd087115c76dc880b0e07e171298b4f55dfc333c03df1b06266cf229199c",356,0.2431
"ae0da5a84b15805c5c7931ac567a8d1b34be3f26b483993d9ff80cb2c3de9852",320,0.2185
"baabbdd1d1816be62751880621a323168525f839442de5f4c1ce1c1a0ebf42b1",306,0.2090
"a12e8fa9621efd20315753bd4007d974390e31fbcb4a7ddc4dd0a0dec728bf2e",247,0.1687
"96d51751f924c938a081deb740056dc1c5cc60c6e645672062531f82957ed2fe",240,0.1639
"18051456816b66f12e773a56f77c5794fac1b1fb7ab6e22d4fad5a412770f73e",235,0.1605
"5ff6825ada1bf1a1089b585799045bd2479392347b60ddda77ace7d2c6bb38a9",210,0.1434
"b02077bee88de8d0b9dbdca3ceb20d9334d8283074c2615e34cc53451acf5a1a",137,0.0936
"61e1fc5401a7b22418c2bd3bc5bd2c07241e4dae098c587c89f3f666aca12e37",135,0.0922
"9883cdb6740d685007a88dbd5a1269ffc1550a81a182fed5de3748356d0e342c",126,0.0860
"ae3409a4090bc087b86b4e9b444d2b8017ccd97b90b069d44d005ab9f8e1468b",113,0.0772
"a1629dcdf9192727296124ca4ef0f5cc5829086073b4cf5b4f42e27331b22ce0",110,0.0751
"3d3c0447351c24e4fadaece14088c724d742e8172a587022d9cd65af9ce9089e",104,0.0710
"dc7fbf08126a0eaa8122f27afd958e683a04c94a5eb1a65616494557414fa647",96,0.0656
"8e9b6760c249d5a67c3e6c4ff7cedcd5dfd7f5049f1c5956a52480fbf7bf447f",96,0.0656
"3a958cd4f685d08bfe6b69bc300615cca905e563f5847265abb2d4df2e6ba32b",87,0.0594
"71648e1b8ee1231ea03c096257ed3c6d55478effbfab77b8e587a5139ab84cbe",85,0.0580
"ff7f0e12bd7ddb6f91f6cff51a73eb5054d0f18d1c29052abb633fc4b0ee9e05",74,0.0505
"d1d4e69b4f3b9c14382b5e8cfbc081afefb5f5306769339a7482acebdd5358a1",67,0.0458
"f959008c8e17f7853ab60ec53cc61f1527ddfd3146762a542fe77ad2943fd4ac",66,0.0451
"c5509dfa5f022deb8ae621f073adac5fd788feca0b24d15b5f392ab22c2ff222",66,0.0451
"8cced6471a6f5db317d9d1e94cc8ddc43e2d6324b118c70c1555c7d990ae5499",62,0.0423
"647d5bca96e2b5c5d9acc6744bb76e7ba262a449611abc09c37a8202337dada7",62,0.0423
"95a8e0018530226701ef8d31c7d4c2fe20ed9d7c303a14a70c3d96848ca4fa54",61,0.0417
"f1077e0b77da5e62d596e13aeae4160104cad99e7ef7f3183a6c9b6ec9e747cd",59,0.0403
"dbd0fed83aba79e0f20696008e0efcdfcd2b260731d31477a9732ff1728018ae",59,0.0403
"003710b383f9da7d650a7f719a7be479110266427817ebbed61d924505fcd7c7",58,0.0396
"94cf99e36cbf4c7557bf6dd18732b749b5675b902556c4f40919a4c7d435893e",57,0.0389
"72d9b2fdebe2c5e5478f6385dc871db0dbc4b521c4dfba3b3f0d81fec9c59379",55,0.0376
"ecf47562973711ae6a1ba40101b6deae3d953f1b6cf870be42ce5081e0411933",54,0.0369
"48b28121451497952c1c35d58d4556f315a5b468ccde9fcd03f510aefa07c117",54,0.0369
"e45c42b944a767bd5f37f8c4a469b48917d28e23481dbfd550419c84cdacde92",52,0.0355
"3c030c6e93ac973cf26e39947176c85a2bf61210e9c1f98ce638b963da948c96",50,0.0341
"27641409cee79a481e120b141d8c3c3135b83993623344a9039c1739cc58abe0",50,0.0341
"dadbc43b2f83f25ddc877756fbbd944fc41b6b9e07f310e1349af83dda0746d9",49,0.0335
"87827804b54949689011b7f0e31db471e737dbe7ba4f1ab972c90ea1536a1dc3",49,0.0335
"93c5e22d071a330e789bc6a62409a87a0c05966273977e22fcabfc57e834f548",48,0.0328
"d34c166bae5bc00cf504d56bc44244a276db477968081b4bd445698ab71412ab",46,0.0314
"3f42cfc31109f0a7db35129c19933cc858e317d359adbd2bb6d9b8ebd563e21e",45,0.0307
"4536723b074aa9290d5b79a69ff8dff0eb0804183dbb2b340850564b293c9928",44,0.0300
"12fca5a7a96577273b6d4184cf9c984036cda0e8f0594747e7b2933dced37ee6",44,0.0300
"b4a7abee4c75bf3413214f9531cfe4bddc576947bdde6017224679d4dd470415",43,0.0294
"d086369877582636ed194c40056b250b143478f87cd4283f25b0220a487569d9",42,0.0287
"e87fde6cdbe56303162ac3a42e957755075d0a480289acd28ca14fb7d27ad91c",41,0.0280
"011ee0c72be16018cfbcdd6b16642eb29c4c85209efab3cf5013daf5fb4caae0",40,0.0273
"c7f454de6029276c48af0047647ac195d0ccfb81a4ac13265f59e1dde19aeef0",39,0.0266
"1707eb38f896ab6f305e6118a755058109e1877bd6b933243c6ebc65d289f64b",39,0.0266
"f7937f8e8c06d8cfd23833aa612ed0745ab6ee6adf66ad3bf7bbaf59fd61ae19",38,0.0259
"6c080f2f541bd4117f7480f20ad0ffc94abac1bc6fbf05bbb3e1c7eef9cce77e",38,0.0259
"4e74c4227bb16287e3ec5e263665f32362fb68fdb7217209b76ec99509d157c9",37,0.0253
"3e464b6dda26a8d5b0bf13d2cb7781a6142bf2c2e4b64edcba093911fa16df5c",37,0.0253
"1a3fbfaafa93ea53475f12fa13ca2ed3c2cdc65083dd21759056b4c06f937d02",37,0.0253
"524d179cd9d5dba6d6eec897559ffc50e3826a0c5de444918302ff69bbac45a2",36,0.0246
"a479620f0b74cda68745a633c9ae6cafe9bd0838f6275e56f3e46214584466e6",35,0.0239
"fe3ef10d198a88ae997062c71592eea6c68156b54c518bed097dfd4d1b011dae",34,0.0232
"fc1663b281b991e7a7afee176cc4d43eb577eac5c12e278c56a740dc0e865a66",34,0.0232
"eccc1a4d9615e9aac43f4ea9acc4137d671b4418e47dfb211df2dab2793875a7",34,0.0232
"d0c742856fbf55b3062d66814cea96704c52adbf7f4b3e183999af2d3105db06",34,0.0232
"a5d73e0a07e0f866097485f0cf7fcb06d6a4c0ff7d61cb17dbf302f99d6cc19b",34,0.0232
"91f2e5903d7318c831cbde0f42d82e83a5f477bccfafece9c3b3310fa695f421",34,0.0232
"7407579387958616280797072eea8643af854d15ae0e152be4fe482c039c527a",34,0.0232
"67848b7ab5a32ea5b0410d16393b5d4e79f68266571272a3aff4edf5ec67483c",34,0.0232
"3f8603433994e0076a8f241e4b8b69aecb977d3907046a6f7bdbe72e9e6c48c1",34,0.0232
"3ea3cfc5c30efdc08dd505e9ab4df0d5f687f9a371e09dcfe1f00d74efaa4b53",33,0.0225
"ce84b965f3fdbf4ff9ea4c28813a7a30d6dd65c69d0d1bc19834d907a5e0d27b",32,0.0219
"b2cfcefa2a9eb3742b5d2bbd2a4109a028bdf820b8a500ce08296c952caaf490",32,0.0219
"aae9cd2bb148c6f2a2960e74ecb79693e789092512561c9259d4034c248b1886",32,0.0219
"91a2cd56ba1a75d78eeb8ddc5d1841c5d439b7726a140bc84c850f73396298a9",32,0.0219
"354d8735ca76ce9a0ca6895646b7c7a0dfc0e93929897a749212b8852ca403aa",32,0.0219
"75848e0e0da7c46f39d333de17b6d06608900d5ad40c75eb4db9abe3406e43f8",28,0.0191
"bb79374086c981f6937907516ba98af68aadf005bc34f0a18a863e7d02d37b48",27,0.0184
"708cc40d6e46fc5134a76b914220b4694bee8f13e0b8b2cccd7aaadea19b457c",27,0.0184
"c9cdd8f3f8c991783657809efb816c3330d4408500b8c87979ca0d263a107b8b",26,0.0178
"27e58d114a98f91063994a97b239ec0627f874c36db3be91876ca01b696b793c",26,0.0178
"1e25669bacd907ec14114b9e943312a6ec4ab265cb407646cfb567517009ba70",26,0.0178
"284e955c58825f56d2b8d45e44d39b1239057fb1b088a357718ffc5cb31ce0ea",25,0.0171
"f4b38fe7cefb4c3d71f3e7d82e8a375f32984ebc3f8c8226ab0905ce204d697f",24,0.0164
"a2159d827325347c02388dab851bec9b06d935bcde4c58d4facbbde570d30f3d",24,0.0164
"1d728cc08869f01b7c8c994f91d505e3576a150a072b96f8d3401c5ef2b430d2",24,0.0164
"4416dca6d71a24b1e74d1db66f25953b4f8a6a2773c100c16ec0eb1edb7f1466",23,0.0157
"026bb5d31661702316e24d4851ba9fba753645b62d7b120db22fcb0eaaa70cf6",23,0.0157
"e9c15e167716821799290f24f33e8b2edeab8fe889b8a76f304f2abd47079011",22,0.0150
"72acff3c98c3670a06bd20c7a6f04b6676e1e12a06dad46d7e588ab55c3765c4",22,0.0150
"4b9316721487281d8201e1c6044544400f120253487971e339eb23a465516935",22,0.0150
"e2b96ebd7dbdb22ff90f3b70bb8a10945fc15571bea0397df284a4cbb9639841",21,0.0143
"d2eb73508afbbb035fa33fd44ef775e53ce74fa3bd39a436de2d0d0bbffc4273",20,0.0137
"8875f0c770fb26d3053648856732a649936aed5db246845fa209f9032001b208",20,0.0137
"fefa7c8e3ad3ec8214435afdb37cb2d5594bc854797fccbc882bd7a5726de198",19,0.0130
"96696fdad6be7b80ca081ff2d88599f5456ee8724bbf151bd553ce4fa0a2dfa6",19,0.0130
"73917f2589eee885c63d22e964da34146c6e6df13305c5b4b74569e6a1dd5391",19,0.0130
"66941a8ceb262cf8e8227e573dfd80486820abf2a89423b7fc06c10be4ec723e",19,0.0130
"0f3423cda709890d7a5e36b31f74474a7f45162bdb3546bd93de98557f22035c",19,0.0130
"073b070eaf32b07ffd4ab83704dee2207adf1416d1b254d3fe999caf7d22ff06",19,0.0130
"defa6f74e04bab35b74d8007adf39e20902dbe65995efadd79c0c35269621f9b",18,0.0123
"119a8c2eab5f732c18d7521426e1038151fa837506c63ddca17c6851e2fbf946",18,0.0123
"11329c2469455f5a3815af1383c0cdddb69215b1668a17ef097516cde85da988",18,0.0123
"f0c3b6df2738aaf8f326cd3bf2aa801d594e36ddf7d811ff0aa196105452d707",17,0.0116
"cb7c971ffc5e6e3cec6ff6ad2126ce84474f87f6f2520a0a1bb2f27c5c410126",17,0.0116
"baf978f10efdbcd85747868bef8832845ea6809f7643b67a4ac0cd669327fc2c",17,0.0116
"70acbc4b72df636f4f61873363f72c93ac62517abecb7a5b906add222796e4a7",17,0.0116
"16dda8e3ee07c37c0579af921db80ba31b63f09d322748249f9551073dbfc7bc",17,0.0116
"11ba5c44157dfbdcfe1f67a54b3054952a67e5d36e5ed7876d26eece39d82c3f",17,0.0116
"f55016cec9190712a7e5e58e09087bcc899393eb0d99353a5fece47bb790a7fb",16,0.0109
"f102c0e7bc02baa38deb1ee1909afe75e945901603918de01f869e9ca07bac2a",16,0.0109
"d26b246d23e87b05a8b5e16820f7f7694666e8edcd6f33612a5f800e3c777a03",16,0.0109
"6fd2e807c8b3c046420813b263f6476b35760908bcd656f5ee22c563d86000ba",16,0.0109
"6ec7898ed3d34b0e25ec51e2ea430125d6b61f053cc4ff474f6b2b122bd82704",16,0.0109
"6bb812ad7afd52c363fafdc05fb7d4c996051113037261341702e9e737e29b4d",16,0.0109
"5c798833a48a2705c81c5961f619527f20ab7a05f930aef8192a395a269c4811",16,0.0109
"b0d078f848df87f990bc42d3bd973a2a8de5a86ea99e9b707bcf2a7bd9f2a1b1",15,0.0102
"a8f785418f7210c2c22fce16b9208019d5a467b4eeaa679bcb671d59a6c21d3f",15,0.0102
"a2b1fe28fe6bcdad4bd7c2f5a0955f4b943ee0045f638b4bccf4e6eb638dc2a8",15,0.0102
"3386f2353b1efeb94935522534a440f03e9babd11510d2b12d3f15bb56f5b62a",15,0.0102
"9999d894a1c72aa08aae96a40c3c13a80a95a5a520501c257af2ed3530c26980",14,0.0096
"84a88013828d4c4f4e4f5d0fa2f686050d69889384a044eab3ec4b1169f810ea",14,0.0096
"8100be1db26a3d381f5f1f23917b6ea6ec712c9c41f9b962a4ca7e664dc39b64",14,0.0096
"2bec0b2e74f3adc55472832bb5ac45ee3314219f81aa3d9443a7f4c1cc8d1435",14,0.0096
"edd0af824ba82f3b20fbef97dada4523535175e147e53a2d59992dc61eac4b44",13,0.0089
"af7bcef43d779b4c88bf4325a70de23deac55f401352be1e0ee3f3c378a5b4fd",13,0.0089
"aead11f442a5505e1b88329069fb3bd2df60e983075a45017be309361a1db1ed",13,0.0089
"adf28ca3fb4e36fcd4bb10dc17df5b86191c5826b2707fa4503313b5be2cfa7c",13,0.0089
"a89ca4283f5a713b476842a3ef8ba16c19e9ac42826b87907cad3bdc01356b56",13,0.0089
"9e470dc704e761e20309497e8bf59c7eed29f40741be9be1ffaffec3fe51e76e",13,0.0089
"96c3b90dc2c8a9addb183eaf49c6c8e2d5e4be89458c6814b44c3f6181d879e9",13,0.0089
"940b06c99abdd9a632eec17e04df39564b13bd682ad110743152225cb510324b",13,0.0089
"845414782b49c2ba195940707a54e85c53d7ecd541185afd3bf86e07a4f10694",13,0.0089
"e81adf3c1a821948c993bbeda37755a0eadf35698a3f66c23ca1ef88cde35625",12,0.0082
"d36769d55cb2fa787be7525e6a4fc686a3c96375d3b95a646cf2b209c3104c39",12,0.0082
"c0f9d795b639121741ba066a08f8ab89a784477f1cda612318317d2f6fb7855a",12,0.0082
"a41fc53d6753b6c04eb15b021c55052366a4c8e0e21bc72700f461264ec1350e",12,0.0082
"93b69eaeee665ecc00f608fdf3492c592b551c4d0f61e7ae14ca3be34b22754f",12,0.0082
"82fecb49693c94c1390ffbac61850fa94efcc20bc831ea09d326924b0290ffba",12,0.0082
"63a0f2a7d1b44b029cbfffffdedaf5d0466f7666f5e122eadc20d902c2f1a0f8",12,0.0082
"606b6c95ae37aa0d0dc763d67f3073e1ee58371222715ab6e3c55fd62af61659",12,0.0082
"3967b1e7a284bce179272f5f8826d02d73fa1cd0791c8e0764a48bafaaf62f17",12,0.0082
"1ec233f4385cc8d2a7359cb4bc42d583f7f8b7d8d1827c62a03bff588cd8c0f9",12,0.0082
"e84be55dca2c36778ce74caf6466b5d747e9f564b17fbfe16f37e20d22b898c7",11,0.0075
"cdbd8be1e10b794a44ca45bfb8cb3943b31b751ed76e9acc2c950b3c09151631",11,0.0075
"cad725da76353b34f3ddbca94b5c1e1dec2d4e5f9900b7a854ad7bbe13ff5141",11,0.0075
"c7b4163c592594f6bec71e72fe9a398c5585a883f80c9050100e65dfe664f461",11,0.0075
"6b9ef0f570e482869fc5b42bad0e045a20c0c813bdd9e2fd25849dcf62919535",11,0.0075
"5708256f86f8930e96321548d2d461257430ee21e2a9c43e109b943ed7149fe6",11,0.0075
"55f2d22fd4dc238a4d3935c8d14f7f77f585b3713fdead02b931d3bbe7c1471c",11,0.0075
"43c74d653dbc876ce95571b36b1e2d66939bba3cc7f27de7d793254569ecdca0",11,0.0075
"22e25896129abdba5d9d08d305788b0be910cd6f0b94f0843e82f75967e6329c",11,0.0075
"1e65df19aab602c415909ef6ab3043ffd349c21c35b97aafb3946c471d61cd39",11,0.0075
"1cf1ad98b51444c86d78bb526594f7380ecaf243db3aee807a2e4813ecec62e5",11,0.0075
"11b335d47780effb07c2179fbc3159c8e603e218559f776422adabe2fa3d7cfa",11,0.0075
"f25795bcffa6d6b995cba6c0999180c403dede5472e4455c99bd4521f9e29a12",10,0.0068
"ee003d395f9508ae4b8c073d409056f5b245f52a2918bd1724b0a081ce1bf420",10,0.0068
"edfe85707a761801024f76f740d4bd9756ae883de6e3b0f5f7d201758bf77a4e",10,0.0068
"b8583edbc056cf7ffb4903520ab429db3404f02afc7a5aa631705267d0779dfb",10,0.0068
"ac33fc812664a41c18da1bf04988835f861108131976b6aba343ca8a9d9e21f9",10,0.0068
"83bf0a7fbe1502271f2e14d2a5a46c9cde1aa213be97616bd7c6b102b342692f",10,0.0068
"65e6fa754cc1edbbe365c69d8b86be71666329a8283b5305ac34efafdbfd28cd",10,0.0068
"57ba0367fd7f5edd8e01a3a1c432a441d49440fdb229fb3dd835528dfc7a41fd",10,0.0068
"52ba2e1cdee4e0236eb1ce0ac415553adfe9da399df95beaa3204e15b3c5429b",10,0.0068
"3a32d41eed54b2292852f27a014c3a62fca7ff62923d24ab44e6ac4eb37af8f8",10,0.0068
"362901a320a398259effb43ba50116da855239a604b612a43746528a7a0ea49b",10,0.0068
"167ab414a226427de34c19947ef9c5cf38c6c0ed91ecf9392f7cef3278ff506c",10,0.0068
"03f4a0820f1891c14c10eee1a795572c1022c861532b10e6d8488fc705a4c3b5",10,0.0068
"f786ecc0de98f9c9e8d151d7ad7e82eb2a3afd4b8880c20f07ee51141a24cedc",9,0.0061
"f2e5b4b34e7947eb7388e30e5f72ce9ce745205cf9cc4d67db63386ed0fb918a",9,0.0061
"e34228198b65f5e595eaf5573d7f86899f4f8577a0ed01e3650fe659954f9250",9,0.0061
"e1f9ac0ff71284b349b3b0a5003f3e07acad11e9ad744706199ce5f805d45eb5",9,0.0061
"dddbb6ba2f1598d6de9dab08cd423db017e780f10a733afa871ab90ccde797b1",9,0.0061
"d2dec36170317d81aebaee3efdc7df87fe5c72bb87bc85f5f8cd1ef1e057eff9",9,0.0061
"ca1027e0124902c5a2466c12a414ee6f576ac9b912cb51341eea2b3196d4ad91",9,0.0061
"c06fad955f113f5fbff6844d9b4c668bb88bf2d46f00d63007db5ecdb730d285",9,0.0061
"a26153d86abeac90b2598fa6602e8f4841e64c772a7f3e30633daca4a68a8388",9,0.0061
"9a6ff5a0c0ea53198114097fdf6971f9c8a7caf41cecb8efda75c04c684bfb4a",9,0.0061
"7759620455ec23b490994618b75f0cd445d1ce79067b0da790954eb31e2c9340",9,0.0061
"4f080d249700b9a30ca2e1bb828ecb29e47357cd36b122c7744593cef30b7a08",9,0.0061
"22f461acb9cf45717ebc2038ac7a3e4c619aa6d63ece774f025636d810738212",9,0.0061
"011439f1c1c296fc69fbdd9b4f2086db13a8ba828d58cd599b4f5f593ca95b74",9,0.0061
"f9593c2adb9c3e841bd40be20bd4623934062d20d75bb3aee50fe86deb365585",8,0.0055
"f5bdd7c4b58401cd3c28bd4ba4162650fe1971f9b22c27b5be7c4d3664596a96",8,0.0055
"e3b1ea0f41d5c625f2b03534e032c10313bd7304f0e89fbeae39ced744d0fe2f",8,0.0055
"de00bc4e3d389ac8ffbcbf6ca53d88e940463fd82dddf25e874d4504d8cd3d90",8,0.0055
"d8cfce5e264b8632c26da735bdd40112d128bdb58a25dbd1bf70fe279f305132",8,0.0055
"d4c13dfd28241c3df62d604e91fca0510b926aebe315acaa0cdcf9451fde8c35",8,0.0055
"d4645fdf3441e49a659bc0b8fd6fe6287ea8df5048630f2af3342c1769ae57b8",8,0.0055
"c0376789a2927057011c48231823756a3dc0ae2946de642669c51510252e9e68",8,0.0055
"b73fe80ad74587eb8ffbbece1207c086d1b0182bc17c50fa263c2b818fa9eea2",8,0.0055
"b5080a685a1e7af3be47cdb05d2b59034e5364746eeb260ef31894fc374599bb",8,0.0055
"ab3bb0da02d07610872b4a2f5dbbe9cf0a40e0544f63981097604f9d08d2a164",8,0.0055
"a35be4af3fbb05960ea8ff994001ff4dde7e80cff5ecd11974ec285867d74025",8,0.0055
"9bc20974a79e4b5b267f769df68c1edced991088ce1f08272f5e8c1d02e9b6b0",8,0.0055
"995a77962258898fa3f574a5729a69831e0cabeaf43a43987ca8829acb59715b",8,0.0055
"92999c37c1323f501373e3efdbe9fd886564e00c2ac67f4318708e450ad11c0b",8,0.0055
"6c83329a13014736589fbfd2af4ba99c080eab87ffc2cdf5d2df20b1c31e7448",8,0.0055
"2f6794570015e7de80623402126a700bc009f7f1cc5dc5823e4967e054cfe183",8,0.0055
"2bd0323a98acb8469606808368da6c79824f2dd8391494b94ddbeb3d22c1a957",8,0.0055
"29bdadaadbf0dbb20ff788aba9b70ac67a457f6b621bb17e94c2305a33586e3f",8,0.0055
"144ef7103d39fb69e93f37300715044c51dbb3ac1e3a2df261a0e5373cd0bea8",8,0.0055
"103b724dcaa8d5b133870acf743cb74f8400c173b2a50bb113f928cb986dc947",8,0.0055
"06b44635985d124cf794ed687469c845c18ab0b6244766f85c7b55ab1290d4ea",8,0.0055
"fae676d67ccf9a631f15b823ca78bab9c8060b4d6cf48cbaedee9a17b6011bf0",7,0.0048
"f6060459b9f9a2bf99ff17752674597262eef266a70b713a14e7de1d02d2fcd1",7,0.0048
"f48f10d9c7d35fc7783b5e27578bf0e764e3a30ff26a3bd7d8e57758c17a9ea8",7,0.0048
"f1c549e2491e0f8d9cc7683f6056da2edd8a8c3d6786723ab1c86dae74a96b0e",7,0.0048
"edd771dc600314f470857987586282e54b25a8add347a89daa314142521b0dff",7,0.0048
"e1429fb1b8de1085194cdfab86b8c94ae36003d0b0e5525d286794f9fbb762f8",7,0.0048
"ccee8cb55ef85dcc44d1443782e70f94395b59780239cfb33eb35b612febe70f",7,0.0048
"ca6b85a13e53353912aeee2d4742830fc58076660dde64fdad4a6afbcca9674f",7,0.0048
"c011240e75c23725321cc80a41a5a39d758a4d5890dac5a66f285cdcc4616930",7,0.0048
"aac8f507c24baaf83e20a7e72cae725f156898bbc32081fdb673e3f3251537c2",7,0.0048
"9e1261400dba7de1505186521c11c0ba908a731fe324459df74e3d302065aa54",7,0.0048
"7c059aa7a204b6200ddba620e3e6737b8d7af8c59f2d26eca7e28a1a625eb071",7,0.0048
"63f0bc7bfef41d314e668b1b4dc488e3b3cb3cc4875da18d95b6decc0ef3fb16",7,0.0048
"47e0fa7be2a90052c7fd8b9cb6b0a2e04007ba418962780b62f603aa41fbb477",7,0.0048
"14004421de97842804c53cd9503e2aa4f43a56a5d93ca544b8de649004ab0ac7",7,0.0048
"08a398eecfd4fea7c178c793857fab3753b04c2b58c15ba3a5a862fe4b715bd2",7,0.0048
"f267df795b264d0a8c9ef9259f9f0b5af06efb108112e94c44f4dbd7593937a3",6,0.0041
"dec58db6464410b15bbed473e0aa5fb616cb9f6b6aea379ae392cb8ebf9670c8",6,0.0041
"de81128df5889eca86e736ac3c8e353609f5439bd60fec83ea50f471dfd848ae",6,0.0041
"c67e48396e92a65bbf90695e934ccf14f7cef9b6dd522400b6249bfd636edb23",6,0.0041
"c1aa54e88e5af6f82a2be5c8ebd033565a5c58af35cd71496199aa541166291f",6,0.0041
"b206ad73749070ab2e5ebef8635121d20f305d953fbccaab5b238c4e65424a7c",6,0.0041
"a552658eaf572b4c6230e8a3b94b6ebfbf458487a74f720d992fbec61e8fbb46",6,0.0041
"6c5a20825c0ff9fc639e53ae07cff68a36097c8de168335425967b23aa248750",6,0.0041
"66951f718a7bea5e52fe51e630190029805d5b43e7c80d56ebdd045671230582",6,0.0041
"649715de2b14df3c34a560d9ffb01deeefe029404cd3e9ab184ba22702cbed79",6,0.0041
"5f35bc16b3262feb27fb77080fc007d3461a536bd62afd3b5580688ab4b004e1",6,0.0041
"5f03a001f6123a6905b9b8d271fdae7410b9c3dbec2252fa271d277b0705d86a",6,0.0041
"5255007db3c341efff07c2b098f9d038811853f777bd9d894fa955712789bb76",6,0.0041
"4fba5f018878a4131a0746a2a7545503975e5738c8486b627d21eacbe0145546",6,0.0041
"4cc70fcdf4d884becaea2855f0e09ad8afd976afa630ff838de040da5e8935e4",6,0.0041
"464c7cf3fb3cd426e700973c98ae63dee903e83d411491b691dad72c035dcd7d",6,0.0041
"3eec53e4ef27ecb084ea37eba9163ff3a9c58579f256c47eda3b33638d68c648",6,0.0041
"3e8f372ac26c0ab674c6da7b01bd237d4c6c89f34a3d353b0edbc72644f12364",6,0.0041
"3cbd888c32f0d411b867143c4c78ac30e2f84a3a3b9c1948d869e6ac0bcdfd07",6,0.0041
"37833c3260ba9cb7a8d537eb999919d392de9233079f68f644284186510f7656",6,0.0041
"2cd1e92825cd5d29ce71df0b356956626d3332fa5a2117d743f63c8045882a03",6,0.0041
"26f71e210a0bc650caed1cf60a1b96a8e96a88a682b35de2c661adcf56c43f44",6,0.0041
"251475c367730162e298eb88497869511c9b68f55faaac2a06dfbffd47f92b4d",6,0.0041
"23cafe79bb16a32098004aa2906e0de5b1fe63783f67a5c539f5dd5fc2746ae4",6,0.0041
"12ee703a6126d427cf68ccd3173b173219d77339fcc096f6839615a87cf6d15f",6,0.0041
"10391457065f4dce8fe5a2ee80491afc8bf4dd738cd66f600019f1520e58038c",6,0.0041
"086b776c75188841b6c53910a94489961f1873886eb1e92cb2bea252044554c9",6,0.0041
"0827f7213450ec893e04c3530a9c4fa6f584561caf57b81b18a31b06d35d9091",6,0.0041
"07595b731b0227ac78306e56fcce2b72a93bb5a3c47676849f0551fe83f0e642",6,0.0041
"ffa62aebb6b340649dce6a4dae51c6798dc193178ddc9104ff190059de77f8a4",5,0.0034
"f84321e8a35e598556761f331b22ec386f56338945152ec3f332d8b3ee9679f0",5,0.0034
"f42f7c5faae416b3a77695e9f9a8330cdad45901a1deebea894081ccf7f4f1a2",5,0.0034
"f0e10c2924f73476027d5ae53e2c3ad9e63e251b31465559064bbb6555ae0a9e",5,0.0034
"ed0d122cdcc2c61250c5f63c49cc9516775912adca0acca588df5f2901b77dc7",5,0.0034
"eae2b0a3a2c1430f7348e1586bb3e0217b8c961c0d0962bad4cbe578a3a09bca",5,0.0034
"e2c5b7018a4d7d5c5b4194c5b421b10986831c98fbc0e8d37f2e0ab9804e1094",5,0.0034
"df88820e231ad8f3027871e5dd3cf45491d7b7735e785731466bfc2946008608",5,0.0034
"de3c2cba30268f60caa470e6e3f3c14f34d16af0a3c19e01b728b3bd55a71991",5,0.0034
"c14be64defd72d2c01c78fc46206934a67844692ff17c974c5fd18a5f775cd7e",5,0.0034
"c12415ab4546287e819f9ede64392e4168cad4a8ef60a10842d8b559f70390ef",5,0.0034
"ad90cc26d514c44201d890ae5e61a0145dffd19dca3a7072c50b078b5e9fa213",5,0.0034
"ad5935635ce06c486b2e42c3669f2d986bb7578d3e13b1021198bad20264f97a",5,0.0034
"ab203460438ce7b7263237d7cc393294652965936afb7efb91bf89d22fd91c11",5,0.0034
"a6570f5c57c7b46314a9f49124a70b2528c5a8aedb04014284ed959e25b766aa",5,0.0034
"9ff4e5eb4a501bb35364c82c5cfe9abc613445672646adbff83ca4b0c80380cb",5,0.0034
"9c3cc53ffe7ed6c25e9b1e3bea4f1d2b63c6953fd4b63f6acca9a01b1593c49c",5,0.0034
"96feada3dbda254c77975fb1492a2a0c9bf2d0326129f1c10a8cc7d232fcec9e",5,0.0034
"824c1fbe4ec5e3b79df8fc02f1d899ee6d97975f09c89ae4fea1421415f031d9",5,0.0034
"821e5d04c4b4d55cf5cd6f444059d826d23dcb8c6bfaa7de8bc5737881bca8ce",5,0.0034
"75fae87d8eb058c51098d5a05c2b4e73e63c44c10930280ab9c53d9539e12701",5,0.0034
"75cf3a582b622db2c77d54a3c3e85c9b18c857e37daf2bab76cc81f2931771b0",5,0.0034
"742828e3ea0b6cbaafa0d53baee04c4032e817cd1acfded8c183730981145f08",5,0.0034
"742695db871af29ec35c2d85e76dfcfbd40180a705cfb815feb9c29975dc8b03",5,0.0034
"718cdb86a1fc7371720032795f849a28223478e08e5405896aaa63d59ce0eacf",5,0.0034
"703fc35c4823b3becf7ae010e2951da1e4a259d5ec46dd2b85edc7b0151b71c5",5,0.0034
"6e9897a0d084a6b0fb13bc719263ad808718b4417c12b6b314c1536297a46f71",5,0.0034
"6b6df6a300d9bb17fa68a2d66a7f64de01048dc5bfc6b6aa2c4e61544408a166",5,0.0034
"663350a90dc668a16f3ff923929756a8724e42d7b09955d338a2e2203121bd8a",5,0.0034
"63ec7343aa82c66a9b515ba59a1bf38f4e5a14dbd3cd672b82b96047cc9c3192",5,0.0034
"5db738b05d9148128a240b0e2c1cb935c2805192bf98a579421aacda364c8dae",5,0.0034
"56ecf19e0ed400c8e757e474223753cff7e5e5a018c66faa91b296c2450674cc",5,0.0034
"567e85fd61a4be34bd1f5a1a5be43958c1649c662db0a6493de54ec389151346",5,0.0034
"4d6abb0d5dfae9b2450c694e123f1f4f2e614bd109c6b383a03d36d49b2b6bf8",5,0.0034
"4c3db3ebd2d6a2ab23de1f622eaabb39501539b4611b68622ec4e47f76c4ba07",5,0.0034
"4beb4b6f90eb65291db698ca148903cf1946b20b7ffb381f5b1e25fe779af700",5,0.0034
"466e59f1477cd2cadb1e649d3bc09648f42f784ebc527f28566bc8d9c10ae785",5,0.0034
"3f7792e289df95d3199ed9db35a0cf2a5154aa64cd7298a8c441b7170230635b",5,0.0034
"3e7a2f545e6447ddf0f6b3b338e0dce313a3f07cfb74e053d8ddebf751165176",5,0.0034
"3a9f7629675e3d2841dee17f82f2009e14d17b0051eaecf47355401561452518",5,0.0034
"388bf0ca1a93dd871e64b37d9f9d08764e41575df7931884bc3a292519cb7514",5,0.0034
"375cf9bbaaf1686bcf3a272e932abcbf508245065748559c855c3ace7235a32e",5,0.0034
"31a37e177857c117ef3a790cca89bdf5cda64e41824bfcb56f9eddf226ac9db3",5,0.0034
"2b48212aa3f2af4b81e9dcee3000c6396eaf00afe8613d0fa2665f9cdfee0adf",5,0.0034
"25123ce4ef3c68fe25a2bde4f628f639d18f9ccbc05e21cebdf12105cb717238",5,0.0034
"1bc6c356ecd32410271f2857634cd8a38b1a0b0975236090ce8af35abf212e25",5,0.0034
"17b1f6a47d5ff3cebce3fd0ae4a79e4e602ad86aacd5fe0a25b90ac6ac18a985",5,0.0034
"0ef011ec6afb97e24675cdf83e4def5d59ef4bc5963ae12806afe9bde07e4bad",5,0.0034
"0dfec6396c840c218fd4a92855544d52f10d34dac397d27fb6cd49956a31d4ff",5,0.0034
"0c22c96756f4ef6245c53f44662cd5f51ef2332a5f8c33c45a2b2b93a2e25ec9",5,0.0034
"0439e5eb5841d8eae3e6b43e7428268397d38edbb4c2d9d09823a4b31b0c3a5a",5,0.0034
"fd467fae9029ada13c4d3c1fd55117494c19c4a119917ce8f06ecc176228acdd",4,0.0027
"fb3b11042a126ff4b28846ebf439eb6877da62b9033f5cceab4e0f65a943575b",4,0.0027
"f7bf3da725847c25ba20f67e995d0a60f61176b543877a9303973ab9480c3f4a",4,0.0027
"f6c59a7b9f155a74360b48160fa84cabe67fe971b6fafe144d1ddf28d98bfb4c",4,0.0027
"f586eb3501f8e08b39ed6d334740035b718062f540fde916e966711a85915c5c",4,0.0027
"dff7bb41cd554e2fa134dd0b345e3dc995336a6248134a334fc9a74542bdb6e4",4,0.0027
"df7f46dbbaec68a4cf5c3e38658b4b6a6d620d86e869dd18c97b621600697faf",4,0.0027
"df06cfa8174d5523bb8b067a6179af7d669bcb30fa2ce34d811b5b85788f6f00",4,0.0027
"dd9e742c2e014ade334438f00ecf243b572ed5b1d4c590c099eb1e148e2aa40e",4,0.0027
"daeb931b9507440b6dc4f73256ac33c6089964f5d035f7eec5fcedc10e732c8e",4,0.0027
"da0f19cce57c5d93d3909f72a89c58336e1a01f86ca54a7cfd70bae993f947da",4,0.0027
"d6717aa80e0a1e6f5e6e6b5a8a4c00219ecbd1d3c5be61a44134324dd56e7df2",4,0.0027
"d52cdf2eb525b6be48346594281048f6a395975a724473515a1aa6527c35eb21",4,0.0027
"d2f32d45cf25458862bcac3ba6d34c61cb747303e706f42ff097594e1816d730",4,0.0027
"cc34133f9d6c2f2a75238e33c47f78498496fd534bbbc2cdaf643438fada1120",4,0.0027
"cb2758e6a880d458985bf1fdef54de999d61dc09a9b236a1f1fba905a78bb583",4,0.0027
"c819b5b179fe0b8f70dd4c84106c06f37f3910229930296db3174cff31c0c16b",4,0.0027
"c52393a20f9409fb7e30e38c801b259a15cbc4f9f8229950cf2eb01505cb1203",4,0.0027
"c3ff69d4f24985e4907ddd1c0bafbf9e639fb19faa27d897e45c23e7b8baed3b",4,0.0027
"bf7987804be130993892c07bf928732f4f1da4b1bab3db54c219f3366edbd508",4,0.0027
"b804c1859b9a7dad296040108ad1624261db2ffaa5c3a7600629f0d243451a11",4,0.0027
"b70ba6ef1ba0b92213896a7ae286b414d1a17e9b862dffe88a980c2792755d87",4,0.0027
"b5728b69ad1bc622cca8f090c2a19dcfb1b8820ebd0d2ef36541ad8592a680c9",4,0.0027
"b56aedeaf80c3d4b7c4c2ddf3893ac47c3ecff1a0a6f19152ca993e5bb294414",4,0.0027
"b4900bc1f258c377b17eb3809fa5b250540b7202faa44e6e84928fcb30134b9d",4,0.0027
"aef894a8042b29827272ff9e975fed954c08deedd8e33c770ff4c564a4c1c535",4,0.0027
"adfc960535c3ae4fd3be18390e684667bae6115f560cb1944e6c0484b604331d",4,0.0027
"ab68de681b2bfb8da36bd8a1a9796094b26f64b8cdb1bb1a2374ee3a0a01c82b",4,0.0027
"a6f7ad3c30e6a08b81fe4626864da92977e3f1e34e740852e9f48018b571c3dc",4,0.0027
"a3746b42baf01a2312a8ec4d9ebf3b4f29348f632f43cc289a4d107cfaf6a2be",4,0.0027
"a2e483b7b713c317dedf7ba6722e50215596b6750cbe8a7d8bdf9c9c0560cc06",4,0.0027
"a0db88b6da6f83bf1c2c8fafcc8fa9cf9d2abc7f8507d831d086aa2c6ad5fc1b",4,0.0027
"a0dada7fc6e369d598b02909014cfa261571629f3e45151d23e36fc17c38a1df",4,0.0027
"9c8830bdb1fe887a09cac82abcb0c9de70b55b8311c210b99f8962b56d3c6d78",4,0.0027
"991983b412de2ff9f428fafe9f84abaf11b254ff096b560bc85d7d6aec2a78df",4,0.0027
"8b57c490c5eef1f5e2aabc37ba5a452da1f132cc00f9be8b093475a95302fa35",4,0.0027
"8b142cca5d752f7d936ad0c57af472dbe281edd9a63bf69717f5274b0590ba0c",4,0.0027
"8597e5afd2da9f1c398b0687728fe9590ca5b6bf516fed3ae6da7446d95e7fbe",4,0.0027
"84e7919fefc959120fa8fce7f3415759d7dc01847c582459467fec12992b6cbc",4,0.0027
"825473d128ce20a794f155777caefd1b5126939492ac7e1527dde15068f45bef",4,0.0027
"7f59b1e8865ffd1bfb3437707ac5b12d87a3a828827e200e3ac9418809195945",4,0.0027
"7d9a6d57c1404392c1a269b21f636b08b21d4a51bbed2c7c2bcf242e4e9c360e",4,0.0027
"78da1739ea4dc39d7ab1dc56db383633ea759110c321977f0fbfbecdc9738ec4",4,0.0027
"7808ac3a6b6dd79bfd51e2319b2c89c3dae2e3a224664832970cb1f24c2ce55b",4,0.0027
"769c28e4ae8e08cb3e90c8b82420429441f2b4eb19d9cdcffb1c05afdaead46c",4,0.0027
"73e5ab1f971e5effb5b25989dd986b1ce5b1691f6d0aa3996b803754a7f23826",4,0.0027
"6c49d99ef0f3c7c80a8d6568f237ca9d7fd3b1e923bbba5ec5a4f6e907d39992",4,0.0027
"650a7ed0668224662d3ec095bc7909a3ca163278163077998903f5611ad9069c",4,0.0027
"5a3df1604de0ae75d29efd1e4057c827fa8813944f7ecc9b8a603e8d14ba502d",4,0.0027
"565bf705b56cf0e6790b7734c26ced74631ce24c19e4e2f416644ebf45e744cd",4,0.0027
"5476efd14f2edbaff780565fed0c33612d503daa2fa15efb21fd88ca1389a592",4,0.0027
"5438f7a9df755d0fac4e85235cb3f00d4e70d6eec45b840737fe2f18453dfa70",4,0.0027
"4c847984ae3ea152aefb47f8293bc83d53f2f0d8c28c3ec4c15fd4238f60a6c5",4,0.0027
"4b2fd12da278856a551eefc1e23dfeed80e2175b4991db22b138e7acfed533d2",4,0.0027
"43f28ef9c36e5387396650beba57aa1f924acdb738f831565392e0952fa1204e",4,0.0027
"43d2935437b3bf3c2fd6cfc5f8d179882e3451da4fb23990e8697c3cfb3cc18b",4,0.0027
"435fd892707dbc8470e9dd0b0f71ac0688c413a4c10cf2a0d0d70d587804388b",4,0.0027
"42f39e2243c8cd5248cf3b35d91700dca1c88e490f2e821db74b0d37ebadd2f8",4,0.0027
"41fa1098f20a6d425cb4e67f533d9b27d17fbe0af49dc4b3223de6b456bad301",4,0.0027
"3bcf316f76a9c5db718ccd6e2292cad70d8e8ce4371dfa0a2a7fdd86b8749ffd",4,0.0027
"3522b04da9725f0b602b449cd3d700174bd721515e688128feef7853ce452045",4,0.0027
"34e19cdaad68669489e8f3e9c5e7b469f8448d3dddd2a7d130c30c926eee30af",4,0.0027
"348678c2188dc4b01c4f4d9f8ad680737db9d1a07fc723fae7d7fb58a3c39380",4,0.0027
"304d156847955422d8bc09519038d30c76512cbe7c8c20a51b41c2ef833d2b8a",4,0.0027
"2e2a40784db058b6acc45849c5feee6a3026e570db693ce0cb8b336554d2fe20",4,0.0027
"26dd8e49ecb6ce2fc4a148c4a7ef2b0ee9ebdc850fb0410ed58a24d9ddc5d834",4,0.0027
"242e83515679587c49021871eccf6c68e24448ebd7ee8f55ea2ba41fc9487b2d",4,0.0027
"23af1f06c7935313d3e20627e28d4714fc699971f3b5ef1d1cb84599d5a16ec9",4,0.0027
"13926cfdd2d2fb89fcb9dfabf8b5fb3d2774cfaabf4b675aa32f43c1de2f5978",4,0.0027
"136742a3c69c821387afbda308d4f3fd2873eee0c560bc4f5d65b25175bf1588",4,0.0027
"0b543c8b2646f348e4ac15b33f20142e1a2c996e73fd0b81b44cfb2a8a867f73",4,0.0027
"0837462232e532f98f540a531e407868c90b0f101bbf7d3538246aa0b4fe547d",4,0.0027
"ff9d2b266a04c7ecd3b66f307bf8658994b79ac644013e32e308a28cadbc1c7e",3,0.0020
"fee46212e59d9e354d50421957b2973320272f3bf9e00fcf3e9828ccc62d3a33",3,0.0020
"fc9b0df087ddc0c8f0cf38ae0d59bf275390b6be8e9de9ea4ec3de7bc43b55f3",3,0.0020
"fb2a2ff44d6e2034d8428fd5c87506ba181c9a02ba82ed12fed63329b2194f31",3,0.0020
"f9bcc2990b39977470b1ad04c3cc36e3a58204dc7b87405a8661712abe120824",3,0.0020
"f800e709bf87802fa2e453abe7fc752143ad13307186ccef72d8e1b6ce52d4f4",3,0.0020
"f66c2ce4bf7d37ab858642b259c1c5ab294becea4ee7fc8380b249cbf21671b3",3,0.0020
"f668da8c78738e4871959e9eb1a8ab94c1f3e8cd17595cf00b3dfd0acbe9202d",3,0.0020
"f41d29e8219cdf8ed2121471fe91a181ab5b5c07a59329939e8dcbbe624d9f7e",3,0.0020
"f3e9f2cbbbb3463a7dade32f5d9ebf4bbbdb7533c1528fd34076bacd1b106e5a",3,0.0020
"f2e15cfadd62fb68ccbdcd29b312c39d7779366ec083de6b438838fd4172fc43",3,0.0020
"f22e4a52893d04b277c79bd19b3ff0b8771e1c0ca396a35d9339dd3a027ae299",3,0.0020
"f11078394fd06b3992b4274611a7c47809707bdce61254cffa6dd40fcaad364f",3,0.0020
"edcd0154fd492ab53c01ae41b353d306a2b7996130a1bf3ee571a28007dfe507",3,0.0020
"eb80c42e386ca3b82f2c12b622a49d90d4605adc68fe62368bcf05bd18474172",3,0.0020
"e75289c427666564a837337aa78f63efa6179eb264c0532d4293f81a67c30868",3,0.0020
"e610cb77ee256b9945dec6f0dee8d4b27178b326cf3f4eb82c04636fb4982040",3,0.0020
"e4860606e47717e144df89a886e54241cc7fb479b81d20dddd2172e461dd0e73",3,0.0020
"e0139ee3b93d3b5ad51b8385f0ffa8ba98be42523399dc7669a14aa5d2b16878",3,0.0020
"df2831cfb01c1ab5838bab9cf5ec1d36e5ed78c3c5941fe61f2cac2fc2396cb1",3,0.0020
"daf96e874faf7e7d63884609e490b16526d37eb2c49507a8523cabe873ce0d05",3,0.0020
"dae1757ca9c8350654c68b1be0dd959f00a111eecef928dd4a49751f99f03517",3,0.0020
"d99614352163488ac1265b1adadfc0d5c8439017e0080594becbf829240f958f",3,0.0020
"d9002069e506bb00df9c0f8e3c3634c8d695289c5dcae18ff7d8b337824fed2d",3,0.0020
"d8be630a761fa1b578f26cd22539e6c501c1a3287c3203d0a0b8fa5da89217c7",3,0.0020
"d8b9ac96550e204c1d491ef2c24a25d9e3de4cfbdbbf77ec49e66cac2ccfea71",3,0.0020
"d558e6a20af9b41e264beb1785de8b9ca412380eb2b142356e5e39a938fe96a5",3,0.0020
"d44440248f702aab7dfcd9751437b2f058653d49aa8a9154dde438125953d8a6",3,0.0020
"d14e8cf2e2c07ac4237e4804a50d02c717333ab2a1a4ed63cc63228e265b0a0d",3,0.0020
"d00dac24278e6b9eb5591aa1f08ae70b80c4f5c8309b7bd224b077bdeb0b19a7",3,0.0020
"cfec83c1227c3cafd110eb422ec7215e246103cf9f3db59a13de3336be3d51a9",3,0.0020
"cec175385911bb959a92b4f27d4be583514ac39ecd16c2e9f7c5d3a3d9397b1e",3,0.0020
"c6fb33e7ea909d6050f33f52c617314ed1a3eca5fb15b7b4fbe72debd13309b0",3,0.0020
"c64855ddc83a77c39da80061fcbd950a49e9f78a46a66ef2fbd442c0f94c976e",3,0.0020
"c5fa5e271feca80e4724a89348b2859357f73a4effcc22bd09e0b3fd0d63d586",3,0.0020
"c2b31378b56d3ae0c6fa94be3cce16f3a75e4c1d882fe17fd9aa689f27c51e72",3,0.0020
"c298916e1e52c6428faeb57b6c1b3ca6aae47e2df40fe4bc7b176c943e19de91",3,0.0020
"c1835c705b5a8c5aca540cae42bc72985b4331fe8135ed06a7e5a46caee5442e",3,0.0020
"bfd300ecaf15d79febcaab57d612a0dfb6dcd1c7dddbe598beb11093088e6969",3,0.0020
"bc37f48592dc3dfc233da1d7f9e6c8d30c892d88401acbfa31eee4e1479805f2",3,0.0020
"b9984bb4355dc0502e9bf2447a9b821b93649285d8d56a1a11fa51e9060d06d0",3,0.0020
"b7a7ebb74f03a879aa2c43ef9ec3e7e720bae1601bf9868f44e5bd55e1a912f8",3,0.0020
"b72416ddfe72834ca99813af4694b76cbb7d58988b59f9ea89f46d1c7f80cb67",3,0.0020
"b5742667059cc60e6a2355ec18d260bcba797ef0b998adf55882b6cbdac2bdbb",3,0.0020
"b43902b7d979c7874535ed2294400597591a5186d7595b82d40a68e933ddd212",3,0.0020
"b0fe36b2b294d0af86846ccc4036279418907b60f6f74dae752847ae9d3bca0e",3,0.0020
"afe0b174ce7b821cd862e58ab5c2547fa65044c1f6e14b8436b14fe03578a443",3,0.0020
"af92485eb80d9c0fff2b2e73428aa463cfed12578c268d16c86c7b8040df7682",3,0.0020
"ae4b76f29fdd3dbb55fcfe99bf4a4b5d494b08d77d2036e7c4b86e111b9368c6",3,0.0020
"ad5da43e21da19d3f97abcbec5fb318648f928924f3b9ec49e03b49bfe611411",3,0.0020
"ac959a66798d0fe78f18b16db81e90b0866fa5459ee99006d177c790c9695578",3,0.0020
"ac76f6e6d3511a076e0e43e805c40942d648a6d29af4eb0f8d1c59f989546118",3,0.0020
"aab6f670caa14f0e428bb592487e3bdfb10cc906967bb3139111409715d46b80",3,0.0020
"aa610eec52ba0d894a049baf647c01355218eafc240f179050fca241d4e40f19",3,0.0020
"a9f2eeb74b239390f7713bd70e875e6ee7da81f53f9a1d64ad427b2bfd73e719",3,0.0020
"a713a55b1540266304477e75ca7c04e26f95197ad2c0af1f1b2a1ba4031d429a",3,0.0020
"a53ae712915159f464550cac82e8e13ce8e8dee3b6a7a89b7e52f833c53a4677",3,0.0020
"a43a2a22b4661da94bc26407aab0524fd1bf1baa3a29614b534a249bc1cd715f",3,0.0020
"a0bdcd380df1a1dd2e19da4b641bc499eddb48c786754252a897e7d08e483a6f",3,0.0020
"9f114acbfca10fe7c4ecaebeb9df3d37386726079add211f4abe80ea2771c7c3",3,0.0020
"9c3a507a9ac4c6b0a4ce3706d3957346e5dc37662c9d5cad6b91657c35906a83",3,0.0020
"9aabb3fc3e8a3ff57d391cc6a24d3e2d53f46f14a4a15f50c6b4e71f544651b6",3,0.0020
"9496fd443188512b6a58fb939c981ae27b0536538dfe436160a6e3df3ada1206",3,0.0020
"9468e03c43bb1c5ea3ff09679ff00bfc54e562d20b39e80e0a4df203d3eaedb9",3,0.0020
"945d4225e694344ba456f58e49346ed2d977d8634d8ea779bb01cfeb99974348",3,0.0020
"9410ac84392abff5c805df7636e4988a8f40b4f2e403f8f97a7116d3ff0c70f6",3,0.0020
"934446538de20ef562c314fc4acd058d8d612cde792798f09035486203f27167",3,0.0020
"93069f45c1f6924093328a76c1285bf70b1b1910be869643f0f85aedd8617931",3,0.0020
"91f315db02a9be02b13147622aad92beefc61771e72f8aa4f0904ec2c1e10427",3,0.0020
"90dc5acb211660ff285e6d5eb833cb17541b279a01c4718d209219781eccb13d",3,0.0020
"903bf59c7c6a9733543282e98136806dd4f5a9c775132ff5a42e9fcb4ddb6f2a",3,0.0020
"8fe8af0476ec2f270bb65bb88b4cebdaa336904a7fff93b3d1551958d742baa0",3,0.0020
"8ecd1857496df2c15aaab4d18d2d7689542a62814245e9b2c613c609b86bd11c",3,0.0020
"8e06ddce5078661808355f630d47b65772dc2fda4ac1af3c901aa41c9291ba04",3,0.0020
"8d7837d596cbe2f2bb2424e1dac877b77247ceb0acb45aba0034e1e407cd1875",3,0.0020
"8bde0ad41dcced57f6aee10f4d8c6490bf4c5e900cdccf3f5b091122f9c35211",3,0.0020
"8b310c3a822d4157e327d8805597a53d6919a7c6a18481bded2daf65ff16cce3",3,0.0020
"8b140f768d2999fb66dbabcd5344a877cfab016eae9736a05061d243a09fde09",3,0.0020
"87a01f87d2ff8efdad102ce3e43ef70c2edf076a9bc55925f066231bda909429",3,0.0020
"870fcd7bef9891cda852b512e8654b33dafcf6708f0461d70dc329fab12764d9",3,0.0020
"870de1c00c6617b1110f387e299a869ed6a8e8399c5c0a4c20bc3e4ff6816ae0",3,0.0020
"866bf1033101e0ead39654a0a16900ca2c96e790d5fc43e65977af4fc058397f",3,0.0020
"8641eb97d36d09bb436b0e15019a159eddfe2980fff82b7b572ee204f7c5729e",3,0.0020
"860a45a3425a06cf391814aa59370e08ca3a32b16258cae4b4090025a9661644",3,0.0020
"830f160eb13886e348a5687835313cdc041ee398931ac53259aab7031e585adf",3,0.0020
"8036a20699fcdc69ac907f6ca69703f91312a3a2da790ae33e85a51ac92b045e",3,0.0020
"7f5bdf807411f96bf665b5b5f49d773167cfa97eedae34bac23b3ae3dcd55c30",3,0.0020
"7eeb82d38958ec23d757ba760dde66a3d7f92cc48f59f316f75c8c2a8e261035",3,0.0020
"7c381b6dc5642229682e698a35ac90e3e23392c0bf386ae0a59dab9500039468",3,0.0020
"7944a96d512f6e51532687811cc0c932505b0c051be9d351f5332739d70f753c",3,0.0020
"78ad3434f6dadb39c9810592ee3e5f2522e2d8a95ad4a1b5731e6c224f7bd161",3,0.0020
"76fd3726f153a8fb18301bdececed1af08f4109841389a59f0aab9dc473eeb08",3,0.0020
"76132a548c90760f746437d39ae327501d857ae8809c5b6a43b97ca0823f2069",3,0.0020
"760468d232013dde9bbc9b98ce0b29b3dfcb4546e34081dda9d9e0947c1eef67",3,0.0020
"75e655ca8b5121a0a5f267b715191f21b805b14094572b6340a076559c1e3f23",3,0.0020
"753c2154fb97b0068f1f6dbd8bbcc65433acdf79ac3ec6f05ee99dd6ad84394b",3,0.0020
"73f273df1e6a124367ff0ac86fc8c3ec1e00289c74aa3575a02d7550d8c446ed",3,0.0020
"727192d1a0dd42342cd1aa7a2f8832688a578d28a8d486c01b715d7a48a76008",3,0.0020
"723523383575ffad246408a1d5674cbf97356b27fab5357c6e6d2081096b3cb2",3,0.0020
"70136467ec2a84c642f6b84447b3b7601117e0e3cbe3e81157b417aee8a0f660",3,0.0020
"6de1f75c35f16154b542756df8b046ca9c62672c36cfe0d650e92c4b2322b4a8",3,0.0020
"6a936eab006fb9c2ba597456488a46f6da0c1af542e2427c7ac7b81efc8d0d21",3,0.0020
"697ae975fc32a2f25092b0979a3fff887a631a114044bcc90085b7f9c632076f",3,0.0020
"68ee3f8fd6c153ba96fc6fdd0fbcab80fd16d301c231928307acc51903885fc3",3,0.0020
"67a5f23155040d633384e146e5f59ac10b9e68a6ff46cec983e4b05a9e027c77",3,0.0020
"65300c006c7b0151043be891f1f99872a25b20529d929db38fdfed96af966ff2",3,0.0020
"6300c43b7dc944bca3e67783167d616e7df471edd524f0aec2c0f18e1139d860",3,0.0020
"62f4bb113c0fd19c5e11044615918063607c1155b1c18b55778980b343a1aac8",3,0.0020
"624b7ae20ae7a6f497d115ecb194fd753ae7660f3b6e1404b9c403657d26fc30",3,0.0020
"60e5a17111ae7f33b3c626e0f9e1cdf0b609e0e8bd77e8bcf3578a6ebcbd6543",3,0.0020
"5e23820ef39d9eeb42b5e7f0833b0303a9a4b11b55e43b05584355e173c411fa",3,0.0020
"5ddca515fac7dcab2e5501cbda11ed77ef80c9656c63147395038db5aa2ef1d9",3,0.0020
"5d3f8300b13fe373bcab015c6ac46a350916f82e5e4dd702c290bbd938105f2b",3,0.0020
"5bb40a42d463fd57a96595653214116c25c8f6e3838a9be91ecbead8c79d9414",3,0.0020
"5b5708c1a6caca37f817d2af32832b05754d9871ea90f925288dbf2e66042f27",3,0.0020
"5af5db008398f3a276472f2810b8ec53c5e36a1e56dad892e165288c39b0a4c6",3,0.0020
"582a5b626075d0a8a4a031721e0af8383a7a62640d3183dbb699f4f14120e0b8",3,0.0020
"57ed66224f37e97589032ccda3f5e7764ea0cfbe315b26ddc5a074438f4a2043",3,0.0020
"551536222b0ed0e5b264d65783296edf0d6f62b258238632040c2f0b028e2106",3,0.0020
"547a076fedf192ebf3fc0d274ca80fdc578c6a2c02176643554ffe46a45843da",3,0.0020
"545f5b8ad2c0c7c7e378d75b7d2d4060c3250259cb02700d53c4fe084d3b3da0",3,0.0020
"54418215d35ad33d17d7ec4d2bedad1060e06b1c11b9112b69538745bcb6c538",3,0.0020
"53c0c51c9d8245c9f97ec2cabea5454cc7e2e2ae1fe315edf870b96f9a43a592",3,0.0020
"53985f16803f047fc075e9b00c763f9ff66551d21922848d7df77db7b746dd3f",3,0.0020
"51ac3adc6dc4d7ecf22ba7b0d174e424c51857f7d67936b09077b6240edbeb79",3,0.0020
"507aa34c7fed79ff380568e0017a0e2c6db4db0671dab403c524e14eddeb7084",3,0.0020
"4e913acc86907415fe639254153b70db9fa3826ced865a9ab8aee156e77efb37",3,0.0020
"4be7713d31bbc8fdfe201bf41f5e12616aefcb548ad484d5f2bb193678192848",3,0.0020
"4b3d9f6b09f7127b0ce81b0ce9d8428f3f960e4e3ce13c11c1cbb446cccc9e73",3,0.0020
"4ac0c23958ed4fef91e4dcdb82028afb94b68a153816d40aa62ecb9e2730975a",3,0.0020
"47fdce86e8fb24ac4cade3b7b20af6102a33dd880059ef133c5850bb503a162f",3,0.0020
"46cdf5a1ad8658da782bd7229f815455dd15fad5df345334596d5178bf0c5ef4",3,0.0020
"44b79808ea1ed56ce371a9afcd056ecbfc7289915d9ad458ce66fad7360fce09",3,0.0020
"43f80026ed37ba7a317808ac0fb5d848877810ba0deec69afe9cd5bdbc09d4bb",3,0.0020
"43eaef63b2e9e04f75e0883fd19f1f160774f520df637f68e5902ec780425a7d",3,0.0020
"4386cdf222d1b98faedb5be6e8a6d65a471a27391b7611e532de09d782e56c07",3,0.0020
"42d0ebea432bdaab8a01b5f728ad557f9f56bb3adf56b8d539facf4e2ecb6264",3,0.0020
"420cc4c83df4a1fdc0e092836deb1b561d7962cbee011582ac062bbe55e06ddf",3,0.0020
"41df04894bf2d8291492326f7a6ab9c90a90cc9828e31990ce8aeeab42680bfd",3,0.0020
"410b28b225f84b2918059c47094d64b1ec2cab307f5e3ed8619beef2d0511114",3,0.0020
"4098a4b7331bc965731333eb838649add4cf2fa786cf7d3c693dc4ad88111029",3,0.0020
"3fb6c2ca091168a22951c19acc6e118db88d2953153b1770e01f26fa26b1023d",3,0.0020
"3fa9143a2994aec5a6ab7fae31abbee379e1246a88ca150e6a89cb5c5fdf5760",3,0.0020
"3f2d08f3faf2de0289bb6f12a029bab3766a66fc9531c2b5ce9febf483434240",3,0.0020
"3c92ab9087a63bd3ef4035a94be63d9e746df6e4f001ba63f56ccd332c768498",3,0.0020
"3bfa341dcf6be3190838965cf0045b4bae2a21a777ff63c91b5a9240bc4e38bb",3,0.0020
"3b840333a93f0f27a7418d26d083566a4db99594435c93600bffb8f7ca4dd6dc",3,0.0020
"3b3659f72396f0925f39c33cd6664bf2e3ba8318b18375296de1e42e39616a50",3,0.0020
"37884c0949fe2ece54ef2f2f41bf3d062f68b0b05f18edf6a0f1232c895a5ebe",3,0.0020
"33ee3e09a2d28559f89955a428e4e2ea292df8d1b9047461958e1e9edf54a5a0",3,0.0020
"3362855a624ca392b495153efc1fa33925b42f1962d469f6aa138987fc03c91d",3,0.0020
"2dab26b2042bde1cbbc4d1ac5eab35625e806d5b92841132bf5d7505badec91d",3,0.0020
"2c89aedcebc6ac925a5775f6050e5327a103e1c7d4996760de1ebcd70e1c4bf8",3,0.0020
"2aa62df324ae3d28b6492e8e08d230a41c62e1fd6d4719e4bec5ee11b30c66bc",3,0.0020
"29d91418f16b9c27177390540a0bd860c1de762958bb4c3eeae608ff045588e0",3,0.0020
"2916599bb56355538ad993dc5e739c5f177be994b52915fb2f506a9e3871c0ce",3,0.0020
"2835743fa4c2cdbcbff1ebb9751d940a93f18884fe423f0f249a2cf164aece54",3,0.0020
"28301f816a8e9047d7f82ef713f0f0b96b5a6ec66ec992bc24fd74d1a1acd1e1",3,0.0020
"2808e0862a9650ff728117213e7adf40e22c829078e7ebb8a8fc2d2fe319ef87",3,0.0020
"26c191e979bb4446a1f659359753d8fa7f8be1e1858ac6cd991568b6a6200a5d",3,0.0020
"25f9a46c125b47c837fe22ca6873d3c628dba4a17619abaa969b6299f8ecb87f",3,0.0020
"25e310b6e60a61af53a6d2fdcdde42608ae73bdbda4ef4dd6e419e3fea02e22d",3,0.0020
"25435367f418520019d7eaf257a9769413c68cb9f88c8ebe9c9a88605d1f66dd",3,0.0020
"24f44a917f5c30448fbd6d9a32460d99bc44001da1018e8214633d5d3d6716f7",3,0.0020
"244c606179fe43c4c1a33a110c20195c7fa0871b7c596476037383a3ad6ff7d6",3,0.0020
"228bb6e3eaae60514c9052f7c894ae2313e43454712cc0adbc412d6a98363af2",3,0.0020
"220cebfb3af68dcbfcd8b007ec738480bd2e9aa35131648cf518e97acca5f8c0",3,0.0020
"203a50c016e940ec4a76aff00719b97afaa14b7aa335c046469dfd1feb5cadb4",3,0.0020
"1dca4f7cddd6061d58959f67839bfe0cce59cd5c744446f8c4f70f1c93a23f81",3,0.0020
"1c9c49e5ed65bad6319dbc8efb9dd44217e63def0f21e4fdcaaf4f582405986b",3,0.0020
"1c00a45fe5d6c28368a76597d33301a96aa714f8bce25a21717f46ee4ac864c2",3,0.0020
"1aa23951740091f238ddb75281c9aeeac6bd3b6b29a4de645efcc5c5ffb7e133",3,0.0020
"19da1a600b2119d4eb6f01c238583ba7d0b6bd628fcce05b5594a5e39fb5d18a",3,0.0020
"19173258dc8d5cd819032df3f6fb031e57545d044848b9b288acafb39d051496",3,0.0020
"17fc0897758f4ef16ad8bdc234b70a754363a93731c1eb7b52c8593247c3bf53",3,0.0020
"174972e6850180682c46185f58504955763ffc74f188ec7544a60b9a21747a7a",3,0.0020
"137ed782d779a45ca824b47565e61608fcaa4fb8c66ec21f605b72f656280bc3",3,0.0020
"10f2c1f3624bf391e75722453b3857088b70465559624acba8ad47b37b85ee4e",3,0.0020
"10aabf89028e07102d6360c6d180e8809f62910ed62d5a9789287c8db7d66628",3,0.0020
"1079bee7206a3e29f8cfa1d5603c528f699640c88c155438d066f2dfcdba60d9",3,0.0020
"1071c5a61545b4b025837d30fc7558183ed74365547f94c361d9354ad5e05cb9",3,0.0020
"0a9a17a88c4a2a0bd9c090b2701382faf1f2f2ae00b2d1d12c03f9a07de74ad5",3,0.0020
"0a8ee862d5fa45a3dca9c2dc8ba111b83e9ab333a78d89273ae0a111211445d1",3,0.0020
"088003b53924feeeb7d1f850b7eebd048612c8e34c077e6ea3eb4a5ab4d12206",3,0.0020
"016c4baed7298f4835c49cae27857232ec9de9422bf77dcb55cc97d3664b05b6",3,0.0020
"0144d0db1c2e48877b7b575488f0c3a7bf5cf188bf6d303ea756865b3889b8e8",3,0.0020
"004dc6f0eb924b7e4fcb51cc4680f97603ca2c4e20bab54865ba8efc0a7db33f",3,0.0020
"ffddf40e7c479975864512a0e40dd43e0fe5ee0c8b8ea47329d973ba7477138e",2,0.0014
"ffa68ad3d49e5d61c13e386576c2a9215fdee4e38e9e01f62830fd6ccdc0afce",2,0.0014
"ff87fcf1ebd5d0926cf67981d16278b54adb1868ce725d5eb1856d26b6479bd5",2,0.0014
"fe900345f7101eb541282fdd595e57eaf281184e14795480188b6d87a598e5cf",2,0.0014
"fe7ce44b0d499d9c6aee6595ad1200fe650908eaecbcc3b0113c2524926e6ed3",2,0.0014
"fde238eb32c2854e85f9cb510055b6032b138c85a6d94f573ad25bf67e9aa7e4",2,0.0014
"fd5f159f3d32c57d73a3fcdc842f296b3e671f2516294387b5985b99c3b7881a",2,0.0014
"fd54ee003f6cd0594f12ef3413a682324934f11005954f530c83b2fd32f41228",2,0.0014
"fd4850c6042be7c905d3df7169b625fdfce2ae643d082a9716e4fab4c3b2c2cd",2,0.0014
"fc560f0a119ada47bfa3e4441874fabac22d5c915c2b2584df620e8925616142",2,0.0014
"fc286186a7967c4069877f5dbea5c4fcaf41cff7a7e266ff12318b72d103f4fc",2,0.0014
"fbec8781f85b3a5f91d9297cc43da536a3020e20adae093923f02e69ec14a3af",2,0.0014
"fa88b397bc1149af818b97c52e57fc41ef6b8d6a8f17ef62abf4c83233400030",2,0.0014
"fa4ace0cb3e4b254529269e0abf18a8e3649f4ccc1215101fbf4c7816389a4cb",2,0.0014
"fa050ebf125ed92957ab9b45f9ac18f8c373792a52c8a789ec2a77f075024028",2,0.0014
"f93cc16d8b0e0953650238ae28929aa731db2aff336ee30c58295cf9078a758c",2,0.0014
"f8e49512fcda7c7e203109d569f7339fc7dbf9c2811a47be5f11e09d05630b09",2,0.0014
"f8d1159b3661fc412cc6052242b890457536e0e094ed4bb6527f9c8888148c40",2,0.0014
"f8a5b1c4bb4f47ed2c302b6845514b5643f9eafc48ece6aa150d97047a385ee4",2,0.0014
"f79dafb7d345e85397ec6da25f5167920f9750b337e495accefd80024bf84a78",2,0.0014
"f76ea12b65ed6525cb243ff8a0973d0867bd6b5f89fb54a9c28a0ed963ebc88d",2,0.0014
"f6a8e0d756c92898ab21f2d8b0a4eb331f781a6eca21b00c4f45aade5c1f4987",2,0.0014
"f60d33ec57eecee04b52d048c1c079983ff1b3834c8195fea811b025fb889361",2,0.0014
"f60d0273901f2840388596c9ae6e7be34589abe3c2714e40ce464599b518f46c",2,0.0014
"f4e3dba6d9a3603fc5488f0937d08ebc4e9f53934dc08336fa828e2f8954ca95",2,0.0014
"f47aa871c89ba7412fe4163f747aad898947f969d46048398d1cec81581e5079",2,0.0014
"f4674a802063fb6bcc3058ed1fa5e86b09bd015308bf0a9c659246b120abccc5",2,0.0014
"f4638650fa5f4ec5d79a232006b99602339ed44b5c880575a322b7b05dcf1e52",2,0.0014
"f422c75335b1d3c089ad458c3be47d6e574e0bb3c6f476d81cfbfb26313ec5a0",2,0.0014
"f37824a87d7e1928bea3ce0e059dff9cd2b372f0e0d40ca5e5ea5d318d8c18ca",2,0.0014
"f2fd2c09e296861107b2c6fb9da9bbb73dac12f90784a1b918685d5c1977f231",2,0.0014
"f29c8762a2b6976888d83ec8be6d16fa3808f7a783f58398d07ffa96e8850ad4",2,0.0014
"f26873551532b1862136b5deff2db2f4bd081a6b56ece616a3dc4ed98b061b21",2,0.0014
"f23bb9267b1e6fc089b42906d4a7813b52659b8532d5e73dc0d9dccc501b76cd",2,0.0014
"f0ddeee37c50a88168f8275706f92219606cbddb30293652feadd9c44dcbb6a3",2,0.0014
"f0dba141759b715801d67eb697d046a9b6d1e4d9cba7db2a48687f88c5066d79",2,0.0014
"f098608ca253699421e098cd0931371c9284e6eface55995bb194569e1b9e73c",2,0.0014
"ee94f9a89a90163b45def81d4f9e8311b7c101be310ec6eccbbfacbf6af69a90",2,0.0014
"edf81ba30dff8d775add946e66a7318bee08cc81b6e087b61bbf32662e69cfb4",2,0.0014
"ede5bcb01c335d9c39446877f31ff449b4343be06a52c17a2d07c1eb51f1f989",2,0.0014
"ed894806eec2139507ef3eff2ba117a380b395ea5bd792ad33084f2490addf01",2,0.0014
"ec2425435ba41c64ef9686f7f2600ba1226988544c4226b323a84e8f5ac813a5",2,0.0014
"ec1c88fd64277cfee42056b11db9437f6218f2ef96fe6c113df2e3ef8503f6e9",2,0.0014
"ea5d97cca1a7edac2ae8cf707346faba9897debc1b66fbef1fc53e7828013aab",2,0.0014
"e9a3f2dc086da144cafd293a736baaa5b8b7714e20e59b5ed9da7fa20777f62c",2,0.0014
"e9427b80d9ff5b1ade3c76098c044a447b57fa7a128fd4e05c8c42a6f615e713",2,0.0014
"e8f1566e432cdfbbb433b36bc7198bb140ca2fb6e38252d9e3c354d18393a7ea",2,0.0014
"e8a823c8a29d9ddb35d422b66a0b0529d25991eddd0b67c642b8b963892a3c43",2,0.0014
"e85ba10fa98c390e7509a93aaf44eca43ca9519200786e4baa10a50768d0dad2",2,0.0014
"e83494e004ce74979e9375e16b191a60c5cee47fe7c7c69cb116b466dca0bd87",2,0.0014
"e8343a726392310179a24fb89a5fc7c6ca597a26509fb077709a378fdfb12878",2,0.0014
"e74caa0c10e3e8af2f977691e7560d1b6ef700a7df390f610ecb23b60738e5a6",2,0.0014
"e73f3adbfb828b15529a0780b8c75cdab47598c5297d83239a1b954e10243241",2,0.0014
"e73d160f637ebc2860618a5683de0bb98d1ddab97d2df4f49c3e436880d10391",2,0.0014
"e6bd860b901fbd94e66c04ef9fe13d29e9f89a520e5072faaf7f75e775749094",2,0.0014
"e6aa2c89dc883419caac57006eb88c4829c5deaacc8577da4fec571080a1c79c",2,0.0014
"e62b17b11d41849a8c521a1cc1c44db4c87ab1056609bf5e727470e45c4c93ac",2,0.0014
"e5e61ce5ab4adb743dc6c091e61dc9fcfa05fa32f3f4c3fec1d9aff2240ade1a",2,0.0014
"e5c0a16b9b4afc9e5540504e6191a8e1190e9fbc0ccc0f96f3fe43021ae5bd8b",2,0.0014
"e5563daf8d18b2136500df971529af61cc68288fbc3af3465a1ac78052d31209",2,0.0014
"e53172f815bd4bd1c184444d352e0e6f55607f013f2b997b161772a59c3fd1f7",2,0.0014
"e526a55ee9a4b66583da2e534a349eb7cc3c1dac49400aa3aa475d2f533bd141",2,0.0014
"e52134a8b16dc2b9cd2914a0ef00f3828840b19c659c0aaf129555fa4dde30a3",2,0.0014
"e4ca5184fbb13d3ee30e3aeeaf80402d02a062a04fc858506a497d100080ef90",2,0.0014
"e4a272b9ccfd2eb74bf09759fa52fabd7b60ea7dc5bc0b265d0aa31bcdec1f7e",2,0.0014
"e3fea075e435d04d8783eaca1adf93acf0c2ca50427fd3ce3a288b949a7726bb",2,0.0014
"e24a0b956667f094b1796f9adf456656e19bb5f1f5b7a5899f963db6b2cfb8cf",2,0.0014
"e24384106303a32c2298af875978e649c4f948a8d9ad3fba7ced8d7fc9c2c72f",2,0.0014
"e214d697bfaf40be02b86addb54fbf8b4ad7597fadef2ea644bb860172449153",2,0.0014
"e1c683b04947dfdbe0cef942b9430b2274eca0d6dcb8f13fb871ae42a4f24855",2,0.0014
"e19dd194580f528b5922c279ab230fbedf5193de8b102288e139c74941447ef1",2,0.0014
"dfe08cd292256aad47292920d56b80961528bce71cf4a027a7de8a37e085841d",2,0.0014
"df6f458a63c7909794b1abb479e62aeacb092aa6b967695c1ace500f9420e381",2,0.0014
"de9dfe1e2f0096acab346197e2006cd53ac54de1ba08b4d3a10033ff0650b0c6",2,0.0014
"de453b6db413a3793b8b944121a0b989c7acf160cd6df078c0dc92f720f81279",2,0.0014
"de28281e459f78afcd5002d756063e981b720eadbc14d72fd6736fa43c87efd1",2,0.0014
"db5d979088a7249a7267a52b6b7ca42577c9b482594307fd8d4039fb8009cb8d",2,0.0014
"db0822038b22e09f8b37b7e4efc43c881b26a8abe1ecfbec8a19f5284218c509",2,0.0014
"d9d159816210ca2655944a398f20f1b297f2d8b6764925634a9e94ba91150745",2,0.0014
"d9610e99b7e88f72d3a85543e4fd3bbd07b18e0ef016e6e4bd49c8343601099d",2,0.0014
"d7a809b2a278feaeafd46d10c8cca50ca032e796ee4bb07d97164b8c47ec7672",2,0.0014
"d71983c8799ac1663a30b8d3f13fc38635cd7c18c217570f4eb50d3b4f79aa57",2,0.0014
"d7049478085a960fab7b0b9525755b810a02c3846fb8a87d3cb9ddd17aed3ecb",2,0.0014
"d67379d399e64e6606f87240c8e834ac1bf7c5730fbec13067858f641172c032",2,0.0014
"d5e9db071dcc19721df5d6dbf70e24e93231ad9c20f4fb18ec1a5b250eff4a77",2,0.0014
"d5e9038212741f84510ec2ee0b614af4a8b4f8c34632e83f7ec8be4c5e82beb1",2,0.0014
"d4ec0fba99b12092b348ecd0781fc7348400833b14b77e2be432aa35fcfb4131",2,0.0014
"d3019fe8ea30d7265546e2ad134f30812e4460973ddea741d2a163ff2d89fba0",2,0.0014
"d2cd4e0db809ace6a6a711800ae42303b3fe7e7c1927f446611db1e9465bdeb6",2,0.0014
"d110296f413d5e9f0a592795724d58a659a0f2678e36817df35e3ce38ddba95a",2,0.0014
"d0144805a2d8a2afd92b3eec27ceec05f8719f66d7e79a1bfc775c6255099986",2,0.0014
"cfd1a81b11699ae55691d265a785c93175ac27f2f7447f2753f721824aa66f91",2,0.0014
"cfa823e62197e720d9d293ee7dfa1ea3328d5b612b870c753c136e551b1cca30",2,0.0014
"cf9aeb2cbced781ae248dae6cb4b00a934da513901e630309bc5637a9605e1b6",2,0.0014
"cf66980abfe5b2046a9e6ef64a42898daf91623078bd7e88f79bf65a2b19a7ae",2,0.0014
"cf048393abf03bd32e35833821c9c49a39270d88c6cd06eedfa9e79e53f77cd0",2,0.0014
"cef52dd67fffbdfaf1bd368eadfe684d10384d26723e81d99caefef1e22f8bfd",2,0.0014
"ce10ad0f855cde76f58aa9e6a9336557af19d22665295fb8265c1ed61e59a062",2,0.0014
"cd8ad034fd37e246ca578b1cfd1dc3d95fb532a6591ecf491ee01d2db03f5244",2,0.0014
"cd577891c931b280d7bd67ad64bf8ef1af26bdd31f2ee8313b3c0d3c2c19472f",2,0.0014
"ccbade3fd924c5502188092526aa38be4ae517cd5f7d390f4cb793b7fdb5dc80",2,0.0014
"ccae9a9cb9a6307ee6e81bd8d5e5cbf5bec73282180bf9abf6e1954550df3a96",2,0.0014
"cc277ada4bb379d8e822dab0186f5f3f8baebbbc23364d369297de0508a26813",2,0.0014
"cc01def20c4fbb79c9cbcf11ebb06e65948517301dd5ba1851c8e445e3494072",2,0.0014
"cb96e568d52b5933111d3d97c7a3c23330df1db086aad6001f67e2daaa62d73b",2,0.0014
"cafd8e52594ed5cc58090aac9e5b3a7da076f25f8dbf6c94c485ce866dd90ce7",2,0.0014
"ca4465a7dd9a62b7beaa4ceb261c91d8fc1039e15623e426ef9fccca97cbbd6c",2,0.0014
"ca0d743d639479ae5863428db4526ede3decc208b2933dee6d9922aa408f4173",2,0.0014
"c9f673a1dee7ae1d0a2115ff948a4c2a25ab7fac9d91e544e438b9b94b6677b0",2,0.0014
"c9eb92a5bc645f7b125bb1b45a34fcbf1c710dc390d7230a08a4ddec111e0bd1",2,0.0014
"c961e5de68b41f90088f51b55579778ac8c0bba099076a68eb1b15b8bcd98e50",2,0.0014
"c8a125136ebbebfb3c9c55cde491b509f6c6b3ccbdcc95edae03e1ec8737d6bd",2,0.0014
"c896c282883dcd4cdb40116d336cc9891e1db0f0f2b9f8ab93156313824e5857",2,0.0014
"c73490d0812a7e73f028be28bc76a2884246efe304f1edd1a309b25b1c73ae6e",2,0.0014
"c6c75980026559e1f872bdfb4c559c5b142462d40841d867d3f4f7198fe9f01b",2,0.0014
"c6aaf863dbd8e650fecad59d1eab4fd368e05918099d05b5079d3018da196abe",2,0.0014
"c695d8556eb33d82a422ba73d100261d7e0be22579e04e94cb1910fdcb7d9cf1",2,0.0014
"c59af3c98989be8dc7ffa916a68e490eb5fa65acd7acee31fa4878b4f7da7cca",2,0.0014
"c54f36e053555c87675a8d71b95d0734bd58543fbe9418aae9973d712c0df0e9",2,0.0014
"c4fdfa1c00cf984cab8ea14869434055d9dc6f7f0a9b36e70fb1f570261bebe9",2,0.0014
"c4bfa50c32e5b02629a2312312bbb7a7ba54b56a322764cf65eb4c7a4a14012c",2,0.0014
"c40cf4373da0031ec49ee23de83e902b4ffe38615755caa26b4cab8f1bd8328d",2,0.0014
"c37a8f2c7a10acb332060f86b94ed14c63adc97e82182371a8233aca9370f0e3",2,0.0014
"c24b76e9811ff59af09a2042c64753755722ab8a9a9999235bb89089cc6ae871",2,0.0014
"c2434d1967c5555a703e9bad8baef88c94d1f1909a65bb2138866cf96b8d101d",2,0.0014
"c17d275f62dff2ce2d89c82a13b41bed7e0f488bc64431a01e12ca6de41a0de9",2,0.0014
"c150582b2d6aa0027e7d48c651d88c3a44697a7e5b919063a04ee438b0d71ec5",2,0.0014
"c134dbe2415f536d00f213db9ac76607086c1e6e15da65e84d6c8caf9cbdd47e",2,0.0014
"c125399545e2b59a00504fca29d302128bbc23d0a88140d45c717b9f9b675743",2,0.0014
"c0cdeaf7c36a5268c7882ccda2aac8f7250eb525270c7b7bd0bf023337f30fb9",2,0.0014
"bfeea38590f0e23e355b47f61b1f71fe65f72d32fa457e769627d38b523324cc",2,0.0014
"bfa08cbf2ad5e86a94ad7661cadf276ad9afaa74bd5206217c82c1cea0c5aa39",2,0.0014
"bf0a3d1edfda3773903c9eb91f34d570577f5962f282ac95ccb31fd9d67a22ec",2,0.0014
"bec3f623642d3d861f62d4cc5772e115a9984447c4cb70cc37b8b85e18cd4c24",2,0.0014
"bd5266c2c0355598b3b038a544ac38f13d524930ab48c8767b09b941c7385353",2,0.0014
"bd4494351142ca2ac1ac9d65bcdbb9ee9da6f169cf779ab4ca2e330dc6dcef15",2,0.0014
"bd3f0148da91617a338d8c5c467c99c10d8c87317e89d31c26347f876d2b700b",2,0.0014
"bcb7a41a868a62079053122377b389aa550922e2dff84b33c8989b771cacbfb5",2,0.0014
"bcac78c5b26bb5a9a259f1ff862106d5ed269c61c640e91264017274cc5f32b8",2,0.0014
"bb9bc6168117e208ecf79dc32b7d9e5a7acbec16526d6b3dfd58dd0221433736",2,0.0014
"bb8b24bf9f37dae7e20ba25f044ea5d632ca59f3edde647451560babc8ce792a",2,0.0014
"ba443fe6304fb0b3bafd60b6e78ff3c35ba217277e8790f7fd130ddab63761f2",2,0.0014
"b9e9f73c0d65527d7fbb6493a7286812081b31500e76d77c7bbc9773ca814d08",2,0.0014
"b9a63c1d0aabe503799c68e67cde630374a082c565b26d4c3d83cfc3c238522c",2,0.0014
"b892e7a90c865f60fd31740ef94d6a727a5c1f6079fb8579978bba6364d52c33",2,0.0014
"b697c5ac38ce2b620690dc2a23ed1ac2a6231958beac7f59ee98977d97c23bff",2,0.0014
"b627c2ac57a01b522c79c26beaaad13ec427e4e2c15c378056e7d5a68986fe3e",2,0.0014
"b514224c7747d55094acde507c3448ea790712dcf0f5dc57b2794d550f084986",2,0.0014
"b4d8c9572f47f4bb132e1161bd8cb5d5f65d7fd1a1f953f31cfb83da48d7f186",2,0.0014
"b457f9e069d965857459945c67dd7eaa0bdf889d57b52309ebf24e5dd92d54ad",2,0.0014
"b44e50d998f58b9fc1981a81391adbee20cf354be89dedef2271277d448525e2",2,0.0014
"b40d7c5fc07521fa903a5936035dee391ba450a5d62362def6bc486f0b1b3c92",2,0.0014
"b3c988b2a5406d123189ec545b46daf836f391e93b60541f5f8e8a5849185b9c",2,0.0014
"b3bfc37d8f4396888605c66cfc19448cb0c552d67bd8355bf292d4515dd79ead",2,0.0014
"b2e9f9ce6b6c4e00bedab2b285f8e1605a9bcbc6cd8f8a126baa1bbb68d9ff22",2,0.0014
"b2e818dae6f6deb603ed4940141313cb2180a3a7215f0abed2f21d31c1a6bd8d",2,0.0014
"b28ebedebc2c41d54dfaa30256b82823de72c220d85664c7eed8871b78f3a943",2,0.0014
"b1d514ac5b3f141bd06c7b2f4f84e3e27ed4b0d8c57f552e63691a07e6d50a45",2,0.0014
"b1ad9c4c50a94b2528f0d1d9abc06caa1bc34ca7a43443c1ce4adf6ae53320cc",2,0.0014
"b1a6152161a54be7a97c80b3156ca9a6a01416ed7bc35e660b5e322309c194c6",2,0.0014
"b10d0e5874ca76bf27d01354972d854a93818d7a3e08cec006643e85cebf6693",2,0.0014
"b106524fafbf036d6113038ae82d97b4fc4aa254c5c89332722cd713339e14e3",2,0.0014
"b0fef32569d4e24cfc40e170b1fd5c53d7dca5d272d9abb7e86b60e2fa2a8750",2,0.0014
"b0f3b5aa10f85091f47195cca41e182626ae395c022effad65bbcace3124dd06",2,0.0014
"afad1f43f65aad65c5f044574d0280f277fc7cde6c3ae788029e2c72505a3449",2,0.0014
"af47b815157bb0c8f6709109a76e09aef50f00af953d55ea8ed91df81f670a85",2,0.0014
"ae8d3fdfee34a88614b0b3c45f07fa6486f337c4ff5dcea0b6756317e0f63647",2,0.0014
"ae81e6d8869dd1586fe4adee2ed352ced158e99797aa47614b81d63dad69826d",2,0.0014
"ae5e8df8877f3047bd0a7221ecfcbc2d1ead8a93dde721302b1f232e8a09bece",2,0.0014
"ad26624713903d546f934481763de9003d412f6efff30f54384a9dd56b3184c4",2,0.0014
"ad2578e6fb0658db195c877290dc70dd9a2f0b70a699181c45b445c36b6091e3",2,0.0014
"ac8236bac37cf774b91d4f7dad1307508f3d3ff400cb0484812e1f9d75aef7ac",2,0.0014
"ac02473c9bde4a06b686a506ed26ec66eb7632614680fee65a14841c012428da",2,0.0014
"aba81900bc82d24a6f5b66a6fee775bc51543f91dc89e824bd96ffcf3879dba1",2,0.0014
"ab753755bebe2636e65b78daf07b905f6c267f494ae5eb5d189ac5d0a8fd68ea",2,0.0014
"ab47c199b35c5e17d426df91e14fed2a9c36c35c333d0efd8975d33c5c9403f1",2,0.0014
"aa6fe035d9db8ae486e363b0b02bed566a8b68f83cd8d00d513422a9970ec334",2,0.0014
"a9f0a93a8648c9b8758f35831c9fc19b41af3530980f9ed6c1da252035e5d37f",2,0.0014
"a9bf20a40c1e5855591736e1cdde8dc40c0c01cd674439603bc90b1817ae42bc",2,0.0014
"a8e494180c0683a17671f9d14ea2add484927907b021d0c8d2ed23cecd705e02",2,0.0014
"a883b221d8bea1050cfe6d4e9c27dffc43c54bf110f4d1f55d1c0d41d13d0c2a",2,0.0014
"a78d10c9c45e13b3e2f36255ac34e3f61159e178083121f0843fa29318b5838e",2,0.0014
"a7463634674ca764401e713e4e29aef4e8521877f76ab78b1e91bea9d46ec6bb",2,0.0014
"a72d2e12f5f1f1b07fdc78120fe1badfef176093952d00729f8e4390619f75ed",2,0.0014
"a70ac618f8563ffcc830be45906e19ebda5d0a09f1a0c69924e785306c56bfe4",2,0.0014
"a6a73622254055b82945da25499ee4f7dac14ed7fb3d428f70a9f2e3b9640f70",2,0.0014
"a68cfcde6f26452dd3b8bc85ac3facd5f8ccb40f096e47088ebc104916cb55f0",2,0.0014
"a65ec5e464f465d346dcdab7c06891f08b55b789955bb128df80e9ce835c0a95",2,0.0014
"a4dbe77402308e9152dfd31777519b2ff19167db81c5a15f3032a15ee3ea3bc9",2,0.0014
"a3d42a7a2c0bd49cd9cededab38a4a15fb2c0e76211f1d6f12a12531f8d13f95",2,0.0014
"a354dad22240166aae327f19b78e473c3195a572c5511cb3717991678d879be9",2,0.0014
"a2d0e1be0cbff60eb7f96d5ac28128b97534ea1869ba768bff6fba3625fbfab9",2,0.0014
"a277400d8c1ca9b13a09486986db217734703884afc34d09e2d4e0d3f201f554",2,0.0014
"a231e5057ef9288fb427942892e18c5f939c77491be08249573c9a171514e294",2,0.0014
"a1d87b2d3a271bc0ba540c9508bf2e18a3144d92030b1337da0edce81039fbc5",2,0.0014
"a1b8523b41b1f559945724415096be6291dfff0fc801049c167381d755b0936c",2,0.0014
"9fbb577757daeb34dcfd597ab4b96b0fadfe6a5f5fdb26320bf6fe6d026c9414",2,0.0014
"9f51a20849a5397a88f36a9000c398be56c236c2e9e1d24f6d213ded193aafe9",2,0.0014
"9d48afb6ac9283388f713687a05175fb6a60ff10c5a0646f9cb0a36d8eba13f8",2,0.0014
"9cc0613cd610bb623be169d6face8b1921d0406f88b17e15c3a1c0679f092e90",2,0.0014
"9bfb7f6e3b3856a5458d7e4a2031e33657ab85822b304eda9b208e1ca179e5f5",2,0.0014
"9bb325fa66a70f79a58e29b60cd0b10ae9daa3056775bba8ea7071db02e9db2a",2,0.0014
"9b274ad09bec5d7b63e5c0d5a4bb5d78b6a3c2e2fa1098dedcf606f8989dcc2e",2,0.0014
"9af9fe0299d91208379a1067619147b59b360cdb9803fb41a7929f3c272c8805",2,0.0014
"9a4ada31cdbc10d08dda3bba573f0140187d5bbf041b059f5802c9864ab4a7bc",2,0.0014
"9a2efbee9f3be796a600a8c288eaad2e709dde25e376dcaabf49e59a9643f872",2,0.0014
"99ee9f67581a44401ee6d1d002b749414d3a8cfada1db550ae4856c92f011f7f",2,0.0014
"98eda5f67e4a35d965abb2b254dd5c861536407dd2caca535a4b77825ebb3bfb",2,0.0014
"98366517421148a7966dfed32961b6d441e0307e838625129b80ffc676a1d529",2,0.0014
"9806c12b257cf57aed19c2b00ad510fa14a8acdbc1592a885e5ef2dc59d26429",2,0.0014
"976ed5e0c6e995ebf48dcee62d38fdd8022269596c411b7c842099630f619019",2,0.0014
"96fad64c5dfefc5110a3972ac4e765ccaa22bdea684d0b89fa066bf71ef602c6",2,0.0014
"96d140ebb844e6ee24dc07dfa2581c2ac150e3bd3ee45635b0181cabb751ad0f",2,0.0014
"9564ef09169e5d803ba201deb2f2f9d797b769c36a35e7738f8e3018dd39bd4e",2,0.0014
"94fc6902b249e16138b8319beddf124857a90fd614a1389abb3ba3d1e5fcf1f6",2,0.0014
"94dea2310f1376648ede0c632f78b6cdc97a76023dc21ebc1975a21c8a44ece7",2,0.0014
"939b5e6da8c39c0d993825488eb97c0efa793dd0a8bf690853bcf65da0dee2b2",2,0.0014
"93773bc2317e4b6b3c2908f48437fdb772f427b572c5f7cf0bb202ddef65cba1",2,0.0014
"92aa492a1caaf67dc9e1ab3bba19ca75581b19e0cbe1bb4a8e871b9541090c7a",2,0.0014
"9206e3d29bf8b8a095d7ac1216b3624ed1bc4e74de8ad5c3f179672200c485df",2,0.0014
"90d65279b7c21648875949c4885bd5c588ca547e343027f130b3d0ee34640336",2,0.0014
"8eac62d83a23008dda6ac6fe4b8ec9700fd2057daea0c304fafafeba49159e35",2,0.0014
"8e89b10f6ce850028a6d390cbb229f0d0f20ef5a647daf3fc3c3f9b875a60deb",2,0.0014
"8e1fe72e1b0acff83779456f492663d4cb8cc6e63526ecd0818cee3ebacfd27c",2,0.0014
"8d9dda8f5114883f5067347954227992c91806293fc33b915b78813d478f87c7",2,0.0014
"8d954489999199e21e677281cc03bc7882764d6c208fb60cdd552e823c224018",2,0.0014
"8d88bcb8145d879de40a50adc240f8f6dfc655f742ae02b86b5c2f204fa5af8d",2,0.0014
"8ca45a64725ca9c5ff599abbcabea49939106ba9d0312bf9586514079a65a86e",2,0.0014
"8b9159baf55d4e9b9768aeed5bf925eba43a221f20d52857abf1e35a38f03a7c",2,0.0014
"8b0bf09c784042c7ba0975e4e58f8037a78f0ffeccf9bcaf903476e9496f6bfb",2,0.0014
"8adf130f5620369c5b17e967c58a412346dd039bc461a524a7da383144a40881",2,0.0014
"8ac9796907380d360d8ada6d94f160db921d2103afaa18b2f6af1d47532b903f",2,0.0014
"8abd7dd8940db511c1c0155c02ac3067c47c864ed614002a731d04c7137daa34",2,0.0014
"8abc28913035c07411ed5d134e6bfeab4723d97ddd4d1a22a0605d35c94d1a36",2,0.0014
"8a87707d8c197418dfccf6de25f33b389a10589cfc6230b99db29569d41e1e5f",2,0.0014
"8a357d2acec8ca52e4f80318ba774e49a13cdbea4af74f10ee69f64a29cf21e7",2,0.0014
"89a79f3a1ccfb5ae89dfa32d7c47050170e0ebd8d8cc568acb709965fba9c259",2,0.0014
"88ff0ceceb997692bda00181ef05a001a7921e8c8df97871c490b221290bc79f",2,0.0014
"88465b2f76c802fd7ebba9ac9b104886da225555577323c4cc66b7ae6bef6a76",2,0.0014
"8844a760cf16788117b2a5a91d736794b3869c302aee47f8fbbcd0cc1a1096fd",2,0.0014
"87a6759bae88085fed845aa65fcd3a2635eb332abd448349e97bbdcf8694137a",2,0.0014
"851982c6d66c529279af7db72585381c8fe450816468591247d74a338fecd1e1",2,0.0014
"84dabb02bde5fc28805cc1e3f5dc53a5f3277aa2a7387fea38bc8eba2c44ab67",2,0.0014
"839cf362ac0a304c2ceac5166ed118dc0753a2e89541dac2914eb7b6adae6564",2,0.0014
"837a8eb20736543069b2417b20e4b40d97fb1a6c4a80efbe783f5f6ac46f998b",2,0.0014
"834fa4e38447f18908c206f35faa25f132d7a676a14a57689493065c5d4ed5c1",2,0.0014
"82804afbab47e265afc2f3a48dd34394b7d7c53526dc11898097f55106b1f208",2,0.0014
"825fc7d7bbae72607000a78126464c817c47ff9acf43e7d6faa96334efbc6e4d",2,0.0014
"8026a2600dc3e706351b30ac99efe834ef3919471c3630f79fdd18f55980d12e",2,0.0014
"7fae1fa40bc26ff16564fb3f0f142cbaefb219c803cf78fe13621c59f6042471",2,0.0014
"7f7f85524e1e170d3c5970b228b513626ce2b7eb59dcfdec855d1683ca3b9332",2,0.0014
"7f7c3e89d2380f6e8e43eb418657436c491581cf2acbaa9ae4853a21c26bf859",2,0.0014
"7eadc4434ed80d7be699cf8747d268ed552425324d0b78f2bcc3271fa27a8e23",2,0.0014
"7e071a804d69c891b17e1ab5a9599ef86e8b700e926318405f217ab65acd3b7f",2,0.0014
"7dbe2162692a3334bc07fb407ab36613f79e0eb493a7cbd40092042b25dcb30b",2,0.0014
"7d705f58e42623fd89136374d9a7aab6aa79bec8ca54d51eaf3090238cb2ebbe",2,0.0014
"7d49e01465b67a4d9188f2e2f501f2821c66fe667f4f3002a6e7a646db720f98",2,0.0014
"7d1d71553f68aad4f3348429563ebccc7c312e04c17c1f2883b8473e68fd43a1",2,0.0014
"7c1f5e00a32b50c460a8592ea4cac8f42ad4ac2234ecbdd3093a334b6df21506",2,0.0014
"7c16b767fa3f60f6468fde431a738c210892896b10aa32457f4e88245a281537",2,0.0014
"7b34caa1567695579997b9c59bbe64fe38153bfdb772cb4e29446c7a41ce1b0e",2,0.0014
"7b201ba42729d379eec64b56dde7fddb678fa6b0c8b04612a9ffe37ada829f95",2,0.0014
"7a4e2b964aca487b8dcf0cb6c4e4f15468cfd1d121620e57a5773db21de4627b",2,0.0014
"798286f090725b03aefe51f90766c858a2e87f3aeca72d218539d8ec6a3371b3",2,0.0014
"7915019aedb473cf7a2d9de399385c89f006ea28e3189015660c784b8accbf84",2,0.0014
"78fb45ca41b18acf4e7de7b142b7338b8ca8571d4862733666c41d980911af29",2,0.0014
"78cd5a154598a30d5e75314fe292b7f42fd589424cc00da4d192e2cf4c11ea89",2,0.0014
"78274b8ae5282a34acdafcca308148ac6a1a0442b1da321c3fe143613b71cd04",2,0.0014
"77d2b6826c791f07d54d7a89e989e3b1f282206f11c5516c34b4c680829bb374",2,0.0014
"77c7eb8b1da402d9cc1acb85cf54e8e5d6cdc626bf2ff67d7a3f274873729d55",2,0.0014
"77c1a251e1449bf916975e5d4007a4bb27ac22dc4a7795a996527e4bf358cb8c",2,0.0014
"76ec899301b04f2557b80abd925e20926aed906db683ab5852c036d2d039513a",2,0.0014
"76ba0b652289305b69e5f212401829a07448e8657710aee5f6ca1efd8dc60fe5",2,0.0014
"762c4fd476047334aedd24204d9abe9898174ef0c1f1f170827318b02e7f3d10",2,0.0014
"7618c6ec4c856042222d45084e4419874da94fc7cf8ac35058771ac9e78debd7",2,0.0014
"76091ba9a4f21b80612ca1befdd8c9c0886bbb660e713b8df7ea042ca3df8ced",2,0.0014
"75de44fc7f75f26d9fcc25c5e3fe15822afc94ad0074b6c35998a7b703ad153b",2,0.0014
"72c72269797606c93903cbe13e5edcb0bff4d028b5b960342b5bd022710a5bf6",2,0.0014
"729fa446a553d1913044a2c2cb176b69e53a015fdabc732b55c9f9fdab155e96",2,0.0014
"713a288d91e84897d48a42bfc56aa67874c2b91a18470136bb7064808e660d88",2,0.0014
"71090c472f89de5be75036a1671bbe64c28068a10319517576865017465038ad",2,0.0014
"7086ee641b3e5ffc0259d95eb560f0c540dbeb13ea05892eb2af6f0236785ebf",2,0.0014
"6fc60b2769573c789f99bf217702eeca6dd9c897b90af0e7b63c4a8e181ad5e4",2,0.0014
"6ebb55442124c605b87b4386b87e5ca520f3df70e38a54174c03d573a5455839",2,0.0014
"6e7d317f22a482e80ca04b53e28d468330d85d4db953dd29c93c495add0146ab",2,0.0014
"6e3ed4df39ddd1c4992dcb71a5ce7c65a166ef6477b839108384a5124402c171",2,0.0014
"6e0e333a912435aba925249ef26e864b516f69db60c6916461ed4e0d865aff02",2,0.0014
"6d661991960c4462d165c7e799b08e9b89c8cf1ebaac547e3e05d49d1ddbc8fc",2,0.0014
"6cb56fcab1fb601d23af110e18d395a0f19070d99bae679f07b5487932e40405",2,0.0014
"6c960f14531a26ce8bd1a8aa37721e1f030092dc7f88920d6534a6943df04366",2,0.0014
"6c81036b622173c645174af4187ae79a52afe9d0f8982812c1c29fc9d04d2339",2,0.0014
"6beba0da35a8458b5d0b819f5db98d3aed2a1489e2ec9ea0441c3ed565ca665f",2,0.0014
"6b70d6615a6f18b4aed674b7b667ac95f495d624411cc1506d84ff96a561d85b",2,0.0014
"6b1e7b98bd136e5482654d14e365ce633573ef9c3e83e8f67b006cbf7645ff1c",2,0.0014
"69cbcb5afa568e10fa3a11547372f7f8a983af0ebf2bc0a768f095782f372637",2,0.0014
"68751cc711c68f2f41ae3690d8975107e758f8ab0fec63780e0bf60a5ab9ee06",2,0.0014
"67d066d9daf1fa6e33191548a61068d1e20f5427482ae923d4a7c8b0d51efaf2",2,0.0014
"66e25b075aac163445934c3d197965d4ad3ad332ae934108173a0ee83baf25a2",2,0.0014
"65d44092f176e02e7f2f6eab4a9a60fbfc4afa1dd2666d1f26cfff0decbff75b",2,0.0014
"651c5f70fed3d115833e450b8fcfae65263353d203b6a04e67f5e053bfb788aa",2,0.0014
"64556e5bf8f7bb2ab9766de29bc86e53a77acab086ee84f6cd650e549c76eca3",2,0.0014
"62f61b32fff99f7eec052a8e573c367759f161c481a5caf0e76a10ae4617c3b4",2,0.0014
"62e9d80a10e90fddec0e60e9c5573a218b5dab94874d0b755e4934fc54cbf033",2,0.0014
"62e6f978082b327d89dba563a673e2c9626187dbaff9dc580f85ace48b34226b",2,0.0014
"62320cf74ea1bcf877124c7cc322fde41dc38a31893451d61f1ef786989ef4d7",2,0.0014
"6228d40b1f245ad5fa36be7efe7c65490d3ac5921a8b0231bf9644c83fccf78e",2,0.0014
"622739940e49192c25287ae4a4a54b95bf595d51b3fc46184772b978b77ae33d",2,0.0014
"62182cd72e7d7552346d8946680ed09a283ee951c7b5f32aeb19477e0fdfe8c0",2,0.0014
"61db354e1479556eac04f5f45d30f3a3c06c9847c512cc53fcbe320a6cdb8818",2,0.0014
"60d7ce6298c735c6afdaafb7f0b1af97db2c566d2389ba08787364b95d65b9a0",2,0.0014
"5ef6c0d9881dfa07a8c444b624385d58f4dec3c0258c423a283d6cf3d4d0473e",2,0.0014
"5ecd9779a93a4d2286d35654eeb3d12989ceba746530c413e1cb5189e33992cc",2,0.0014
"5d34e7d64a95c4c9d23140de8459581345858edfa1045b3157ae6241034dedeb",2,0.0014
"5cb341f3a0f9e6f9c80956dfcdc12c45e6b130e4e95c179c8b551212b366e9a3",2,0.0014
"5b57b11e8bb90eb4870a887cd4b272094e60221d83fd2c38a29dc8749d38f533",2,0.0014
"5adf77faf88a6320255f8646dd9d94304814cffdf0638b318c90e488779e988b",2,0.0014
"5a37631f2c1bd57f131848db266bbad707d500005beaafd28757506efae12dc1",2,0.0014
"59f947219edeae772f46b7371151a4d07e6d09228bdc506b1913d054d9945df5",2,0.0014
"595c713623b2da4adc688e40ee03264a229d21fe3d77d7d1e35cf424185d17eb",2,0.0014
"591687ef484574f148f99380dcc39ccc41c217ae2fe80f67877fd24d43d60953",2,0.0014
"58f7fa8ec9a5c6c27284cf36481388aad0c2ed2f592715ad58c39766dcf7a0ff",2,0.0014
"58f7a2be128724e708d67b9d05eab416f69b42eff53f5346ac96d34c75af0386",2,0.0014
"582f3ff2f8a16465bc8a9944a82e2bded5de5bb7cdbced6f68896307dd2895c5",2,0.0014
"57e51099494c8c87313ddb86da34c855d642313877cf4222415e7f7844721878",2,0.0014
"57cfc2d4f5990f593f9543206798aa004947dda908f07e5a4cf4f447fcc9ab14",2,0.0014
"573b185ed8851efb48590b55b6f2bd97bd64f1890f1b8bbf20a6cf32951f4066",2,0.0014
"5700be217a7b5d91324bdc529fd1e8047c275647c9c576aaa5a2ca46f64fd04a",2,0.0014
"56f35977196fe39ac4eb80d30907446b1fb9948ffa6a1e7ee3d19656231e1730",2,0.0014
"55ddf707650bbdb6c08448972866d2b508965d671c396e284c66a524d5bc0334",2,0.0014
"55b7983a932207d4fe9a134b93fdeddfa59da3b05fe19d988874972eebeba38b",2,0.0014
"55b49798574989734e1173b2e62ace150d30f9787ebcbbe3224edc95a2dfaf55",2,0.0014
"54a4bec4258f7a5c5297f3968f2774310a08c6a7093835d332a6fb3e9a1c3f0d",2,0.0014
"53bf98c1cc46b2ffe131e83c004048e349252b31cd1c9994e305cd121dc34e6a",2,0.0014
"52ec506f82181914a9fd862f291b2210b468afcc0ed2884d5b59bd1eb748f899",2,0.0014
"52c650a38b4b1688a20eccae73f6dabe1457a6fb024dc8e729455d53c320711e",2,0.0014
"524ede1c6122b15456329564878a191a00a7062e1a8c9009deaa44eeb5a59c57",2,0.0014
"50866628d5c866f369eccaaa1316f330395361dddb084efa2f98f06b277e579c",2,0.0014
"5002b29a4c05a5260370d7d761971ce9c071a578ae2ea8de3af36669f9feddd3",2,0.0014
"500291974b3a223677e260b060d96d4e2e3a97d43117096dd0fa5ae8fe5474eb",2,0.0014
"4fccfb0a60d50a78d4738bdd68b09e0286b7b07073115545687d28eeedba0359",2,0.0014
"4fc2cb87faa5c119bf5c37c6fc45f80849140cba1fa47ff4ab9b338411d1e078",2,0.0014
"4f9766524191e4014f1ab2124f9d0d45140a6baea55e9ecce6786cfeca924f3c",2,0.0014
"4edc5256afb03e74dc5c4827737262500de51646164363f97c1816052d1ffc96",2,0.0014
"4ed50e9c80a7499acca0657c434ef8aea9ddcf31d8e5152d810d1f2a3b8e8183",2,0.0014
"4e93fa8e08142934053b15b22df55183f1e13f229e5160ff263127e476ee0c7a",2,0.0014
"4ce78afeab7e6af5fefb3a2ab1289b2a1852847e532c8e7169ff682f94b88b81",2,0.0014
"4caa98eaf6d9f37b21c361e256f10a0af130bc979d08d080bdd9ee3b5a3099c2",2,0.0014
"4b85b9e20b8cc5589b907c8dda092451a2f45a0d46487d68ac2d73f6ab2c71f4",2,0.0014
"4b6e32489d58e0d54cd83c1c1123c714a69a271a6674e1522ab346e28d0c10aa",2,0.0014
"4b0c394218a20a76b9bfb0671bf7a8b745b5d5573640c6ceeb91e85dd385d1c2",2,0.0014
"4b023f8de341bb5a89a3cfd92e32779b79616984ab9659d334a08451534de73c",2,0.0014
"4ac5326e079a63cc287c88e844aaffd7ba1847a34047d68ea5fc3757307842b0",2,0.0014
"4a60c9a0db6f7d374fc04fa565d7739eccad2e12afca657b94adbf718605104b",2,0.0014
"4a4441814cc6beb69692b0d11fe7bf83761146d0ab98a6f06750c2f4c37a12cd",2,0.0014
"4a1e72b23ea9d6bfcf9d6538d3fb1db7ebbc5585bfaf54694e630339272d4c5e",2,0.0014
"497adb62a98134658ab04edb8a7a4dd9b008432bfa5c0a38f8ec95cc07f5fe83",2,0.0014
"486199a623c505f4a9c4c040106c359a50d9b79c4ebdeedc9e00ab8b21cc5e30",2,0.0014
"47d94f520bede00f21724a3fae31770142cef3567f8c0b1101abba1482363e89",2,0.0014
"4713af123f167e0b5689f485d57693d791393931ef45bd1e75e763d3a57ee5ce",2,0.0014
"4602c2c29cc61b2a239c45fbf43e12b3d430d765ca33fa298ddab73e99cd3148",2,0.0014
"45b6f92e9044ebe2e3282744eda333ab729cf8e340e12ac878c269c18cd23ad6",2,0.0014
"45b1f45a68523a70bc39910fb5ba1a09b0d29c04fd56841b26fa6f2535af9a2b",2,0.0014
"44da5141a86eed1072a3c26008281e6aa9fe0e7145dc13a0b038868d2dda34d1",2,0.0014
"44d5ad639bd98d158d2b45b5a114dad915b038dbffbc0ad3db8b639fa3a7d4a1",2,0.0014
"448d2c5e1921a9d3fe349b6e40b93b3ebc9cbf38d427145419e0f787cb71cd4a",2,0.0014
"43d8123c74240383636c61189d753c0cfd1980972d5b2126aa5738063bcb6c62",2,0.0014
"43bdadf5027c8a675d53cc920f5cfb9d1570ef41d920cca332e7862fb61dfb15",2,0.0014
"438a5528cff17ede6fe515f095c43c5f15727af17d006971485e52462e7e7b89",2,0.0014
"431d700fa4cc38116671995934b220f923992cf2abee009f2e007d06540eb126",2,0.0014
"425656ba92de98d2ead36a287c740b00dadb9cf191427fe88576067528d0f520",2,0.0014
"42549904d3f537404746b43460a560820f80acfdabb433e33cc63bdf8238ed4b",2,0.0014
"41bc83102ce89d3fede0bbc2c3895476e9a0a544a48b1d3f2abf0a0107352638",2,0.0014
"414237feefc584b761c91f6c4770d04b3e8895a6c6ca64751435b0ef5b613a1a",2,0.0014
"3f34f8b664f13514eb6ab9fa56d65b29edfcdd5c9f20562bf23bf5c899c60359",2,0.0014
"3eac8ae28c81ebc70fb7b8feb4eb862aaed0463767b8824d2ff64a699df90928",2,0.0014
"3da9edcabd7491b2245920551bf7cce020c70114e219216b948ae3dd3af2e49c",2,0.0014
"3d7fc44024a51577aafd021e376d529e8bb559e8d71e52d94e18738a57a5c53f",2,0.0014
"3d69970c585285e627babdc2ab69e087e4542bd9ecc07a277b28bcea56912571",2,0.0014
"3be6cba845bd81462f0ba63824c32bd3e4e40d24d59a481065777ad720ac0a14",2,0.0014
"3bb76e3c5849a8d09bb080583d25a4882667bf0a83bee391e0ce969ab6d852e9",2,0.0014
"3aea65ff1e6f584e8987b61c641e090a33ec45512013c78bf6324c356332aa98",2,0.0014
"3aafe22e2b3f5d2f6675706ee52d2907ad09d0943f16fcc0bbc1173ce297bc66",2,0.0014
"3a66ffb55bd844d198eafc38f805c8456b5599a998ffc64fbeae8ca13d9ba87c",2,0.0014
"39e7ab207592e1cb4bf6ce918cc74ac6b49e84ceb7cb97129eb33da0d119dec3",2,0.0014
"39be8e7d49cd82d0fa79a07a05fd268c97631d0360382bb8fe6732d75513dad1",2,0.0014
"392e4bb2e09e067766f5de1532f4c79cc772c6b9f68a39b85f535caea9709731",2,0.0014
"381d58842f4e495b80870f99ada3732ac08556a6e2f6f04ae79fed70b6a938dd",2,0.0014
"3809a3d319b3a82b998de3cda2af0e8942bab4a2d088f80df2f105822faa5796",2,0.0014
"37b29dbc6407328183c23fa6f795bcbb72e63dd88847b5e0217f1e7a194104f9",2,0.0014
"375995a596dd102c00f0a6a80b95ab4d8af2afff99b1c00816b052d8be4366bf",2,0.0014
"37371dce4692c6ec98e13fa5392b796ea826372b79523099ac538bda1d4a5194",2,0.0014
"36fd0482f60c3b5e6b90e67cb64ffaf5aeb851007e2dbf05569a76e3c6a1abb2",2,0.0014
"36569aa188be6573d60a3c3e2ebf61d4dfb9790b08d8607af4c09108b73007bd",2,0.0014
"35fbb22d04c3e3c41175d341666a0f30ffca3f1764de655f1a38e3a34bc0c1d0",2,0.0014
"34c11402288825766587067558681ffe41ec216101e980415b2f258f1a26be46",2,0.0014
"340e7709a463c394b92a12c2a57f3783fa5e69e16ddc25d5cc96d4c7a72bec36",2,0.0014
"3406081bd6c7ebc9f7371a1edf3ba5fc4115b04c8f36b91ff4d14bfdc6069d45",2,0.0014
"336d906c24c49f6dd6e7569c9e8498df370107db7c98b72506939c64c524995c",2,0.0014
"32975f3e9c8e9fa43c3bcf05f690f006dedf81c1cd8b585c4ad33e3f5cf36844",2,0.0014
"327b8bfc2e1d14359e7ab59fa493565baf4c51f594d405302d4554766c78fccd",2,0.0014
"326d04b8ef7d53771837f11e1ef5540a0772347b549be4485c3cca68c700117b",2,0.0014
"31689fddf77002ba1507c865b98878b34674ba09ded1dcbae2eee3607c18b946",2,0.0014
"31656b8b150e97d3a8dd1cc333f9156eba77267aeb20ac6dc375f49411652995",2,0.0014
"31328050548831f63d2b72e37bcfd0bb7371b7907135755dbe09ed434d755ca9",2,0.0014
"30fc735df857e01ee3a880e317d8734165b95761d58ee7ff350aa729b0220866",2,0.0014
"2ee7c3caa6271e91980d2e188f3cadced5b01da9b5644bcff7d6256529041ac6",2,0.0014
"2de645cd2165b9ef3c839538aff1ee52d28ca02a78c4f8dcef6cc69586e6477a",2,0.0014
"2d81cb548e574c7cc37323387c361abff594593a82ab76c7ac83c64c99acc049",2,0.0014
"2bf0daecde95f3bb74bb08207fea58cbb879807bfa3b794ede5867586b185ed5",2,0.0014
"2b9e0f1b58a64e94bd0fae538a1991abba1b67099362a8eec45dd6a5aa9dd8df",2,0.0014
"2a8c80a24e25e6003f5a26dcea93b41faebd29dcad616f1f021d1f1abd901ee9",2,0.0014
"2a0415e10d20eb6815a1cc11d3ef97fd856989402bc97a18328cef86c92d2129",2,0.0014
"28c2cfaab1506d1d74d883cd1de3527d2d938c9f85ac4a6eacbfa199cc78c674",2,0.0014
"28b546662a133ad1f72e476460c9c7822f0cf1a5bfbdf0bdcb0ed2ac34adb7fc",2,0.0014
"282a52a3ecbc04bd1d998357a75e9180a2b7d9cf083470072794d233fb2666cf",2,0.0014
"27c9ce99a671b7769a690acf1669b2e353e707eb22516d38ef3dff6180a5aac5",2,0.0014
"277391ddaaf81688d26387ecf1d293afb3e03d7f36400194d97a6c755b979e5f",2,0.0014
"276173f2ea1d31f39f7a3461003d15f32ee0ddfed339b900239ef59c9d53990d",2,0.0014
"2731e2bfcc8eff1ee512e94fe1953beb29f22c908723aa56c33b26270c5ca8bb",2,0.0014
"25d5718c1ebc2f5d7ab37d6cbc4849f01321fa6c5d24d12916781f33a8ba7956",2,0.0014
"25b78510ca85641fefc25c8aa3fc3daa96969ff4577d3a16861b61b608c7707f",2,0.0014
"2549c23cce819323130d9f9195b88e1d9f284a38a2b908f004f9e238071c9405",2,0.0014
"24ee1d7d2d4f8e47cf48d44d3499f3e332802ca6053eb01c7481c1dfc2299464",2,0.0014
"2491b9b663f647bdb5ff358c3bbe6ddd4e9a43bfbe8edebccd26ca71ad2e84b8",2,0.0014
"2468b94fb5017b6d8086e106b109e258a2dce5924d9cf31dda9b3451f88b8775",2,0.0014
"23e6aeaed2573793373b460dfa8c5b32305f2195b752498cc6f5e5254dcae4b5",2,0.0014
"23013860a4bd6b69cc13374c55cdb017351f5a436e58c23a4fc7df34e14b684e",2,0.0014
"214c7cbad25f58ab91898c37d7da952c7a749fd3155e6e64cd80bdbf0b46422e",2,0.0014
"20ec1744c3f9e2c840c714b4ad2dc42d844d2eb7c164ced8c685cf267516b0f0",2,0.0014
"20dc288bc08efc0094983e497d716bcd963a921ba7113306d4401ec113e9e98a",2,0.0014
"1fc10924b9734473de0bf24b984fc00d23d57cf05f78dc67917b117ed3dca936",2,0.0014
"1f74a6c48a5ac4bdc98226a8009e86ab711011d378f0fcb971d1af6040f8d762",2,0.0014
"1f4dec04505341a6bace85e1cd1f3944d0631f8dca2305e8dbb67b818e06cd5e",2,0.0014
"1ec028841a758c58be0ec7303c106dcabd50d2a54867911e632a9b6fb01a89ac",2,0.0014
"1e8b2519f02c01b42e262f86861aaa0795e7bd4ac5e9bcb3987f7820a38bd746",2,0.0014
"1de520344c09e25ffb0ec0a38c5cb1c98a153548ea51a721e4aac4a166af148a",2,0.0014
"1d64fdb00ff27d96ccc0eda4c2b353e01a0d183de00b93a3407d3da9f6d7d2cf",2,0.0014
"1d4604048c4baddcb222d4b077fcd0d058e212da81e717ddeec26643814e0113",2,0.0014
"1d320c64b1b4baa6a7c663b48aa2e02ca0eb653175924a2c66f5718153a91187",2,0.0014
"1c64fa2c9e2db303fb14cc8fa9aa7f6d0d326633b90f87b5bc4a1e76704e2741",2,0.0014
"1b9a8ad4b3acd136b60868d49faace6f8a4d392c78157444dbb40f24ed96a680",2,0.0014
"1b6b75fa484e7b7ddbd6b485f9a29317af127618cd56afa86addc4ed7ea93316",2,0.0014
"1b3168b55aa844febfeab0ab56e3217bf0d309b63bbc750cd535b0cb7bf84bc4",2,0.0014
"1a7891217dc6d8e530356d46e81dd2baa1a2da4a22e00afe26e0fdb2c3a51c69",2,0.0014
"1a22a1b7b808cc3aaa195d6b847a43f45815521a7a618629f83d27947511958e",2,0.0014
"1993b1791cf40c1c259e7869851f34968ed8f4770f6a159f69cb44a7d4845799",2,0.0014
"18b3fa2361346f457c1ad7f1c167e7019fbc8f05cd473c59289071a8d66aa09a",2,0.0014
"18aaa5a99271d17356bf1cfb3c45c8b8f1541cd8491279f6ae46b869b788069f",2,0.0014
"182b90482d40efd661a7f5e32ac9cb328bc4f66293d778251001d6744dd570e3",2,0.0014
"172bba5089fb1dc27ffd25f8c025c8fbb1ceda47be773e51f032cd4d247915cf",2,0.0014
"16f229fbdacc7f9266bc49613c8b3fa898714ff857c42c4211922d567bb1cbaa",2,0.0014
"16b2a6b175349b071927ad96927cdc668598dc32055d4fcfcfc29afdf73c6420",2,0.0014
"1557a16d408aa08557034538b75ac64e2655af3909e8065ff2de75a425d0a67d",2,0.0014
"14a9f98d9cd8acb8612581dc571700fc6156c1ba04ba89d2ecdb1f9056feff06",2,0.0014
"142a6bc9cd56dc2c0edc713132c82111a8b44bf15be5ff12a774cb016e143f55",2,0.0014
"1406b671bc614ce38e22159ad3dff82cb82896a2db9a7fa9bfe4e0f714a4dfa8",2,0.0014
"13c5614b3a924bb0956d39c28884f5eb6a88dcbb8a34f35831e4a61b2c341fae",2,0.0014
"131db85e62b0f7e3683bf4b5a6ae22b801d9acb2effd5cf3d78e9921b77b7c94",2,0.0014
"1303ec7d872e3bae325a1f89d2b48e9bd866b82fa65dbde82b1f9c40f29df809",2,0.0014
"12fd219457b92f1de40da737aac2055d18ad9b2d97af4827b9b16ff1ad5ad725",2,0.0014
"12a61d8916e5867e4e0cb66a302895adcd2375b2b6583ab4d3a39bf6d73368f5",2,0.0014
"11c4d94c3c13ab5b0c66c2252465b26aa608d736ee77f759996aa03ef83147d2",2,0.0014
"11b4bacca38f670e792b7a1bbd6c6888f9e572c06e1def9cc5adf9294403bbb2",2,0.0014
"1188f6b59eeb10f909340e356ec5929e16ada61cdb100d8699770b705a1a5a52",2,0.0014
"10d68cd80caa6e79706b8e24f5583bc7beb5f7beb760af333346e41c26223889",2,0.0014
"10bf99fa586b79dd87e1b81316a9238b9e125910dac154bdf9164f6c9c703ecf",2,0.0014
"10a6cff21be3385c4fefd2c733fe6433bbc69ac4c5c4a13000b3a68af5750ca2",2,0.0014
"0fb61144ee7d631a5df0ee07740f2ec9eb62962c61c34126d08f8418e868833f",2,0.0014
"0eb3a9c49b66b4af26b0a95337a334b31d981a89258d0fbe0b8d7390a36fc2aa",2,0.0014
"0d8880855acd9890f8d80af299c814fca483ce56292fa0d9110a1c998c81857d",2,0.0014
"0cee2da472096975a7b683f3291060186b88ca04980fbd87397909dede8d8bea",2,0.0014
"0ce70958adee1abcdf8c706c7396f53ef66c36acc9d2778c58d59bad0d0ad569",2,0.0014
"0c872d8526f8749c25160f5208166645fc6ffaa8738b4fc4d066369ee2f1350c",2,0.0014
"0c5bb14b013509b492a91e7bf09db2dd527ce8c7a8c049007cd953be9094ffc2",2,0.0014
"0c12f7899a1af1b52600dfeacccdc3bf8106119d65e2bca2c8a93bb114ecbfc6",2,0.0014
"0b76ae9bb4967b41d4cb9effad8babed8720b5233f9ec3384f6944a284caf074",2,0.0014
"0b4ae5413272ec170f2d892e880108879da1bab579921110c2f5bd4c9f751855",2,0.0014
"0b3f0a36006e8335d0436689d5c052e79ce6d8c90ed4f202a944724be45b5f5b",2,0.0014
"0ae59e2d2c214dfce035c17a47f7a29dc25d385989ad19ada6de7fb58024b1a2",2,0.0014
"0aa494ac7715b2d8a1d01413ae343b65673a6d9842730d43b42f06109bf2e9c2",2,0.0014
"0a5992d52df7e4f17cb8f7fb005a4faf8bf1742def9c712dced82319332b3197",2,0.0014
"08e0ee46cbaf82479a674a535ba4fb454389c9a557c7b8959a0804a46135e730",2,0.0014
"080c2d5eb316ebe2cc07fba13bebc210bc4d0837aa5ba7ef405f36587942c6d1",2,0.0014
"076b08d07fbb93da066485d25371e53482701025c44ef4a890f6c48165a912ad",2,0.0014
"0744aa1fbfb2f5f45a646655731285ec2277b235549e2365c7c4e385304b8539",2,0.0014
"06f4207b0c9ef78cc595e075ded8fa40e73fdb8346e5f9281068a2d4ba1e5037",2,0.0014
"06cc390deb1241216b900f1014710927677643e49ea02fcb860385254f202a7e",2,0.0014
"06c3630e53fe1ca7f8e6cf4b2854652bfcf646459f33b5cccf27e41616b4ec84",2,0.0014
"068104a721636cdd6daefde2444715c25ec88f0a7c214bec97418c567cc1c4a9",2,0.0014
"0626dd496fc7d2536e21a285f8ef4588cf7948215606e87fcb95825ccebe0bf4",2,0.0014
"0566a42855fac1c21402ef84e0f32625a9e3186c0a29bbbfd64c35dd7bee8a4c",2,0.0014
"0491311b4aebdd1f655d78bb40ae30b21264dc9ddb908401cbbb08c7144323d4",2,0.0014
"0449759c767cbaae16bee7b10fa5aa9f6e9ef25ff5dd5607e39d7b9d100417bf",2,0.0014
"03fb7ee820da3797a8f9dbca01ab2e60020cbc57c66fc46f8ea11378a8c4a8e5",2,0.0014
"03b59a0639399f8b33a6b6f9f03dc897adcb2d4abddbb113e3acf6adefdae2ba",2,0.0014
"03a224152ec6ad3fdda621082b40aa0f7542f18cac981657c186161d5da52d55",2,0.0014
"034518dd939f0a323b441e405750b2dddb86db251858f6d0eb21e01004822ed0",2,0.0014
"02e0dbf89e9429b340c3f6b0cde241c4b229d50f1aa55ab7da231ae8c918421c",2,0.0014
"028c21907e97cdd76a4c27a2323365846a4fbe0a67b0c311e0cc84fc29818153",2,0.0014
"0287f4ad7350935b83d94e046c0bcabc960b233dbce1531008c021b71d406a1d",2,0.0014
"01f2429212eed5782ec8b9fcc4f7b7ea5af18f109fd10e2604174badeaa86933",2,0.0014
"00cd0f459c4845daea8e91484b1cda294948c46de668b48cfcf6878f500cc3c5",2,0.0014
"ffefe2374b3552b58991c1483d030063bc3fb92410dae2719c3ed8749cb22da7",1,0.0007
"ffd799287d904c23c6ca086a9d517df50f860f504502e917660b8730cbe915b5",1,0.0007
"ffa72ba8576422d2fbfc749e43d0cf8670f5f2b0036dfe3a7e4723017c77b795",1,0.0007
"ffa48577dcaa0dadcd5f48318d8b22faed970acb80ff097d6e49065dfc8b299a",1,0.0007
"ff7edeb5396eeb09bb26d7a2b29154b8f73698bd022e5d0ace77335246ec67f7",1,0.0007
"ff43dd23d1b7f0470145bfc095756488cfdb543bd0f2ce34de355fd641b66457",1,0.0007
"ff3fb5ef9e9de46dffc51190ca3b14e12bec753973438205ca1a8f9ef7301605",1,0.0007
"ff0809a7f4d50c4fd2d834230905b1130c5cd8dd2c373995e90d363471501c89",1,0.0007
"fefb2113acbfc73869dea6ad87f43c655e61fc5dce084fa36926b5e51e0e307e",1,0.0007
"feed08a65666c1f22b476a62b15ccae69b202b29de08aeafe6e70b5732005456",1,0.0007
"feec0fc9b566c20928c326339eb20e931b46abfb162e7791ff7d25db1f7069a5",1,0.0007
"fe9b9d1da2b325169fc6bcf9d0591984c86b87b2ab9339475aa91ea20899151e",1,0.0007
"fe90f52a288c2188727adc064147da494e7e208c05507df5939b9b3e93c97ecd",1,0.0007
"fe8291020e7e519e36399f9e6c30bf37c4af3dbc8a62b24a92b449b6191dcb44",1,0.0007
"fe76525437b6dd9c484ae22f51626c596bd1a3138c4494f091480c9e1586b8a8",1,0.0007
"fe53e4b622bed7dce0d3a66f8d07d095d43d34536dbec33cb96c621a4237cac7",1,0.0007
"fe330b753864445723ac65eb945e5f291f63bb927968b7bc471238135fd9a11c",1,0.0007
"fe0fa81b066aab1f651e40b0b946f25e5034d0e0d734aa425e6f26d921a12d63",1,0.0007
"fe0c999b04b5a298b3f6486d3551c285ff841c88a4418143c28ad855f1ad1d76",1,0.0007
"fe0a9a1df939c80bc379be90acf462ad13ce4a6a10f99cca3bf4eae244ca7454",1,0.0007
"fe00c1cc06f777c780d8afefd2c0b11fbab1257a2273d4550b363cad5325b2a0",1,0.0007
"fdb6c3cbd12037e3bdd14701f4a6f74cc4d5d184860a05b7a35973b4cdd517e2",1,0.0007
"fda4715d94ee2abb5443c612de81f8dddd09bfa5cdf54f62dd8f77ffa29469be",1,0.0007
"fd9e966c037243428d7e04afc92dbfae1826661cb0582357b1f5ba1f4bf50a60",1,0.0007
"fd5ab33e5aecfb375f7f8a563b98db690faa9ecad51e361d22e743f1e17f2fbd",1,0.0007
"fd22f79670518e3d438c1e41927fd18682a03eba6c599f04a0720078a1c9d1b8",1,0.0007
"fd1b1d97da7cbfdc9aa985048b082eee2d58755f785f87fa6ef9c313dcb86e0c",1,0.0007
"fd11bdee498f10d46d90a1b0391cd4bf5b4222894b057326c6d4ae4186e8c9fa",1,0.0007
"fd0e6a0a87c9440c8d25907626d650f94cc075d7a8c3d1888d2c7cf7d341342d",1,0.0007
"fcc5f1f290709653910338bfe6d5ddc5306a3d0d2cba68b7bbd8d698d5be3484",1,0.0007
"fca5857d1d02b9d34ae9588fdcf7e49e523620ae730e428c770eb3d0e1600e39",1,0.0007
"fc9e8556c6ff8ce97f782290a70da308f2fd46b5526e0fe8b639ad054de55c60",1,0.0007
"fc741707bd138e1242759ed152d0c1a2ba0042fc68ae100b67ccfb1fe7967449",1,0.0007
"fc6ca1bccc90c99f74c13ffacfd424496372dadefc2ead72d58a209349d6ccf9",1,0.0007
"fc66ec6a0bb21cc29134e0d8d13a9459357e068128a2f41777b24da4cb8f2105",1,0.0007
"fc351dc94670a0864f1ec8e598fb6a0f12b759010697102127a990ecbfd260b4",1,0.0007
"fc341450d9e06808388f5fee5cade46b3407234c9780a76b8ee88f14c2715b63",1,0.0007
"fc2cd0407a8a598b1dc956e51bcabec284841c1c8e5cf0342b1c973088eb9f68",1,0.0007
"fc268c8565c9994f742f98f82ff9074b28ecf64cfd306ef43cbd056447b2d034",1,0.0007
"fc26189836f1a1e6368a9ed07f6781c40d5e5c606fcd611d695072acb6d66c82",1,0.0007
"fbae2cb921c3fec3fc28aff850e89b26356ef3741837d8df09cce30369c4e8b8",1,0.0007
"fba4e26bb56b2d735fcc5255772a36156fa966b7173b814be515e22d184a301e",1,0.0007
"fb824a851aaf30d482c4daa15860e2267e845f18a82f7eca0e159bf62df4fd03",1,0.0007
"fb7106fd8db9bafe97dc312325bad43e39a58cee174c66f9cd925a502883720c",1,0.0007
"fb5eaa7baa29810c21731200d501e22a6f308d413214f4e131860d0ca290946f",1,0.0007
"fb4f88ab8f745ff8db7fe65efc49ff2ce9a87c13dd66ee862ab4671c55af7d95",1,0.0007
"fb4d20b13edacf0454a1149a0db8d0fe4f0a29f7045d9ab952e299298bb88d64",1,0.0007
"fb46c8bc449362c5ae1ced18aca8bea438f5df99247251f1d9d21e6eb117189d",1,0.0007
"fb3381461ce65bdf40f580af065fa121e5586f9a15fe801a254ece87b2bc4455",1,0.0007
"fb09de43f11f00501217f9440997e2aef5f58c7ad7ac2fae047ac8651b1db2f4",1,0.0007
"fad66860ede13d0fc0fed59828783a77828c1be530559d53e72c7282619a7956",1,0.0007
"fa8a614e555c9f399d7ecebcb33ebdc2ea38a0b7028833d080c6f91d315b0301",1,0.0007
"fa73738602a3c5dad819f4c2690946726f4bf83836f6a489bc330840c73c74ee",1,0.0007
"fa614b94265f106e3a9ec581a43eb7f19484ef812d092e71a516624034c84c14",1,0.0007
"fa5a4e43775940ebd5a37967ebc5fa5df5ed007ac1acb82ccc9d6d1fc202bc18",1,0.0007
"fa4793186a60e0c783f933611ab140362e1e0d9e51290a95a13fa17f82a59f18",1,0.0007
"fa3b7cae0c7080b31b1751b524b1ad2c96fbfdf1e7dbd663978c61e8d70aeaea",1,0.0007
"fa36076e2213145f9e0882ebf543bef9883e55405be5da7cd68e4af06317d120",1,0.0007
"fa2feaedc7622d45729e39e30a37946789934340a83bdd778981e7442194c06c",1,0.0007
"fa2a6889f051d00f8191c1807f28a7e46d889a315cb171be75b6cf4436272b1d",1,0.0007
"fa28ecb1604613e200c0858bb6c199d9ac1e7a0a5d9a7ff7ea3e78b5ddd72d07",1,0.0007
"fa0fe8e94f45a4e708fd30e57583af3f6c768e25c99eba9f204a34c6d088e9a1",1,0.0007
"fa076fe3b7570cf17faefa47d1bb2b561d3cee5ea2686ab88217460b743cab42",1,0.0007
"f9d4f0da9c7f8a7d1cfb739477201e9981c88405bb7281715132ee45f5361c8d",1,0.0007
"f982bf01a715aa47aaaec9313ee87330e96ae0d6ff74bc3e1e6523d4827fc575",1,0.0007
"f94a77905d87f9a195ea837414b4995c7d3d66bed0e287481710246bc1d5bdcd",1,0.0007
"f93e59cfbb4786bc2156bb1e1703d233dda3e4e8fb132eb1b52ba21f746b4895",1,0.0007
"f92271f73b91633dc3da2d0becf53e86bd2e018fc51b341310b50fc808764915",1,0.0007
"f91e87156873f20bd14b47ae34e998670d398aceb87068fb5ad2585a3997ce5d",1,0.0007
"f8ea005fdb1267af0a50e6a87dd47e3267dd4bcb252ab0093c40f2681a15215a",1,0.0007
"f8cfed711a546dc2c2fc3f5fffd221359bb7a8273b02349aa8492ff7bad933e5",1,0.0007
"f8bba407305dacfa3103255be26072297d04edb22b60a7274cb57740d7224212",1,0.0007
"f8a0c43cf07f2ecd6e372eede76aad6992fd86c647b4765deb76ce0a40853ac8",1,0.0007
"f89eb3cca7365ba80ab88ff1a03fcd06b9ebf58d85f727ab60c9d7e79db59b07",1,0.0007
"f88af120cc08110e3e0e8b7d4dbc70a61833b39c482ce6445ef0bf166255849f",1,0.0007
"f88a9f7bd280426943c82348a60f2a19cfcf302e49bbf0d627fe05b13ffb4185",1,0.0007
"f82af312de0de01dfc562c02a55942eaa7575c5ebcbbd7fe5512105c0c088f8d",1,0.0007
"f81e456178722ac7ad93dc9f544678a48a5b52bb19e0f394c19671241b617c34",1,0.0007
"f810e6d51153fc8365d1348a34349af2b2d1fe0903b81b6e25d6187353364552",1,0.0007
"f7ce45f4b4208e778f7ff2457ba28b2269bfe5b866311b5e8dea800e721a299e",1,0.0007
"f7a5ec9acee4acbdec635a5d2ec5db4c13a7df7e8f308b0fd3d39c80a8177cd8",1,0.0007
"f77912c5346e64f80a3ac93fdce58d8a4e9d11967bee103f126e2208b774f5ac",1,0.0007
"f74d87d72381b4a5c787eb8b16a2b861aed6c3146583703ceb003d5befe9d338",1,0.0007
"f749bab8cae43065041d0153259569613121cf6ebc3e851e84df355855551ee1",1,0.0007
"f74704e255eea9b38f6ad14be0ee7a369cf7cb7429e0f96900f14dfc69669cde",1,0.0007
"f743957995913b42d9754a154b77f132bcba65b1fbafd1d378296548b4e65d3a",1,0.0007
"f738d1a8ded722db18cabd7f72b20ebab87dbdfe46e594601846ebffecac41f6",1,0.0007
"f7385be6917ac1d6d1a0d362287b076dfdfc29c88524c41dd565683ddbb5b463",1,0.0007
"f737b4acd8995bfc5f2e7d226b8e2e341f6d0780949ac2cafbd87ecccb0b9aa3",1,0.0007
"f7083c81e2f786fce952f0cbae3ce8c78635524c59c568cd3a93e560c056c941",1,0.0007
"f70209a842db48de79ab478288531f6d4b3b40ded6ea6f723a4d7e54ce73d8f2",1,0.0007
"f6e96a294eafa7ffc4b61f37d8cf8765228c2db77b387c4f6744ac7859f59f89",1,0.0007
"f6c3f33b72b71f0ccc24e508c3e6cbd825bc74e590255bd09713865b087880c0",1,0.0007
"f68d13be951f863d39d5157b5cb6510874eb4dc3598e774b6eb63756a76fdcaa",1,0.0007
"f67404c389145541d053ab72ae2695abfcb45637aa2322f3faaf3c8730d9edd3",1,0.0007
"f66d4fe7573273cf05388390e12974f72f40d70f7f977d9942042ab9a0f1b842",1,0.0007
"f650c1b45ac30aa3d06b11d97090e9c5f276ff4b7ac6fe8698b3f63f44b9e36d",1,0.0007
"f63fd5a402e82a620f2bf14bace22e012b0854e76cd9b960e1e0b9c5c7a74cf3",1,0.0007
"f63e5daba60d4a3febbbc264c31b41ce2a62ae70ff34ff4ded2f70ace9233823",1,0.0007
"f62517c112a5d16dcc1b4d1be4cfc430d515f93603a46cc92824a3839f408c9a",1,0.0007
"f60388c750007590466300ca03072e72f667a61fbf0d9beea1906d711232c7fb",1,0.0007
"f5cbc8a921a08b4f34ef6f1adc99070eb5fa2fecb4f73e3065c4ae5d359cd759",1,0.0007
"f5a06865c6ac90cd11c2f416fdad568da8350e0a7119fdb315595da5e8f9f230",1,0.0007
"f594f8e4386eef6594afce02bdb52e543ca7a43bce14921f6566359eaa4a335c",1,0.0007
"f565f55e1f088735371750ef8089f05c69258b49fcb28bd0b4d10d7eb93b0988",1,0.0007
"f5529df0050d96a8f496f277b00cec462fee393bb8ff2a2ebfd4d224b0a12ebb",1,0.0007
"f54485d59dae89a670700f597109aaadcb21f1004b6a4dae3c2251ac64459faf",1,0.0007
"f5431c199fa00a606cdcabed881c9fe519be946c5beba49f7f1a83f7a1108b4a",1,0.0007
"f5417720dee0142888710b938b93491fc8c5fdaad95a9e9a7aeb22ae8963f1b0",1,0.0007
"f5336752096d6fa2d61f24e9e9ff1c80b38ca0fddd444a27c8adf8d531335682",1,0.0007
"f4f9e67f883302b5f9da3f947651f1db322bc3880a44a676fea96ef6c30c0fe8",1,0.0007
"f4ec79112d67393e06736e7dfaba74bd25f454b0a09c22ee2afc7060a37d31f7",1,0.0007
"f4e6279d5d303d4a064de230eae2f2ed10160d79ac7462f8e866d5a19e38bffa",1,0.0007
"f4de70f678124ba1f17642e07b7a06355deb468e0df573b8897269258fb0ff1a",1,0.0007
"f4d30d106cf89cad70e51c4ee76987e31f29965b6e20d657122895c00d44611c",1,0.0007
"f4d1fc0e53aad737b7e93a45639a241721647d4a76226025d442891f71e26627",1,0.0007
"f4ca2ca3254846b1fde2a2b734086e4d3cfb2b21a1d545a039ccebcef3d83e1f",1,0.0007
"f4c21ffa63ab60450af282dbd23876cb7dc6d3cdce4d12438e083fed39731622",1,0.0007
"f4b28cb84c0c36642fb533074a4602f7eddfa054cdf39b8c1f032054e0ad2db7",1,0.0007
"f49fa741a5001266e54a68aed501221f10628c7479f06b92a569fc0c95fa3a75",1,0.0007
"f48923f35b87250e5058d47cafa946cb332bcc5277ab6f160d6b93ab2b0436f9",1,0.0007
"f46345fbba984034e937ff9f610103fd6c1cc13ab0c9f43b63e91b245656ada7",1,0.0007
"f45fa522088dff2e19b3aa108f408ee3770f5ab3d049a374a7f6da24e57cfa48",1,0.0007
"f45bbdb3fa2682fb2d1f3314de7924edf7eefab79dff3c602897742b928a4d26",1,0.0007
"f45bb77d5182359414b86060f2bee55534c44101a72b5ffa337888b432de9fd4",1,0.0007
"f45a74a348a5831eed5110d63b4c64891579c6980e678700a36fbcf8e62f02f3",1,0.0007
"f44678d063bbb09294ea540b789c05519c27bb3873f2d011bd717f32bdd67bde",1,0.0007
"f424944e7ca83a7345bcb53f898262277f32c4333995fc13af399153f39c1061",1,0.0007
"f4150f9032506abbc31b73bcce99d2995af5a45e349f74ae29fe01c85cbbd122",1,0.0007
"f3f1925f5f8306d3325c1b11e57d8ca8f82359648e3bc9d9789f288149cabaf8",1,0.0007
"f3f08b4003bfc22668a75e8717d7c2e364c59ac2ac5b236d02daccbf684eea1a",1,0.0007
"f3ddfbb56abaffd7628688a70a83ee1d757b88b4b28f41b619b943b72eaa6e45",1,0.0007
"f3d93e8cff3216a8f7e1ae89e973c0686fba7f79cb18df6db10ead77178e5e4f",1,0.0007
"f3c34bb8d77619e13e7980eda578b7c235aba9991db27b4137dfb8b5f81bea43",1,0.0007
"f3b8bfe7e24e21b678286c281632f7cce7a828cdbb24b617e708364731523c3a",1,0.0007
"f3a20cae983d2ff3e0201138a425cb7ab82aafab556fdcdcdb823460d5d11a18",1,0.0007
"f36db4523572b3e137ff6be61ffd9f3aab050831c25e1f9eceeaaaec7010c651",1,0.0007
"f365251ce702ef2a5b84d0f6f86ee7d8d08f17e3dd8a85a206a38fb8699488f5",1,0.0007
"f35c6fb9f4cf48ca10952aa2591211cbb3fb7edc138f3ba529b47bf94f4f152d",1,0.0007
"f322e40647696ff6c5b53a2f5e05f953a5a8c9b5d3fead752c37f08cd40c398a",1,0.0007
"f318736d450946c8d6f3c1aad7ed2559cb71128e74b7935b7b33f8d6774eda2f",1,0.0007
"f2f8cf7c666bfd5b4ce017051d96c18ea5a721d0aa1344ebf98287d6793a1131",1,0.0007
"f2f0574b234de7be2133eb27062d277ec6c567aaaf1bd5ec1fb14517711d8164",1,0.0007
"f2e7ee04e9e075bf9a4d14cf2bb5cb0b0c29c080493905534734ea3368c7d8e8",1,0.0007
"f2c496095a9f91490e95ebd3c6a2796e112adf163da50fadcb1a2f4b64322027",1,0.0007
"f2bc5300f0f9a764276f78bf26107b89190a2e4bd72751b1f04ad41b3f0d2889",1,0.0007
"f285edabf39d54d54e26528d900416743bf1a12eaace540a6fcf5a10743fd603",1,0.0007
"f277c7a73d53c552d96603cbe81b3fa5cff88834df785084af3e5d20acc6be12",1,0.0007
"f26f973ccd217325c752c974c14d223cf3b72e757bbf628c0588bafd7c5da9d3",1,0.0007
"f25af88f3e26f603a6569b2554b3f85ccc8af9a88f3b904fba873637c64eb2ab",1,0.0007
"f21b410847dbfae5584fd146873d3a7359611fc0633222d1da996504808a8d71",1,0.0007
"f2165f6574f321a7cddeee6699b903635dce99f6914e6b24885c9e35e136f2dd",1,0.0007
"f201f0df6d7f78dc31f01186ef017390e74d55f885a6c861ced27b1428bb5071",1,0.0007
"f1fc83bcd22b5f2923f4dd9f97c849ef5c66dd1c246ace66070fd4c7e70b8440",1,0.0007
"f1f2de50e012880252a7430532a00c53889360129b8b3c551303aea4ba450eec",1,0.0007
"f1ceec13366e837c507ae6b432a5ba9901ccea2a55671a20f4bbfb816409480d",1,0.0007
"f1c2178e470a57d99f1fe78aed8f234c338b41d800d578ac34fb779d279bfa46",1,0.0007
"f1c1100ae02d704976177e4bf3ce4ee986cd92f3c62ff3e8dbb1007995fefbd0",1,0.0007
"f1b6240915e8704350668364192aa320240391f73f85d62419088eb5c748c041",1,0.0007
"f1b03a5f141619e75428e027bbce3b3fb1ad361d52d1b7bc0f3c476c97a00e0f",1,0.0007
"f1a8f25fe250ccf10ef6c3d108cae257248ca0128958b039097d22ac8f42cf10",1,0.0007
"f1745da80096a7250fdc168d31d0940eb5f9626f0c6e4d54846ff6e6fb51b7f9",1,0.0007
"f15b391f4e373241a544f34d25a12b93884b6efd8de58814762588334c3b76fd",1,0.0007
"f133e299fc7a62b6d7230c142c8d25925d84c6c5fb77fab16c44249fc5c5d1ba",1,0.0007
"f12740ec3454d1fbd1f64f45630cf33c7a0c6b41c04e4420a1a9fba04aef3977",1,0.0007
"f11f6e56e50fa3f5964e4e270353737051928e0c10630971dccc3923d4a1bd61",1,0.0007
"f11d96815325c830460a815b94be5fccc54eeca7ce6285727c921d49b89357dd",1,0.0007
"f10ac486ae184ebaff1fa6c779ca1a7daa8a7e12a3ad84d34ade158f7157906e",1,0.0007
"f0f508a9cd5f610f36db9a76ca5756d0ca56772cb8c4bd7725a80fcd71a22098",1,0.0007
"f0f1ba47b170627ceb4afb9b50523346bad7876535336a07d6d2c2581f754731",1,0.0007
"f0eacac9bfcefad90ce25259dd2f9a605fe857bdf3159f7116e5774f19958916",1,0.0007
"f0ccdffc29931abed6d77eef359450b183584103a3665be1f080f5f712b1542e",1,0.0007
"f0c4ab6a7f21d1cad964702fe4d62a90745dae1748d6f251611a1f1d6388c10f",1,0.0007
"f0bcd60db7ba75541fba5a1042eeb48600f19ce6be8664367eb65286e3dc55f5",1,0.0007
"f0bb0202b920c28995949a9717f77d470a9076c0ff860b32a34e14662a0e7947",1,0.0007
"f0a485779f0112659461678dd2d0e4ffeb4120d2e0afa9dc70c44b1be2d772cf",1,0.0007
"f090268151050dbd6145c97061205057bf33009d5186ef3016835a62947d3d57",1,0.0007
"f08d59aab2d664d8d3d0f8fa4a954f80baf3772793ffd663151c46dd92b78e57",1,0.0007
"f0687241de338157d674a775ffe3e82e5e28f851b88208e1c3ef783848df84aa",1,0.0007
"f05e198b4271ed859bbea2e13a5ccf04f9db20b64b02588ac125f761ca2eb5eb",1,0.0007
"f05dcc19d56fe7458574b2f6fadf1fc84beb1ee16290281aa9bf037bb8c1ac1d",1,0.0007
"f04ff536b01199b14af821e291ba4844a24999b1594689f12e56c052ce48d503",1,0.0007
"f045807258c64aa477ec67a1466be2933bf1bbd01cb35082bf1f92901dcac9f2",1,0.0007
"f044f5042371e75d19a6677d618a2e463699e16929f0e351b19b04c1bdb5691a",1,0.0007
"f035668bfc64aff97c0fa81736bee3a4ce89d997c30a7e4c98d2b7dedd1c0ede",1,0.0007
"f004cb6a018cfea82d891f8d866d429ecad536d5624ccac5e201cde37bb3f503",1,0.0007
"eff47902082906102a4e668daac2692be2dbb2a16f15462f534600e252546f25",1,0.0007
"efd1bdeee02e27c0d94970321da011e8e7516fcbbb941c8ba6d48c31bc2a5132",1,0.0007
"efcc04290bb0517845b954f21546f329bed6d8c32f52e3ff08cbe265e5dbf8c5",1,0.0007
"efa905aa2123bff5428346b7bac43aa9287096282406928829e35acb9bc0ec24",1,0.0007
"efa23ce49785e53d4dbd4be15c272642941fa64f151aea643b976b8643a6783d",1,0.0007
"ef92d4c4fb9c53a6c5d4309a5a357602fc40f9abf91f8df52a6145fb70d82dc8",1,0.0007
"ef7b3e6ff256f7398b29758558213b00795d715493a958eec448ceaba51dbce3",1,0.0007
"ef7826a15ecd0c5f64ddd7d58c5ae1776f0d6c3527a1757382991400137f8698",1,0.0007
"ef63683721757a7d6bdb2691e9d1e4dbf0e446ff5b02ea2fb3d1f8d2c18e4872",1,0.0007
"ef39a3db1905e73acb53fcfc0b4d7b2ee1198454c2fe624645049e5007569816",1,0.0007
"ef096d6709745dbc1c5489ef197158a9cbbb8fc97655566e4dd404c42e8f09c6",1,0.0007
"ef07fb53c7e9207f191371a9b87a757a05255938c6dd04b0b5507299ff6d119b",1,0.0007
"ef0595487a59e925e5eee3f7c028818e2489100ee6b41e809dceaa7359fb8774",1,0.0007
"eef6ba40f37ad5e874b18d2cc57d8c6ba9ebf63ba57d1dcc9eac642a5e0d847c",1,0.0007
"eef65cc0e640766c95d52f01a3c58671f87c07304b7762952c4dce02d81d0ab5",1,0.0007
"eef465aae42270559f8b6f6f8f80d8ae2566011ec28def520ece01890d6970a1",1,0.0007
"eedff0a795b783a0491d07c005bc7514475b8bcaa9c17724579659872fa46f4b",1,0.0007
"eedbd0cd0f48eac3a7598b663b86dc5f1e9e019f1dda06a3a9f7bd4bedb42130",1,0.0007
"eed1addb9646570e63b89b1a8894bf72a01e46b7ea2c9f2f3a1be0089708643d",1,0.0007
"eed00cdc6fc8a06f2a07010ff5ff18421984d6e4b7d3daecf07e21f4005de36e",1,0.0007
"ee870989b3d1a0dd842e916014b1bfd03be84087da0f879d5ac8aa95ed5ed89d",1,0.0007
"ee6f064abaaf85479fc2a5788e9eeb4ab0c5e063fe3eb24a43a73251bc19b8a6",1,0.0007
"ee65f4873b40765df89d2f938ca234aafffdadf7e6b48609ac0e55ecc56b968c",1,0.0007
"ee55fd6fd5825175bfc8d39aa899f08322615db5e9fa2d2fc27b2d89709a00c1",1,0.0007
"ee43ee6e762dbd8525e9a065b3163bdad22ca527cb000327e6baa7d475dae97b",1,0.0007
"ee394a6a138f648513b5c7609aefba178d2d97e105ca63e100e031d83c548ffb",1,0.0007
"ee10e0f687690291c4d449a55e3bbdc57e17c5444b5e608a335027ea0daf88a3",1,0.0007
"edde20c3d5ee917a5c75ac0901e23a2f0038c0916cdce095d1d7f088a6fcd1d3",1,0.0007
"edd267dc55dff357b3d7ff7a416a41fa5bd30d175e5e61a0791b46bf2679e213",1,0.0007
"edcbac28cccf0f4d35ba2bb7de42630d4558c9c31f9c5990df777f3ceb557871",1,0.0007
"edc4241223fade8e003d574386ca375b5b549d732fb8401db469e064032f192d",1,0.0007
"edc075179f736aef24b7f2d3e23d7baf7db115428ce48d075d193f2476d13472",1,0.0007
"ed9d38f4f6c63858eb71be609bbc2a6d3a4e35bb3bd0ee97db838470d5a6dffb",1,0.0007
"ed8741cc0d60f095dcfb13bcb51277e04e0967e1236aef7a1d6db607518817f6",1,0.0007
"ed76b6cf2bfe87ae9db95236167585ee4758eed1174ee0c359b02feb9d3b8c91",1,0.0007
"ed713667466708c78d59163cb2c79e94de66d6e94eed1da32a1aa42ba0a06434",1,0.0007
"ed14817575c87b63b4285b020fcf76ab0a086580132167f73d179d62ff7a2a20",1,0.0007
"ed1480d995fdccf00038c7d9b4ba93ee17b0c49a1d8c3586c4370e12fe627902",1,0.0007
"ed0f270240c2232fdc2112cb1b90b87bf6b49b464cabf23055ab2d0e716fef7c",1,0.0007
"ecfd4f75344738828399a905768e124c1292226aeceffe597b40a43295c8251f",1,0.0007
"ecebeb2091a0a0d91564788cf27f7d333f7807500e1f49438b2a7a9b23176fb2",1,0.0007
"ecd2089943deab8b0f8a4ed676a69d163c6ca033feb13416669db676c8cae902",1,0.0007
"ecca557e1c80998cf90029ce7b71324c44458c43ca93188c21ddc61e73642369",1,0.0007
"ecba0ffceff42d43fc451ce9670de5252afd805755563c0f9f1908f115909eaa",1,0.0007
"eca705e7aa6b6cc4cdfea096eb521a740045c63499167a2d0f64d0d3edee78fd",1,0.0007
"ec81164f49fdddcb47f201db648647df0469b6dd621b8139f8a750b5f6254d1e",1,0.0007
"ec5b4d12e6cacdc95b97089b04403ee6b7af4500290b938f9f2af85e6ed771ca",1,0.0007
"ec5552fff702b5aa3d8b1b3568b3ac51ff143e2711fcb63808e420e451ec9a50",1,0.0007
"ec4676691c0bb79896e3655b11e61e6a259e35497ab6d4ae666113a4c82d24ed",1,0.0007
"ec38ed5e6f3a1ebf9596856140dffab99e9648cbcdd073c8492a0867f5cab416",1,0.0007
"ec370360bb200c46ad7ca069acacf46ee490fa693c56e4bae183e70f705fdcdd",1,0.0007
"ec10d53e03c9f85d84160fc3ba95fbb23cf4bbcda843632030ddac83440f0136",1,0.0007
"ebeb76aa42be7054530db81edcf9f38f5f2363c9c30f35f99ae32b95972bbf47",1,0.0007
"ebddfbd5a7982a6db2cfb87d8c067db6e9b6f1beb81ae89b8e70aba87cb77912",1,0.0007
"ebd8f39cfed991a5a5564e9ba85ca35c5d1d1bc52d9c00d6e9f9620725525140",1,0.0007
"ebcbd1d4c0e21895a1dd2f04d9ff49c3f68909555774f600912c80bf63d023ad",1,0.0007
"ebc89ee1ea8b6d4ae48a4f74c06aa6ccc071abd49399677bb934142d0567ed8e",1,0.0007
"ebad9a30db7f22f11743c9857b86ba1784600f71fb4dae5236f5139d3e465e59",1,0.0007
"eb85193d50deb8b62e449b06a3cd40be0d55674d2ee70dcb50914c1c32ce290c",1,0.0007
"eb817999b8e7cee5d6ceee3152e2911a75fd56e48b0bc86ed1971b062521109a",1,0.0007
"eb32181472efe6458e8ae7a7cb212315ca2d8e1843b9bf4b49755eb781b7031e",1,0.0007
"eb2e8262657c60520b23c1a02e329257a8cca512329efa30c9c72db6fd799680",1,0.0007
"eb27c1d6aad2b9326ff69d0549f6df4f115dec1663f43baa3050ced27bf22457",1,0.0007
"eb13c9819b61fffe6157a3907212a3016d9dcb2457d9092daf6568c748a8771f",1,0.0007
"eb0f296803cfb8040b27b29d4f02ac8dd008a7a2f457a11c1eed3adcaced32f9",1,0.0007
"eadc582956c629cff61a517d6d9b677b7e01166fc0365d733c0f0bdcc7000fc3",1,0.0007
"eadb746a1570124337e73ca74da2f8911b772e45a87f5ab296ee19b41abbc7e7",1,0.0007
"ead149adb6c37a6d78d02e8a6f73826e2cb6ae1ce5ff1849f672ecec15a7bbe8",1,0.0007
"ea9e10018cc9ec901dc9ec1d07cd67a9fb9bcd3301a1d389a537b291af8327a8",1,0.0007
"ea8b6c065b38150de4f7dba7855792e746ffc3385663fc7f613e67115b3c6ca8",1,0.0007
"ea7102e174c649fed93477dd4cfffe4c9bcf68adcf7baf8737dbf6f3fcb47a8a",1,0.0007
"ea5d24bc6768196843dd3c43d004e5eda7e3936cab53de4fc47cf82a24c8d73f",1,0.0007
"ea4bb87e251872f4fe66b6c15067ac0b84409e2abc3be799dd6821b9f7b55d3e",1,0.0007
"ea1b958ff0fa0630b3b11f868aa87416800fb7beb7cf2bb51ce3273abadac3d9",1,0.0007
"ea1a5b73f3c46c394917a353665c9518a68458eea5046a8780531f2b7d6820c5",1,0.0007
"ea0e7893665c3d777fc71b6ee42fbc8ef9206c5d1d1aabc9456ba25853bd89f9",1,0.0007
"e9fa5f9916f8254a24cbba4fb9963c4a002ef71ec4df2f9ac14a6e207be66edf",1,0.0007
"e9f0bc1a6baa2cddd306b1df03f846328ca643c2e7f248e504414c1712511124",1,0.0007
"e9efdc923a383c28b628d96ebc473132ab61818fbc8252b9843021dd2d7d55df",1,0.0007
"e9efa31e13da7dbd92dabf4cd9d6653be3d48efb83498f1d7209a2d6772e664a",1,0.0007
"e9dcd65a454f04c3659cde994f86ed7a6c366a0c1a1c9f38322ecc47abab7aea",1,0.0007
"e9a100e5ea262a53fc227f1be9eb6cd3c6b5142031b910963b6cdcd632546bff",1,0.0007
"e99d060c3b23a00993a89282016bbec42082064dfbf41c312a1159415c4cfbe2",1,0.0007
"e97e005100a977daed6a0506da769336073675bb066ad7001e804dc39fe272aa",1,0.0007
"e97269a1682fe7d727a8898b357c6e20e7c74047589020645e386d0494e3626e",1,0.0007
"e9601b086619770b859aa4f4802c2fd5783f4a25e8b7a494141c79d36bcc0300",1,0.0007
"e94518dc4439d8d6c8cad85a85d64c6406cd17928b1614728218f644d275b1c3",1,0.0007
"e9235b66a72abc1d478da300f663883bfb380d5768e4670476a950ad95b2d367",1,0.0007
"e8c0acba90903c9c93c97fe3ee4a6940d0139d7b2e72de9780a8d66e9fe1777f",1,0.0007
"e8bf985b6e949ae21e618e04cdc924eda863c9226205a64afe35c9dd7f14a9ff",1,0.0007
"e8b59567db4fb30bf3ed591eccb0d8a2c666ab1f38cc100a51333dddb800e7af",1,0.0007
"e8ad800ae7dfb64eccae930777ab0ba3984ac1dc169bc4d4e4191d651ef9743b",1,0.0007
"e897b0e9d6a7f13eb832ddef1374db57518220a397ba32ea7575044737123d0c",1,0.0007
"e87f1d175c031bac9d2681d0e85332cd1f0067974ef23536a5d173789f249c11",1,0.0007
"e879da2a6e422f67e8c33034712fb156bac4c089e6d6b78f81c0180fa70e1509",1,0.0007
"e84c102e682d707f94cbfd95c65fdcb07a083471f3ef8d1242fc7abb0c1d91c1",1,0.0007
"e83f684427c08d14e191ffd6173a4b300e780f9cd7248e444412b4c248f8efcb",1,0.0007
"e82189c55a54ee2da708584f23594212b6d346c69013a5591fca0e9e403f983a",1,0.0007
"e80840a63de88eda39d2a2525e8f059201e17066e02777e0d410f1959d888c1d",1,0.0007
"e7dce233093b26b135e3ed6a29684e139bcb5dcfaa44b4b6c077587b920e25da",1,0.0007
"e7dbdc95619fc5eafcec54e419a873c60eb951afaedbe1e96e7e8e42366b1d4f",1,0.0007
"e7d1adf4388c0fdc92de40709b99a8e37ed21f2ea447a0b49fed6a4b6eb0b2f1",1,0.0007
"e7b7ad52e1c29a9c268b77cd8b2c95eaf652a20262b7a167beabc56ff9d1696f",1,0.0007
"e7af86c71220f1c2138343102994b52d89436c07764dbc2e3d440daba982159b",1,0.0007
"e7aa1afeb2c971602da727fb05bc0ecd89476cad5648056d2d4e911109704694",1,0.0007
"e79bf0ef9284d07ecd0857dad53ce8d8cb28b23c57e5eb4a01b5629afb2a5575",1,0.0007
"e7835a197c4dd41b6671d7a06cc55ebcf2b715bc3b675010662af7b324334620",1,0.0007
"e75466721e0788dc7bb8b1fcf6320fa6d4691eccaf51c9786fd8931212ec1305",1,0.0007
"e73f72f2a2a07c0cc2f1c80982498416d64a6e3e4178e7698f7ce93aa3eca905",1,0.0007
"e72dca18bdeb7fd4e5980fcc679bf857fbcd2e0d2894676c564b6a81e2a28df8",1,0.0007
"e71a63be646f4ea31c60ae1f420673c3185cd3b8d5beb532b432efa8ac43a415",1,0.0007
"e70a5d96d2024c42c4f9a0dae380e8428f3a026b644f0c5fc3295c12bed82af9",1,0.0007
"e7089d989d23d43e03b169b5be9649bc4f67c67685b8bc042da0adac21a4eb08",1,0.0007
"e70794e9f419a85ac2b39f0840a1bcebb75d2def31cd266ea44b575154c96efd",1,0.0007
"e6e9f6cc3ab3479652d81d96b6f2e0d7db6d1ff00a742407ae56941388d1b25f",1,0.0007
"e6e3a61e4ddaddc0ba7db3e7e6a0c524422f94f5609e5bb5f73b7d59827ce4d1",1,0.0007
"e6c6bc8330b3668ba8ac62ae7b4f3b4b7af31ff9e5af9f41ddb42ae638271a80",1,0.0007
"e6af0c44490c637ab292ddbd8a345bd8bd5df76449555685c69da3b6cfb34b25",1,0.0007
"e6a9a29a22d020277ccd677b7e337b14b25fc6a0080ebab3f9f0fb072bd931f8",1,0.0007
"e694bb2a2c74deb1467426ae806acde75627683e757f5f0be9853daf3d931544",1,0.0007
"e675a455fc57c6d78f099b5167bcf5273f435140399284f40291263762ab7bd5",1,0.0007
"e66fd83141e3dc323728fac547eaad0a1f2f470865072a72c0860986f8515378",1,0.0007
"e652273f4160f3d7e9fcce31ffbf6dba242c76b04f5ce249d0da71770db51c38",1,0.0007
"e63a030d0f1a1481e36059a4837c433083b33e704c1f9625b7314795b6d72b76",1,0.0007
"e6305760546a3c3a20b03709970be09079389da72b2adc7c622c7a02307c933a",1,0.0007
"e60aebb3425a93272006604026b85453371351f0460755aac9a26b976abe38df",1,0.0007
"e5f5f3a0e803f9535e8dab91c1cd1f29e40dc02afa211b8ef766cee6d43528d5",1,0.0007
"e5e5b5fd76102a987a1346106532595059dfedb7a6b008fbb72797a99b8bd39b",1,0.0007
"e5c6592b666474266fe9005ed9d11dc2ca5bc435607b84079b6fff0592171843",1,0.0007
"e5c4e3ddc32b15565c4aff1d93e3de075bf56cb391f3084f4367815c2d5acb94",1,0.0007
"e5bd73e07600846a27cf6c05a54ed5d8d35041aa7e09e2937a974aae1b577de3",1,0.0007
"e5b9ccd92be481e96555a92d82953758965010472bc564528c7940f25f4f1e71",1,0.0007
"e5b74e69ad998e3134401b2d2c66122045ee4848f1cb47c3bd6bf476c2531e60",1,0.0007
"e5a97c9d7e69b9c03a9ba3b415c069d07a9b5282737921ba1f4a99b256510ab9",1,0.0007
"e5928bcd5d038ad72c43c8f8cc8c98beedc8b181ba97a916f1766e57dc59816f",1,0.0007
"e56e67ae44b66b9d794ba10ae5cc5ab1f3e17e089b06ee4303ca564a9c053d73",1,0.0007
"e563900642e5bc071454bf49985200be5f0f1665295c2d181b8413cc40aa388c",1,0.0007
"e5451ef9a8c1ba9b24009c5c74a431bb715e44784656a7afa0606c2ea50ebe80",1,0.0007
"e5407603def40767f54798a254bf9e480e8f902d5f2eaf234807401f21d2829f",1,0.0007
"e50b775d5e4f072a82ec683999f1897936ee0c681e00fc05f43c8ec06284a31b",1,0.0007
"e4d05cd9464e3188d21206e7767c292d65179cb736f4538598c223654ca31cb8",1,0.0007
"e4a6e5080a29e22e74b143a7bc178e04180f92323d36d110cfba167ff8d8c496",1,0.0007
"e49fbcf9fb09acd0a2e990863d43068541dd12fe61f1f31bd24d54f5a12d03c9",1,0.0007
"e4932d3a1937dd5e399b127147ecda91197ae056874b2b8f859c1dcdc7709b2c",1,0.0007
"e48f0e9939ceb39d6daa0e909355bc36642cd54aabbbd19db93ad02723600a34",1,0.0007
"e479087ff2e9936714c22e67ab9164d85eae44393f0f76d2f02e4c437347bfd4",1,0.0007
"e457bcda5bde32e46ff6918a2655da6fa9b5ad05c9f91b71e9f6bbc12d02e454",1,0.0007
"e41b563c4454f5a6742acfa6d44e1ece96d443bb5f40efddd6ed05180210219a",1,0.0007
"e40fe35cef24beace6e339f4c586150324879eb2eb329f397e99355f41683f31",1,0.0007
"e4013cdd3fd06ffe06952198389cdb99c88a16c2fc26371b8c455bfcbf916592",1,0.0007
"e3ff896de379f3608fec87c331c3837f553d54606c5b77bb87278455f44bf20d",1,0.0007
"e3efe4534a0ba89a5b02c4fb54fc0eb7adcb5e7821e0c1980348122ab4395acc",1,0.0007
"e3ecee9188f1b28de3f7395a27ba803821bb21831965def0d45f6d930290fa37",1,0.0007
"e3d543ac9a364f5ce8c1879a598b362f6ac77b715924e83266784e803e572ea7",1,0.0007
"e3d4af865add63693ab8a51ca729f4e62326bc18177f024cfc44d3b3afc695ae",1,0.0007
"e3bc5a2364d48d5dee5b0a55800f0038fa313bed66b68f494cc6125ebd208cf4",1,0.0007
"e3b7d12c6367e26b7e94822d8b479f33fb0e144448040e261250ab4926f0c7e8",1,0.0007
"e3ac5a6ef7899eabd8334f9f3e8ea1280c6b591defdcd236a445c40c61ce071f",1,0.0007
"e3519832acda3607fc6ae542ce33787aa2048b1032c7d0a300536d760b22c97f",1,0.0007
"e33e3095d02b480278641ce7abc377029da71c8a2b5f2b2a7d58df6978ab53d8",1,0.0007
"e337b7a3aeb03923b923193358634b6c0fbfc379d78045a8bb509ff13fddbe6a",1,0.0007
"e3367532a27a015a0c051b68e5db1939295e946b7014f3c023ec125773ae1a06",1,0.0007
"e2fcdfac1cfea28c3ac7ea98feac0dee259749f87a4981d98c680cdd89631465",1,0.0007
"e2f43bb189dac32c44870f96f0f4534803a5e6efb713cde78a884e1fb1f8c739",1,0.0007
"e2e29ca38b7866cceae22fd6f599db1b156dc4eb921532370d0ab07a9fa9294e",1,0.0007
"e2a4cd074848f07e98045da23bd65de99190da1a4b1cabb35c6613c7bce91ada",1,0.0007
"e26face3a94b11b73c61e25ceca1bb7c2d489e586f3ccbc7d99424a7157c8d29",1,0.0007
"e26673e8952319df012bd572efce0591ceafc7adddad9eada7d46e0dc6ca4dc0",1,0.0007
"e2441dbc4799e6b33c4d6abeecefe5974926f8ab5261858e12ff02db936cb2bc",1,0.0007
"e23893a7b25f551bf6b5c2b8615ede592ecf1356cfdabbcb63ce18c8cce44eb8",1,0.0007
"e1bd5a0b75b1d3b24eaecb1f1ff4b626994e23f04abb3b396025494593f3891a",1,0.0007
"e1ab0f393c5cb60526ca640b0d7afb8da594ea998a5630d0c494d78047799ba7",1,0.0007
"e19ff0b3c4b43c58abd04dea8fafd6e5693631993172b0770fa91f4ca9513903",1,0.0007
"e18e011e907392ed12a46bb4cc2d13b32e42a5a5debcd21f33999d795a467920",1,0.0007
"e17f49c2b14855f93e83d2d9f2f553ceff74865ae840e9ba3e50be1dccf467a3",1,0.0007
"e1788042212f3d285da75165e9340fda340b4d3f0f4993ed155c199cb171b6f8",1,0.0007
"e1775f270149d57fd75b220736fedc2b34e2d9c86487aa13da367323a2fbc80d",1,0.0007
"e151a630a9746cfe082c7a17575f2b8e36bbd0fb4815f8584b7047ff0f28bc88",1,0.0007
"e1464afcf0c7c01e4306e3eb9d16f653500fbaa31c3cce0afd675449d58cea14",1,0.0007
"e13706e466a257a4c101afc1b5e54e0bf5db00c3e50aef1e9d3728950efe08c3",1,0.0007
"e12ebb654dd8ef9720f8f3d79e31175fb5c4404b9b331bff17be88f7ab101b36",1,0.0007
"e12c4a0220b9cfb9d5bab10d5bf0cc23d727666103de3d13d3152bd76be14a72",1,0.0007
"e12018de50d4f09fe44f4cef55cd3e83496415b9420d7f8786e864377d437b74",1,0.0007
"e1191bc282426547ae9c65f4188a69678b16897bcd40c548ff9940650470c409",1,0.0007
"e10cd58fbcac623bce5a6fa67eaf5ea4244639aaec234757f5d98317dfa855c7",1,0.0007
"e0d60aed0865a37afda5b8989db02ebf2a77c86c1e76251d95eb4e6261ef2380",1,0.0007
"e0c931985f9bbb4f813a4e9093fd4f999d4caa3a9a4edcd06fa55d918e3bf6f1",1,0.0007
"e0adbefe11dddc800577f844065fe6b9fd3df21a206a5f632df5c8fed9395d77",1,0.0007
"e09700f9c6afd11f0c02cb6eb81814dd441b308596ada743fa99e7e4572ae854",1,0.0007
"e070ed48c753b0d45e19392dd300370bba4fcd959d56d728d35e948d52fcf158",1,0.0007
"e0595086bf295415874c432f79542028ae95403bf84a4b0b0f1f83d98a70278c",1,0.0007
"e047aca524cc12d5fd0912434c5ed0b6fff7578028410e50a2c2b5f5e77c70ce",1,0.0007
"e039233a805d7313439c0ecacd7a568dd594180f86c81c7d885acaca9c005d46",1,0.0007
"e02a7bed28dd0aab8c4a926804efaef9a30614c85e9936d3e3a220bd98b4f5f9",1,0.0007
"e00025d1082b29d8c4c3fb4317ec7b2f3d823e18a3e55d34b6f9e520f97e09fc",1,0.0007
"dffb5944dca54fc2227eb2648fa5cac46424fede28d485b17d36010b83558d85",1,0.0007
"dffabfbca76d251de7e31c60bee3b83a8cec1d7b7859c3dec14e6aa9653a21f0",1,0.0007
"dfe6958b221cd42be23fe44a90cab8a0a24a69de5b52ad3096ecd88e072d3513",1,0.0007
"dfe2a33982a4fd69054593c07e828aec75d4eae513b38abac78fdaa30c3b8100",1,0.0007
"dfd79b881cd517cc688a2d265acd202bf4851e6b9de0071bda9bba0cc07bdf20",1,0.0007
"dfcad460e0fb9bd09469911ac9f587f744a21a37cd01d3b693655defc4d5ffb0",1,0.0007
"df98000b665b7aac0f8827e725f706052ecf52487c73df33ebf201db33d57978",1,0.0007
"df8fc2ba105375d960320b52b729b832b891414bf8f6f3523ea809a51a0cdf53",1,0.0007
"df7038ed9bd30e83953acb56190d5e4ddb0e0e7a6dae2da97c609d87c77a29ef",1,0.0007
"df437853c584f4b7cfc5b4d1afa17f242a425307be1b9dd86ecc65052477b9c0",1,0.0007
"df26113146c5507e63b15bcf3812aaaefa8dba44aeb071b62cdc526ea3f058e9",1,0.0007
"df22f70ac2c1ec456cf8e8eeac2aac164aab4f2d79e6c490026a06f7a970a814",1,0.0007
"df0a4a4c029f55648980e3f921f4482799d7df570b997a491b47b16cd6c316e5",1,0.0007
"deea0b5ad6afc622e5da0cc1bc66032ab502bf40836138e59f3767345c9d60fb",1,0.0007
"ded3ff2924e4870d8a51a49cb5a6702f6e527b1e34a57190485f24f3eb376612",1,0.0007
"deca03ee948382db663585f7b4e90bbd8ef719a96f2bb986f7530a9654e738a2",1,0.0007
"deb9cf0db4e2f51965c674d3fc94d048652b5a51abdfb94c5eb2ae1922f5f3a2",1,0.0007
"de9ee39460eac28d4331ff1240322b583619613f1b00df09d0b35d28d6eb6dc1",1,0.0007
"de858a06e22fda01b701af6bdfa03c349940fec3b4ddc191a80f03680b196393",1,0.0007
"de1fbf541604672701b9fdaa3dc44183e61ee1c8078fc966138e9aac181ca408",1,0.0007
"de0e67cd70cb295d999b3a3b29f0f366aa2d159ce0a2d8755eee8b2879b44fc6",1,0.0007
"de0cb69c85f57cb47851536dc1dda616c3399f4164f034a27a0c2b6c665cf8f1",1,0.0007
"de09877642e141184d6ddc8c5abcae278d2b820da6de8afaec2ff27fd87345d6",1,0.0007
"ddf6e436ca42ac3ae389ee1e278633c8c2a1fac12d0f791681b756087dfeec2f",1,0.0007
"ddf122aa7c6b1e64eba86ee97338b7e1b3982b4505364ebf6032ae323442cd37",1,0.0007
"dde493852b3831860fae250c4b1f6334fc4010ec686ca69b4732904a44e8784e",1,0.0007
"ddd86de9575c14c7b04bdf0b9d8f433c12e828ff862c9c68bc0c9a9af9f53729",1,0.0007
"ddd4f340b1c512faf718b6d2634c3d43369dcd3dea1e4c9427d9c6597bca24d6",1,0.0007
"dd83430703a4ff25047b46f621033a1633cd37abc7e8ebafd4a811bb9e287435",1,0.0007
"dd7d3f6eacc7aa9484afcd43ae8d4a8fa3ad27aa8ed44fcbe6083cb503bd2961",1,0.0007
"dd6e2e039c7a24b5883d4b5cd049b9f0b9686aa967877b8fe82f37b6375cb307",1,0.0007
"dd6dd50bc0bbf2834bfa2215bc66f6911aeba05c984a42590fe37df4da46e29d",1,0.0007
"dd3fe2de6eb14f4498d9676b1e11879c1223a98faf230c3038cbb90f6b27bd0a",1,0.0007
"dd29e5e43bdaccee68aa7c0673694eaa82436310dd414352a2da8c80d256f30f",1,0.0007
"dce2379bbf311f43660b6f835087cbc473cb326c349085d86ba85974ef7335c3",1,0.0007
"dcda681b9c895d37fc69b27b956e6c2795624c3e1fd61868f5a30ca9f4c0f422",1,0.0007
"dc918dc9b236ac6b433d15be35123eb383e4ac9b9b93b379ae3898ec07ec3de1",1,0.0007
"dc90e75de093eb27d53249025c3595d0dd093618c2c8a0f69023d4bfaf532b97",1,0.0007
"dc88e79071959a9c1c2afb93456878209301f27ca520329356e492153a4a241e",1,0.0007
"dc6a81db12b29c536da8cd9bda8d06d0cc61c131855b4e7309d4c8f301c61e67",1,0.0007
"dc6a54133f088a51bdf6a1f83eefe776192015f3fd1998f96013317cacc50fbb",1,0.0007
"dc2a7fbf6affd4b0c98c7550fa260b48efc39cc87623ab553d801a0c8e6f56aa",1,0.0007
"dc1523c9c9cea321dc6edf78df896a84317b8e9ca60aaf756d256e41b9b8a560",1,0.0007
"dbfcae5960ca1baedcacc98934457b207467cd23bb2351a6ab13e5ff02d68a24",1,0.0007
"dbe1b2df374332c95b96a12127656b56147be60e5fc2abbcc6e3ed704fb1e259",1,0.0007
"dbdec39761fe15a79e640bcd59b8f99d51fb5b7c4458410c03557521f3459ad5",1,0.0007
"dbd27d2b53d4e922627159ec5fcb362ea1bec9754dd72c93f94b4cd6ff3f646f",1,0.0007
"dbcc63c2738e9c9e3d7e4e723c5dec231fc292ee04e9b286e64f825f1217cde5",1,0.0007
"dbc53dea7093608e9b0169eda715175163a07fe323e969aae96afe33f337d3a6",1,0.0007
"dbbaa6c65feb77b2afdf7f13fbf3a5d020e632c57d15340683a215d7d64c5af1",1,0.0007
"dba148c1f93579d4337a3af18835ea7251e1a8ffd1ea93dce3e8f32d1b08d3d6",1,0.0007
"db8bf67ae190be073f1c172dfe9f4f7e4c7bf4aa294f82338913cdf2744796fe",1,0.0007
"db7b9c254d46a2241160694f8895b2a40b7c91d984f9e1d696a8678f942a87a9",1,0.0007
"db76e90b58dc70a848bce1ae7d8a67a352f0437f6c64bf2afc8f70a88d9f6941",1,0.0007
"db6e4b24f715c9cba86b35f54e16cd9a22567f1e06e23ba007513adc7449e788",1,0.0007
"db2c14290d4964e3805f2527dd132939ba5fb3fccac56b30bfab8fd091011627",1,0.0007
"db24396d9024abc4c5ac46c053b4ebae7582df348f5f57a262025b8836d10f12",1,0.0007
"db136378388fcfca090c0cd636ae90d1f0318dbe0d7d5d438a76aef121746dd8",1,0.0007
"db116c1a6378ac6666c0ccda3ce32e5c5ecbb93f6b63a79c87636d76da8dca26",1,0.0007
"db0fde4d3d89fbabd99b3ec429dcfc21b55a91c08a14a453573e3873b5e04267",1,0.0007
"dafde9601979dc4a9fd968e3f8d52123911325d343a327d162ae28bd84303e7b",1,0.0007
"daf9d0c1364c923320592e36cca456d9ffa7df460377844674761e6b2a4678a0",1,0.0007
"dae61b0ae32ed476188842dd20e155a62aabe5348e7d6b67df3a4aaf72904e49",1,0.0007
"dae1af1c2863e907e6b58dc861bb7ae610c9b951d23af7902a6afc247b923b0a",1,0.0007
"dad52104f1cca8c51f1d9b2a1d8e9542c93c2b14f43fb20a640def603cc2bb0d",1,0.0007
"dabfeec5f0fec3d38ea66a7be95f0c5b3b190032d72ffad3e6431b3951425cb8",1,0.0007
"da654383ed41da7821d5f0f5eb7e17e830b1703120ece10875201a1b876e5bc3",1,0.0007
"da57adcedceb01f4d74fb11297ba5fcb49622ac3a1478bde2219beebe06c21c3",1,0.0007
"da34fb45598cb58ffdc0f34715daf8c8baca051304c14013aa3eec8026405273",1,0.0007
"da0b01cc28410b255384864515fd6153e8721e646b69528b3fe3afab38cfe55f",1,0.0007
"d9fbec805855d9fc0471436efc23ce9dacfa2d71ce2672acf4fb29d002e5c88e",1,0.0007
"d9db3bc7d8d59fe1c09a704169aa81f9e958277358917b9cb16bf0c43b375ce0",1,0.0007
"d9d9f2efff85539bf7b9e93cf9533fbeb3c6a804507f2137d7905e0617de4918",1,0.0007
"d9ca5177edad623de9e43afd0c6ab33e83bcf8875d396ad1a2ef00d23e386f91",1,0.0007
"d9c309855b865c551bba1952fbcc826867d704ef12aaf587a9bc13357f4915b3",1,0.0007
"d9a98fa8c62906eca629ac5863086e7a7c917d2a65bf73d6f4e3b87f78420da2",1,0.0007
"d99085ca1776c2e2929d89d1f67457f684b59aa5a5ca561b7d8b4c2e61705f1f",1,0.0007
"d9831ab45ff4f61f092c7a37acc3394c084cb9b2a3bc3b3349f5ffdfbffbbf55",1,0.0007
"d981274684cd0bd1248663e68f3285d120f0c8cc9c36d89439cb5327438c5236",1,0.0007
"d974b093835b0db3f3823736dbc03b1c75942e771a5eb84da3acc21add807862",1,0.0007
"d914a7c66ff4f0af73ef557cd53818fb339be1f70ad577eb40d1a074abbdc1db",1,0.0007
"d90983852b3d67681fea4935eef95c29caeb6a760f56d80c3dd65b7d88aee32d",1,0.0007
"d8fefaa79618d063b627cf2d876bfbfbf6a1120e7781e1b6228b468dfca3b276",1,0.0007
"d8ed1363edf6847419586a1748a202df95cac3dac45656278bd113a583962836",1,0.0007
"d8d1e3c135ed2cea40a157066e9ea035cee6052614ad0706362b0d46a48e5560",1,0.0007
"d8d02417173001500af899629dc00cb2c718bd82ba45326cd62695706841e260",1,0.0007
"d8cae2fd3d848978e016147a6c85909b25ad3eb6550a85ba9ef549a9ae65cf9f",1,0.0007
"d8c9484b5ed6d0d9635c73e746467301b07c3529bc8527e624bdc21a074f18d5",1,0.0007
"d8b958fea35ae20bb62360623d95df210c562ee9bbda39333b7888ac6654043a",1,0.0007
"d891b45262573dde0a206e4bd849f600c6abcb7ebec7ecaf55e3110d379009bb",1,0.0007
"d884b9edb339113884e24156068931574152bf38b20e71d5313f3fb134128806",1,0.0007
"d867a50a5b2c237924e356ca09f88748285dcf30426f42c216e19d54c6cc5039",1,0.0007
"d826eda35470b53abe8a664b3628473c843178c0264bcf3a68194e1eb2f1c3f7",1,0.0007
"d7fb60c602ab8fc3c5752f4e9da35d193d9077111ff95648350b2029693939e7",1,0.0007
"d7e946d08e900886c6160299ccf941b7e62bc201f7d798f4ed65d1000c94e000",1,0.0007
"d7dba14ac5b1e933e4eb3452e5ecad3e67dfbe3c68acc3bc121964835d337136",1,0.0007
"d7d2c42085c211596f7767292c46204daa8c6cbee4111383fba5959e921c6a98",1,0.0007
"d7cbf56213c46acc12adc1886dbbc35a3423441e1e02106e07b651aad24eed7b",1,0.0007
"d7c187f1242d38ebbc61fb0054f3cff039a2e5000323abe7398a7cf0cec3ff01",1,0.0007
"d7ac4a995d3618be1fc6c06434db4ca734d2f587b486fb6280f80c2691aa7337",1,0.0007
"d793255e6ccd9a10a5bee3940a472ff6b2e2c416dd7ef17f67deb32e117fdc57",1,0.0007
"d78217a57c79d482d9035ef2d6204942e016a632774f487146e680842373f724",1,0.0007
"d74eb36a60fcff95d6fc4247c2630ed521b9f9553347d1785d2e22bc404e01ba",1,0.0007
"d7430b0cc13a32e426511bcad059011445862cc79453d102dbabfed77a24385a",1,0.0007
"d723b12d81f1a0e8c4b384ff9d01f0fc6e3f4f151d55ddec5dd02dda3d33a542",1,0.0007
"d718b1806fe0b27e649851dc83704d958a07a2b0d11c76209c67bda7c235872d",1,0.0007
"d7161bac4b09c709d1b2d05b4f6883c7d6c186200aa418e66ccbc559cfd4f5d0",1,0.0007
"d70fde58a69dffb90551bdbf9a1c372153e851e3f8770b3624d59b1db43d7bd7",1,0.0007
"d70e577ff4d66329835b7a59f71e4e4a946de509a9720542c71847f0ddb2963b",1,0.0007
"d70a8fceead24dea08168023f02b76627aa8ed98359aa10cc33cb416b5f5ce9d",1,0.0007
"d704a638290303a5b5637cf5896d983494976d64d75b54943996963127138f15",1,0.0007
"d704985741fd68d2ec2ce084739f5e6b4c2ecbf2c1a8818316c13b2359fd900b",1,0.0007
"d6e5b31d1313c6577a64317923d8e9d7abb2555208a656fab2ee52eabbc57e5d",1,0.0007
"d6cb6bc2da52e5a05e8069a4c45803b02148faf98c0814f787982ac0bbf78368",1,0.0007
"d6cb1f2efd64c67a58c4dbb911771c79ecab1aa4d839cf7fb4942c26a8a24854",1,0.0007
"d6a79fd832b37b0f79f6f74b3772e67f755a9e4812544e2d1c217308419fcfa0",1,0.0007
"d69a7783fea7e1110f7393c491794d08b9ce56af6d1c56c0fc0829a29bab6bb6",1,0.0007
"d68610690fa381aace03f16ef591334d61e808bcba0ac9e3a15d76df492aff24",1,0.0007
"d67dbd139c692237703b0f64adae6d7e87b5f1b559b4eee549baa047324f37be",1,0.0007
"d6704b277c3231ad8560cacdbda063ee142fd4f15bec7ae6153c6bf220c3873d",1,0.0007
"d66ba572eeee7e21a639fceafac727f362785fd79efc4a9cb4f8a08698e97bb8",1,0.0007
"d65b3bb0e0c61300e44efa61d50ae9ac6d32544382093b502182f884819740ec",1,0.0007
"d6555015ec88a308950f7be48eec3112cb899a86b1d5088cd63843b7ed1d4f2a",1,0.0007
"d62efe5ab89c35fb1ec0faa73d41a710c4b6a605ae6638b8d016d575200520e1",1,0.0007
"d5d962ae71cde3d5c71308aff4e82cb50e8a9a0d86d4658dd2112c84a60fbf88",1,0.0007
"d5c8ed84c56192201b061e68e11d7376e1342364da3aec7c2e053a33dcae03f1",1,0.0007
"d5a86eb88cb98007ebb6e2e72509a3c21c07e478d027b0230d44c778158dd409",1,0.0007
"d5a656f1cee86ccbb94729638f158711680e29611f1a4171115e0dd2cb93c818",1,0.0007
"d594c24024ed0c79d801932c8d9899ab20cdd3644c16e67eddb2d9045faa8fba",1,0.0007
"d58e4a6d7e96da92856ad1874b5bc5b2607ded0d10c2d3e65202b08ca6b8dd45",1,0.0007
"d567b550d95b4e57ef2024eba805f6046ac1f2cc30965908174940ef6973a879",1,0.0007
"d55fa4c862a99b7233098faa949f3337f23fd244b21e2e2af08bbc7d56a6b73c",1,0.0007
"d54eec4122b02dc2b9033b8f63dc269ec4a322767acf8233f735c02d77f3594e",1,0.0007
"d54d01e0d09005bd7d5267ce9e913a8c52163bfeb82252545351b76e86b41561",1,0.0007
"d527a37861d0e83d4b53c76f60bcc8d32ee1fccd4a52ebfa252f6a447743c8bb",1,0.0007
"d514aaeeb08159a7bf0516a8769707cb745d01eec45531c061d8356722c56799",1,0.0007
"d4f516e320aea7aa4dd30cd5469f7a95976344cb8489f00142b0259743bfccf7",1,0.0007
"d4f33c5774b7ff9a1436edee889184f7c6bba83c0f63b2c0d50607235120460e",1,0.0007
"d4ce630636eff6de88819722cd828a149f6a2b80b89b0814a32c81da1b517a70",1,0.0007
"d4cb74c87f5101f6f6405a667d68011b80e5bd7fbc02886412d67e5c41707a10",1,0.0007
"d4bbe221cbe9837cf277448d0fe3aa99cf0dd9213a98db15b671a34dadf2a8b4",1,0.0007
"d4b4976b4fe214170a21aa11b70274a54877160e05ca88af0f41246956170ff4",1,0.0007
"d4a63b42550ac5e75977d6cf19bd514612521e7202bbab25bcc8ddc18c6967fd",1,0.0007
"d48701791d2fd7cb412a89093507608b472f9631ae404ca6c49d362e57380759",1,0.0007
"d4862be2522cfe5cd4d55a160e10ab7c313ab1297773ea00e98e3eaa0225aa0f",1,0.0007
"d47ff11a030b7965f003051a3486d12c5d10da191a945f9f14dc3c5794842a70",1,0.0007
"d474103e3f153f19053515b93acee13d6353c80f53a74086f4abd77f9d2e7be1",1,0.0007
"d460b8c942ad5a94c2a7b5c24e587bbdacd09711addffd2b7d7c7362d549d01f",1,0.0007
"d45ed61b23d7162a9cbe7ce5cdf98a1bff3150f1f61ec38eaf042fda6bde8a70",1,0.0007
"d45e9f5da77d46957bb1b6aeb9dbce4a2f94f3ec833d6245ab73b615a9eb4992",1,0.0007
"d44487d42355ac978ddb16c28ac4672d91771e918bab07e2cc4c768e7f6fcee6",1,0.0007
"d43bca8128c9f3bd541d921245443825c413e012038df823aa3c7a48aea58a6c",1,0.0007
"d40f0a005dd2b05c6d7240b62f7f11d6fc0cc1925532d9b160a182d9ac2efe48",1,0.0007
"d3d4d607c6db7fd8ac0e460700822c9a7018df280c7133fffaf6497c92f0c521",1,0.0007
"d3cbd631a73f70413cb08274a4c6737f402660aa6d718480540c18512111973e",1,0.0007
"d3b6d659172b8849453ab103491cfbadfc9af573fc311d95bf15d1522525eb9b",1,0.0007
"d3a8f996d3c1f5ba3aba01cea451578dbf89851ede900f8b61ea6c8b41aa95df",1,0.0007
"d3a39b20074dbffb8484189467a8349c356a65a1a852e439da0309d9b7216983",1,0.0007
"d395935626aa610a7be28dd24f47112488222962672f9077892c75ff205b99a0",1,0.0007
"d388a61d4f0c8b6bc36baa037e7851d337f9d50a0b0da3e065c8695916dbc820",1,0.0007
"d385f66c1e949400cd355ae03ec178b4b949f712cdb03176075d8dc96c6f4fe9",1,0.0007
"d376f3bb497bca6260153382c7182e123589c02bc02a5c91f27e55c4109034f9",1,0.0007
"d370dc79be4af9922fc34d431c0dceff8268b5f9c81b18bf877e855645e48023",1,0.0007
"d37035409b010c3ffb3274c780a0ddd1a25ae65301996115ffc73158e38fe2db",1,0.0007
"d36886cb0af03aeb91bdf63d8fb50005003a1bc88f758e1aaaa68ac6d42016b7",1,0.0007
"d338638bfe9350f313e9a60d965c3402ef99744865f25fba0b6735fe8106cedf",1,0.0007
"d332d0e11bc48141e472cb6ccbcc0871f3d6d092560a1704b1231f27da437b89",1,0.0007
"d31b9d0aaab30af7247d7de53618b6793d806032728ef21d08262ddd8e11917b",1,0.0007
"d30802b77f8a5c12023af2f7158e979113803a4c623d52e8e03d0ae5b46c6039",1,0.0007
"d2ee7cdf0390b88a17858817188c2c2ff2694a80caa7567eafdc8a06d7f2841d",1,0.0007
"d2bac3ddc9d0d643fdd6f0dcd6dde2bcd421525307e73cbebe7b609d63a9b9b9",1,0.0007
"d28683f723ae932a0eae1ced62a91a23738af3d8bbb79bcfb1fc7b20e9a9f2f9",1,0.0007
"d26ecd374bad5fbf198ac32dab5f6c671d042ac0e0a7cb1c88b5f6603e8d4a8d",1,0.0007
"d237fa83840c068f576d8c51a424a645a8ae3b8b18dc888a95cac65d139c8c58",1,0.0007
"d221683a32846eb77000b82fd172f95467f2c3c6f522272758e6a52cbb2a847a",1,0.0007
"d2065836ca2628d5ba4a5578b964f39380a20e77315f7d72a487da086ae6411d",1,0.0007
"d1bc19216f3c6f1c9060935c161f034f0930a74e7140d2baeadd4cfa8a6a3a5b",1,0.0007
"d19329c207d1b1ed18d3a14c3a49ac1c6ab31ce8e58fe4f926e43a6478eb501f",1,0.0007
"d181b9ed7a67f35843ffcb48a9dd93153bbd17367bf32fae7cac384023318db5",1,0.0007
"d176ca783226220cf2ea24dceb4216e36a8f23fd84526b726831d76821e52ed8",1,0.0007
"d170938c145fcb6a1b1b13195237f93a795db66ad41534acf5dda868b4950251",1,0.0007
"d16b5f8a2b9971e2ea45bf0737731ed6348bd83b7c30fde275589f69ea132bc9",1,0.0007
"d15769c1e97507561fa6000d016229ec1c9c0a8f4f1878f56d3f50466dd63e9e",1,0.0007
"d1340ea680c4bc45be21997554cb5d37421a9290bc20fa50f2ede79029a77f8d",1,0.0007
"d1257beb0116c02a95a046a73142d8e2d510a4ee0594b6ebaa9b58017fa64454",1,0.0007
"d0eed590de25b7d1a54e1e09897f4acd8a57a9c46c62a01eee350618e4d695b7",1,0.0007
"d0eaa2bf4bb20c373c9704229f9e24139bec1571165d2fe4470b211be95ffd8e",1,0.0007
"d0e93cf97d4d2f0ad9af106263434fdf3fcab51e8b4fadbfdb9a397375412e77",1,0.0007
"d0de20f0b419313447c0b0e7c98518c837ebc5d4df61c7149071c70e181c9873",1,0.0007
"d0d58d621ae8f0aa1a6a2df9ec2c3d75a258f8f8702aefdf7153ef7bd6f431f8",1,0.0007
"d0d1b6e15bf038d1dea4656baf35e69fbf1ffe4b09e7068aaeea5d5f76eacd7f",1,0.0007
"d0876eb42607cb7fa2c7a9da2f86ad2d66424c0e4bf0d29da792f6b3adbcd9f5",1,0.0007
"d07941bef95ad91e9e5f64fa1ecfad57ca7aacf1cc3cd0e54f1dfa0859b0f6fb",1,0.0007
"d063a5ff4a2e0600ae8d2d644b240d274eff0547a3eefbc5d19c08b358e90546",1,0.0007
"d05830d5fc421f900e38b5817749fa1a616734c0c6529ef5f9e808f2b754267e",1,0.0007
"d0275d23b00b442672e5e925902c32e1356ba7d7ed48dcf056a4a1cbc908229a",1,0.0007
"d023145534b1c4092289d95f389775a1f3925c56cddf49f9f60f5a5241d110f5",1,0.0007
"d01f47d53f53f6bba1ca573f53dcff306457b340478a3f9ca18e0f3fa5f5fbf4",1,0.0007
"d0044d9028f6cbdd380333093a66a7e9e6b4b854044d81212d0363fdd34f1791",1,0.0007
"cff428d9fbfc44004a7727a74b0a54902d107c8dfe0fe41ad29a3f93b0631934",1,0.0007
"cfe660ba55d1d9ca4ba1648e3db7d21ba298348f684abb9b42806f8e020585d5",1,0.0007
"cfcf647c7679f36405e38159095d96bbcf07e7a588d775098bc86c744a354c7b",1,0.0007
"cfc7bec696f446b73a9eb6275e1a093d294f84b4fbc45a4b081c66952cc52960",1,0.0007
"cfc3a4ac351b9cfd901bf5e8857a0ae486385b034882483c332d258bd27111b5",1,0.0007
"cfbbda6395ebc147a90306c0492d5924a65e4ff683412d30e300b0bdf4f0aae0",1,0.0007
"cfa2070d1adcee3f76306ebb6792ed7ae30b9e554bb6f300d0a7f870cfa13d06",1,0.0007
"cfa166f8584ea9a513316fba6c7387f50466e1301c83abc6b6a00ee1d10617b7",1,0.0007
"cf9936d20bc9047c6beb25ccc318247d4d209f993aa806e2f4c66dd9004b39ed",1,0.0007
"cf8f805b520bea6a8ff1e75c1c89118fc53083706ea4b3d648cd63cc27aa2c23",1,0.0007
"cf510d418d5673598f3c70430d71bcd733af161f7eb4a75303ac2f9aab9f464b",1,0.0007
"cf2df771b015c2a25e13ff0a5b9a8fc31cb3adf0b22ccaf78a544f141610cd93",1,0.0007
"cf1e11c20d0486d31a31938750b3a2adc87ac8e8e41f0513f7ffd8319385bcc0",1,0.0007
"cefc6fc139d2785e861526ef39e8e5375b8cbbf0a813392fb45bf653d87c698b",1,0.0007
"ceec173e4935dad50252826f773fdeffe8bb8d6db4459fd9c5788aeceb08c7f2",1,0.0007
"cedc07587be0be26f54e7df7b549bd14e28969fae56636eba4ab52c0cf4eda1c",1,0.0007
"ced0567d30e14b21be97e1a1c1647b6aafab15c5253577d3e41cab9e57c3a490",1,0.0007
"ceb80f274a06f17e1b54522093197aaca7906a4f860ec9a8bc1a4e7bac170f1a",1,0.0007
"ce961028321c9bfccd750a47e269160db42b20c220cecc21564d21c29058ea2f",1,0.0007
"ce625cceae48a4f2867a6f7ba4d30bb3d904494847eb63e0b95f8df0c77d14bb",1,0.0007
"ce52a2af6678a2aa00d44220db604f4474bab3b78c285a52aebc77b13ba1898a",1,0.0007
"ce4dcf0f00695a5ee5804e390ce4cf8b4587ce689bab3f7955f54b4f03f3799c",1,0.0007
"ce276fce15c0cfdf94444317454637d058eb080f9e55c20dfe31054a07be8f29",1,0.0007
"ce1cdc68fa927f0e2d9c6a5c11a1aaa8df43185c2e1790d260d7fef326d9b829",1,0.0007
"ce0e65efce6cc73c7a82a82161f1a62c204307ab8b7f733fe5fb925e7709149c",1,0.0007
"cdf7bf48f96ad2ecce862690af94041a56156be1fcfe84d8df3bac215cdf1e5d",1,0.0007
"cdf7632e39e3c310465a402691134518c9d73604aa44c8fd4bf338b641e4c59a",1,0.0007
"cddf9f1ce4197dd536efff5d16cfdf38e7010a53ff1401af64244f604518b9b7",1,0.0007
"cdab2b68ef075cc4ac56124f649a10013a4283dddcef4e40751ae4e6cd2b9ecc",1,0.0007
"cd95bf715001c417b09f1ac19e54dd4cd032cc916efe2255ec3c63d16ee87adf",1,0.0007
"cd86e1329db43816a62ecb5539ab046d8ba5f505ef61694479c42177e7ecd46c",1,0.0007
"cd3e15f3a13d07dbda5561a4137035124f3cbdb964becfadf9bb54630f839daa",1,0.0007
"cd25e0e15bddce0e070046971632569ed9ab830ca9b015d04ec53100c0181185",1,0.0007
"cd12c963fdcf03b8ac942f15d6fc8e0389d2dd6618143895a8019c5fb7e960a6",1,0.0007
"cd078e4d495a61a113a6ba457f5efa4579c5bc41a396779fd82f164aa75e9942",1,0.0007
"ccf4aab9fa5e0e67bc59ba0a1c2eb92ad73bb10d273335707e47207183fb6768",1,0.0007
"cccad86e5b2fc9c36b6357c616bccdce9f7f2198be63f0e2a6084aba7134ad04",1,0.0007
"ccc63916c97ec3e297c5c6e86ef40df7eff93fa4928d021699f4d6c3729594eb",1,0.0007
"cc9fc02fd1a215a3909963a528ec0c23ae57e5a7bf85c2c3f5287f3144912ab6",1,0.0007
"cc9170363f840743d4d94855224d07e30b8129cacae42a5c31824048d841e516",1,0.0007
"cc8fdfd7653c2a6cab47ea259c405677d36f68bbac0f8f5820c1150872901dba",1,0.0007
"cc8651fef7bc9114c2977a12e56b3515e01cc63e16be379a710433db43db5166",1,0.0007
"cc74acb56fd01ef560b5d443cd58fe11d5acbece0e4001612ebb31020fc92f97",1,0.0007
"cc6a1afc7666c8a0d79d3c16e3c4301da51349ca4c38c01a26db94231072b353",1,0.0007
"cc68cdce6b969617e2f6bcacb4f57353d09d0b7317d410892804e1af32c21532",1,0.0007
"cc60e59ef5a3a88cfcf876f8f85697bde3d0b6d5053030f98ce5c46dcbe9f2aa",1,0.0007
"cc405e810e050f82daec07a0ea40ba780085ff9e9370268b922c646e6aafd239",1,0.0007
"cc3cfcd0631402eabc89c7264698dfc8548b4eee92debf92f297cabc8b80923a",1,0.0007
"cc229a460742b1af9740f6fb40a563b6aef5888ec7f41ff8de255fb757d686b2",1,0.0007
"cc225c2644e677537f618aac8a4303894de5337f40c16b68d2f3ea2aead887e5",1,0.0007
"cc16542c731002546ee1a82da2910d83f9646057eb32ce0af6b45ba444d41f0b",1,0.0007
"cc0e40810209030946a09172fbcd77a8af9ab849c2f7d240ddf6551e459e80a1",1,0.0007
"cbf7a60a6554b5c2eebce2db35b518d4fbabc7b8f8f260ad7e7b193850a78bc2",1,0.0007
"cbbb1bde44acab147b7e2eece89350ed37fe79f33c4b8938fba89c2583a6b52f",1,0.0007
"cbacbbb14472fd4d9a0c75ce4a92c60922430eb931e4e6906986edf4778171c1",1,0.0007
"cb820e60539caa3663b6de42cfa16badca01e14a043dfbb543d6239595e2cc65",1,0.0007
"cb7faacb77ceef84b979321f81977c5a44fce41ee0a335b7d37357c8b8b41cbc",1,0.0007
"cb7b1e97db9db450f216478a389b47dbf11a29d380200ddc3ccf32dc4487d78d",1,0.0007
"cb7482ad610eb8b5da4b0c1c113bd8a39d87c5bb239f3b1f54beece163918b47",1,0.0007
"cb73926169e7440055ddda02bd76dca3c52da3bf0e251e9cc7f2ac609a062ad7",1,0.0007
"cb6c0bd9cd06abba05f924ff4157b41aa1dd3891803c7c93b3b158e20986e592",1,0.0007
"cb5164dd753ac642543dd7aa3115a1f0d65c84891f222d8ab86c35adb8728019",1,0.0007
"cb448116044397df4dc3f0d87b2ef4957ca2c9fdfb0249b063bd8f9f9bd7eeb7",1,0.0007
"cb3fc8b548bbf3981b0892642f58d9c0f3799e3babab9ff76b6039f14056c5ab",1,0.0007
"cb3c0e119fee28b7f3623b9848cd0eb632aae32b9d2dc955c49f348db6031b00",1,0.0007
"cb28531b98c4badf845da8b01832ab7f251e89459e54bc24ff9de2b1b837c3bf",1,0.0007
"cb237ace7051472eaa68a67a3261e951e936bb7554494886171e3781ad35b77f",1,0.0007
"cb0a6f87fc7bbef6d6d8d1c1631c1a29d951a41002425d3e7fbad251e9b8a7db",1,0.0007
"cb0a66adbb68fc954fcaa22e65c9bcb46c2acbb07d52151f1160d96498578aee",1,0.0007
"cafc5a34cc17c49f29c1aaeefe20520ac3d6336747a6eb125cdd85e082857cc4",1,0.0007
"cae3eb4db28b70d37e7d05c239a8089ef237f9970169463a72eaa8247559c084",1,0.0007
"cad793d06a4aaa743f6ad10dd81bbe22f239cce471f42b839991d84ed3f1d3f7",1,0.0007
"cad0cf2fb94ea4f17c9f43ca8f6f425150af02b764d797a027e2a29896f51d6b",1,0.0007
"cac93e1c0bb350bf728945fb0d979357ca800c8b0b421c0253ed3167983f1a2d",1,0.0007
"cab7f385e9d171155664d8860e09b91bb4d349b8c908b29237dea3eb9211c429",1,0.0007
"caa7ed299890f70284707caeccc6b2bb66b032b84689dee1bb27d530b9b66449",1,0.0007
"ca9e39c25d8312af58ba1d8a9d8bd9d0093ce9ec8bac9e89554e74a68e425e10",1,0.0007
"ca6091eb3eeb8048051ce7920437e6bd4330785c347a62515f90e59b0fcd8ec1",1,0.0007
"ca5dc5774ebfde71c44618a773deddd36644656fddb3b8498d2206918cbe3e91",1,0.0007
"ca537137a3ea7d5a14680cc48373adfb4b7163c13d4f78e12668262fd319ab44",1,0.0007
"ca4e28f39354c0a92f8d9422b0284c37e00ee3baaaf9717983f22ef36ee28e71",1,0.0007
"ca1e824dd71f52fb086f8770850a2ca43c8661dab5733d19c8d0de66e2b3a7e5",1,0.0007
"ca1830d3945c940639e637a4c0c8ad45d8eb8c4d3f3de92021ed31014a51e8a1",1,0.0007
"c9ffb923b0b7a5c1758c512be9fa508a50317ec692249e9d1b96537c3e2e190f",1,0.0007
"c9de100686a47fda6fded1eb1261b64444006988d299f231a2c30999aaece954",1,0.0007
"c9d43882553a984c42b44927f9870f02ae83693dfde92d74d15d336a522b17a6",1,0.0007
"c9cca44dccf9c9eab6c5ee62867309e76d3adf3446c1b7702a747b160999d935",1,0.0007
"c998933e42c197ac085e47d6b88294468d3e1af11671aca9a590ad9896c40184",1,0.0007
"c93980da08d4db7c0b6df0f11913a792058512c1bcd5a9903938baded4f06cf7",1,0.0007
"c92c31eedc675ee13ac2c5e874d22077c9754e48c6d3734576e1e26ddc9099ff",1,0.0007
"c92269c59fbcbea95bb0d5f90d0aa99ad023d88b9576e4738a6bfdce48912ac8",1,0.0007
"c91bc7c17d125662becc1d8ac0b5847a189eec0b91498d6afe950889b0ff09b7",1,0.0007
"c912490782dacfc7f8086632fd347e45c407b83d4c3f2cc8ccfede2ac176c2ad",1,0.0007
"c908c656a4ae77390dc05d43419f8624ebe1eef3d1d14d122370017ec5231fe9",1,0.0007
"c8f4793cd2e6c043586278880713005fdbbaaa9cca11183d84ce20f36d8cd407",1,0.0007
"c8ee03b1f4bad64e9fac19da0cb4641cf82dc2f210e139b6c70211eb12098bcb",1,0.0007
"c8abaf65d9df18298a0dbb6c5c0657c4080f8fe7a1611ec85019f741880a1ad2",1,0.0007
"c88ee1b8a60a7f9581969e6c098610d2a43a569df076e26fda43809daa16fe25",1,0.0007
"c876665a13b96ec55815343c493632a68f886c02eff86a84ecf9ad2465254ee4",1,0.0007
"c86f5e0b4d2821b42dbcf788392d37c1d35319984608e18ddf9f6852d0fa499f",1,0.0007
"c860873f7ffdae8e93467272a9ab7caa2b6a9b37a3c4af6c201d5395eb15a0ad",1,0.0007
"c845c0aa5d1f5f8cbcf535eece58251358d5048e229a3e607024baa487bf0b9c",1,0.0007
"c83ad620de2036e813730d0a476adb2bbda3e6c0819e9408d1c1ccc8c18d5c32",1,0.0007
"c839deb89b978c4f86f0593eca445061b09f47d692ea251583a86ad8e192b6e7",1,0.0007
"c834b9ed6b60aa084d82fda7d6fc2d2f54b0bd72e34dded706121f62df808d53",1,0.0007
"c7d9241805d92ba2dc24cd1aadb7185fa3b499ba245ff1c0bf9870b7ea86659d",1,0.0007
"c7bb4fea87e25db9fa7cf68b3c01a54c2644ab9c7102d2e5a08fae653639fccb",1,0.0007
"c7b179b56a30a547b42e6e9bcd8972804270330e96e676c6172f3357b8dcf963",1,0.0007
"c788f7442c3849e64d76a9f78040a500ede051f399592b9bc3fb547140f92669",1,0.0007
"c7562fa3d0a2c0b18889eb4eed87a3c9524cf38d7ea1df776764450b6da39d3f",1,0.0007
"c753f779848400fe4960a314198c2b1b79b55ce28caba684bc4c58cf10ada04a",1,0.0007
"c74a95c1c24fe90e2030bc14ac0c7027f67375d517a359f89316861166c650e8",1,0.0007
"c749c329e661a7902d735b07a3801aacd0c435f12622a353ead9595574acb050",1,0.0007
"c744b87d4aceae796e9ce8f57a6626f1bb65e35796540e13bc7f8b12f835133b",1,0.0007
"c725485aa6baf94d4cb64975d67d242e5069376d2e2a5b04c1651ad8706f56ba",1,0.0007
"c718a9ef6321aa3889786141d6fbb623f7f81106ee8c7bb87c62256f6040c507",1,0.0007
"c6f97f7c742a1752fdfcbc221ca806d67a9eb1d91a1364c3d662552c74de041a",1,0.0007
"c6e7e28b917632bbde7fd662cb63c064ca5faef85dbf35c8f2b6c7cd7c89e945",1,0.0007
"c6e11631f244f9dfdcd402da94c4bb9899b2a9697570c124d5df7009ab8f411c",1,0.0007
"c6d58eb813ef20c80a88c72fc5d14ff02263e9316e2a2bf102696a60cd781354",1,0.0007
"c6abee238463e02479a54f8e605bcb433cc46d24ca68886944b4aea1438b30b0",1,0.0007
"c69fac401be882b87ee24c74e56449695903983029324cac7c70ed98da441fea",1,0.0007
"c65799c2afcafb8202040b6b0de465b6382bbce02f543f60681802b2da20abd9",1,0.0007
"c644d9547b08f9c655b5aff76e4048a8aeedea89083602dcd87c756765789b2f",1,0.0007
"c6114e96c26734bb1b31ffbbc4d6412e776eb17a74492fce83a3d677aa223ae9",1,0.0007
"c5f57f2a66c13a337bbbfdfdfedfe468ce92cd67d1be915cd120e07b5f339af9",1,0.0007
"c5e9494a6ad96013e31fab7eaf3da923c982b352d7c8815464a533927af7e3c5",1,0.0007
"c5e2d06e1d18dbe3ec812daf809364b17536ef3a720e730214c94da76c58724a",1,0.0007
"c5d22cfcaeac9bc428ecf390b36d8fc3220bfadaf7349cae6de51c639ee6300a",1,0.0007
"c5b969c0100da15ad96ff6416c6b8a30629045f1ea4f36744f4a5961425d50fc",1,0.0007
"c5ad8d9c07b6e153939c1f53612b10afe34b27181cc00e7b259a6a44ea4d4399",1,0.0007
"c5a309cc6304f7f940711afdf63d3cf7e8f47f231c924ea31214eee4019c09ff",1,0.0007
"c5828b389b875484871028f00b341caeedb105ebac1837ef2ac3fba6670bdc11",1,0.0007
"c551896ed2e7c8a27653daa9c1c2adf1a5b5a75bd8dafb0ad28fa2968dbdeeb3",1,0.0007
"c54cff6650e22a78050088350182eb61cc4f5cb170b9b238b2ac9768966cb6a4",1,0.0007
"c54ba54bd9e37503a641fa661126cd858faf57738c1e903b84f72ac505016393",1,0.0007
"c546a2d0990623086a56f8bfb1b57b42a227f8c39705e18f97b8a0441180bd81",1,0.0007
"c52a361115130ca0daa1b36f92d56b8b97f15982600878ef63a64461a664c6c7",1,0.0007
"c523f157b7ca86412223f954ebf29aeeb3cdd0c17ed680b2d9f4aad3ba748774",1,0.0007
"c5176887dab900867ba4bc1dc664136ca69d274f97e7440974c87224eb6b0b20",1,0.0007
"c4a8b0b2b36d264d3e7fed8af5dc5aa581b8ab4492b5f305971595a95d44e751",1,0.0007
"c484733f7daa8f04c14a771beae0f88713d70d47170ff78b882d7d3ab9dcc4be",1,0.0007
"c4456aba5190401944297728a62415f37ad28354b9fbeb9cb2bf917ed2b9d8a2",1,0.0007
"c43732190e507b9a0c6a7a8ee644cfe159103fb2029b2d42b9457f85e580b3e9",1,0.0007
"c4321b895b962f7bd3199016992fb39f8749ff9e74272210e6a90efc5c8a67ed",1,0.0007
"c42f10a9999e30fd491a40f9232b0cd2555e04ad5024f4bbd20e4c01f098c138",1,0.0007
"c413e1ad901eb994c0e6bbf678c350506d14af50018c3e580407dfd08ecc5586",1,0.0007
"c3fe70f0e0e5d03ee373aaf419010715467a7671fc11c817154d5b32f6cd3ad9",1,0.0007
"c3fcac432bf7fb59272fe9a9167bbcf9a54a6aec2d0c804c9f125d6ae73120ed",1,0.0007
"c37bafd5b100fcd74e9c10dae104d2a0fbd59d155147c635e93a60ab7d255a0f",1,0.0007
"c3649aa20c9f6c3841f26e9cca4966cb4b9f63b39687d4361d0ab1187090f82d",1,0.0007
"c34e201f34d2f6b303cc870cb6463763fd20ffcbc3f87c8940fb22ffdffc8b83",1,0.0007
"c340cb60914e316a5174b770695ad04a3c639041c6b5089629a3756d2801d3c7",1,0.0007
"c31d71b4800545b7406864723cf223ca3ce59d08fd7aefc6d60c13d48454b077",1,0.0007
"c30a002f22df72ff4e42364eccc8dd08c65e8788cfb710580de3577e57a57b46",1,0.0007
"c307d5fdb3a683bf6c40b2edc39b00524d7918c3681cc51ae35e34116ee650dc",1,0.0007
"c2b484e44bd4f2c303af30dd9607f14faf449ce27c9606b25b1d4cc8af955f22",1,0.0007
"c2b3ec57fbd45d5bade9df2ad30c464d1588cead18495a5ce327a98c45c02219",1,0.0007
"c2b1e0df2a6e4d909d9c0a99dea5da9b63ac2706930eac47552d4f7c2e80a302",1,0.0007
"c2857740717a87b58c20b11e68dbacd4f4ab2da1a1cde03f0bc179a8a9f11228",1,0.0007
"c1fdf2283077e594a5c3bddf6de30c04c7f24b1e1fba2c5ca3a2f8a02ce5b5aa",1,0.0007
"c1f4502a757e25c611f5a159bc1ab0eef64085adac6c68123dca66e87faffbc2",1,0.0007
"c1ebc2fba4564351c0dab2e9a084a460d4fdab4f447449cd89bbda959d84be31",1,0.0007
"c1ea3cc88293cc38ee594e061b6dbb94cb29846024b5d9946cd4a975b0e1e11f",1,0.0007
"c1e45d27707c8450590e19e7e6008f542dd1debd18c3e1aacf4fff3119b1a32a",1,0.0007
"c1e1fce3259166b6bc17ff0085319bb7a312cb4d4ab1dded98e60ae32a43a7ca",1,0.0007
"c1ba12557ac62d1da4632333d4715689ab444537129b20556f2829e003922bf6",1,0.0007
"c1b87e77a4a42c15863f17d31ac40ee95ee6a396dca1d4356806b3678064c2da",1,0.0007
"c18d0a83a4090779995d85aec11a18a604fd2257319382b68002094b83335603",1,0.0007
"c1744fcc2731e998be35c2d3db9376c31823f4273c36dd5c0e55e11aba141de0",1,0.0007
"c170274a12cb3c9c3aa8a660c1e6807938ff506dff3d1e2fa843949c175da72b",1,0.0007
"c158a982a7d65ceeead5fcc78c6601c37697bd30ee4838a942f98c319d77c591",1,0.0007
"c14d849d12d8a63d0eac5764f794157ab2eb7166050291e95c5484b0b48f0b6e",1,0.0007
"c14743ccfa00f0ad8e45dbcba5e87d175b76bfc12ded52d0fb87c790b4056647",1,0.0007
"c1230340470b197373b9bd41c5709bc2d30452a2a06d20c5973d51434c9424dd",1,0.0007
"c1179d4df9ca0c3b962ee8340c338b565df8f96f3c06f5807965f117d05c10cb",1,0.0007
"c10b999c532b3341e400b60944003dfbbbbfa1f3c28712917407adae519221d3",1,0.0007
"c1092be4ec2cc6319bee50ffeb824d33134078f99501bbace831a6f562935b5c",1,0.0007
"c1050875d64fd049bfa9a24300785513fab19e65d0e27aac97c25484d4ab33e2",1,0.0007
"c0df2d794c04f2bcbfdce395d3dd293fed14a3662b524cfbad174c0b9b017e46",1,0.0007
"c0bff8d2c2d6db75a3b2906618005c78ad49e9255bf37a3f7ed8d390c24fb166",1,0.0007
"c0ad0c216b87d97d759782681cc9af2d6977d285562ab51005fdf5b5b52ffe08",1,0.0007
"c06729ddc566021fc8e93c97653ad06ef0a512ea04a877d66527c330fb51ff3d",1,0.0007
"c06728a6affa0f7933039f8b7819cf404a7abe7c40e0428827e19c2a33c49aea",1,0.0007
"c04e048458e4cc7292484dc355dc88d818c47d7fcda0adb3303cacb64e5c5636",1,0.0007
"c0428f2ef93af55cdddc8a0a37417dffcb7468f48ab0f362e511a1a09c0218f4",1,0.0007
"c040c4bf9bfc86c543dafe6288c24ce8ccbe93fe3dc3c786ccaffb8c6ebcc60d",1,0.0007
"c03fb7c97d0f5f08862072cd1f7d50cf26fbbafb229fff654d22b6b6e18d717b",1,0.0007
"c0221f880ee2246ec2f584b7d1c7e2c33007ede8cecc745cad40e9c0bc5f074e",1,0.0007
"c010ff0631e43339f4a67342006569a43289760c7b5c0335f354e4c3da43b50d",1,0.0007
"bfe97bb7d5deeb0ececc75379d0bbd048d74429f51f26a059f019a91848a3a65",1,0.0007
"bfe8f883a0170359712f60268da88fc1a2fdae146fee05f8efdceb6a14e1e917",1,0.0007
"bfded18fdd5f71d36723e765a8c9cfd69c21148b153e7c01545f3c6a3f699cdf",1,0.0007
"bfd36d86410d32895a100cb168b52b9fea1ff18eb0b54b918540de7a0c8953c1",1,0.0007
"bfb64fd1012d945e481df81d6849d742ee8c70f2043651d1be96f1f40ecdb2e7",1,0.0007
"bfb57f76fca020705458f0da9c03a168095bc4e18dc4d181b2ec2597291cc228",1,0.0007
"bf9358ac2e188d74a695cd6009929735f90e8c891f922a9de5fcdc7037af255e",1,0.0007
"bf7adb09076853eb3aa569278754111d86e161e35e7dc6a984ecde2b9d6700ae",1,0.0007
"bf65ed1b9bd21bc1306d3cde5e55370194bfa7e9e5acf9d71ce50d3ab1f4c7b4",1,0.0007
"bf22f8995375add4bda5c4848dfcadb10351d24cf992c3c3031b15a3b7afd6f2",1,0.0007
"bf1aa9b2a4f8c05e1e5226009800bf69bd9ab7375ad160a1113d8d31a6ffdc69",1,0.0007
"bf0a4a804ed970a3c08c70122bffc322628f915737c73ef7c23d2722f9c31cbc",1,0.0007
"befa64d9d56feba32e18e09f1c364b8a4d863016337bb933ba12cc5c0a8e5b08",1,0.0007
"bee6456eb84c244235eae43ae68f218f17d33e21926548f5342114f15bf35bda",1,0.0007
"bed32b8746d854ac565596a6e3a68ba0ea67f8e476254696e89e7ac5d1d259f9",1,0.0007
"bec1d93db934a369f4aefbbc40a4429e0f0bb0a275ab4dd82ecb6f2fe3bc8829",1,0.0007
"be97aea09a2ffb3a37162f7cafe86857be22fdcc6b70ee85706d020acf9fe026",1,0.0007
"be969de545da89a04508e4952e94a53a77e76ecfa67d74b23fd56e0be42290d4",1,0.0007
"be93c8a06701f046fcc91bcecdb68778ef07d18995124b00db66bdbb1656e4e2",1,0.0007
"be6e4511fb230408b7c602bdbb539fbcdf7b5ed70950816285978b7048348a20",1,0.0007
"be54bb969fa6ffeedba32da50c1437560f8f67920e463a5bd2af21e52788b01e",1,0.0007
"be3473474a1b648dfb8e55771253e7b63c9847067318873744638646e2d5e4bd",1,0.0007
"be1d0121daae739d0c609358a480e11c9cb212294c7a2783197a4a55873e7e6e",1,0.0007
"be175f49637c6dacce479a69e05f8b6a6980405200ccffca561a5ae4afc125da",1,0.0007
"be0930f3ea601ace331ef591471e824f61a1f5c6e5721f126d9635a5dfec28ff",1,0.0007
"bdd2ccfce63e732947b9a3ef2b1d736118eefda9e085738e1d7f695c77c56cd2",1,0.0007
"bdc54fc9786935490c2ecd10e6efb73c4184c36659d3a0f1f98715482c48fe50",1,0.0007
"bda5a770922d2974dc0ef0919c9b1c854baef96c1dc615a908ece4d63ef48cc9",1,0.0007
"bd995ff01df230e864987ef4c5ea37ce485e0d8ce340c2c5773fb8f36f3e70aa",1,0.0007
"bd97b5e4f2897be4ec1aece597433c1f2128306143640d669fa4355edfb69ef8",1,0.0007
"bd892a0582e0c4761b71063d6f72b626248c07a9d763727cb36d23374118d911",1,0.0007
"bd7bed10cfe1161e3aa5e233763d371289a2eefdb9fd70cee5e2343fb6fa6326",1,0.0007
"bd70cd45852d42bbb532078f96e579127db40f402d3c4f6bb25b11870f50d234",1,0.0007
"bd586e471d03a0529e1e6ed69dfb9e2c34203b2c4c65364a0ca6aa7d5c2cc25d",1,0.0007
"bd42279f0dd674a521e6e94574613d7e5d5769c8a9fe950acb9b47ec0eaee99a",1,0.0007
"bd3ba6231f62f6e40fb8a4d5adce74d5a275a8d01ddf4f5141b6ff60fc510650",1,0.0007
"bd384824693c9adeeee3bf255765c0159f40d8025dbe2c7c04ab0944f629f07a",1,0.0007
"bd2d4a81ba220e9e6d03e7b20597dc27253c66a17e63e102374efbdcb7ef0565",1,0.0007
"bd164a68b4b956b3c4aa1cc00ce215abfca26625e366c8ee514397eaf16cc5d2",1,0.0007
"bd0fb75786a3e0c4e402f768a3b9cd2ba4ec8f8940e91ccae252cc5d4f74f12a",1,0.0007
"bce7d62f3e5f3b77ed8286c310af7dacf1c7b06843c1f1483dae0c87d709afec",1,0.0007
"bcd1765bd178020fa5f64752c48c79a15e296de4f056e5ab42981f5b68f58c17",1,0.0007
"bca8da5612cec41e0450c51aed4d1f6dcf98bf8cb813314423719d967b6bcc0a",1,0.0007
"bc93ffeefdaf0d72168aacc999a1b27ab5da014eb1049056aeb6dbdfe5f6a010",1,0.0007
"bc4b9c8f705d2c478a93e5019910a3a14f1a6ded8cf8aced89f2b1d0fe3cf4bd",1,0.0007
"bc054afff1d44565a17381250e3a52127ee3d39b95c5eae582f43f0f6077e577",1,0.0007
"bbca8adbc4cef3862ee837eafc8113aa7d80266b09dda30830b11c1e5f64506f",1,0.0007
"bba9339f4e4018e459c1f8f1ab34d2a41e6ad980f508f9aceef650660fb5e23d",1,0.0007
"bb93fd078b3d5cffa9996b4c0cc81889747adb297a4300244143d62f8e30ccd8",1,0.0007
"bb81f0927f2445f8b696aead5f73f820728b983c9bdbead515ce295d8fd2032d",1,0.0007
"bb6e6a3279f34b87fa7e9b507a61ccbffaee86e98fb9982052b394d1fe8c3e8e",1,0.0007
"bb582073444558ac308b0d9f8ac8c58472de75caf781c09574cb8b118f3460a2",1,0.0007
"bb2df8d19b7bf22c234a9d601010c4037e0f0f863e9fbcf214e54639440e852e",1,0.0007
"bb0e82c674add8e0c3734d75379eb4ebce3545bce705a4a29d2e7b07589c93b2",1,0.0007
"baeed8aba2449ba0a9e76d3e03d7ad19c634cc9808bcd4ef80384b2a5ab1c384",1,0.0007
"baeae60ea5758135bd21fcccc6ac29197d649fdd89f2a3a32b3bded71c838ab2",1,0.0007
"bae9f4fbfbc8646d4f1b2bb4ae17a6c719804961129acb93c34e80795a64118a",1,0.0007
"badfb7d2f8c7834bd22ee57f35c0fe99ad1b675887eb82083db0ee85a906af97",1,0.0007
"bad961feb4eb6592414be95715bb2cd5e68d4e17e83c99efab78c77e5723cec7",1,0.0007
"bad20d5456460200b24e3d94cc9d742cf8dacb58ed97042cbcab2f47176c4ca0",1,0.0007
"ba97f944c07ed598ab50866caa761f56ebc781a1fa898d8c74df2ee456f16c0d",1,0.0007
"ba6f136f0c49c7c564684a02e0ccce503b0e884b52962c9dc669fbce7ffd4397",1,0.0007
"ba4e6831a9d7c1bdbc290afacc99672b1f703a552bf35e91e8f4fe8a3ea9f143",1,0.0007
"ba1d08b2abf93187663516ab6fa46b2c5c898fac42fdcefb038f0885cd83ac1a",1,0.0007
"ba085f2ca549af1f01826336f69132389e2989519148200d897aa0772f6418d8",1,0.0007
"ba052d2552c2b3086dbbc34e2e5eb2c9e7ac2fe0880d2121b97f0bd1d6a25e6b",1,0.0007
"b9f82f5456019016a1a152c6d68072930f77b89cd045392689521708d3bb69a2",1,0.0007
"b9e3500cfb559781e68359655f37775c78afffc5a8436daca9d1d1f8e3569b02",1,0.0007
"b9e2fb47a14508efcc59f5d51cb2542957c110c7ea7fca19b224b1d438bb2994",1,0.0007
"b9df2d77ce237a9072da2d6cc7c094345e9b4a8d0ace78068d38d6508b743442",1,0.0007
"b9c9943ede022932f753f5968b7b15f603d04a4abc8399ece960d6803d01ec0d",1,0.0007
"b9ac02c5113ee22fe5da91f381374e67dc67a11792da67c3a837dfd72cd736db",1,0.0007
"b98a1ce669664992523158840f1985056fc5b0303bd727b50090d7a980b26be6",1,0.0007
"b97f7deed3ed7d8e86f84ac89dd7d0b7b6ca348a0d60dc4eacb8c73fec772da1",1,0.0007
"b9691a1928d603162bcc8ce360c28c64134e37c53be8b1fcd03c91f1a73e5784",1,0.0007
"b9454e4feb1a5c38763c0199919b35c0853baed35dbfe5dd1835c86e8d3bd6b4",1,0.0007
"b93a6e6cf89bea479f87fbc0781d3058257e001a2fe041b5b1ee00e4b919243c",1,0.0007
"b9331a4ebfbc291931aec610843e7019063e5789483da13f02094d14c949848a",1,0.0007
"b92ca6cf2e096ae44f87dd29af1f4c80ab1b45b7de62c35ec7dfeedd07e74fe7",1,0.0007
"b92c5ea9933b42ae46874eb3a372fd5392dea692da952d5fb64aeff949868519",1,0.0007
"b91073cf414cf2c0e9ac289d45720e13b153d76735d30c97085ba5eae085accc",1,0.0007
"b906f1d42be3302b667f9c594d4d728fa70c30065c06cf269b540f50af5f3026",1,0.0007
"b901b221148cc36bb19e8d15f377d7511f84ff6a84555ddd3d4d929677a030e1",1,0.0007
"b8f8d3739579369f5bd2736c2dba347b12a2a76c102dccd00d205f10a7f1e026",1,0.0007
"b8f807de22e3720bdd2c33988f9bcd73215eb4b871a334eb5fa039c9e301cfe1",1,0.0007
"b8d72119c7caa19b3c2a891b0f577f1fef50e10467f1c5cb82cd15e7b4953454",1,0.0007
"b8b1d1284572d91015f94fcecc8a4b1bcaf0f7931260bb5fa35dcd681b8ca15c",1,0.0007
"b8b02cb2f71ea60536f9157bacafee558341d001b5ce06a1d8d8449bbb8bd4ed",1,0.0007
"b8addfbb9b9cd99b2cc639337b6f23d4efa6c2be32cf04dac1403edd7d98d592",1,0.0007
"b8a638db79077d6f35276ded3e8a22743c6942eef171cb87036c5820b47ec86a",1,0.0007
"b896cbda43837ba7f78b26913ca8a3b0c9facc28e804d5d319da6c6acd7f7395",1,0.0007
"b88a19b00ca3e89472c1521bd3bf4e845e120feb2c2a74f2a32be14d9121a499",1,0.0007
"b87cf19d474e54dd16b91628930ef5d4d9a095c47cdd99d71a9a2e0052d301d0",1,0.0007
"b87bfdbd0e68a7dfe7677746e318e3dd6ad9ef579956a096cd40babcbfed3837",1,0.0007
"b87365c16102f7242a8fc3e770f615991841741c40673bb241cb254130be4c26",1,0.0007
"b860405c8a8ae5192d6ede01b5a83c364d9beb61dd23a754dcc8ec107e5181f7",1,0.0007
"b84fe2b513ff335745604b502667a48bac8240eec4d21198a83752f9089d4b1b",1,0.0007
"b844cd348cb9fecafced88a170a2770cc6f8d1cd90aa32cc068b9f3728e02184",1,0.0007
"b8211807a12224a0dd0e0999f656da8e256c427565def998e0cc35ac44335a00",1,0.0007
"b809596396cf8beb58c1a7f1c4c4bd0b5ca385b2f20bf4eb03198fc9f7bae28e",1,0.0007
"b7f48968dbebdac7f8283fc053498c8368c64d70cbb8e911f2acbbd2e4701cfd",1,0.0007
"b7d0fa1db16c4fe6f05507abce39feb0594feb298e4e3a582e4d325e3bff8a8b",1,0.0007
"b7b85a40d548ab3c95af5252bd238f33c1b4b8b20abec75fb72470ae57ae904b",1,0.0007
"b772487fffd3713d277d03185b214b87e5082d87ee4520ffc138462c84dcca8b",1,0.0007
"b74e70199cdfa1ec8f386732ac4d2e26855366ec3414d62610e0622f1f5607bb",1,0.0007
"b747c1795c4f2892591addc3adc82641f88037702969fc925b60fa0bdd72a25e",1,0.0007
"b74367b144fcbbb3b39489499d68721bcecde8db688d6f65a03b01c003080004",1,0.0007
"b742a5cced1bae977021e12e8ca36eccef6d56e2211be320af776f4e8ac21e34",1,0.0007
"b72978657b8646cbcb6004d08824889147278b05b63e2b2de04ea6b89ec4f6e4",1,0.0007
"b71d716ddda2b6648ece8ea8cacb3abfd0a893d3dc43e44b495c9df072e4ae9d",1,0.0007
"b6f291b07430a8bdfc86f178d71b2759ad3b13e76b1f0232969f914103f432d0",1,0.0007
"b6ef5d773b2debd556d9aea2478a1627a81106a25b89dfe996f6c7eadd6529de",1,0.0007
"b6ce504930f43aac1af31b80078a65f83824c036311309fd8f99683946a16108",1,0.0007
"b6cb15b66031203f63774b0771f4af5560721611caa064d01969828507c0ce0c",1,0.0007
"b68c078db43322193f6ba22fd20e54053935305c29e27050fd3b02a9bd749748",1,0.0007
"b6757278be72c93154bc4cc9f4d01908df5e9501ad3b44f8667f49b962911eae",1,0.0007
"b668a858c87c7308f61768fb064a94c8ecb8a0fd7f088c213854694f63a3ed5d",1,0.0007
"b665b3145ff399143d5522e66b72bd584b8dc02480bdd17dcdbaeca6f8f4a28f",1,0.0007
"b66247de200486b230d21bd26671002db226f4e68458732850b97d6de813bd93",1,0.0007
"b658588a255ba6f6cdfcef828341b6cbead30118b2bfc954ed11eb8a11484c3e",1,0.0007
"b64fa5b9e3f0074a772d10743c1951bc6c1a716d0f7521f205eb0b516b15cfab",1,0.0007
"b63f93ff5d35e24d53d92cb27ea473e03f7efcb2121b2dfb330df80d2ea6e0ba",1,0.0007
"b6186f759db708c2634f335b3457f0d2bb18729b2e6fdaf58a032c8f2bfe36ed",1,0.0007
"b613d960e2fc43bbf909abb7260f1641e93bab45c6a9325a3566c3e30ed4f7c3",1,0.0007
"b5ba1e35ccf20cd8c13c3a2c3098bf337033a92bcaf475d63c03ddc0cba0fcae",1,0.0007
"b5a38a636c2885e0a0d7d00bd5ec66e9f9bfeab81d22d7377eec1a98cac998cf",1,0.0007
"b5729cda915dc85b047dc56a8f64a106d63242c790c6ae89d0edc07ac727f671",1,0.0007
"b559caae896cc29b2b64d6508f99606fcbd90b03a95a3f7cc2301009046b9392",1,0.0007
"b52fc2d7f98c0d4592bad7d8634fdd53db908fa8d43f01bd1ee1ae342a22148e",1,0.0007
"b526cf0cd8ec9c900d16b4caeddcc3bc34031fc27fa16ed303a63eba0fcf716d",1,0.0007
"b515cd5338963beb0b631c6cfbbe2d2c0299f83ccd5be75287d96e1dd0d5e845",1,0.0007
"b4f35b3f1373d63f37ab35c5ffb2e543fd0974caf5d3341aea55de6cd5d88765",1,0.0007
"b4e621fbdc990177ef071c439100bc382c58d08e9d9710f82fbb993698e17931",1,0.0007
"b4de6c7c15af334b8b0c1610e1687e8edb572d7454db87fb0d5f7013ff457d1f",1,0.0007
"b4d3d10a1023965683d6ee89b639b27ddccb1b07b84a5f58d30a059212f36259",1,0.0007
"b497a03e026e2995fadf1055d47b31cd470dca14e0710bf70694587ae12332e5",1,0.0007
"b485f817469402ba4ccc24ea30077308f69589cbe0897db49087b15f58659ea5",1,0.0007
"b46eb071487fc9e944e0ca39c5bf220925b26ce4b966e8a236b67f3ecef099eb",1,0.0007
"b46b42a33962b151958dea1538168ac65cfbaede8951ead355fe749b1191f602",1,0.0007
"b45839512882d9456e4c8af26367a3e89419825874015b77c4a695c317a83671",1,0.0007
"b43be98df08833c018d1983116bcd50d98db1645149c50ca858fa13ad314f140",1,0.0007
"b427363f17a2bfd6007b33c1827c94f4c0d58646adfe3cfa65b4499ae77c24f0",1,0.0007
"b415cdb0876e95670d176a4acceee767fced4f4c79d88d2e58ab37e54898f6d5",1,0.0007
"b40e6205413352cf8418272d50aca00ffa4fa2e71f8e7ae5b218977d267373a9",1,0.0007
"b3fc149f32531bae309184987b150bb0629f0bac6a565e8198e254f82438d5ea",1,0.0007
"b3ea8849f9d95f3ec8ec1fef1356472c299db5c0321f15460001069dabab986e",1,0.0007
"b3e142604623f22f70bd6c145ff9b8db1069ffea4d9380333aac9573f5325f41",1,0.0007
"b3db74ed9bc5ca2929553b92b9a7dbde914d2c29b0c89b25037ed62433c5e35c",1,0.0007
"b3d4b57646a03b32f08056781c73bc5b886e4fdf244cea039e9e13b26636fde3",1,0.0007
"b3c9fa65079416f5c6c8f58f200e7c8af68d48181066cf36d46e4811a184a6a8",1,0.0007
"b3c840d1bc08fa55982e6ca541e8b6f327c0b3cda18350720d6849ceadcfe18d",1,0.0007
"b3c3c99d8767da46ddd5417c62e5dec5406ccc3c796d4b99ec81104d69703193",1,0.0007
"b3a877585737e9f48f64146799e76f93158c4812c64ae3e95e9fc474784216b1",1,0.0007
"b39eee8bff709824cf0b72cc3c7126fb6ffbdb08ef491a1f798d8446f7febcbf",1,0.0007
"b35c14919180f1cc5be312b28e0d5a9ac9f112dc6dee799f52188b6826fdd2c4",1,0.0007
"b35b414121e892a1724775aecb3c575e714837ffcc94ace46b6727613aad7a56",1,0.0007
"b359f16d7f0f29d5028fbe8779a8df86a889ba0691d4f8c8b963df4a6d889e76",1,0.0007
"b354f59344789b718bc05f5fc7bc24ec660f04fbe24b3c508b78fab61581aa0b",1,0.0007
"b3541afd426b6bc5ec814756525b68cf3e56d6766f7ba6dd17fdfe07e0b5403b",1,0.0007
"b33759347acc1858216df962a0ec7f7f6a6de2630802244eb5e3873ae0d686e7",1,0.0007
"b32107d6bbab839395fb35c1bb086e21e025553a1e186cffed0e769fc38a589c",1,0.0007
"b311e01239c6a3319309883b830b6cf59cc74b39e3a9bac8fa2e13e5c1bbf60e",1,0.0007
"b2ffbefaafad05d4a2bde16b8fcf8b3d71c22a422caf19fe6a3fb744fb52fa20",1,0.0007
"b2f3ed1c3a8755dd0ad5a2a63e16caead2ec7c570462c2a592989349f8988f53",1,0.0007
"b2e991b44f8a08eff63ff3f0dfcfca119aa967f0badecf815a4d775a04a2c5c0",1,0.0007
"b2c70650834487575be5019fe844a4616ff75cbffe96bef199f3d4d18a295454",1,0.0007
"b2be006d3423d8dd1075f4df6f8f76e7000174c119149d4bd2021ddd050c13cb",1,0.0007
"b27daf202beb42d72771b0c8808ea3bc041ba04bc8c3472d4129db99c6334030",1,0.0007
"b26b4cfb11517e208e9e188b2089cba1b876eba03cf32b611964c979bb4a60de",1,0.0007
"b25f50442fa2074322dd9bfe707588887bcd23f33b74f9fbc3e679ea7d615b84",1,0.0007
"b2475145ef8988df0d66ff4a9ceca829fdb883121f281c01d8fcf664afcebfc9",1,0.0007
"b2244ed2364162b8caada31982df0594fc6776e177ec969ac42d5bc356b804f0",1,0.0007
"b1e5da43631a9b8040f89a85877dc4133751931902e5deadbee0940413bfbedd",1,0.0007
"b1dc665820e36c14f55e72e3492748d5933c32331c1a2bfeb77a2e997668ab8d",1,0.0007
"b1d63b1744696324837aaaa841fabfc287db498835f470ab2c0947f8087942fe",1,0.0007
"b18d8a2d82f1a156edbd37e936f7a2afda58ca7e40a94e866adbd257d6468705",1,0.0007
"b179fbca5929710a1fc9f5e0196f0c1418167aabcb014185b0bb781d039a0e37",1,0.0007
"b171497d25b17e09a9725bfeff436938fa1c4533486dac14e6cdfb4678ffce57",1,0.0007
"b1555702a4cca7c44e02beb5aa82b0271c0367471c68f2ec9246c31b202e38ee",1,0.0007
"b14c59892e1a4ffc9b4a883f8eac5c5b01b6c2795a182095e9616eb54328bf8f",1,0.0007
"b129efd5462165a5d45e2514a96d484ca5accb50528f6c22c3e75e91fd65c3c2",1,0.0007
"b0fac63cdbb6f5b6287f33585db90ade921dc4b138fcdfecc6aa547c39450833",1,0.0007
"b0f46d8e286c8f77f18ec6acb061c7487fcbc08ed9220ee28159ebed3e6aef33",1,0.0007
"b0c4ee88a2d47f346ae35fb64aef1d167e2148cf7fca7493ba88b058d49068a3",1,0.0007
"b0b5b4223a34d6d323b56531dee6d530ab1bf7c4023d978396952cb15cd2beda",1,0.0007
"b0b2f8d255c00838f1f57c526746858888e91d66d0656e7ddb1056879ceccf8c",1,0.0007
"b0b044e551cf7279a975c119a3cef8030fa1a68439cece1d22cfa8225d027e6e",1,0.0007
"b0aa69914405a5374fe160d0ae7f5b6cb31925209ed688c1340a9b9e4398745d",1,0.0007
"b0854428a6318a39d44858546f4195611db6afad83ef1cfa46411be3fd7202c7",1,0.0007
"b083952f3e2b8559dd487f6048a27c0204073fc09b6c96ea586b52dc02cc1bdf",1,0.0007
"b0718b590c112d928b2b4f1868f7a1b2ace50bff4beb8ae4031011ae73577d0f",1,0.0007
"b0656c76a9e489718ace0e60390b32ea516b11c83d81bbab980d5145689703d3",1,0.0007
"b0427e26c0b5201be42b2d0577773081b2f5a382507995e1ad9ca7f0ee241da5",1,0.0007
"affc9cf27e3bacf2980dbf5abd7d15ecebd148395191d0c30063cf012c45c1a2",1,0.0007
"afe497bb5c2366caf3fd9f580df12f81aacb601c4d79b1ffbb9f1f40d03af303",1,0.0007
"afbdd28741b14906948bdb6d95c90393c63b51b7e5b9e09a64196316992c5f5c",1,0.0007
"afb78c6f449679f946e64e90dbb9a362624c75ae8e876d8f4124e08a72f779fd",1,0.0007
"afa6c8888eddb26ca2912141447b4e99dcff888b0f038f57150242492e0a8069",1,0.0007
"af8c014926d91e5f9655d3ad695245c99b7ef513bf25a88bad18373a43f89c9a",1,0.0007
"af8739fd860c15ce7d6cd7b3253186664c7594907f1b9fc6c1599c787c867e83",1,0.0007
"af5e45ae0a21eb1be84453e06a08365820e03d644e8155e27469a002fabafadc",1,0.0007
"aef6a32e6b60400302c2f6c426e2cc2c0d188ad347d76eb0725d97be42e5423d",1,0.0007
"aee4da696f8a0acdfb675e5428fafd190bfd5f9cb37133ec61eaf6425820a36d",1,0.0007
"aed7aac1dbc238f621cd624bc36affe37fbc48fd6ac2559d10249e167b617dfe",1,0.0007
"aed1e713251888889c30a00738e13f73d7be645eab6fc055bc262aeeaf6a93f3",1,0.0007
"aed18a05b9d70d819413ea2c599cd8429ff6c1a6f4f69a85869705e3b94969c4",1,0.0007
"ae867e16a904304027b47f65fcea1e347f709cc672a67585ce3e8a498cc2ee82",1,0.0007
"ae68869840391da72e9db3e07a5c3271a645b67101c0ef097ba9604f07823ad0",1,0.0007
"ae3acd69006fef1f7f84379ff42e3bbaf4760f4abe2dffc67535f9a8e5bc5eaf",1,0.0007
"ae388dd5f0f805defa4fa76c5c4c0c74fd54c2086fab1b11da6172ef90976b62",1,0.0007
"ae37f6605ebe97eaad0699c61a4a69bf582b5d30b6e460bb4256f38cfc1c03f1",1,0.0007
"adfc3e32389a99d285b0535b27bb51e744c08ab60390595810cc67f7cee92150",1,0.0007
"adf7b2edbb06807b30a084e276f17a3580486de86452605273882a77a18888ed",1,0.0007
"adf5c7e7216fd3101c3101143e0f567a8b4f7609bf94c02684501e33b664ccaa",1,0.0007
"add458751ca624f37c929495ef6e55845a5120f67f4bef386c18690949236dbd",1,0.0007
"adc067b44df293ac25f3adbc55f03253c86c5249f517121be0240c4eef9e65b5",1,0.0007
"adb49818ba4cd3c4b0d7904f4dbd20dba3f5f2cabd89be78e22e8c49776690d6",1,0.0007
"ad85a10fab4623940acfdefbf1c3008d9f4a9f1a7ab0b1075d9c90438f7735ad",1,0.0007
"ad81fc06b4932efe64d2915cb5068d687116339e023a99ec6c6116aa95c74fbb",1,0.0007
"ad357eb1d4a72808a429c380a1073d1b8e2530c997d879cf2234a8b152d02d77",1,0.0007
"ad327b6ad50849136fd8038465c2554dcde971dd8c690ca42384bd87b77ff5c8",1,0.0007
"ad2d5b94b5fd48c662b7240cd0fc5e0579ce160628e7f827e632255e4bf810eb",1,0.0007
"ad07f08d63869e76d8ca6a3d094ac9884acf45ac1da6e222954157b8bafa77e5",1,0.0007
"acfd39e3a7ec82a9c03592bbf4f98b0fb37498c06b9e51a17481e091ea77a8e8",1,0.0007
"acf5bdebcfee8ceb1b9cf9580af3e6cb717d05cd6773b5a50926fbca0ac82031",1,0.0007
"acde2f0cc6881c547ff839fbebd8795dd220ce27fc6fc456a9ec6b2e7c185f2e",1,0.0007
"acd75d10567e7e4fcb3ed58b603d976c772a058b1ab1422ad142ac2b3c0696e4",1,0.0007
"acd6e03bea9b3d43f4f7926ac0c21403f47f2266553882251f58b231f0cd234b",1,0.0007
"acabe392b764c5a8703d814c42b25545dbfb26b2122b86847b239448471ebc2a",1,0.0007
"ac9443eecb5f69dcf3e90af8b972771e70b90165a123500d01fd0c3496187c8b",1,0.0007
"ac82ec00aebda42ad621fa4ca63dc4e2f34a55cf8041814aa7a01dbea7b15793",1,0.0007
"ac4e4f6301993031a8aa7bf6d69c6609c2b41cb0507a93383d08a0512ad80482",1,0.0007
"ac39c01f46de44eff785593aae42f6a470e487f3cbfb4daffec922c4bbba34ff",1,0.0007
"ac1d6ce434d2bcc9d25cbbfaf20942e21ca913aab51943f346b41e5500f3bad3",1,0.0007
"ac1384c86838386cc00863bf0790db4a22456794eac599f505b0abfe274e6d89",1,0.0007
"abcf5e21c52eba2ec6efb98e0dfddeb1147de20696f7aed00690ddcf32d9bfc7",1,0.0007
"abc3346b518a2f96b20129942db9ce905a6f3dae0c0dfd15aa2d38f4a08fb843",1,0.0007
"abb9968e7ebad5afcfb0cc9d803d55d5991075a5f67950082e69823cc5b55091",1,0.0007
"ab77b2e9ced69b65ee9957ce8791e2a955b1f6fa908702e0bef4bfcbbdea1c22",1,0.0007
"ab5a87f560b7ca8893bc6a2874acbfecd713647bfe9cebef828185848fea1497",1,0.0007
"ab580c97f75733797930fa156651e74eefe346394b955ca5a588b4cb5044c0b8",1,0.0007
"ab45df178064d64c773aede611ec460d5d6681072a1b3aaa2e01b2840befab5e",1,0.0007
"ab3941461656a7681370104483aa524cbf442730550b0585d112587998033cba",1,0.0007
"ab13f55a2938ed834d10aa4e008128edcec35969f56a925aade6fe5dafcbb7ab",1,0.0007
"aaf8b7a3691328aac367283cd330237001797840f10e208e777f6a7cb5f482dd",1,0.0007
"aaf5aeec0055305bab66f85e5673bc829a730cf7a5aa7800e3fa8e9d387ae00f",1,0.0007
"aade985c19b718eac84b21b1f75f83a5e49bf7cb7f2524a192d62c5fb7d08822",1,0.0007
"aad787878d51b6e6e5734a320461d1d3ca7eee382f7bac67d9adc19cee857577",1,0.0007
"aacd255de2b49962d997b1089163708e472d508e7fcfaea66da299f2f07c06ca",1,0.0007
"aabb6dae23cf75c7c028fdf2d8364c221dabb834e5caed2c7de8f4b1cb675170",1,0.0007
"aaa7ed1166e477e1af5e6635fc59c2600b9f4946f3044dddef19c1d797b2bb20",1,0.0007
"aa54d2f2de63a83453e75fd997a059888cef37e037efc351a5ef62b1ec7747cd",1,0.0007
"aa4943450e077fcb0a807bd4d6f7116bdeb4a80372a31bf549f1185292fda762",1,0.0007
"aa30187a5d0a14ec4352b6e255bc1a33682dba1b0e84484c4a2778fd5bd38cbf",1,0.0007
"aa0c0ec4ce6bee567f5d0cb9c254fbabfc79bed4edc2dbe9950ecf0748a7720a",1,0.0007
"aa0b12ec01f937ab666d732ca9adca0ba43978eff7353df7620ec3b701896679",1,0.0007
"aa0aee16808708c8161642fa298b61b148753987baeb126d747cb691c01d1e79",1,0.0007
"aa069f7c28c992fe4378d62d8020a1228a2eb0049ae91409b56e81bcb6271e94",1,0.0007
"aa03ad2976b07f2c829dfd001c15291754ee3e333cc99cc4f618ee2c12f6c8e2",1,0.0007
"aa035d878f9a52d98dff0ceebb8c974063c46d8d41ee3df7960beaae1a33f4af",1,0.0007
"a9fa75b357cf1e4a9bcd1e6652256827a3af10d32401cbc9885edb8078f9a39d",1,0.0007
"a9cd8e6afaf107defe019d72eee00c037e98eb794f77ab4a26f8de002ee8d8b2",1,0.0007
"a9cd8d35fd3d3329cd9882d8aa2b460b98dfd21ab95b9f28c63badc5adb5dbfb",1,0.0007
"a9b7b0905e4fe764c8f2c9bc0a88585bca9b6896e0cdf4f9d147a5aec907e08b",1,0.0007
"a9ae64a477641328a57137cbd8312c342c2bba8cdc10d73c7f68eaf01627f0b4",1,0.0007
"a9861b2c9631d7d5fabe43bf590e5d20b53299f98ecb6afbf9d0fb2ca0c9170a",1,0.0007
"a97e54340c1feb2010ae3a243345844984c93da820c9eb85ac645adca8f9b15f",1,0.0007
"a97b4d862514095ea752977c71e244429de4a5b25a295b2313b4028d82aa627e",1,0.0007
"a9766bebe409452e9111b92f16226746fc7e217e053186275d1cc773dac81c82",1,0.0007
"a9572412c216ad338b310c632c258c9eedcf9b938dcd476fae12d242ac2b4f93",1,0.0007
"a941cfbe2c1de06df5476091d25c95c5776051a580363a2576a81aad9277319c",1,0.0007
"a93a2825d908a475cf7e6bd337064fd7aca4adba41d03d625541e7c6ce4bab42",1,0.0007
"a933f95f203410bc2d86d4f1cae26893046b8c391dd8b517855dc01d0adfe974",1,0.0007
"a9214db351a3e61cfea4a54bde7ac4633f92c0e09277a81a14a14098ad7764c9",1,0.0007
"a91bf16cb6117affde621ef1ae16f7caf539ba8dc2723d976f4eb83a635ed1af",1,0.0007
"a90ecc36d38251494b70c53a2b46ca519726a898ed98ee22bba82ceb1e27a8eb",1,0.0007
"a8b5b5f504971e8bf84c159f5be3ffc982946ed41c6ffd6ea4728b07b574047c",1,0.0007
"a895bd9e243e36433b740360f2491005e06954641e2508ea8c2c9083ad446411",1,0.0007
"a890a551d8b8883e69fe90f826203e2d7a77f9247f75771395285e1229494677",1,0.0007
"a874f529513c3b0b68211d6aef321daf34ac0be78bb041ccf129b88d3089556c",1,0.0007
"a85d4e7e67757d36c7d50c180a88f07a29c7f87d6f7288c398d5734ece40d09e",1,0.0007
"a85452724c375d42995f40b6a1352ad768003d7a8f3e711ec0346b9e8737dac2",1,0.0007
"a84fc7385a988a2b27cb6c7a3f5d65066759c9b72e6577b756c247f95d11e041",1,0.0007
"a8231e9573e6a4d978f98e30bf6bf23f97f1910a2dc509690dd0a502aedd3cce",1,0.0007
"a817bab4a0ffcf9d97ae315a4e1d09e2c300ba651f1b17724836283b1c9acc1f",1,0.0007
"a80e58993528f8215566f6a418dc40acf0d6409be09a7d513505ff8d8682e4ce",1,0.0007
"a80e37912a85e673fc4ca69c8f7f313b6d2a7fef8f32ffff061e298af4778038",1,0.0007
"a7fc77a01139a52eb4ed209b33222ffddada8833495fd802029d050da4f47fe0",1,0.0007
"a7e8e679a9692676e19926cca52aa975a2ca6c933368bc2b09739eed140f2adc",1,0.0007
"a7e72f6d1125726d9efc443b553d730feb81afc1c77b53f56d76cab86c5a0502",1,0.0007
"a7c203aa733552f91783eff20658a6eef3881fa7a13ba0b7bbc5596b744d2e69",1,0.0007
"a7a662cee9e54e10e9080ce1476a148396c3a5cfc90b13f3215ebf69ce8587a3",1,0.0007
"a79347024cd23e83497d24125658b96620762ffde4cdcffd4c994fb180844fec",1,0.0007
"a757a1ed02cb764a3d76d9c6a82fb3ab67fc1e5ccf980966f5a89a0bb280949c",1,0.0007
"a757930489c5e24306b94712b5c801655444b1cce392e20bbf7f5a9731c53f12",1,0.0007
"a71a844eec784d1a5ef201bbbd4c641980900fc128cb927b7c07720f7ae48cab",1,0.0007
"a6dc9e23fed0d6f006c64a80da83c4281b5242f9af60e69b8b85c0a09b5891cc",1,0.0007
"a6c80f3b9164d4e0c75a0172ac3d5e8248b52190db881cbfcb8c8139f8632c41",1,0.0007
"a6c1acc6e367e46535733ce8a7320c718616ed42f762cf2f1a0aa77ac6e056f6",1,0.0007
"a6bece4966a3a71f5cbb8cf6dbd9b37b683d65817f7ad660d6155dad62382585",1,0.0007
"a68e8d0da3c2fbca44a32df84cc13ebd62aea5f11e766aa0ffdac234ff4fe3f2",1,0.0007
"a67c374ea61fb090d5c3957f56fb58b561ef02a254e07613cd84aa43e3ab31b5",1,0.0007
"a638770cb62c07e0ed07799cb642a81dc3b88a142b04b29f17624c2e89edbfd3",1,0.0007
"a6096562cbbc6bd46bfdb1e454d56e7078726735b5db9d2647b5c44ba9f71558",1,0.0007
"a5fa8df80c7fc3d150270e03d9dec23f323ebe763d68c45e76efd652b44d9e18",1,0.0007
"a5ee8fba5dc3d3ba59919556f520d9c6281a154fd29193588cff0a9215546ebc",1,0.0007
"a5e4bc1d6777197511946fd175a455fbe6a6593a40ef724bfcbd325f3bd46ede",1,0.0007
"a5db0859d0c4498193bbab8074f2d5b1e186e6af7f22d37087974907a6f49b72",1,0.0007
"a5a604b51aaee8b7e9cd4b5903948d039e49a09380bf5efa46ed31c006cb8e33",1,0.0007
"a59a4ebfc94e995dea3414d4b047eded6988adc6dc03ff5dce221eddad83c6bb",1,0.0007
"a564bebee937922e4ddd25c3e18460c84b6a61eb378dae0f4227602ece684f42",1,0.0007
"a52b0b528778f6bf1aee49daf76f282a0a8a95c75ea0cf97d3321d966f8bdb73",1,0.0007
"a51e7e68062ead67c3517d4010807b32f431a07fdae52de25bf9bdd748f80843",1,0.0007
"a50f65be69237efc6895e9af19e5102a6f0aa8cbd5886919aaab962a7ee09fa8",1,0.0007
"a50deb171f35f569e06095530f4386df9937d9c0ca8c5dc38f3721724db26f85",1,0.0007
"a4dc568f446001660f9518ea9cf8f5668e6ca193588ff664f27510f28e5d5cf3",1,0.0007
"a4cde8018d927347eeb3697d688d50feee258900e40a7e09bba9b507ed6bf9d8",1,0.0007
"a4cb184e4e265825f9f3604a7cd6d07e5a7b9831c4b4fd1797ef7c2cef28c8dd",1,0.0007
"a4c53be933a0dbbf6752a39f7246bb57e86d148faf21c731ee4b2d75c137b69b",1,0.0007
"a4b447e281098a0917b6e6446a3ee59457093e5428ea030b89fe4c92204bfb79",1,0.0007
"a4a966ccf743e25d4f930252164e27ed26a7908c48bdaf21079a713010b27114",1,0.0007
"a498a02e40cb61d006d7b4bba76e6f08a69a0bd86cf120798289a3981c7afc1d",1,0.0007
"a48743861f342a5ab6a16ac11cf4d70f2a3f0878e223ed06d2d1224588ba6026",1,0.0007
"a476d5610d916f90f83cee21d6ad427dcae1432007b6037566955ef5c20e68bb",1,0.0007
"a4616196739e405dd97888f38cb71ce0fa59dd8e09ccf16245a009718fa19872",1,0.0007
"a44be0feda7f4d995f33528dd3dfc4245dc2751dd9368679b114a7db2ee0114d",1,0.0007
"a4082ceee7deaebd596cbb50473fa9d56c4003789fe01c6aa32adade8b673919",1,0.0007
"a3eecda3e9af3685fb83c7cc8e25b5445f8cb9ff8da2a9d6640021e51af7dadd",1,0.0007
"a3e1bc1cc6c8bc1969581b6ea242d707a61a3ae97af129ae11ec11d9740d2793",1,0.0007
"a3684956b61019700eb2ee86a6988961bde627336aafea22cb4e9f00250c8798",1,0.0007
"a360e9fdbc9e7029a8e74837cb397abc950ea542364512f1f07290f258024580",1,0.0007
"a35b542fbc296d8638946dc4d1f12773dd7b3efc3330f3b78c8ee8472fdb4e03",1,0.0007
"a328385ecedb656971d24eef29752868e2b644146f98d54e76023e980c017d1f",1,0.0007
"a310f227764c270bd4c410f5c7bd51d0f449c4ac663b653230aae23590e82419",1,0.0007
"a2f45c8de9a360e1397e93589f28f4ea61d58881fd76b57298b66208d8bb1bb1",1,0.0007
"a2d5dbe12b14fadbf7f3b12f96ae7af6cd578ff66f6cbf9b5be1c018dd098528",1,0.0007
"a2cb78501a0ad922a1a9ec2c1bfa87d508bada26e61384f8c4485ac9cb1bbdeb",1,0.0007
"a2c8a7a91c0ca073c1969565c482149067c599c9792736347a16e721ee0bf5ec",1,0.0007
"a2b79883db0af8c9f4ea8d941236bdfdf870039b4f7f6d35d791b752da54b4fe",1,0.0007
"a2b36e8ac5a61caf3757af26aa79e83f2995b451099f44772383806a55fe3414",1,0.0007
"a29f0384e948343a4bdc11c8c640c56345cbf91acf770828219766fc6c829382",1,0.0007
"a2932a58e22d206bd63732d7023321bbc9bb1c629865b4767e1ae589228f7868",1,0.0007
"a27dce4886c51a5d6ff02ad2ec3ff4c61dd14f7abf6b63abbbce8a22c5c31dec",1,0.0007
"a271be38b508e365f5ad229c6f5200e4df01224fc5a39a102ed7e24e184046ba",1,0.0007
"a202a1b6654dfaf7f5a56f2f7c07c31630011ce12cf993efcb4ba414fd64c80b",1,0.0007
"a1f2eb2e9b5d4e5c6a1da01cd2948daad79257ef825182debb3d8e3d9fc02379",1,0.0007
"a1cd52255b15920c0b74d1e38188280c05fbb023cdfe59ed1f2e8288d3ae0f05",1,0.0007
"a1ba3290db3f374a606a0aa1e619728ae6d28ca81b870b4b0aabcd482f39bab7",1,0.0007
"a19f563e764dfd52a0d229c063e7ac1a1b36f6a976f552a8e19b91ee8e4ef84a",1,0.0007
"a1958317689414cd12a68e0a212476f65d1b6fcb448e8e40d1102598c635a943",1,0.0007
"a18d0c7241f89450f39278efe6158408d6469bcc30cecb6d3ef866316fbd58df",1,0.0007
"a1830c6daf15ecaac73dc7a988c994a10bdedaa26a82fd6fb2ef3b0160da5e59",1,0.0007
"a146703c0c72c4bb3b449e81cbb9bba13476141b0fe292110ee3d5ef5a803b29",1,0.0007
"a1265b05b8832a1d40c8b0ef0a31b6e75aaa5b6289f7b281b599c5d6cca77734",1,0.0007
"a0fdcf79215427674c81f4f69df44b40cad73d397a09ddaa6ca0779ba86f2c00",1,0.0007
"a0f5952b5e6b12e218515464734b10de1ace12a6e1dd478aaf2be2b1c6357d43",1,0.0007
"a0b72a591e4dc32042349f58ddf3cddee78ce6f2402b47cc000c4139c593dc0d",1,0.0007
"a0b1ed527acca9637b9e1c817c3b840918d9782055e5e03ee297de02dbed7577",1,0.0007
"a08c0b9c537cf7ce7a374d1f1fa66a365f81f246506b6e78ac38a84a7ddd1309",1,0.0007
"a08aa576e06f8da7dd72554a6a396836a806c53ad4d757166137b9424c3d3d29",1,0.0007
"a077473710c335324cfebd611c5604fc78bcbf4da42551901fbe4d3d2b300ac0",1,0.0007
"a074d03ca8eee7c858f636b88b13a6231ff0e0bccf63260dfdfb9e6ae4ca92ac",1,0.0007
"a05f2e51a074d6bc9b66329f3d7ffa435e7f3c047cb1599161d6d990e822c74e",1,0.0007
"a03bfb74013d97bc79e6db60395a6a125325adbb5180a73c70c7af849a9413a7",1,0.0007
"a02e9658180cddf16a7c8b53154ee4b5f0e0473a6ff50685f494461d8516691c",1,0.0007
"a006fa964fd108face839e47a41497a43038b153c0512e40edebe782530b14d9",1,0.0007
"9ff31b1fb5a0fe16ffcfc28158710c7fe8cb2c31532b45985f1e808b990c78dd",1,0.0007
"9fe0faad13fc7bfe7cf3b0682ec59a4009d3212661a3805214e54b7194aca29a",1,0.0007
"9fc3ccb50803f1adf36bf82af31a802508219d9f6f30b58a69cea71b6dcabd41",1,0.0007
"9fadfd4fad0370f62ea658cd23e262448c504e6242a3008f1d93147f02b5885f",1,0.0007
"9fa1281e281d92a9e5b0901c405838dad8dc0cf687167e6454904b540ee920b6",1,0.0007
"9f9b1f8baf9be725465e23a8bf1d864af480a2e8ff6b15de2aaec8924835ccae",1,0.0007
"9f95e0a20f9d3651a325f2f2f1fdb5af6325d974b47e7c0fe914c1a3a1536b30",1,0.0007
"9f94c577ea24c2f71cbb0c964c9c9d321e02448d1fe946020afb18974b1c2602",1,0.0007
"9f88e195c1dae60a9a47c380c1bffe48eec883bf331607f528ad0eda920cab09",1,0.0007
"9f77e8f327b59abb78fa9f8e42f81260d7077b247b7f7c748484f06409f933b1",1,0.0007
"9f4065d971e897dca9952e252662c681a83792a2d59596c7bdec7c7a821d6824",1,0.0007
"9f22d21455d9b5e52540a97046229290491fbc996a6ae6896bdea8d545466119",1,0.0007
"9f19a2d1aa142b2c1e0a02a160cc6d8c21e491f71ac53c46f7decdf924abc2f4",1,0.0007
"9efdbedcd5f5113c57bc812ce4b600e545be59043e7431e8b61185e54aead23e",1,0.0007
"9ef45a9da1e37ca0e95565d74c792d1296baa247bf2679f3d4ad55de5dc56891",1,0.0007
"9eae5faac651b3921fae4fd1760bd96676c065b4b0023d7692117c260595e7e3",1,0.0007
"9e9d9d4390e353706422b28d730d743f5ae5fa9e2eb62a83b90f18aea65bf2ca",1,0.0007
"9e88cb8252b49135c0bd3559d00eef65ba2339b4f6d672fc1d967df3cd211b90",1,0.0007
"9e6821a5885532745682bbf649163712065a0058dc5dddf56f8084566c0e6617",1,0.0007
"9e5d7dc78ca00fc7c7afc914a0b3ecbcec61b4e7b1893a84bf47c3b811c68aa1",1,0.0007
"9e5755fc1a1b7deed3cece244f6a232518dc2a8fac4a02755fca41ac1b8aa7eb",1,0.0007
"9e43269d51fb374025ac4eed3b0cc74811d713e697ba508c93e99177226cd887",1,0.0007
"9e2c6e045b3eb0a08809050cd356e12ebf8c5cde41328aa5331edd6a93a76b09",1,0.0007
"9e2bb51552d408f74ccf5209c824e28252b7a878d27764e1847ed26f0928ef93",1,0.0007
"9e2a52320548561f9381ca81cb90dc5101e99efaff25bb66219ffaec2c649333",1,0.0007
"9e0de027693fcc6ce522246c54643103b3c78b14a205dc53f1033ab4173a30d9",1,0.0007
"9dd8c6edc028be53b3016caccb9b60f98881ed8d50c3cb82a2650a1a219b21b0",1,0.0007
"9dbaddff5db50f4ad7eaf5d8f7aabaea96c198e4c512bcb348f55dd0f676d4f1",1,0.0007
"9d93be2e0c2ea02291828d84e6a8b8ea224551d5a37c22ad59da22b3c5490307",1,0.0007
"9d605447a1b64dc7551f6a0aa61cbce9cb1c7322e221a21e1d30f6b96c3fdb4f",1,0.0007
"9d5cd9c146c23b2044aa077f29c7f77e83c34fd69268295ca4856e4e86e5f807",1,0.0007
"9d55e19fd956cd9045d6a1b443934a9a96679ca1066f74ae2279ebf5bb72bd5a",1,0.0007
"9d4626b8d2dae4c411d7bee6e2b107780bd9e229bcab8b80f08d6262cf2a15bf",1,0.0007
"9d0e5a2904cf6f350b733c7634f374eafe65a982299eb197009c353571707a9b",1,0.0007
"9cf5cbee345b9b64db1f15a2ee9b82223aab5788d9b637af618d9ed625c16135",1,0.0007
"9cf1f0e5b99e5b0c5467d0cf67470aee9c37103c501948b6cdf264cabf55dc4a",1,0.0007
"9ce30ea1fe5c2dc5c9c49cf3462adb32e2c11d7dfadb15ef43a51ba56568de2b",1,0.0007
"9caf42f4d410e95f648e3ce7494c555933329abe2fb20f1eaeea1c4a6d230ee9",1,0.0007
"9ca9f7eb42d6f86e407e9238fee3e44b07c1503aeba0fa8c911a1c05b83818af",1,0.0007
"9c968da6c6e0291439c903ca35891d76b5ade22a490492303a1f4ca25959a192",1,0.0007
"9c94ff2be2f0acd406b2b64ac019d42d31374976590a027aa10c96701bf11550",1,0.0007
"9c6d98820f17229236d4f7be9c49204f12192b30bf94094c8c8c7c8389adecef",1,0.0007
"9c650c9f45931e980a7a3c729d59fc8d2a000f04bb96dc2e9783a74e91bcbdd4",1,0.0007
"9c51669a75c47414b778f0f5bfab14d3c59ac5f85cb448e575e308dc89c5425c",1,0.0007
"9c50189157c4ea350e8f8fa8476fcc4776f43f8b408221340b2837f87d4e3f09",1,0.0007
"9c4cb0e5941247f5697dc3d8c819f2a6383e4de8a96f23342f591116d3f3d9e7",1,0.0007
"9c400ad39c7fd3d7b38014551f9ea40b2dc72690664ae880f6ba51be71628dea",1,0.0007
"9c3f09d7a8441c8bfbe11871f8354128f57a71d4d5e70b2830452107392dc977",1,0.0007
"9c28ac89c1d486863e83081d25339ad57d02e299eed6147ac0e0718bfe9a91f4",1,0.0007
"9c1d379661acb3cf357a8a3b8354a20d24a876f56e672b7095e8fbe89f697081",1,0.0007
"9c195c64bf69d34919af3b334774d094ed3cb038a71d5b8df7a411390fb0678f",1,0.0007
"9c0c872a2ae03deba033c81f5c1f8c594fde8251d2549c5db1a4cc150c96b8f8",1,0.0007
"9c0278e194be42708f2b6f11b5e40947b2c6daf2dc63160aab98e18a12701f79",1,0.0007
"9bf54f98e7994f0458bdbbe0fb431aa479d7ba3b2a5d41485d93235ba8ed1c80",1,0.0007
"9b99e5c73643ce4bddefe9695a0c8f7fa2c64c3763213983c213bc4426b879f3",1,0.0007
"9b8177905be5a08c95a9b4da071b5fc752da4f55a3ece724cbc3f446c9d6c775",1,0.0007
"9b7f31c0763b9588e8e39994f5cb96b6c0c3890a36aa5cb0d8bb7a81aa2fd547",1,0.0007
"9b784817dff1620a3e2b223fe1eb8dac56e18980dea9726f692847ccbbd3a853",1,0.0007
"9b227de657aa47091be6e9a75d42356ada137ffb9e923a714564e9ec5170a1f1",1,0.0007
"9af3cb44f542580e0828c39a1d3dfc4936d8bf77303f27e8965e232168b519fd",1,0.0007
"9aebab30a6181a3d30c4cfae26c6caa34db30ee39b983a80e7e45506b3393840",1,0.0007
"9acf2b117fb61fbfa1df37fb09e21372a16a0763c117bd57ce1c6bf4b4163366",1,0.0007
"9ac40b9b2616eaa58543aaee3f46ceebfb572c071a6b31f83e7df95d15439d7e",1,0.0007
"9ab1508f524f1156c31050d289426c9c04a58eec7fecbca4eb305abb545d343b",1,0.0007
"9a9bec8073a63918ee7242461fa5635dbdceb0e8deb5aae774367c5240370067",1,0.0007
"9a8eb38e99807dcc0c0fb35977c40e62391a77576674cb12ecfed2d89f5a0af8",1,0.0007
"9a5f6ed4bfb9b5e66a1db9ab4f216b88e058990f02c9549dbb9675e4daf059d5",1,0.0007
"9a525da0c58ef0aefb641c1f38956af3b29710e3078ed91ea462f1a65ede623d",1,0.0007
"9a4cf40826124324d9c45c805d1512ca5b08cf6a6f70a11cf70e719194d9a36e",1,0.0007
"99f98ecb0d199523a937c327daee39ed5029303656d6994868880ef62ef59919",1,0.0007
"99e5d3fa955bc5e07bba3d87aadf87f4520d571c762d70517e0fe8e2e9603d19",1,0.0007
"99defb40400ffb19ff29ac8eae40ea78f44a98dbf88ee6a62af0bb9c892828c9",1,0.0007
"99bd0ddc506ee13fc4f433f0627092034dc38f4773ec16930a1823a1174431d4",1,0.0007
"99b259982c64531bfaf9c78a3ed4b2164693a020cfc02a2e38c37be78fae78c4",1,0.0007
"99ada14cc214f1921ccde9b10a29530ff02150ca9dcfcbba6f09147111b5641b",1,0.0007
"99ad0b41eb6396ad04ba4882a14ece10f5758dce1a3d539c1291762a805057d1",1,0.0007
"99a5c6748fc650f81236d05516dfe7ca6b396726851a40107cfef6c691269736",1,0.0007
"99a32170feaf3521338adfadb25d1a2ea573e6d29ec5de97e9d9cc3e4a99da97",1,0.0007
"99a186f4abad418fb0bc4c613a13a70c634589c2f22a712cc7ed4123bda04250",1,0.0007
"9993858bb63ecba72f21f8d58c8f50a4abec11b57ef69dba70eaaa8761fe10ae",1,0.0007
"9981825664a56cf0ad5b5cc8fd6b7193a580674f6be97c694dfb31ccb0d920df",1,0.0007
"9971ce9aa0bdc232ecc4ac3ce5c34855f5e2c0b9a4973efd0f7c6b218c966f5b",1,0.0007
"995e3a58b3cc7e12a85f2c72c23b1eeb29af4f71679547a66eb82eaf48dbec1b",1,0.0007
"995390297e885b9e789a728665908cf557a9ce327ca757d2201e20eeeece79ee",1,0.0007
"9950bc02407ca1a41d534fc829da6907a7ca0656aa348aad4e74b44cf85ea6ff",1,0.0007
"99412caa6515ca93a6f17256480a6dbef5c3cb2e8b67cb9666a209b64d4a8142",1,0.0007
"9937086f1222a6306f32b30f2a273dd3dd50d1b4cbe8f2c39735e61c48b84172",1,0.0007
"990f095647b637a3cbbc47eefcf35bfa427d193cb1902c51a0ab7ad1f3b90693",1,0.0007
"98f55116d6846fec7051717cef62424786e79a4e2f6495a92d499621f5127040",1,0.0007
"98edca8d788ed0038e845ec69a55b31d353b4dec4418fd98200afd6a3d8562f3",1,0.0007
"98e405f8991eac0a7330514053028a4f6b310a55e4996874282bfec7422f1c0d",1,0.0007
"98d7c26a9ed1bfc00172ccf27e10069fd5fb3b7655a2916062caed1d2ef1e22a",1,0.0007
"98d06f5676debc0d43e1056c76acdcafb5afc4b44860b56b6704adda85e05765",1,0.0007
"98b8a8bb1f29ec8bd430d9885a6785335f38c2eba41fcd66c6030dd4ab009c1e",1,0.0007
"98368a6eb8edda83287dfe8397e034d5b5025d1928ae0607f3a818a6ea4c8ae7",1,0.0007
"983532a422af909f3fffec0f0af7d617729adc136754807aab4c25eb7aeaf493",1,0.0007
"982809197d35d44c7b0fce6bd117fb2fec09b728c64c146c1f803b01faacff62",1,0.0007
"97fd04b189716c491304aa3f7139a9825a57f2981e12d1ee1bd2cd280deb7548",1,0.0007
"97f4b843980c8a9d40a5d8ee3d14eee3106d5d8951a9d3c46c84c00dd74bfc76",1,0.0007
"97cfe76e69c0f45159e8229a7f2e0d1c289cfefee05a01df92a81d2e7b39bcde",1,0.0007
"97c97c24f5f1158567a130466be4a9a81607e4fa4230d94e1b22c3af108e7c9a",1,0.0007
"97c83287d8fd8f1bfdfdb4c9e3a97f15711cff83093600a37c60d51972af5bc6",1,0.0007
"97c4042c0e38c6850ed42f93615e1b74cff089814a5376385819a6d67eaa08d8",1,0.0007
"97be4efccc2e72178c1c80ef836827ddd97c064583b1c95772f3cb9e56fe7e76",1,0.0007
"977da7a1608550f7f71fc5b8739570070d16cd307dac68d54b313125cc834656",1,0.0007
"97766f5c19228e6992560afca593b844ae671870254676727b5373ea5f28a363",1,0.0007
"97695218047e99f979b7703cd783175251255f934909abcf64e32e115a49bcdf",1,0.0007
"974e52e68fc84454ae16f58639d55ecfd3e17ed2071b788227acc926021cdeb1",1,0.0007
"971744789012f2d7792d4a502a8bc2b80208caefaea64a4973a9f4a1977bebf1",1,0.0007
"97051d001eee51e19a52aeab31a99d91ef0822366285eb0272ffe8d3ae67f618",1,0.0007
"96c6ed7ad0050595110dffa9b6ac46f67efcc3a59ed7de2ceea58bfed83c6cc6",1,0.0007
"96b88cd87dacf077cd145a00bc2dcef8472bce0f3cc937f6644adb3865471b23",1,0.0007
"96b5d72f52cf749ea77671f22e2543b8e5d4b850cd39d61a4f1b831eb14eb848",1,0.0007
"96b10c6777a412c435774f855b15a0e51bb0c2d37f00334cae31d974ff610b70",1,0.0007
"96ae13fb9f00b73ff08e276622392fac05525bfadaafae55a11aabcb06160957",1,0.0007
"9698e2a22ac5d5a7e688344dfcb350cacfce088b7e906748ba1e3d731523961e",1,0.0007
"968eb0db459a2b610a32079b0b5c66b9fc768747474b704c0a8bf339cee79334",1,0.0007
"9677074ae7fce0e8c41747377da02ebf4e1cf06902c60c4fe64ea0ee6aab4545",1,0.0007
"9665ef7c77f338dac19adf04d2536ef37472270c01fb67fb5c666ce8f4a7a288",1,0.0007
"964d30c5347fc975dad81d84634b22bb578b9d0e733f13a91b44ecd459001342",1,0.0007
"964304d25eaaccd199d9b2946916b744e8fa2366080e72e135f8ae8fd06529e9",1,0.0007
"96268a9b77af16bbd1685b4fb9706343c0ffb08dfbeaeb2dcc0cf7673f77e733",1,0.0007
"9620f3f9a3315b8b144bd3b50733a40013742fd86e9c63162874b6eb047daff0",1,0.0007
"961ef682ea88cf111e6f15b2ac7e03f2986a3fa36c7ca7d1d82ce4713d9bfa33",1,0.0007
"96069191898f8412bc97880e68a7bca8a54916e8c71e7161a1d2e8fef3c1ceda",1,0.0007
"95fdf9f25f514cc679f65a67f008597b964cd1f8f74c56d288413d531b2244c8",1,0.0007
"95e43b26f26086f01e16d1d367797fd9ca46d0853e29daf650feb64134dcd531",1,0.0007
"95a9b8b4f76635b83def36c59821ac2967fad454b4a1c3f67509e02a86228c2e",1,0.0007
"959c83234d85a572bf63ee5f9edfdde3b06a1f1417dc40136cec851a13dc77ed",1,0.0007
"958b7c4fea1f8d23c0fe44cec9c88cee7d1d08933e71e560789f51690ecaff79",1,0.0007
"9571e58b3ba2ca75b8ef3c6d29770868a315ad851ea21c635d6507808f6b3152",1,0.0007
"956aa4ea680c004ce1efb97dd5d147d6d2eada11e11d5bfef6bbf1cf9facff9d",1,0.0007
"953e50e529f18ae10d5757fd8a8b8266cc58422416e3a763428388d4abf8aca1",1,0.0007
"953c4960f1ce068e184bedbeaa1967049d37d4428d1d33a309c9b1aad08cf852",1,0.0007
"9535c94da0062c3a88fa39ebca4f877d9c663a6b5dd800354fdb9c97ccd83152",1,0.0007
"953079207c92828263dce445673bd2e41987cc0ed7acde0304b1a2d0f3c2a702",1,0.0007
"95193c1d1efc4d6fe58c92b66638e86565fcbb6a3528e1db0bf91ea1cd583f1b",1,0.0007
"9511a013acf36d1b3ca26f8628b2fe2c258e70719ac284b46d8f28782861e3b8",1,0.0007
"94e680699c16a4bf9f09d9077b7269c282e4162d5f331bb4173bd2095e18ab94",1,0.0007
"94da343b4e485efc91b86dff1a5eaf8cbb2081ae7875fef4702b65435ab8ebcb",1,0.0007
"94d328b8fb8b31a74c6d316e157b9d427e4f46def0faeffbf426b392fc6020ac",1,0.0007
"94b3c032a5701c727281c82ede3ec446c7b452bf0387a47daa2606fbcd68f361",1,0.0007
"949649b515a171f0ed2a7b3d32f02e52c76868991aaa5c31260f5965b2543eed",1,0.0007
"9458648be66b2dfe402f35eb4e0ff03a1d98b4683d93c69669afa97c6dc9de7b",1,0.0007
"943a7d74c7f3e65c0ff6a61b1b57600ed6957345518169736510d8aed5599a09",1,0.0007
"94313c946697c20f336f380782f7a7083a475c7cd18078c54c8d8108dbed6985",1,0.0007
"941f5d7bff61357b7c9e911a2823f454ed61e7837a609bd9c30665bf4fb26dd2",1,0.0007
"94131a01d894797658615651bb7bf5a3fac4cc6032411b219bafaaafd77754fe",1,0.0007
"93f5d2b314e4d56a5b8b900ebf3af5b640315008d6a7293004018d167f535542",1,0.0007
"93d19b323410d6cb4373e869a7c0f7711c39d3103fb82c4d65649735b3129607",1,0.0007
"93c05940680e9d119928276087876d5ec3cfa5063489477d884c4781860fbc59",1,0.0007
"939eda257cd15aa6d674ba4e484285ab8d12f48400a6ea56ba860c91e5c1ffcc",1,0.0007
"9379b6c19a284c0b16b9907791d922e3b4e915e2cec909401c1503974f2e511c",1,0.0007
"93684bf8c8ead19b7c1505f739c43a27a1a321affe7c1b6f993878ed51545bc7",1,0.0007
"93611cfdd7e85af611791b410bc99420bcafe21144a1a885dbb74f6a843873d8",1,0.0007
"932df6b6bba88998d97d836c23fb841378292c3b1954a8dde65a7dc549ed124d",1,0.0007
"931f5d79888f6328e0b7c64038d7d2a5dcc00e6a3decbc31cdbdbf978adbee99",1,0.0007
"93133a49e693537ce358e1ed57f19c837f39f85dd7f40185d7ab639faa1e041b",1,0.0007
"930fd583290d0bceea3c89adc7111278288ae9cf6c2b320295563a17ce206f08",1,0.0007
"9309715ef54a4d35b7d60c3f825702ca7ad6b1ca13d8b949e295c755dc99fb4c",1,0.0007
"92dfdf80966472fb3c7d4521f539ce581ac19a3a9db19fd89dd57d090c012b0d",1,0.0007
"92d3f7fa9646624463d3d4d1667b0385d4b91f3e172024ce1d6c803f4aab83a1",1,0.0007
"92a3e902b97bb2fc4ff1414922c1a2b99b8ae2ff9883e04df6ad76cbb96b49b4",1,0.0007
"929983b14e13b20c63e028a760e22dc71dfe22166469a96765e18a8964b68434",1,0.0007
"9285a8b559948d2edcf39f470860718198799bd6cbf15d72ec3f63206e2e9c5b",1,0.0007
"9229544366366dc1df1b4a500901ea1a0b678d80897e31ce3eb4a4c4593fca6e",1,0.0007
"92142bb4577cf321f87081e168a082b0e5a83ba9e4cb5a552fb3dbbcc1b0d981",1,0.0007
"91acbf2ee24b5ac4d51c7f470e9c0560799003f55699c464e2a7d364c4d4bef3",1,0.0007
"91949be675750faf37b6825409514a055ee18722e5f6d2d8614defe2eb6196d2",1,0.0007
"917980a35b241c28258484bd592a0d58aa669ae8e8a9e03036642133fe1834af",1,0.0007
"915e4b10825dbd7f7c8762c1c0964893da0fb56fa3ac901bc974aa0a094cb59f",1,0.0007
"9142dcb2bf6912b2ecdac80bbdf96ad63e1b451f43189ba83ec1bb3f2af22c6b",1,0.0007
"911e8f598b4240f3ae1b957f94bc187cc79229f32c50f506173f1f58527fe7d1",1,0.0007
"9119ecd2904c8860df690c3b4ce28120a12ffe32d65a4934b0bff6420a9aaadb",1,0.0007
"91060e9c28257fef68a650d7a1174baa6e46913137f261a3f2da2648329ea7b1",1,0.0007
"9102087ef2560d517f364113cedc5fd324a3369dfb6bc5828c2e4f6c5d002f77",1,0.0007
"90f9b22631a09ec921847b3cfdf68a0734e4c7b9e7c1730f53bdf74515723220",1,0.0007
"90ea0c2e20538e273c738019a38d9f250f430b10382a5708a17ba325128ef668",1,0.0007
"90d239cc651327d97ec064bd3d5d8587990facaea9e9de633be1f3de424034fd",1,0.0007
"90ce6eb603a4a26ff6193ca3cb5570dc905d216e7015e0a486d5104a6973b1e8",1,0.0007
"90aba0ff9287fb0c856b398325976c1350aa72570e5fee8597e566f68b7f832e",1,0.0007
"9081fb67960cc9ce9db59246d5f9b7c35c4af9fefaae36ca232d98b51c2d6c0c",1,0.0007
"90697c8a5551539b87a74c0cd928d1574d2cc224e32c5c227a970959d76b6bb5",1,0.0007
"9066c0e23c42313df53e7d438d4c1972f1478ef9646c45281c87471b037a3c21",1,0.0007
"9060beb772d261efed6d633eb778fdc13314ee1140c4d376dc6025580aa7163f",1,0.0007
"9058c3f1c742cd26735f8682a0aa8294b6d3b60f539cf1a471de32499142423c",1,0.0007
"900c33b69cbe34748df4443f7681775a02b30599e3bab9c7c9f8b3225a3b1f1b",1,0.0007
"8fe5fd2c83d89ca070746d8ff55d749196909452cf442dcd46630dc0fcae2537",1,0.0007
"8fcbe728309356fdf3947bbea206fe1f4af93fa8be913c83f61765f30186903a",1,0.0007
"8fc3a0a8d9438c8bcfc030dae0e5b12e5aeb3d6d656f79d1364e9082246ea777",1,0.0007
"8fc25276d04bc9deac8812fa0961a1aa7ef24e97c24ff4b5f5263cf0bdab1ac9",1,0.0007
"8fbd78ede40e9d722259f85e0511b347397c0ffcca4c8fa580a73d9d079da7f1",1,0.0007
"8f9c953a4d2c77685e17e7e9e6b6da3088e5edf2ed4b9105922f249235a3d669",1,0.0007
"8f79e8d49e1513486501c6265ee93f2c177e8f450e2039444646ea6e08ce5de4",1,0.0007
"8f70252d8f78ead227b2406de527384ceaf8a93a62e9ad5fd10aa7ce776e1992",1,0.0007
"8f42a35df1173387ba2c5ffe34384b3e4517ce4ec11df13db67d5f2211267cf9",1,0.0007
"8f3ef7af94391e2f7f52e1daa2741d83c863532a262754a8f4e18b431a4275f5",1,0.0007
"8f3c7eb40c99c23e1f2b9f1d6052b14ab7ca4e982f424716765cc81676f6de77",1,0.0007
"8f2d88a2162960d63407c86b8121e445bdc44b8d753a82640996a0f92a835a5b",1,0.0007
"8f256161e27d373b8a703c11456308709cd97181f4599e5f49c2b009d5435110",1,0.0007
"8f2090ebb822e22ea389231770c51e7c85dac16c0f63d9620b7f8f48484bb0b6",1,0.0007
"8f1a1bd11cb8db0ffee8e7ce3f3c354c3b6f002f14e8e94d92c01848264163c4",1,0.0007
"8effa76c77750c50405d71bf5836e7d0571af98a03051cd39d90417c471449c3",1,0.0007
"8efd5b82f10f0ba88d2983821d56587837479e7e1a6b47bd79dec7b133781fd6",1,0.0007
"8ecdddf5f29c224fd217b771140b9a1595831f2f924e0b26106b2e72283bcdf4",1,0.0007
"8ec2ffb1c4a5f5494f3abbfc629059034e9afd687f13b8b3df0aaa5a76c76b21",1,0.0007
"8eb67a3b0c2c7556c569661c94eedb03dab12bebf0e0a1ee5c34dffb6b5cd957",1,0.0007
"8e848cdfa6478646ed032db3a66c93cc2ba29dc804b870adf9d6ba4dd89f4d2d",1,0.0007
"8e821c0e45eaa5aa2346ca0370d5d1f83bd72bbca2e492f453580e96a1c6e20d",1,0.0007
"8e78074c5db33a5d5392f3db4e5ae349060039fb14aaec349ea88ee8d9031eef",1,0.0007
"8e4849b8dab1d9c416228b498c5c9bf0fdd44c014c03ab6ed7a36cf5d0f9bf99",1,0.0007
"8e4011779b2b1510e124867fe1c1fadf01cf3ddc7263a41579617444fe3c8ab0",1,0.0007
"8e37b9149063338d2606522e375aa7bdc133bc7cf17e6aedc10305a270cda304",1,0.0007
"8e2d69057bcd0087794cbd5ba37e3cc9c97226c6bf1198f9c29d6ade8f008f35",1,0.0007
"8e0d3c6ace7b80c80d945eaca495ff2cea7de12e9cf736dcf1fb9aaee07b4dd2",1,0.0007
"8dfbc6ba300cde6ebe747cf985cf9221bf3594981595b9c26bbd108ff19a5598",1,0.0007
"8de494f9dbef2103a52538f664d03521802959efbdb91fc30769c81cebf65c0d",1,0.0007
"8ddb3fd1f2d58b1f862a6062775aaa374f6edaabcabb97002f95030b937c8012",1,0.0007
"8dbfca48ba362d1437bae799056d801886ebd571fc4a8dc467ee4a8b1903a9d7",1,0.0007
"8d822aacfc076e53711c664bfd31cd8ace5d5d8645555cdddd3cc66de35dc29c",1,0.0007
"8d76beabb52e0fd793f99c2620333f23b67ae3502b85eebb5b3b6de09a6a56ba",1,0.0007
"8d58bbc589739888a61a804090215ec387e642a367dc01b34d7c9d13fe341604",1,0.0007
"8d557b6258d61e7ca37be7d63a919e917dd495e3af96d9bc973e50533fd12986",1,0.0007
"8d4fe65215b3a452ef35e0df68671a312052fa462a1cc316ef578fc5a28d3c34",1,0.0007
"8d4ef1767f86a9892980d2107d329cb238aeae84dfa32897e019a5e5cf5ec62c",1,0.0007
"8d2c92ccd9aee042994822dc43d2f42157bbff09f04e1c4fb11613c4f6e6e2b9",1,0.0007
"8d26318b3c2baed9d4569c099177b16f5a7ef629d52dbb9ddc027125d5eb2e45",1,0.0007
"8cfe3b7ab83b932a43f521ca6228185abe8a873d07851eae1385580db53ee802",1,0.0007
"8cf43882ff2e6757bef1900973ab26efb1b42b832a640a320a9b881fa501cf76",1,0.0007
"8cbfa7279f4c7e7e60f3546606effbb529666dccecfb30ca3f685aaf2ae5075c",1,0.0007
"8cbb77f6549092faf1434da34d4d6ba62c02554c90273f06c5f3e417c8178f31",1,0.0007
"8cace1ed722c7f29b0356ae4d7f386a0c6f3687bbd2dc6f7d70fecb025d07a16",1,0.0007
"8c7eac15e56fe39b0bbb36c379764471819275c289b30ee4fddb106d33a660ec",1,0.0007
"8c76ffd3505326bbb4f2d60cd6807d5b1fd8730c147b999ee93b4eee352893ff",1,0.0007
"8c63faee3539b6c27b087fe1f209c3ffb25cc1e71a43646118ecf0721ba2ac1e",1,0.0007
"8c55c430ea3f2bdec5192d0d3b1f5f23571e4a7e1e10f7abfee3eb65129a2911",1,0.0007
"8c51e655921047d90375c2f822a53991fe04ee577e6aa648074f6a5bf1ab9eb9",1,0.0007
"8c4e3349ca9d14978e91548b62903d3e00738e23858b765a9065c90d6044b8d6",1,0.0007
"8c272b219563b036d2e310c5b6960e377cae2c7eba10e0781659d0e85eb7c785",1,0.0007
"8c248cdf5a6363e6c45d1adf8c337d4b55b91916a55253c99a3124cf6cb2058d",1,0.0007
"8c11fd2f6deb730c96881535381ea6e46f5da7e5357fbedac25738096497b681",1,0.0007
"8bd40dbf0a684d2ffa4c80b7021c652f38e4648c4bb7ea8d5257461a499a992d",1,0.0007
"8bc7894d8a4e46b085d0579e233e3c436bb34e18f9a2a83d4bde8526cde18cb6",1,0.0007
"8b96418fc7fca59ad70406082a0930e12d7b48dc6410192dc6a41dba2d69769d",1,0.0007
"8b9263f8205eaad2c36dae6e40bd86bc780212532949ba452cdfa08f02b4f357",1,0.0007
"8b87435a8980f2830588a8837afba398c07e1b708654e347c91c091df9da85d5",1,0.0007
"8b7b2120f8d6abeb99683ae12dbe38ccd43cd60b8094806ee550e62ed7309e35",1,0.0007
"8b6b5fb297091300fa303a22475bef0de2611fde33ad73765d61212115d2d96e",1,0.0007
"8b5c65bfd615fa6643ad0c072042e1d1f1cbd7557c89070ac04d7f45e2c1eddd",1,0.0007
"8b352851764d09261e4ee99935f2f9e3175b8256849be9e6c7372f1b262518d9",1,0.0007
"8b31ad8d075f5b300a062d79fb010dfea11a7138f756ecf994499808618e334e",1,0.0007
"8b2a049a84a1bc9b21fe85df6f304a0b65f21d6af915c874fb1d6950db183249",1,0.0007
"8b15c2c719afa492ab75ab3d267e9b4ebdf95052ba6329d4e7370833a9019a2f",1,0.0007
"8b0e0ae428e4dd36aabe9a8476c1e4962ff1d2c4e8afbcd66ef2223177e3f515",1,0.0007
"8b099cf3ebc9daf0826780ef9c22d28036dd636dabbacbcfaf9df86767e34703",1,0.0007
"8afaa1fb2e95cbbd2b30e209dea8f3e66266a5800d3edcfb535f90a24bcb8de8",1,0.0007
"8ae1550db6f33311e473c1e853d192dd72623cc02c993608a86382469473fa91",1,0.0007
"8add2e6274f7954ba41844add612e166edf8a616e7808138f94124d522384da5",1,0.0007
"8ad7472a0d3980aee12718a7e4e09dee9ad4657b4346e112057b57a4739b3fde",1,0.0007
"8ad47bbb67e95408cc289b5ba8032dc5f3d919b545e9b24324e7a018726a7747",1,0.0007
"8aa6278bc42ef5b60260a500c5c243a1309f2de7ce9a2c31131a771a0317815b",1,0.0007
"8a3e5e79babfced57f58b4100267590f7552cd82731cfda653a25794360b704f",1,0.0007
"8a3d3044c254070cbd3e5e21a0c207184a86b6c96c0457d1b0f124aa204bbfc9",1,0.0007
"8a339bce6c59b2aa97b8e8efd2db061a7d65b8f5583ddcc4b3ec29a27f27930c",1,0.0007
"8a2ca096cee2fffbf7086a60e82bbf28a9a1c7d20bbaea59151053a32ca61cdf",1,0.0007
"8a2b3fd944612968801d015af20b843db0552affc8e79ef2775f7f21fd7f34cf",1,0.0007
"89fe74a7bbc2c80e64092453e51c4b5244b57b9af7ce9d63464a2cd88fa59f9c",1,0.0007
"89c9082fe05243d714fd517c883118a11ce3f91d084c139405605db4c9e0dfb4",1,0.0007
"89bb628dba0b34a05f82354e91f30af99d1802a4fafcc1d54c72b86426fc044b",1,0.0007
"89a1ae9313b9abd1a93c5bf42b2982474dac263593a73a1ee5cd7dd0d8240b63",1,0.0007
"89a049787cc9cfa4537c5cf1413574e0690668b0522751181dd32194288a967b",1,0.0007
"894971627dd1e537f12efa9965ff196cdd080c013bf9cc4b66f90198d14162c4",1,0.0007
"893b5ca2a0038bb7d6bbc1b16582520acb6485b57ac441239fead410323767dd",1,0.0007
"89100df40ca3177d10f56daf2ba827a0c021c936421914deccc9becf72d7436f",1,0.0007
"890cd68e74e2ffc079c637a9191e8951a1d79d616244fccdcc0be1139348cfd8",1,0.0007
"88fb527ce0f55d2b68ce74c2edbf7e9f7b938f67acb3268a8363e103f7fee7f6",1,0.0007
"88f4e94243ff87627125e8f65853b581d82851346bdbbc72f53271776806ec55",1,0.0007
"88dc8a0c73bc7523030f31706a5d2019d24139b1cad5cf45b32f3436a995fbb7",1,0.0007
"88d675ed7c4809a18febfa527d740cac109c2b8c0968f569dad787094f992f4e",1,0.0007
"88b454022409e5e7b92edf994c4a9d65dd39d5dd5e9e35f197982bdfdb0fd72c",1,0.0007
"88a43cd89d2c0a494ff92c7f236faa3f6e0a6e88032f5dd5b30e428f254f68e1",1,0.0007
"889f5abaccf36ac0a75df9e9da0b9906eaf1bc2d9449f2c8e1500dcb435e6050",1,0.0007
"888b330e4df6bc388de71b0b0a9889d605c74fb7533ac5d1bf2c32d3649cb985",1,0.0007
"887b08be75d275a9760e796f6e96bc297223d7a8018cedc70e0f46d9086ebae8",1,0.0007
"88509c72c0a82812b8f110b04bcd2dd3f734a43aa4b8bb18a28160ca9b9e4203",1,0.0007
"884fe1aead4a417319964e630604fc4f747e11e3c95030ffd5e61fb577b3ca7b",1,0.0007
"881f3f0a35e83b4c03c313b7ebb5bcdad5973863cfb2a89a233dd2d118d7f273",1,0.0007
"88163547f8ad94154aa5418a14afb5980389c67090add8b342798a5d8d8e2e41",1,0.0007
"8802df0b43b7ee2832de9a67da87eab68911f0a056f9608eaa5a81776bfaa686",1,0.0007
"87ffa967f85d508c0f37ee74825dea7478e63d066dee4b9d7ae3042313cc2c08",1,0.0007
"87f3d83666228cc5f69b1b21a99b9236411d212dbced35dfb616232b02ab0bf8",1,0.0007
"87c0a7386ce794a340215af660401f53d8590a50c246f15179b1ac34632afe7c",1,0.0007
"87939fe1a1f53f93485f789a269d6805ed2f5f538192bc12bf140c05b434815a",1,0.0007
"877a670a9cc15d112d0429350d00416ba9cb8bbcc6fda8092cd4bb04874f000b",1,0.0007
"87226639ea86545d54eaa2c81bf0658647434151ef2688179d76654307549f9d",1,0.0007
"87192b3944d3ab94d3b27b85474ff451a6638474c91940933f1882aa08d1adf8",1,0.0007
"870fd9304761816a8659f3b64fb7b66108e9ed292eb09972bea2075eb4231317",1,0.0007
"86fc7eb21eb92ebaa5857b6a0396bd790b222c82a35b7297cc17df61a6b082a8",1,0.0007
"86ef6f7610c643c241cfa7dd76d0b3e4978cc76b83e70a49fa24df6bc3b27072",1,0.0007
"86d7e30d3f387985961424237184520db3a095259fe2b2c7d40d696d2ac04fb3",1,0.0007
"86cbeb87755a82a6c256c11f83bbf31aef0a974f3a9af863de81cb7dbd3fb4a6",1,0.0007
"86cbd3d1d2b969acb6364c4a7c435ebc5cb121a977fb3a34cbeba9e5902c8bd6",1,0.0007
"86c1e7cae3b2067bfd6f1b5632c2a750d6daec0df7601ffe99572012ff6ef456",1,0.0007
"86b1a067816f905f5f71baeb2dd564254fca37b90968500b926074f45f034328",1,0.0007
"86b099d8c4eaf15d92b0aa89cacc1d9e4aa43e340417bf00e01ac6c6e9fbcadf",1,0.0007
"86a831fb9ffc5957505e4ec7e6cebf7f42f166545c818616514ef54bab5f230c",1,0.0007
"86a56396b4e9bdce0b0a9c8168906ea053e30f249b2f841ca1e578e6813d7b67",1,0.0007
"868a26642dddbc9e8d676749b9ed27acfc4dd6b396b57686a84131882b65fb90",1,0.0007
"8684ae2e788670d572b0c969308773b536c4c90cc909a4f2f1255db06c3e23b2",1,0.0007
"86801782458d4ab4887c8f9dfa048133fdf4137a9b55381a75aa356d9f571017",1,0.0007
"867d0e4ccbd8adadaa504bc132334fe94a7ce03bdc7e4b2ede4ccf0b1361d0c9",1,0.0007
"865a1bca96e543fecf25c1e138081db8061da8ac47fe331395b75d204ba97712",1,0.0007
"86151ce31c342dd83d8d25e83cf66f3c2b8fd0c9b31d507ef4dc05817a3e982f",1,0.0007
"85eb2e1e64500ba189af1a463b173a1d4a0107cd46cf91f105bf7ef1c69b3180",1,0.0007
"8597229abf161531166aefab43afd654d2659e7c9cc0a75274fec2239817f99a",1,0.0007
"85957bd431526fc46d6f94dbbf09b7e4df9d0b975ad84ec5804ae923c7f78478",1,0.0007
"857f3a3c90e99dcf96584919775d44a21a5b13306a374585f8b7c070d7bfc565",1,0.0007
"852425e2e3681fa24f495c0fd12d1efddbc2f267b52e97769cfdc9e533698229",1,0.0007
"8522d4e117480294f11785a5a08ea46048757e713a6163ebfdf328af5926ba92",1,0.0007
"8518d13075e694930480bea1446518e0c4a2d4cd3681aeff4d825b1c4b5cfc81",1,0.0007
"84f92714fce3bc25287d8895455ce94eaa66e98c41a8f69da78a5abb9dd15a9f",1,0.0007
"84eef80b90e1a53eb3af5e3114c6211ce736765506cda195bf6d753c9957ceea",1,0.0007
"84e25f330258e25d67c0e56b1c98cc94a171404c1a0c2046e37b77960cb06832",1,0.0007
"84d7f91a09d004a5f2c014a98cc292123d297e6839497ff26ae7df5e93b15746",1,0.0007
"84d535e20d0b22fb6c4b061765e3cddfb3f528194e403b6c29333d507c481bdf",1,0.0007
"84b1af5e9798e7cc03f0f388cb21a02a2e541466733332d635d6566db4911ce7",1,0.0007
"84a3f14abef991fd0160df013d2970ad2feb395eb0fb628dd0750ec0c959339a",1,0.0007
"848e901e7b141af830c87227c4becb05abbfdaa6f97657dd29e166383cc8894e",1,0.0007
"847fb4e590c727f947b5620f22cfa864e1278a2b47af029bb4319ea5feae6607",1,0.0007
"847af007b07456aafd7a7ceb7080efc0e8460f20446e6a9bae913143db819897",1,0.0007
"8459f968cb6a950761ba3917dd141a1861f5f478ebf1c50b7aab287ffb939173",1,0.0007
"8458d58865622d1500ac28328367761ec825f18209cd98186afdc7a8b0a21075",1,0.0007
"8448c356f2c8bf9c2e2b81edd2758a970d9211e090a5c8c84f87ce5388b40e41",1,0.0007
"8438449c4cacbeae6e42987040cb1b5de41cd462bfcea2925dd750dfb54c9979",1,0.0007
"843050da1fca69abae6e0e57a6fab625f8723c8ef0b6650ef2f4e2abc350bff2",1,0.0007
"842c5d41cf057b60d32511da67f739348c540175ff1a50a261d87fb1759b7c2e",1,0.0007
"842c28f0f4db756cfbe259553993fd1045c0df32966b4bebff9d94720490e5e0",1,0.0007
"840a71ca2b1873ac5235e7cffa95d4a17681da57d91b0199f749d61aa9134ac2",1,0.0007
"83feef85dba5a6c1205daa685c66ebebdd6610c0057b1bac46dae8864cd2b113",1,0.0007
"83e66d8727055a6de7b1d70d5c267763be3cf0e0be0e25d843b5b88e39b98d4c",1,0.0007
"83dcc7b69e6c86ab24d7a63f8255da0f4bf2cd9043d039903d07ea38436f1fbd",1,0.0007
"83c27967d766a02436b37e0ad3bb5edf498248c453f6d02616397bb38f6e9ce9",1,0.0007
"83c15f0ad44edd0fd9710301e718857752ae17bb796223d9f40c6b60781e367e",1,0.0007
"839b53cb00f82b4fee0abdb3938749f6d162f702374d74872dc2a53a1c5571f1",1,0.0007
"8393a1d52cc40fc3fd37d93da56a3322109159d794ab1d0fbee120dcb3d8cbcc",1,0.0007
"8389313708f2493d76b36049d41bcd3dbc2d2fc8c5816c3ca7c2c92cdf68c480",1,0.0007
"8387f754401c20c448e51e4ce5fdc097f6dfb4b439041ee17e9edca1d3c0e8ee",1,0.0007
"8382ff90b60f888ea2c3080743de58153236d01faf2ef480abb46ae2a5bbbfcc",1,0.0007
"835e707baa30ccaaf0fabd634365196e11d23464f1e64cf049f260f51bac1749",1,0.0007
"83585b55fa9db740e526bacd0097bbceda580c1ab72752ac10527d9a49307dd7",1,0.0007
"83582a6d2952eb3a36240a1888c1becd45fdc3a6010c8b4e6615ec6f72251848",1,0.0007
"82fffa61fd1e78e7537b3405a8ef339e9d013a8435162dc92ee9a802793b8d26",1,0.0007
"82eaed0b842b579f9978706d84717236b14d24254480ebe0861f554f5e8b3364",1,0.0007
"82aebc69ff8398deaf4ce031bb7624af949ade992c4cbe890655735cda0d2cda",1,0.0007
"82ae7f78b0bc2721bc691d51ea76aedc0695acbda60351edfdd843b0a2f2821c",1,0.0007
"82ab49f5d86a13f1912d5f84c1c8803ab3c195f3929e7080f38d50ff5a12f996",1,0.0007
"8289dd80ef50f3f756639bd6f45e333a433b4c01ff1e6af1d044e3b6e46aae28",1,0.0007
"82740c72af37084a9d080035bb12e417ba349e570ec10e2b70d37d6cfe52117b",1,0.0007
"827225d8911a0034b6059f6279453b8d6a09a9510b061026bdcbdbe19f918d0d",1,0.0007
"823f3b59031675ac00d6cf2dd0e917fc89310943926156c8bbe10717e5dc4242",1,0.0007
"8230c71dc89c708353d7d4f5d824f9c6b290388cfb33d436449a1b7dcb731ec4",1,0.0007
"8203313da6728ae851dea4bc7f17946ec3ed3151b7a5847fba25d738c771b447",1,0.0007
"82032f31286cb8ed45accf938d6cfd0ab8ba68a0283a547c167372117b9419da",1,0.0007
"81e56c99872069a8cd7d97b9f678db343ecb4ac76c2e95e8da0ab78a2a2b9b29",1,0.0007
"81ddfb6f28333ef680bc0d9ca29af0c2254a34995836d42fa61695718c50c456",1,0.0007
"81cd1d5b51ab4678883b0aec3573e89f7c9c9a43d8e4e2507e2813d880853149",1,0.0007
"81b5d6e4ccdd81963fb1c29842e41144c6ca3f80853eae1c6ec24e123a4c9fd1",1,0.0007
"81a63040ecac6ad5c8d8441fe1cbd809184b6e47e4c559bf73d06268b0683c49",1,0.0007
"818b843262dc8a3f002860714b77babedee6436bd1783c4d2e678b49b4cff044",1,0.0007
"816413c82e152a87ea9c83dcab201df380561d56936780b3a527f89b468be3fc",1,0.0007
"814e71839a77b12242daa6306d0a7a36f4ba6484f9130891e93235040e01a348",1,0.0007
"81169e69f9dfe3ffdf387b36c30d7134b9560af3fb8d8d5d7c4286e72828eb42",1,0.0007
"811068a1be14c83ef55fa0fb6597ddb7dda40bd5141adb2e42d73229a73d98cb",1,0.0007
"8110634bc9c8d95f0d852f0dd3fea6951a92140fb2b23c41fbced507a5125c9d",1,0.0007
"8102312a3412b5df4a23761bbec7b83bfe6c4eb553b5593bf5083d0c8c185268",1,0.0007
"80baa838de7f753d460e2407ff6f3692bd6d1b529929bb283db1c4ddcdda837f",1,0.0007
"806e7de085560e1bb29adc8de32536b541afe4d8ab1b5176661cc430ba362d33",1,0.0007
"8055c4aed0e8e449277f4ad2101a8a25a99be05ef72505b31afd4b1dbf57bab9",1,0.0007
"80353b9199a71211139dbef2a8cbb4ec144a1c33051a69dd0a7c67ff7783d526",1,0.0007
"800c5441a63701438301f08125ea0f3c0f0656cbaaa3f6b954f50c09a878a9ac",1,0.0007
"7ff802575fad3648ed19b9f89200396ee8e0b18b1c373524a9c31eb77787bb8f",1,0.0007
"7ff7bc8306cb5ea306249905c751beb8b4017e2d66accef571d554485787854a",1,0.0007
"7ff2ddfd6762fa777e25f23303a036de44f2ec71f4d6fdbe13cfaf93e4a3957c",1,0.0007
"7fd53bcbca859eb5ed9a08848d445db337bf49e090bcacaa219f8693b3cfa02d",1,0.0007
"7fd3c4c236c254b8edce69fd7457d9918e11eac39fa36791400b4fd3c6aa5fbe",1,0.0007
"7fc336bee7129a452374451348d5a666cd1f5c6296620deb5782383996b409d4",1,0.0007
"7fc16c1803de4182d54f04c07023da722c0065a6039746c72fa0b51b9a2a4e13",1,0.0007
"7fb80059088d523730858e6ab8b90c5de8066b4bb369672c87d514cc36e695c2",1,0.0007
"7f9a7411fd4125177d5384be4d89d8893eb0b27887e91981d64679bb2ed5cd2b",1,0.0007
"7f85d1662b28583654c63f75ba52a91f5759bd56834746e67050059b7cc89b0c",1,0.0007
"7f820e60e922b3123bbf34a2736668a4d2990da87b4c07f6228676a50506c680",1,0.0007
"7f487a22b00154beec9fd1669d3e71e5779e290978f8898e29c07ee80f5dc0a8",1,0.0007
"7f3fce8d23fe828d46cd6cb64391abe5d95f848e59f3aec1e9b0a41ba9b7e3eb",1,0.0007
"7f33cf1ee21f1021ed923bab93b94662c7e1fcdab18f2072d8685ca4aeb3abde",1,0.0007
"7ee622f3933b24069ffd417d6e5283ddf612697893a38d1e9ded95e196176ef9",1,0.0007
"7ebff3ba5016f7572e3cb5655deb31c4814a18008780f160091b0eb56cf87157",1,0.0007
"7e9b4247082227ddbf8567eb080c1d9c2ff181058e27b1effff60f2513b78b2e",1,0.0007
"7e5e4a6bf2517b01ab6606462b15efebc4051d14cd43dbdc36b9d1b0c85042a3",1,0.0007
"7e571e814399d52bde9bb4667d54c801ff8750f518731094139419019da2340e",1,0.0007
"7e3787a5845781aa1f18664a3a4d40ab6ab7fb3abffbd85895a5efaf196ff423",1,0.0007
"7e2328d8924ab9d8084eae52aad40bfce2eb387ad2ba944be18230fdd2c72608",1,0.0007
"7e149fb9d5840941688e6c8131dd9e9c06839a9ac703086df72e2eedf6611f3c",1,0.0007
"7e0d3810437b3a062dccc99d5343ca2fa7125b0356685dafc26d29182866934b",1,0.0007
"7e063311a1dbcebca1f1540e465b151b80a24906cc66e7daa8c6f5d9b01af74f",1,0.0007
"7dc7a6f9b3a872f027fc1b39d2b1347d15c84a932349fcfcae4cab68d49931a6",1,0.0007
"7dbdf52c2f1a3ac305850c78697b1a6930f302d07e29dfac71bce765a13b8be7",1,0.0007
"7db27bf89b058b808d5612b71ad5e2dfd17e19dbf97150ef2e2321f4e56acc2f",1,0.0007
"7dae554de6c9ba21ffb9acd9b9ed6661fd6179ff9038a6b29ba6909ae4259802",1,0.0007
"7daa93298b1b7e10212502d0e200d10ed7d27633b5ac0746ac07b7315a76a715",1,0.0007
"7d7de8c0ae5278c878a861fc9501a6cb8907b02f6ebb471d61064bc0037922b7",1,0.0007
"7d7bdee3c0f7ab63110a55a801467d97e04b0a360bef41cfc9b555f376bf4dc3",1,0.0007
"7d5e1ef91b4c0f2899f0f10cca01469002acc77744e1206a10a415cc268f1664",1,0.0007
"7d42926593501707afe35150efec336d2a6eb4d879b6c6c10b097cc20b9936a9",1,0.0007
"7d41b2b48b58c03c31c580a2f6791aae7ea602a699711e8d2009300bd4815667",1,0.0007
"7d342470dbf0d32d48c7679da8f424a478c6af58018994cf9138650eca7dfc92",1,0.0007
"7d19940b2c8e697048bd2df0ad1dc3782b94897d79ef0beb7f97aaf96ef04c86",1,0.0007
"7d15e96686377f77f7842664a34c18d710c4359596b555c17f036cbff3694ef9",1,0.0007
"7d0a101931e1321c8a9f54b616610b7b301d1930251d611c22b08d0cac8e1a5d",1,0.0007
"7c9f30e225969cf451c4bc450ecf68ed17a5bd9bd32f5763869fe7682861c8d5",1,0.0007
"7c5cbcea48ebde41d3e750f70987c5f01afe44d5531dca04d5c1a155e0326662",1,0.0007
"7c20b0099c937806de32d30f4013e8e0fe3c229652ca0506536770e8ec899b02",1,0.0007
"7c19316884790c71e189d0489a430103c14b8d5cec91d5a086137717a3ab1ced",1,0.0007
"7c0a0a004a82200de1eb8fcfec801e5581695795fd8b8be7332c4e055d78b13c",1,0.0007
"7bed311b8c372d2da6bc60dbaaede1368439d09a1ddec4392edc515dbfb5757b",1,0.0007
"7bc43d8486dfdcbee15979a288bd850cce12fb8b2aa1a5b088afbf7457bad3a6",1,0.0007
"7bbf4f8fc227467136bfde2ddc63dd0de9527ca79d55a219a3558ce414a7b30c",1,0.0007
"7ba6ffc0405ffb330601c05ca99759d5017a06ee52032165f2c69a9b00997d5f",1,0.0007
"7b7d97d3bce03b73bcaadb4b7028c50a39e147199349f095d09e86a5453b9085",1,0.0007
"7b7bd05b90e8cb8a337c290b487943786c4b0612485839ef22faa0c7b6992efa",1,0.0007
"7b1193d7d4a05bf01c4949b73be003094c0d91fec77a4e0b50224c07f8848b80",1,0.0007
"7b067d9d22b1449d9fb3cf2c031eac7d9e2d286140bc5dbe3088cd6218467056",1,0.0007
"7b03eed4c531b5d647d68d236d9078028e28780dc02fbf4daf169d0c18feb51c",1,0.0007
"7ae002f14b115d7ebf9a58030eb5dcfe64501cff0cdfb0529f1943d3b519d526",1,0.0007
"7abce6486a24abde33fefb962c957e328c3975b59afd5aaaf20c383306d7d1b0",1,0.0007
"7aa64a0e6747dbf85119fa643991903ae97a6d96d1a395eba1895c8645f3c727",1,0.0007
"7a9e2caf4e12528bffdd64b2446e69daee24f4baf91462255cba8b526ea4ec49",1,0.0007
"7a9104c8afb83326048bcce6f232fa10a59124aafd0492a40df40e201e258c55",1,0.0007
"7a6fdfb8c8be0c4a7a70613ca68db27d3d83b4abfc1d6930655a0b320d2aeb72",1,0.0007
"7a625f14ca7e1e233544766cd307e2411fd75046dcb914eed1e9485710141477",1,0.0007
"7a564cbe1ec0388ad915eb7844eb46580107d25b114e21a9540cab0ac93b7d0d",1,0.0007
"7a03b6c17aceeb8329725a517ec2322b11387abdce2694e92bc710a061a6d04e",1,0.0007
"79ebca40c46bc2de32537e597e595bae9e0142af16ec26ae5e19310d9f2fc361",1,0.0007
"79ddb90c9086aee548ef6f55ff207a380a25e3c43217a047863c16061da5853d",1,0.0007
"79948997fe8f21c040cf46a0af478c3c05b6367a2ccbed7ae98a9209ba5ee925",1,0.0007
"79844e1cdded979836bb3d1cb643931350ba61f383eb39678bf33bb5f7161df7",1,0.0007
"79831b8519c34d0217d66c12f2731a6cf56f64d0f78a6f5ddefc0b8d582dc3f7",1,0.0007
"7962e9688dac17d8249d28af2e3817b88a8fde5c0c2d7e1624b0af79276a36ee",1,0.0007
"794714cd62578e33a337a394f9f41ef9b65816df52611934e0bbac7ca37436e2",1,0.0007
"793d6184a41011c2343c4c0c404f02768e45716318e1cbc3e29148e610196538",1,0.0007
"792d8c5c3662016314512d917cf51a6d4b4de7a1130db8df6ec2d371c441575b",1,0.0007
"791feb3519e92dd8d234a0b95ebeccd232025da85040c0feb13f686237933a35",1,0.0007
"791dd565aa471f8c36f2318efb8c95b7e1e4be8a7067e612599d540536d42324",1,0.0007
"7907c6338e67c2f9ceae6f2367cfa1d4d8e0096adb06d35c3da885763d341a77",1,0.0007
"78ffe22bf153fabf14f6be784f43039d50a6a787d733e63b8052b3e8f49ea565",1,0.0007
"78f67651542409675abac9185874c81ed19441dc5fae3028372c7803a9e5545a",1,0.0007
"78ec1729c0671ecbf4dac529bc50f4a19d71b4a396bd8a4aff52b71c979334d8",1,0.0007
"78bee632a64720dc8a9c28aa2d34ec2bb4f1d28974888841a133ca1a5db0cf96",1,0.0007
"78a81a6ec4e6ae29f4aac97ba31769b6f697a25d0fe25fb6e9682ce5c830640a",1,0.0007
"787af105229e019296b875254869f89441f3a9c58fc8909be3bc11c9d7ab8d52",1,0.0007
"786bb0c0834d4eddf64bbbfb07fd19063a3b7db7e0040f47c668eedd0179318f",1,0.0007
"7863108598b13bfd62c378af538806d470940bbb7bd48c8b74079b2878cef9bb",1,0.0007
"785229573e23d111df7e017e40726f7844b69915e1d8697991e30061774d7969",1,0.0007
"782da988a06ef049c709e5a1d505b86f3f856616bb9c45b203eb345c0f095253",1,0.0007
"781e2616387a68e4f90f96011f72574862fdbf96edcc8f8661970b921b47ccfe",1,0.0007
"7807901b2c98c19a56de016c5cf42b4df1c37702a34e38b6d567ce08e41bc8e4",1,0.0007
"78030272b06afb09d2949ab8877c9a8ae1ab9025b48f4edafd5816cc44f76eaa",1,0.0007
"77eddb6147fb374b2b4ec2797e0cd51a60e1d2eee77fb9874b30bfa71bab4c0a",1,0.0007
"77e26e62a0b91dc35e51677d51eb8c94a4ca8637312253689faed81a18f35a33",1,0.0007
"77d958b25ecfd622a04236ffdb7b47905232baaca8f41624c6c83b17a7872e1a",1,0.0007
"77ca54faccba9adeb4b3337e3170df463ac01e0948806014bb2e59aa2791d64b",1,0.0007
"77bf6fb1eafa6ff1f05dcfc9a39e1ed8f60e4ee1535525bd0aac0b85beee60d9",1,0.0007
"77bdc0a993960faa2b0dac7b43a5160d6ed745ee787573c2f0ad8d00d4806366",1,0.0007
"77bd198231c6d3eeb4c1390d550e15f09a31c5db51403b10641d4b8a0339844b",1,0.0007
"77aedaaced4149fa772568a876958f85f014b211f4372a36984af8752c3d6edc",1,0.0007
"77a724825352014515b4fa468c893850a55caae88a9e0dcaf19bcd43cced1b97",1,0.0007
"77432db78337e52c308a8c85ad96db0dc1e011dc32ce976bd742c007e6df7e23",1,0.0007
"77408ed3aa3ba863faa2863bd82a5c019b3f8c67f2da08e10781e074e0a9eae3",1,0.0007
"773655d8d70e06a29e3e361f9c0de56f654f8ba4e5e6dc5171b5b88251e70bb0",1,0.0007
"7725fab80f17f39a1afcf7372c8be2fb842fe63be0af34988edf176b3d3be081",1,0.0007
"7700bd263a84137f1ee307914f36a11101d9062c135429b8b440d2863e5b9a26",1,0.0007
"76e60d025ee6c0322cb19f4846b9587ab172870802251de903e93545371678b6",1,0.0007
"76ce70fe6afbee2fb37c0cb164e79892fe8c437c99e2dc49cab58eeaa3ae75db",1,0.0007
"76cb15cdae479d33e7ecb80f1f78cf446d4de23827be987cd1dc7ade705bb35b",1,0.0007
"76a94c6d4dab410b5504b8a04dd221ac2389268997116797942cc063d2c1ecb7",1,0.0007
"768b58bdf07754b98642a3643b1a5ecdbedf79db0946683a184264cfac8bf466",1,0.0007
"76878ecb4511b8a700d2f2d388714aa12445db672d0e50d979fe11e2232d1496",1,0.0007
"766f110c331023ebbe8f7468c39ec8fc50d8c3f0a58f05662ec2438aa4a57301",1,0.0007
"766122a42bba2000a80405ca1a1d19efeec971ad58e7a50b1293fc06bd6d0f23",1,0.0007
"763ea32c344f79bbce87d814f55b3328b831237443084e726caf8b8e4ac2b4a7",1,0.0007
"762543cb0ef4e0304cc8ce2d1c79e0e8037452a30e10635d67e1a6fc12fe495c",1,0.0007
"75e5cb71647a3ea3e2cae7ce14afad991c647e0fd938fe09887aaaea4dded2bf",1,0.0007
"75d17093cbc4224f8688976bbdaf830e53d0f062aa931efd4dde1bc215cc28d2",1,0.0007
"75cad181d24899cff20b7cc3e2fea4af830f63e4c96a96285d3f6cb9960cabf4",1,0.0007
"75c0304177d345e2dae5032e65cb9bcc5928b9c8a8b89b1cca43db9677515a2e",1,0.0007
"75b8f531e6eb321b9d45f253cc0bbf24054439df0efe70b3d02785c982e9b14e",1,0.0007
"75a71102c6f15e38e739ddf27119a62c4f97346d79d5f761a47bdf39e79f64e0",1,0.0007
"75a5aa8387bbdb27090bd376b6d288484c54dcb258c27a38daeb2201c6e6ab36",1,0.0007
"7599eb7a5ebeea3dc3e37016ac54d38d498d94f54588139359d64058525b210d",1,0.0007
"7581085085b5775ea14da8d8d81b9f85b0896f18291f92303aaf86b3da293ee6",1,0.0007
"756d8a64cbeb7b1c9b4ac80ca1bbe8b1300835200b748bcadcd85fcbfbae6e41",1,0.0007
"7565d0a585254be47001281baef5bbc5d539ccbe1c813196b3c45995a6c15b74",1,0.0007
"755211d95479113cc13cc1ef6d043ac3403bc4a65ad3cbb4f1c6d458e39df509",1,0.0007
"754486d7d80cc6de6af86a5db0ea6be39b6b654e6e61a9390a1e3ec13c2662c5",1,0.0007
"750bc79732e2afb29d54b0ba14c388049d276d8bafe1f090bec38f2de9c9ae67",1,0.0007
"74fac76fee6633c80075411e435aa842be8526a3f488054f63aa7d69db1e0cc1",1,0.0007
"74d620e8e688974202b2dc3ed095773606f4c71b3e9419ec2c3a3b188043008e",1,0.0007
"74b7964d0690bc2665ad8d5b3486d6b3f718ed47e321fe04274c2b445b81f5d3",1,0.0007
"74af1a031934346260f7265dacb633209dba507c1416f1e37d52405b53478f71",1,0.0007
"7469dc27e3eabe2506ff51b49a9e430995270fa2a9d28723d9939a8be124b0ec",1,0.0007
"74689c7fd0d43a91de41473a1a95977d67726826f052cd891fc4f7b8451b6caf",1,0.0007
"745191901ff09f1e8a442b5d471583b6a3aa39052b473cd3e088730e879532ed",1,0.0007
"742b08c1f93bc0bf2dfe0476465ae7e8971f5fc72dd591db84b660b2bf444670",1,0.0007
"73e376524114583300199a27c5c79bbfc287d878967aa1c73033605ece31ad77",1,0.0007
"73cc8dff0e568ccae02cbcf0c5971be9c9b269dc1c1adf3f6107412b38f114a4",1,0.0007
"73c6767471158ad80cb5c595b3e91691ff658dbe264a9cf071d543425d842e40",1,0.0007
"73a8013c0bfbd5e759fce70b36fa2e43684607a6a76a9d86688e74237209d059",1,0.0007
"7360813fbb625d0a1566053dc9deb8c3bbdfc1272b5e46ac1f129aef0215e0cf",1,0.0007
"734c059cb0afc73f39be84492ba74cca3c7110e0f881c3176e9d273c4137418b",1,0.0007
"731fc757bf5347dc28bc6abca60fe403bb23767daeb58a50995d555051d834b5",1,0.0007
"730cc0b884e5f04525f2d90f484fdd4bb1535f0ffd54fa6540fa7b2aa062c02b",1,0.0007
"72f44d4aad0f61804a0e2d285a37c04acb82858f37c50fd736709de21a61b255",1,0.0007
"72d85f7c9c7642c827418a89cf9d71bcbce4241a617d5c308bcae02853f4ca46",1,0.0007
"72d16dc10294c385f120ae19a49fee0f129aa75033750a3e7f9cfdd32a3c824a",1,0.0007
"72cda851153696161ccdb3ccbfc37e16568cfa83055088bb49b193bf14e6737b",1,0.0007
"72c7c2c8d832324060d14e02ec50a942a40e669a39429c351b04b8eab52a38b9",1,0.0007
"72bd2987e304a02d6ac9f0aba414a71a99849e2e5eebbee6458e894fa6544488",1,0.0007
"72bc9922dfcd0cc4fb825bf7f6e28358a33b8cc743586717b8687923f816670d",1,0.0007
"7291c46304b77d1f183efc2f546742e0063fab0e9318f3cb0fa6152762def706",1,0.0007
"728deb80a6064c035edb7c30b3acc990915208d39c0603570077a39fb9985fff",1,0.0007
"7285b0f4d1bca4f610007e75948ee935f7971e5846d142d7db8b720ccee1eae3",1,0.0007
"7282f98b5cfde16bd92efc9c4e62fbbced592cf098c2c1270a32a6628a263b5f",1,0.0007
"72780bbd9b76a202bc0c6c74d4ea028766d3b907b516e36dee7fcc9f7372f77c",1,0.0007
"7273bcec1841fc67bdb486aac92d76ca8d0f339b4d916b5e1c7a818d5ee9bc41",1,0.0007
"72549d761f5216c18bc420251fbbf544031e2443b6f12693d910a02fcfb3b3f1",1,0.0007
"723a725b9b27848fad9e71b2e3872e222c196f4b7fbfd3d921f8a49fefc44d65",1,0.0007
"72339ef3ba24b940e9afbab7dc472590385eba622c2f91f8d44efdbfda72fe65",1,0.0007
"723386432efd572798e7d5a74a6d309446047600088870a88be6203ff83ab61a",1,0.0007
"721439428f8377a5454b02b4b3899483413f13e45099f1d5b12e93dcc0184e3c",1,0.0007
"7212a1f98a3a216d327c3dc2928029aabd7591a0454e69abc8a851f231bf60c1",1,0.0007
"71ef41334c1255e5eaa7ce81cba83a654728adb97a8abedec83028e91cb844f0",1,0.0007
"71c77b1b75edeeae81618d4677a1be604bf56f0debb14ff89fc4f13300ec849b",1,0.0007
"71c274fd6c0855c1a151f7cd0a00c4f37171ea7cc4a560b24d659db4b02383bc",1,0.0007
"71b4991b83beb7b39164fb507a6a2f690a082a7b1dd1f1d45209195e72604b8c",1,0.0007
"7198fa50a8de9116329cb5b4bccd9dd24226f1bb3f7adadb3be8aedfc42cd74e",1,0.0007
"7187ca902c58f14fea132ddf77316aa62924b1680d450930b15ea4e33f0a57ba",1,0.0007
"717ee2cce34c980317646c6631933e508ed93ac43f28878ee41b23a9b48df028",1,0.0007
"717d58eea5f3c7c81f9d11b47a329fb958472e78fb52d549fd8ae30497eeaa34",1,0.0007
"7179354408bc25d9821ee005178485c62a7af21ba2b5d8b61aa65b4a3712cdc5",1,0.0007
"7167c13aee8957d92ef38398c5c087e220bad2b6888992171341cb7c0812b1b5",1,0.0007
"7146c4dc1c65423e25ee2ac12bcfb891553e89c1497889b933434ef6ed4f8898",1,0.0007
"713da0a98a791439537a01d3e7e8cd376d1a9e59713b1f5bf4753c5321661474",1,0.0007
"7131d5f7cde5346bef499b2ac38d2b18532b50748ac44ab7b238deaa5ab54479",1,0.0007
"712b076fcbdadbf30dd369e3eb0c70014fe5194b9071eaa72581af9cba791254",1,0.0007
"711eaa2bfb496b318eaa77215c4868522b55953b6ca8e7c9714baa2ebc92ace5",1,0.0007
"711d045cec39bfd1e697ec9170f46213d59703e8fb241333f1eac41c20f22d64",1,0.0007
"7102ed031f18de849214de681177ac79857b99b87a3a310b80034c567afc5077",1,0.0007
"70fe44694c9fe6b0abc69a6da4858fc2aaba04fa10492a466a1d426d04ca8560",1,0.0007
"70c6ce4faa94e9f182148508dea8c771f5910fac9ed7dca6440f29bea82454f4",1,0.0007
"707e03a868d58d2494b38ab43980d4184ed31fc2de9d8843862f09404b8d653d",1,0.0007
"705684fd0ec0c9de4a8dd4355c1e658d3fe7bd32904679bd067025fadc3ed0d5",1,0.0007
"70476567ae54585647c305036b2a8e375fff492ad06e38c3687d0cbbed136433",1,0.0007
"7033b8d936f3ba50cf294bb3388afffd18a404201c972e404d14dcf789636123",1,0.0007
"701026cce8d7f6fed4166eefc934be7dc104ed5a4c6d063064e68d3ef6ea93a2",1,0.0007
"6fff095baadc5f6ca597dceea6a5a866ae2b00955f8ad75b66a6f6691beedbbb",1,0.0007
"6ffe4269e914944be872263d34cfde5b48b405673e569cd15407b7e7f25ffad9",1,0.0007
"6fe2a2db82f1057b73f4de744cc360465abe59567ce67a80a58aa0ccaf215197",1,0.0007
"6fe099b64855bcba2b7fc6f4cd9b0d8e6cc98743eac6cd44042fc7ef0c22e3f7",1,0.0007
"6fdf89c5fe1b4c11c5c1c85dbe3c6e7142946b1d233b7cd173b68c27882f186e",1,0.0007
"6fbc2d8b83e0bea2e99aae9f8b3ece23826f85ced036b5205f152fefb895ced2",1,0.0007
"6f9ffff186d9a15c293a08355dd576d9ad3198aa8f0f2c8bbbeaf3e522882c30",1,0.0007
"6f9bcebefe68ff5ad6a25c45eae9cf26f0f160887c4dc04887c3c9b31ce5f86a",1,0.0007
"6f94bcd729179502f0461b1095162d447377fc098571b793dbbca75dfcf1b462",1,0.0007
"6f90cb9a0ee81cff03ef4aec7dbbea75eb065e79e6718d9ec27830459531e396",1,0.0007
"6f7a2515350982679b9118868368e78e579c1832cd95a5142fa020c152f75690",1,0.0007
"6f6514d775b00c37af674b80e9c8f54505c631f10366a95c5a2c33c43517080c",1,0.0007
"6f63b808b23c1fd867b063108b9be72c3aa847f4f5e3f1fb95be6f3dddb09244",1,0.0007
"6f4c17b3a2b3e0baa9694da40b3c4adc00e1c8a9667f3f07d409a09c9385e992",1,0.0007
"6f48fbf0c78fadf29bb530a7b9493ab77e8726c9c20b8c9c3bf59834d1ea34b0",1,0.0007
"6f1f20529172f3956626d13f87ab237a0364ee1f4b1c96615e2f001f4a6c617f",1,0.0007
"6efaaec6bd80c0ba207bcff03d8ee47008e9e5c46170774ceb38a6b8f084e898",1,0.0007
"6edb49620c7bb90745dac6645f17f2adb6b03ab00359897d8bcb93da58980479",1,0.0007
"6ebcc98aa39d6a40f5e8b61087fbe2c78033278e8def8a6feaa3c966f59d436f",1,0.0007
"6eb77143bed4d5cca8def5d4fa96997e67d48520285ac7cd79cde97d13d8be3d",1,0.0007
"6eb64c060e8d6b5f7b34bb261e1fcde8fc374c7c0f117eeec3f2eefe6fbe0bba",1,0.0007
"6eb010fb5779d83a858e6fc6a42679936c93e1c6aa243425eb32257231d63b8a",1,0.0007
"6e9661776c66eb01e4ee574abc764068532fc5444c6e4abb92404e90122b5bcf",1,0.0007
"6e91a60695667097fee08491f9a4ddce5c7464fa851acdf5026391eae8f4a3e6",1,0.0007
"6e89650c3422060f536cebbcda48f338585e3c4172cac7e4516acd8a6f03ccc2",1,0.0007
"6e77fa78ced14f4910d89009aef5a744ccf242a63f9eeed7629ed224ff72b4b4",1,0.0007
"6e76708fcdad6303e4a9b45b0cf069caeaa2ab2e83dce0038cae111907888d16",1,0.0007
"6e6f87b920cb63e6115cdcd414b5afc752e3abded1b44b34754e834f4c6a6030",1,0.0007
"6e6c13d93e197aa380303a42cd120f5ddb080dd36ef2a343ee1dbd04ca52a443",1,0.0007
"6e5b1644c9058f25f77fe28456d57bfabe5aef6165deb9690be67114774bd23b",1,0.0007
"6e43deaca1f03216f82567e65a258af7d647c1336aa2ea3ea1243c3539f298e3",1,0.0007
"6e370b607e3ce105ae9280aa5d4953c9a08c9ef29e22d59bc6dcc58d719dce63",1,0.0007
"6e2d8d51b66b6ec7d136dca948d8fc0c550eb18a7d6b4d10be8e2cad2e93ee67",1,0.0007
"6e1b332120d0bf4bef50b2614e8143b9515dcc7b950c4213783d813c50911966",1,0.0007
"6e00a774d7ad80e70d4243049c23be3a8f7159dcb2a1da540140c0fee9fa6fa1",1,0.0007
"6decce7493373699d72f6aab15556b268b5d1f0b88fa0c47cef7f1dd1eccbbcb",1,0.0007
"6dd088086079c258f62fcb9f1588c94cc7022a32f5d4618d4de9fd7cb8e2b4cd",1,0.0007
"6dc90cf14dacede165c42b99b7c7e3ba5fddc9c403b16f5f232833d37ef6862d",1,0.0007
"6dc8364ea810034cf172fba2dc3899690e85159452868f3d3d2237408285961c",1,0.0007
"6dba0f1f8be9035fe448ac415b3b5ec2c86a0c969c271d09c0afd328249a0529",1,0.0007
"6db83acdd2f4eba41710d01c68a89e0880b495833579dbd95535c0bd4c0a956d",1,0.0007
"6d6e4f3b2465a0ed9def2beb7ed9214ff07755f959d3d5ab7a2558134ed261ac",1,0.0007
"6d6567610a6e51124707b379b7dbe14f2a60fb81669321272a203140dc4674ec",1,0.0007
"6d54a8f37ce175e07f1c6b124de4d9ccb5950bd3d982339c7597bede75703013",1,0.0007
"6d23246808a15bc813ffe047995ac9dbfbdec06bb87bf8a535d33eda9de86c7e",1,0.0007
"6d171978671ae95faabb7ec0df6d4988323e0686a5b81ab7a6ce9b18b33d5a7d",1,0.0007
"6ce358737803c08f60e02bb95d1377bf14412e4378d702ed137e6bbf189c6b66",1,0.0007
"6cdb9a3cdeec01a113c50e311218eeb0991aff8f7b379f556badca2b49b1eb01",1,0.0007
"6ccb1974a315d4c0474b69508fbbe762e303d0de202cf5ebd690553fbd6147d1",1,0.0007
"6ca534f4b6fa978460b9259d3c5b3168b92315bfee7cc38d799d8cdb88910701",1,0.0007
"6c993138d89bccee8babf840cf59643bafe6a386aed117fb6aa5686fae352bc4",1,0.0007
"6c83fa459352917c32ba2877a4f2e9c887ff866ec10b4a68c968d0aefd5dc8b3",1,0.0007
"6c8012acf17efbf551b4c2bd8beb6241d3942dda42b686be669111fefa745ada",1,0.0007
"6c78a6b1ced100fdab17b249808b371b2c2ba49d2bd25843a2e9b51b80379658",1,0.0007
"6c6e8c849d457a555ab3e6eb4b7fb3908f3826f6816db52ee2f53e06551bc918",1,0.0007
"6c6224428fdbfd6194d861f5948298183630985eb9dac67646b7bf63b8f793fb",1,0.0007
"6c591b8fe50ac60c2959f0ede4c3e430c74aa297abc69234d6383076712d4f7d",1,0.0007
"6c4abe57ad2f83905e74a334a0b0c8191a2cc8bfb59ea46c95e4f84fe1c45697",1,0.0007
"6c49b117008fc835a24fe932c85228c63ca6f5c2fd4511d728a164a913067d21",1,0.0007
"6c486f586a9079dca056c495335e341c3ac5c017b3e3a78110025a5a39bfbf85",1,0.0007
"6c47b86b587e898b527c93c75bfb13956a3a791b321ec98de6a781951fc175b3",1,0.0007
"6c3707e9ff8a9ad0ecf595aeebb531b97c1d53351b82a694186707dde1f1d0c8",1,0.0007
"6c23f6ffb33a207b54043a9b255313be228702dea4b82a76b57d292272f335cf",1,0.0007
"6c19d2b024c9a5f9bdfd00126160c280056e345e8856477a997eb6b6bcd46959",1,0.0007
"6bf962495d6d7b90926ea689c5eeb249b15f7201dc25ab1505f08d439b2f2bd7",1,0.0007
"6bd075a1f2449ee957a00bf9020fec4e6d9a9c15a73799283f9afa5fbf8748f3",1,0.0007
"6bcd873c62564c2872dc60e833fb90b49882e76a4e31161b6314744b81c6d3de",1,0.0007
"6bbf5e26fd8f99370534f976a11ce10a7cdf8c66a2621f4b0af78c93b436d25b",1,0.0007
"6bb5e9008b05099dc34415bf031823f42c09c0b0c9c87c5b886e8f64aab6e221",1,0.0007
"6ba93bf4a5b385b6d0846e2679a53b6627c678492165b006afcae06cd57b8820",1,0.0007
"6b870017bca9322c8121ff0ac65f7175f7b18ff0f0a702902ebb938ab1ea12f8",1,0.0007
"6b7c22ba494da945ff33be0bbfafcc9ae1fc200e67d02b63f1884c2c11bd7444",1,0.0007
"6b6c191902bc48bbe4b4611ff87c9906c2ff15630fa2c32f8497833da2b86783",1,0.0007
"6b5cfa77b52987cc75e764be8a610fdbc037bb588f67691f27d7f8167192825d",1,0.0007
"6b5c9904d0a4b9a6013016e1535ac72b0a24a7580985f555cdbc1cf5077e3403",1,0.0007
"6b4804920a4068dfdcaaa711fac6390850e0a92f4b5ed4e46259694b61cbae12",1,0.0007
"6b443a47052497797bbaf9bac8588ac4a326860732a0d461bda08fb81f99ae4e",1,0.0007
"6b35ee2504b4781dd8eefab0920968485fcffabeb02b768d9eb6da3c2821f215",1,0.0007
"6b20edaab23fcaf4ba5661123a849938e5ff2e90a0283388fc563880df66978e",1,0.0007
"6b1454e7837d2b3abd654fa65ba0f8b09dcf0a47b4587aeb330099ee41549f8f",1,0.0007
"6add8b6ae6d23f23de1b40a6ca52d7dd572f2b2ddee46e029ed8713c528389d3",1,0.0007
"6ada72380e9f86661f21b46437071024c96e015c5a5671ebd9ba9d0ff1b193ff",1,0.0007
"6ad505bc7db75ba3c8d0ed4a0a777232a71fc2a450509c84742f561342335c53",1,0.0007
"6ad1439a0e8a63f2054dba8caf49209285a264495df5ef501b22c618b220d470",1,0.0007
"6ad004a94c3913eaf0433dc912bfa68ceb72dc9c1d2f32c4eb2a1da757a26934",1,0.0007
"6ac2f94e19146bedb76c356ccd5af6450f1073891e5915457076836b8f887cca",1,0.0007
"6abac53e2306b09a13f6eb60649953305159ba293f8f97a2ab0720c6a26ad9af",1,0.0007
"6aa5a2797c77f8535d5bb280d1316dfc6dd04510f0e0379ee40b912176501f5c",1,0.0007
"6a87d738c5b1b5234dd81d33ccf7a7fe657e5c8c80fa8883a90856cd44d7888e",1,0.0007
"6a4e054cac529c7049803bf751394a06fe9b60e13e9031dff454c56eefe307a6",1,0.0007
"6a2feb8065c1858db5e767139f71b75cf5f6ae1c157141377411e02f2a98ff6c",1,0.0007
"69e35766bdc41278104b559333f9faa69571c11a8a5fe56b2186b904f414a879",1,0.0007
"69da8179d8caa50bda8b51c3698e502bf65f03b080c550454159b448b853cfa9",1,0.0007
"699dfd1ae67575da411f086ee86799ea76db953f3c5117de82fb6466eac8fe87",1,0.0007
"69909a7c5ad44ebad7206c2c081b8ddc13dd637f2f15039b9cfa2f1411a2f869",1,0.0007
"698367b09ddb1ddb858d03ad820be4e52c481d0b58c2c1332738658f5f61b6ed",1,0.0007
"6941bcc7ece66828be93d2d4156926813ab091bb58efede1e6ee900f5783fe20",1,0.0007
"693c54a3acb11cd87fd707805c9ef5ef967c874441b2431ab7fce60a6b7677b0",1,0.0007
"692890fd7e74d3ac8cfecf65690afe9d403a6b8f89b91a86483c5f714c8df300",1,0.0007
"68fa8f09c7b16b08d043f7e4fb1edffb47fe0aaffcb37c3cbc8b86d1be4fd515",1,0.0007
"68f7af0a5e81f11f5318d7c71b17be154e409d8b158cd7036d2b67b6e9e25e4a",1,0.0007
"68dd40168c65900894788af9afaf56975e3e562cfaa136f2a91895113d265c73",1,0.0007
"6890f00ee44367eb94f390c7d93ea5c92825313e3716784a9dc26b86b2d45188",1,0.0007
"688bb9ae32c2b30fdf3f253d93e8a4b5e4867b0114c466649979390335f4e216",1,0.0007
"687c1c4ff91e363c65343b0ba748179ac24e1d62ca77e8813476cb70aaa3458d",1,0.0007
"6879e50db141f6a2b281375e871869dcff02c935f32da13330aa2ed7738b1f19",1,0.0007
"687248b653fb19b39434c11e07e8d585f28529c06995f24fa714ce2d1d180bda",1,0.0007
"6852adf6f78315fa368c77f260d4943d3f0ae7032f63267426639d499bc5a39f",1,0.0007
"684580d7c3c2f2f7e2d85072ad695be32787570be0e3aaccee9f19c8b1756c48",1,0.0007
"6835c23806075288284c89e133b271a3ac9c61977fbe49121f92c5431f29a0e7",1,0.0007
"681a99952884be9b0e1e8b56ed65319dfa2627eef9e29fcedc9d7e43d1b3333d",1,0.0007
"680b9ccf2416bfd941962bc751921cc6c2a9abfdb520f68b2df950a1bbd41258",1,0.0007
"67f18d2e5acbc1d316fd16698a887cb732386c6a8d606638fda3f840759f4823",1,0.0007
"67ecf7d6f9d349dbdef9c3fe57ecf8bdeffc6a5dc67ff7b64874302441037817",1,0.0007
"67dd54abf2778ae66e0c26d02560368209fe3e4ae1475c8e2463d4010185d70e",1,0.0007
"67d9f757d67b18605c38d62e1e8c54f3749755080d44b6f498d9e13efa86a541",1,0.0007
"67d1d9e4b61fbf2038af20f0838eb0600f87de50a05ee9bc4e23e52427ed9261",1,0.0007
"67ba2a36d61df77053d628f4f6bea50d300caa972fe0d9c539ace9636369f484",1,0.0007
"67ab60cfad4ff37a1e972c871260bd7d058142a7f54103268630e569cabc1ac8",1,0.0007
"67a5d3f216b4ad95bbe63514935a2346b0e3db69cc8ae02cfe81f5ab21b0bb84",1,0.0007
"676b4c9260b694aaf448639f581de3bd4dc71b4553d03fc457b63fbc9a9d55fb",1,0.0007
"67198f14bac70b8ceaefa761b7b811a16e4615e98cfdd40d5776519b7ba8da0e",1,0.0007
"6707ac183cbb34eb8186a5a22e71fec95d2dcf3f3a4ee9fc01e07a924f1c3320",1,0.0007
"66ef2e49157eebe509bf949afd3014bd3bf135cdb29ea8f0f483b7c41f67d836",1,0.0007
"66ee47c4c9d92d4e92eebc1971fb635d769dd8812744e2b651ef48c3f8bcaecd",1,0.0007
"66e86faae2a7fa410981d518564472fa40751a846ad852ea5de6cc7c6549d5f6",1,0.0007
"66a5efe73bd43cef306bc06656d8c9bbbe51e4bd1a481265398208bd1ea924b9",1,0.0007
"667ccb3892f78f7daeb63bb9539ab4236622ed521efe78d8280f0937cd5af111",1,0.0007
"663c25947926c532d634a25fa8de7fc3ea09acceb82cc87b98a5f2a0382d4d16",1,0.0007
"662b29c0a3dee2b0faa0fabb04359d03f163ad3d3d1a1f53c9986337678ce347",1,0.0007
"6618ab96636a9b0ae1b65c9b1f6e63012e841f861d5f56e21048ffd56c164b14",1,0.0007
"66012cb4ee576703e78a9ca8d36c87184201f864f52d649c67f8bbfcaefd8ed5",1,0.0007
"65c75f404a967ef9409b7c6fbf5d69744be78c08528315c15ca237e70c2d5912",1,0.0007
"65c6aa5c986a146fab07009156b5578e9cc5a6d8df70c6a1d1060fd86bdf2697",1,0.0007
"65b9c52b4ef5aa0fa5ae5c50f95e548ec9c24e495f52c9a854fe1bf1faab2c53",1,0.0007
"65b5f4a19eed8f6a6a3c802b4e06bcefbe8182d9687acc820faca8734637e4d9",1,0.0007
"65a79fb5351db567fb73b92c79e451d8af2e2bd7b589a555f44602455166ac84",1,0.0007
"658392af7e6d39d640ff49f252faa7216e78bd19dcda4e79b590f6f63a0aa76f",1,0.0007
"657ffbcc2721737a01bbc90dc8f61641cb8a76f628cd80200731f2324a57d016",1,0.0007
"6571dab599a3bc2ee3877d78c1ab8edcfa9eda212e500a67ccbc132decb658cf",1,0.0007
"65439367ed8ea2deb96c3b90386873a7a705be93b26f399a9739657bac9e39f0",1,0.0007
"653ec64cecdcb96308de4b8e2367606ca43c30529312f0e7a2e6fa95d0478d60",1,0.0007
"651d94293fba14b5534fad59d7d30dec4f8abff50489dbf418b21e03e5b7fdc6",1,0.0007
"650d8780674f5f36a12678e201d436d43fe1c87317beed9641a6704b7b4d0e93",1,0.0007
"64ec785c3de749f5c6c5c0ac2de036beae42b460d778107e1f3552e95db672d6",1,0.0007
"64eb28154d25b613c818d825502fadf1665aae221a6f1d33bb4f84eddac09f39",1,0.0007
"646a683963fcf14d4bfd0e11ba7f1e07a790d446b06c87d34af69f0ba06361a5",1,0.0007
"6443889f3f9a35de4aa34ac83ddb9439a5fca050817895b45037e10a39607ec4",1,0.0007
"6428017d9aef271fba623b0c1aa83f555a23b1c35a46248f40b93be65fc5193d",1,0.0007
"6403121c24b17deed1d7f39ddbaa96119b6c9af1a6a24bc30bbddcf962c257d4",1,0.0007
"63d95c0dd0c042c283a09013cec8e36a0731fe75a97165c98954928122bd11a8",1,0.0007
"63d0345d3f5ed8666bdd5d73b8d9541d1e92e4db9837bd589095063e3730b571",1,0.0007
"63cc9ddab3b68f0bdf7d8a8db4d8cd2eeefd3ac6c1ca7e87204abcf956463e29",1,0.0007
"637df77d12c8e666032990e94158ccf133369fc1f04569a87d252622e1accf33",1,0.0007
"6365e9fc6983253bd858a36e8e2f8cb6d527ab1ec7a7a85ea6d206cc8f38d7e0",1,0.0007
"635179f2c7ba2f618f63fa0e4fa10baf83e0dd66fb6806a35c76aec30c05fd10",1,0.0007
"63351143b7b1e761b8e6b9e5d0e087364787f7cfedaf84dc5bd50d8a1d9268e6",1,0.0007
"631f2c5fde38ba13ccf06c3d6ed4ca9c4d9c23cb64e0959f57247b215c1273db",1,0.0007
"63104261fb8e5bf34a842574cc5ff3dbb9b4757b6f9f3ae97df896e180ba295f",1,0.0007
"630d8880b70b7811ee756fe6a3212022e970b0d18fdef370c516ffe98d30b4aa",1,0.0007
"630bc19134e656667f059971536ad90e43b2499804aeab8aec5c7c5690614e83",1,0.0007
"630b0e919ab7fc1e103ba51664034bee109cef85a2e6afced6839c9a3ab45c26",1,0.0007
"62e8089edc7842fffb1bf6394a40b25238f721ea1d4d113311984047acbd4ab1",1,0.0007
"62c282b9c9afd504c8f3d0120de1ebf999acd812ecc2ba45bf171f3f4512a673",1,0.0007
"62b298663e3e1a906ff35d7647095de3129c689f60bcd651d1a3fa64d70e63d8",1,0.0007
"627c3cca60d9e69893743ad0f7d4e93d47e2f58ec0cc4e08c0143a23a970617d",1,0.0007
"6273b6eee1ca533dc40ed557e90dd81825d15ed0a79317bceea79940ade0acaa",1,0.0007
"62725bc1eca1a53f9120caff6590a6f354ea7d7fe7bb0877318111085eefd982",1,0.0007
"62390cd3fba43a2ee0cf349da3e186b59e8e5338c71d57114256e184e418ca45",1,0.0007
"622e38ad4ed18eaf5f2561e74c8f6d8ff860dbf5cb976baf295cea78508eb362",1,0.0007
"622bf8cacd4419b6c3fca054359e3294beb2b3aea40f0dd57149b903289cd4b8",1,0.0007
"6209e220942b05d0bf2b4498accad538bc7b4a1602a19440627bc2b1a2197567",1,0.0007
"6203d68fa729d303b69113e8d95d2ece3c0aeebe8f6eb2542500afc0efbd838a",1,0.0007
"61fcaa95e0aee0d9b0c0cc4c1247e1088cb961f3f557fcdf7ab3f7abe97ad43b",1,0.0007
"61f3ec45073b00a29bce98268932a9dcfa4f803efd2a425e0938d44047608b4d",1,0.0007
"61dcbacf1b941740ae2f332ba25f9d6c924092f47ece5302e0ec518d1f322ed4",1,0.0007
"61c642a5fa142563d7db53768dce8f5488e46873c09d78080cd420f4be266e67",1,0.0007
"61bbc68d7bbe96e8da09af2a6a21ec5ff078cfbda8ef1bb08cf4198cd6e94b48",1,0.0007
"61b3a195cffcaa12b74442b7392f3a08bc00427c84c96f04a75c576821befb7d",1,0.0007
"61a8c28007732dc52bbbb2c8aa3b880c839594ad45ab85de1fab671bbcae9b0e",1,0.0007
"616ef7324c4c437dd547dd4778f79c80d4c489bb4ee5b9c8d1d41ec7f02c004c",1,0.0007
"61622d86491f13225db35a5e6867c66cf08eb99cf5d25e7db8ae8e504bb0e78c",1,0.0007
"6157296d6d43c9a66d1be3d9c20439a1aa98a34ba9cd9e62177709aecd79a56e",1,0.0007
"61413bd99b4403a49a2ecf45df4a107948569911178b8c7da7bbb82f8b662a09",1,0.0007
"6127ed1e3c1457526c46e0aca83434c8988a3b08be0a23ce40fa6eb945bd445d",1,0.0007
"611d9160de8ac52696c31c218ac8f1c32eda7678fb184352183a35675c6736cf",1,0.0007
"61079ef75168714c8472d492313197c7b8f8375832f060c0e186d140b13c5c6b",1,0.0007
"610092b165e288c5a615201bee4ac75dae663066a2c2900857a88d61f35404f8",1,0.0007
"60eb6b4b9159841d074b81d8555c20a94db4c0473ef405eee116f2f072f88416",1,0.0007
"60e8798db610bdaf3370d39ebda56ee1dc2c15ce1c3a9e28b528bfa24a06b477",1,0.0007
"60d2a7abdc6407467ff2d42a166606c8dbb39e87b531aa35b455620e0a23389d",1,0.0007
"60c64fb9c0a26e5a2c81282b57a54dd325fb91609123fe6e1a524ebb43377e11",1,0.0007
"60b8687fa152f1ba555fa24e64d0ee9e87b622feead2822a3e8a9061b2cd158a",1,0.0007
"6086307a98dfe02cf67874c8bdfa5fcdcb3354ecad2cf23eca0add65bb4ff9ca",1,0.0007
"604de02c83c390d740cfda02703ba50321c593610dbc9641ab6760310f26f623",1,0.0007
"603cf5fcd9a116855e530bab77877b0e6fbd48f767824908f8eed7b3491bee47",1,0.0007
"60353edc14f1370441b9a82fab42d104dc488c2a0448a35952b828d4740ef732",1,0.0007
"5fde181d1ecf87859cb5936484829ff8e673d8f553d8909e9f49b3d4009eb38d",1,0.0007
"5fd9b2dff5d1273980f75c1dad48aff77ad95eff3d7278994bfb59803fdbad04",1,0.0007
"5fc4441a1f114f0d2e52578bafd95f56f2f2b67751cc08961a690b80e6fd61f9",1,0.0007
"5fb4102e0e08593eb91c7c6139efb0bdbc8302ab3012f253d06c39168773bae8",1,0.0007
"5fa3980c37c2ee23f571778c71f1f0d9158079be9d11bccf18a28bfb6eaaabf0",1,0.0007
"5f8f8c8c0e3d2f7b5700d5a5d0eb2412f69a2a96b91c4d6096caa773bb9b9d5f",1,0.0007
"5f85b5ca8888347990b7d6384a3c73dac1fc652f93086224d78dbadfc934d729",1,0.0007
"5f855f42baa51a549871658e773f88e565daaa412db72717016c774ddd5ce9fd",1,0.0007
"5f7d2d3b842ed82de5d15c530495ffd9f501869286dc8144c4fa058d84141806",1,0.0007
"5f7bc3f7da81fcaaf721d192bd69377a241fca674f056734ca06295953de5946",1,0.0007
"5f72dd9ce62f3c7e3f7c21d428c5a1e7284edbbdeae9a7ec3e3727a6b98ef285",1,0.0007
"5f41462676ef708519915f79367292c8bff6a3d2894931a5d1638a29748886a8",1,0.0007
"5f26c824d48b1e6bd55bc790fd3e3d1c96b41f6233a7814f3e76313fae080d5b",1,0.0007
"5ee8f4da9fb5aa9f0df9a31a4ffe719b76da8ad3e568c223fe13df8401303187",1,0.0007
"5ecedfd009f076eb26e32cebed132f43fcdaef1c1afc873759a0e13f7e4f918e",1,0.0007
"5ec0aa5d710f80b9d77ad2da4b79f1babc34d6bc1912ce5043a9edb71c7e725a",1,0.0007
"5e73da950717eee3b5a32421ba45f5f65c0e37a495bf5d518643900909ae716e",1,0.0007
"5e5ef70cfb649d69e8b11104a454bf65d8d932a59dbd166c5e1091c12899729a",1,0.0007
"5e5b82ee95c4b65051f36deee12df838a767f6de941689313e3d8434a0ac8d01",1,0.0007
"5e39f2786c2fc54422cf981d7123c098b94f1a1d744e5d9455a3feec6330bb97",1,0.0007
"5e36f06c16479a292140752a66fc121b2cec12e596f1d6101e0e10718fcb48a0",1,0.0007
"5e1ba8a63ba026ffb8616e329987bbe744f51a930809ff9f1c15b66b7a2f2353",1,0.0007
"5e0bff5a29e2473b5289fe96aeb59b48ac335e5e87c46632b53be1f662447d2c",1,0.0007
"5e0a411e923055be7315780b2edecdd86c7ba65e938d35ac72f60b206b87da93",1,0.0007
"5df0a59c957c2fca54b672c7be2613886d88d560e3ad475e0634bac45edb9129",1,0.0007
"5dde0115b085976a1b45c4366c7b0f90364e0289c5119ce84d4fdcdadf703943",1,0.0007
"5db92f73ef4d7dab7f583619f04fd24d765afaad099834e85e46fd5f96e235e6",1,0.0007
"5dabc6595d37b9fdcfb7cb245753e1c9ff58a41884ee6913446093d97aa0f233",1,0.0007
"5d9afb4e7c44a1cd0f5d232012c9109b917ab005ff34a5299cc7c76e8c08a851",1,0.0007
"5d934aedc1ab9ff882ad807586bd9da87996ecb040b661d2b7810f9193ce3d75",1,0.0007
"5d69995a76fcd345f216195906a041617c603d39d735ce6117405b84cb5ddac0",1,0.0007
"5d13258c3b823f8265652e7ca48a063e7dab02c12f826b0f858b9a43460201d6",1,0.0007
"5d083d73612ee50ee02a187b38f230b1645b22d59712595ccf6b99fb6b0dd86e",1,0.0007
"5d07998062ac4696132c6f02626be8c613676dfbbbb1f38bff066b6fe24d6538",1,0.0007
"5cf08bfafba6ea47a0fc68afe998d42e0a25070d780c86fceed0f2f99106df28",1,0.0007
"5ceb765c68e75956ae8f747ec600a4519bf0852f276b8db1f4ea95ee4be3d172",1,0.0007
"5cd3db1eca19b2829b1b5fa2e25916062d34a4c9dabc5211618816b60c5cd8e1",1,0.0007
"5cd0191c27f93ec6e85d50f8a55842dc20e1ac52047d9b37e2f93ec7073a4cd6",1,0.0007
"5cc12c9628b6de8aeed3905b6596ab40bdb931b02bb042e7cea2ff7c17d7cdc0",1,0.0007
"5ca9b826f047752261fec6e79e1f81c2d22fc16a43498b9cf64b872c785682fb",1,0.0007
"5c2ebcb5a94ccd94a599bef03fde30e496c3b3ef24b2633f643bce8c8157562f",1,0.0007
"5c2c44a7e0401051cf6c5c09a360ad16e347df72e88febc9e3a0a9aca3b621e7",1,0.0007
"5bf2134aef24c2b04dc54e5a8b139c619494adb5591154f687d00042921d4399",1,0.0007
"5be88647e2a91247121cc271cfd3563e68a0d2543372f89cfcea85b5f545a33f",1,0.0007
"5bb6c74791bf1f46de11f241bb97e4798bf02271721b3d3cc2e38cf8e864ac2f",1,0.0007
"5bada0b968da7c3efab713f90f8f2daf3e1e4c800a3b69d584d6f722a930c380",1,0.0007
"5b90ff32336f9c7d0b32f8e2a09b134b541712b8edd980ef88190edc4754d59e",1,0.0007
"5b77d1ff3a1111e4d3f20f41a3979d9227ceec92c65e2f7be7e8ca456b716d21",1,0.0007
"5b75b0b0ca39a2086173d259e74a854eb4c35ddac4791a80672a3850ff42c192",1,0.0007
"5b6736aca439c26c8e40ba28aae249f1bf175987624dafa2a804e89468c9618e",1,0.0007
"5b5ca5485729fdd7bf542f34e805f6e1ffb7fae443d9398dff4a7967ff72fbfa",1,0.0007
"5b40f7361366d795bb8b91dda623741bab310c018230a10361d2004b8b64b525",1,0.0007
"5b2d3cc7a23068ad4de77a1656ed95706b4822be3ab0b4deefff64a0f0a89504",1,0.0007
"5b29801b11862e05685d111c118237e66de07c7655cf961ea9eec0ea2bac21d1",1,0.0007
"5b22c9441926f69988739aa9b398321ce74e2f5efba5001434433d6d8f17d36e",1,0.0007
"5b1a26f00242495c732015de34a263e5f6cd3f04a58c69f6805ba1c1f8bb7087",1,0.0007
"5b138f89254051734d90b94ffc37a44e363881cf8fd2647c373fe17b3c702dd9",1,0.0007
"5afd1577414b3183f73b1bff0b53611ab7ba71fc3948c874e588d56496a1677d",1,0.0007
"5af47dcbc8ffecad7efe9fec0b29f0421b659a6b7cf9ad2126e5be8b94762df9",1,0.0007
"5a9b820f9bcc458da05550a45993a9bfe007688e35803c317cba13163766ecc1",1,0.0007
"5a8d40377631e00cf68049d0492bbc19ef9807e26106651f3a7a4efc79fdfd5f",1,0.0007
"5a893b7a362f1182691280adbe7aaa9ad4040c8398b9091493a48fdc91bc30e2",1,0.0007
"5a8560c0ea21f927a240b78f0b11504301523199429c045ebcc4d1184c611e99",1,0.0007
"5a7cd921c7a54bfe4392ccf5013adab4008296c30971b94ea58815227fb1ef0e",1,0.0007
"5a77e7728cf9b3bbed4e913be4a88eaee8d8e19088e9b5a7cfe15ed5a63ff1fb",1,0.0007
"5a74ca5fb6d7ee6b051a52cdf27bd2bb9a9f3ddf1ad205dac36a123bd194ba37",1,0.0007
"5a51712e8b5d5a8f2c6deccdaa59665b3b770a45b4d7a79bbac5128509a02fb4",1,0.0007
"5a4d0cf76b10809972eaca6ae1622688b88e541246a549842852b7585f5f260e",1,0.0007
"5a18396ce92fcd207d47f3efca7e17531a6801c45f8cfcd9fa1fb7bb85ea8a86",1,0.0007
"5a0b997df68146ed258c2d781aff3a6579cf97f8c0e7341895e5df425b28aeb8",1,0.0007
"59f2770418c366ea3099b5b9ad5d6366f2ccf5213ce866508a280b38e4d9cefd",1,0.0007
"59ec54411399933846ee969249f904e46ef9740d955dfe419f01f524e3ba2304",1,0.0007
"59e774161809a88eacbc0265768b7601bc7bab756e43970b75016e1cfec1d1ef",1,0.0007
"59c75ad40be2e9fdffc34d168c0204244cb21ec0da04bc0c9a3a1732709c31dd",1,0.0007
"59abe7b0ec5fcc8284a82e7c36662828379f3a1777995d5222ce811328b25864",1,0.0007
"5991ae59e65b0d1e3a222939cabf197d80c41ee09a5e62fe4f7ed1526623a864",1,0.0007
"594d9a620b65b4cfcfe75a030b889664495bc5dc88652cd48a2ac13e57276ba6",1,0.0007
"59323fdd0bcc2b41d2a0f962b5f2e10cf8a69784fa0e4d1784639630e66c9ff7",1,0.0007
"591ba808fd6a92c4fdd40dd2301cf4bc333065c4f385bc2e4f22a7b6cc7a5522",1,0.0007
"5919709af7d577d04d9500a01c4e407cbb9d194fd535079f874f2ead11355f3b",1,0.0007
"59194fa7f1dbb5375edbe9fed46d6d5dfd6e9903358399155b4828300728229c",1,0.0007
"5902f488eb7fb2d7105b8c89367aa85f5a5b738741f73d7bc6cd5280c771f5ab",1,0.0007
"5902a2ea98fdfbff45995ac186f3cfaf62f4a0c0233f4bb813f4dcbf9fb054f8",1,0.0007
"58f7e270998478462675905a36baf3186065b66903b005b3bd94afa3c6e09acf",1,0.0007
"58f3e6a1d1d38eda9976e0e4db0b537d73c126773e4f48e97301582041d1da6c",1,0.0007
"58efcad74b3c8a190ebc6c3e18daa0b7ee2a268bd2331fd2a4c954fbe52951cd",1,0.0007
"58cd38e9b35df999b37877358faef5587db6d1e2eaf2d71e5f65bcacdf0c7f43",1,0.0007
"58ca04ba61cdd5b393228ff135de8976c8f2c0841e7dd8e3ec21b8383d652c3e",1,0.0007
"58afd9bd9f4432b20c96478c4b7c640fb9cc25fe6bf382ca27a94576c9f6d2c2",1,0.0007
"58982b1a840b3563fe1f82e06391ea7597c3f9364e422d22d9fa5c373cf99368",1,0.0007
"5886ea011f2ff7d928ce3cc8950457369e7666701d27a654eace29d084dd8a2d",1,0.0007
"586bb0bffd6534891bf91d63745e8890eda4adfc573329492a991b88241085f0",1,0.0007
"585ee96a14a871f2ed06085dcc1de69663a64b58a0700c3a1cd116aee84eaf32",1,0.0007
"585699775ab8f0d38bea153e4c8d845d9405c6906063e3fc4c1414c120ab58f5",1,0.0007
"583db66d58f32cd59925ca731ccef2f78143d3a744ae8d4c6f63ee8b16e91950",1,0.0007
"581a6401e17ec217988954ef107b58ef09c3e6e9b3141712c2f33394191cc6dc",1,0.0007
"58066c524143bd31394c86343ceb2b8ff9890375f1c2c8572a925d41884e789e",1,0.0007
"57fafc640bd221d5fa43621db9b6cfbaeea6996902df84b0b597d20c7cfe0d1e",1,0.0007
"57c7a9d243c54f1bcb65d7fb0c83b1b339b25e6f33832f04c71f8b8972400333",1,0.0007
"57b9f8e3f6f3ca6def429b70572b0b27db49286f605e41feced78d3b2c26427b",1,0.0007
"57ab5aaf06f3fa0647ef1dd293a595588f1e5d5c091b92cedd9752d0a9483502",1,0.0007
"5791c06517d396ecc20fc7219db35e1817a886bcb5d67c3b7fc9b0a299ae098f",1,0.0007
"5784b78d159ac1ac739e00819ee9109b23707b4b22ae072e76f0cc25af8bd5eb",1,0.0007
"57691ae9931d9d124abe3749b00b3700ac3524162e0e147c1bced9fb2e0fb579",1,0.0007
"5751fa12b4e51d689cee32207961f6b26cb84b51273a5de108db4e893eb21b55",1,0.0007
"5715fbed22165e548f54fc3b1285d9d010a5fdc130cd1b619c0d336376bd2f46",1,0.0007
"56f4d14606620b989483735b8622171cbfe90d849706534dd67c101b852112d6",1,0.0007
"56d4e5fe322f95decc4c6caf7e64540eed7adf04111e95650ec0d4ff66a141f3",1,0.0007
"56ceeecd51603d321aaf26044c0b2c21004b55a40480093b3867d1840e0f76cc",1,0.0007
"56a18edc93a66415762af20ae4553a480764f33ec0ae6a9dafabdd89d4799969",1,0.0007
"5685e329548c8a5488ce9d741e294788d0369117bd832819f8ab215bca83de00",1,0.0007
"566a9cdc5f6632efd61226765fad47e2d63cd2fb96574e96c8eedc49f1e3db15",1,0.0007
"56697893f5198f26f6c0016aa7f84c92dab5eaa9ad3add2010adfa10786ec474",1,0.0007
"5666c90818e5ad5f59c700f70212ff9fef512a6e5ba06330f97172bcf62915df",1,0.0007
"56638944de087f45f3c9fd441204747ab91cc95331d4bde92811bec61bd12722",1,0.0007
"56358b699ee76d3522d21900263c981f3d47e03822355f3dd984c882b6ff30fb",1,0.0007
"563208213b3fc7a3fae7b0cdfa4072fafe80d1a6bcf4317a4cc012e6736a152a",1,0.0007
"561464b059468e483995879e1e84eb3b502d4915c168e348b7f9faf8e45ec530",1,0.0007
"56049f9b5e0172a1c9eb294913df4d4254323a6ee6f6d3569968f83af93f1092",1,0.0007
"55fdea6af91aff4211a4373bc3e0f35d0d055c4cf7d83afcf20947f98b2a5555",1,0.0007
"55efc170d32f5c0b5d326173cab6425c9cf011f99b48506411ff9aae3913c318",1,0.0007
"55e06e7adcc03fe69642f02d836a137a755c439c4d4816304b346e9040346383",1,0.0007
"55dfd593655a0a76c398e70b9c0d48b213f75d1a0bf44da7bbcd4612280b88a2",1,0.0007
"55d32eba6a003a19c8b976a1b64ffa1a69a3cea821904f290a473221af101c34",1,0.0007
"557c34220a7ecc4a7abf9e1762adefb69adda14e31a34f27b6c0d4edb10ef64c",1,0.0007
"556e629e01bf3a5cbeadb809de27d12f4c4d5201a12f5695346e93c19df64ef5",1,0.0007
"5564d0ba556444e5111f878391835b477eae40edf864fae1fa84d940b65efeb3",1,0.0007
"556204e41691378d7694d17d73625bf3a2e8b6311818e8a9d19a2f69cd837d39",1,0.0007
"552024b2eb69e1db20a71a52407fa975dd737f55372b7a3cfb6ced29669805ff",1,0.0007
"55078ff08f7ead0ca0f25ce6f776115726426395b5ca4bb516d757e0b3c88b5b",1,0.0007
"55008af516d6b91df0230014987b2249b0286859fe7cff345382dc2eb6b147b0",1,0.0007
"54d35ddc63885c8af21129537feb7d23616aceab3ee5057867efbdb99744b768",1,0.0007
"54cbc10fe9bcb7986c6991b6716018180a29b11ade7a3da66f5f477e691d6c33",1,0.0007
"54c79aac3d2a971fb8d11e7cbbab87ee2a4be10b60b48bb21e1d6254affe5bf3",1,0.0007
"54ae3bde3cb3ab3d23fdda4aac7b3e2e08e6899fbaf28642b9764f7d000703b4",1,0.0007
"5476e9ddd17811045889f072c6e212886c0f402104013bb97f431622366c059b",1,0.0007
"54559baabc714e73daa5bd377b509f31f00b226166d2296b53bf79e5109556c6",1,0.0007
"5402ea4dd52db8575fd82f121b7ccae60cda0ae589d89710655a401be5ceaf3a",1,0.0007
"53fe6e349af7fc9c0db89992cd1c2e3bc6387f3fcc0b3e87738affc103651d1d",1,0.0007
"53becd0a397fba4985126b43751e34b01c4d583d697f5cbeb6f8471075607491",1,0.0007
"53aedce077a1336d68972edcde6964272fcc95b74bcc0f95f259b50bf8caaeaa",1,0.0007
"539e58ee3b5a1293c35b8489dd3b21e23bf0a853ccf3fa175d57e9ccad72dd8c",1,0.0007
"533c71f7ba73500c92cff62c1621e8deaa5f9496ade12a5e8ca52e8219c288c3",1,0.0007
"531feab70c29fe5373191071fdc5d92057cccee9f5d8113fc090447029868100",1,0.0007
"531cf29e9893351a579a14a316c89a6ef8cf9ecfa3078049d36079be83c25d81",1,0.0007
"52ea659a26e4d488f5330f0efc80951b4ebb1e86a41f02973eaf541bd60c130c",1,0.0007
"52bf74f5726d903d980972103b4277731797fa2cb482840a5b6f75843059235e",1,0.0007
"52ac4899524d043fa424fe797e66dfd6cda8786e1b5ede05f47a26abc06ceb39",1,0.0007
"528a6d222cacc7e453545e63e3c01edf7e79bac163c25c5888b422f26d10350b",1,0.0007
"5280a71c35ca3ed71bfb0984c03eb899ed63450e95f4cce69e0eeabc39b4d830",1,0.0007
"526fd7def0137169da39528ef0584d802b9db9880378aa61357ee7add022d6b3",1,0.0007
"525967eab1f50eb92392895b32b443d80fb14edd14b168a05d5ca6d991d032f2",1,0.0007
"524c879277125d6ee6752b54a60ad59d1b348ae257f6aa5d6a1f37f795d77c89",1,0.0007
"523cf5b01cc37aabc90170f75e054032a131a3b2ff04c7fb706970c03d150092",1,0.0007
"5237e2a391e0eafe4f1f4e2ec2c942a95444a41f4d79426f3bf7d3a7abc3b604",1,0.0007
"523630b74d575eaa82ce50d2ffad67c719e507578f4819ce182cbd113bdb7cc3",1,0.0007
"522f7d3da5a8e67012f4d8117892b215258fb29067d1b004d60a7506e5d3427e",1,0.0007
"5213c941a453dcb2890dc93ad9f0c5c4e8c2cb81c61343ed0d24b16caf56d7de",1,0.0007
"520fc09a2fe6f9371bb5634b3f09f7ac1cbfc95a5d7cbc2822e92a4c421c2851",1,0.0007
"51f164c505572622b981496583b65cfd283dbde818ac8aa52de537fd5dfbbfb9",1,0.0007
"51ea7c8c24e64e42ea36aa84f40d014241ef1916d641ea5d7b80f9d08fd225c8",1,0.0007
"51e13055a74adeedb8cfc84e612dca1a0817aceab09388e059c08ed14f92e837",1,0.0007
"51c2332ead2f1d24a2c2c29c8990e2582c0cd3a9bea07e7fe95c40864947d55c",1,0.0007
"517b834574a4befe3390bbcbed1782984d335b2147ce969ae8b7049c8eb1ec44",1,0.0007
"516caef11963459fba5f8b37d668343d4481d81b2a0733f3db958849d8c08eb2",1,0.0007
"515e6582a312d50c5069e755f73faba3f7af8c5402542ae46509c6d1c7772da9",1,0.0007
"513e50e2ff198c8ce888969035029a0e2d5ee001d040d1d19feb3486c3c7cea2",1,0.0007
"5107c4ca469a73f9ac3df5cc15a924f817da3cbfd9fae5868449a964cd93a982",1,0.0007
"50ff2fc90650b23b331cb4f20c80f647d29dacfda24cc395f9ba5850c3d4ab0c",1,0.0007
"50f8ff6f862dba60af9fe25d729d035f3cd3949c316d1cef6fc58c95d25ebdb7",1,0.0007
"50ecf1ba2d55d655b7798685d4f3bdd9545e88fa7c99f92023529fe11f9d4c06",1,0.0007
"50ec30492eb2f62b02eb59ab4b2af1c2233f6a39da965aa70eda5d526573936e",1,0.0007
"50e5b8b4ec13ddd04ddcb2454c66ec0b1855622bfba29355e2d6e18d7a6ba9af",1,0.0007
"50dbf130955a5867b41454f0da32b4fba7f891e4704086d96a78ac95f75a468d",1,0.0007
"50d34b1c5f174dafcd342d4a1282a7f5a9eb3c0b82bbc60386ea48cb6969e437",1,0.0007
"50ba6d6f5def622b2279562b8e026607a6f5ca78c494d05bed7c64f0a9f8d5db",1,0.0007
"50a4e415a7f2e851604db17e33bae36f6b8165471754c6aeb3778ea9ebe44dd4",1,0.0007
"50a15ff0e5d90d0e0260d0b98326131b7d8bd3e778d924ae35a33da00db9a4db",1,0.0007
"509b0364c8cf5c1de604dcbbd51f176514446bc9916d6675ef39d48869aca1d5",1,0.0007
"50907cd027a8b23a2c506244b8f31bfeebc5cfdbf1c14a0dd65596de2ec0d61f",1,0.0007
"505516f749e39df90d59455912e48e64f2645fc890ea0f574f8f25452e0ce8e0",1,0.0007
"50456170a5bc40d4c129ada63f6ef4d90e20a1cf38a54eec34b7cc7ed3986048",1,0.0007
"50063ecc21bfabdf762fb02c15a11f68c04e1266443c37dcc2e7dbbe46abcb7c",1,0.0007
"4fecaeea189504ee4350d1c0410ddd08157e8a9cdc4679aa4cdca0cca40d3b56",1,0.0007
"4fd809ebe3248a27d6428089d7f8e4e5d982d56b12a4da5d782bc358c47832cb",1,0.0007
"4f8e727fe0e449adcda5dcc384245404a30df08a9695ab01c13d44c89fab06b1",1,0.0007
"4f840be85e0667438392a66fe200350bde8f4085c3aef9ecaf3bd552d1533bd1",1,0.0007
"4f65ea3d017844f92223bdb5a7f9a1199278fbe5da8324483dbfd215c7b273e6",1,0.0007
"4f5397f535f1ea4122e6235fa3b4ae5318cc5d6d670e1e584c53c4612ccf353b",1,0.0007
"4f381278f79c01ea6d035165d8e8899eba9ed5429d9e1c85e41e15d627ed90ad",1,0.0007
"4edd745f5fbf4d103edb55041efb8e6c399f66d43c0b6d38b781e63c432b6c8d",1,0.0007
"4ed2cd949becff6e4549189c525ae67312515d19058a8ca15efe4c6e8cf90881",1,0.0007
"4ec55be85fb765e3597cf7082a1b82a005229e86946ec9b124284aa14b84ffdc",1,0.0007
"4e86f27aa2eb3601e2692dd0ca69fde94dccdde2931e49884e8d5c95a15d8d9f",1,0.0007
"4e77d43928874d120e8f7cd0cd985eec43534dd037f2bd32e7b847d9f7c98bbe",1,0.0007
"4e733236661bbd2582bb60810ee53cfdc01d803172a439a0dd0739164e0c7eb4",1,0.0007
"4e66a13045bacd218e33503c0a2d0efb3aba120fcad1769fc077afb1e7cad7e1",1,0.0007
"4e2d2407db69c2c164efba6d4ca28870f3920b31df802b39b79299879b7b87ce",1,0.0007
"4e0e4932dd24fcf434236d09434c18a8f8eb8496c6f70397d823452814d3fc9f",1,0.0007
"4e0df4342d505504d3e7fde2cf664fe896b8a01ed992426192968189ed83e821",1,0.0007
"4e078251341d0ace55ce437f898015e6470d50806fd3f1119793583f8e5ae328",1,0.0007
"4dffc5c9f217b7e36e8070313fb48864f5883f432edc675b58a960b4273e36c5",1,0.0007
"4dc63eb6f50fde1f730e8e7547f727ececa2ee2a6a2dd2c43691eb4ed2522781",1,0.0007
"4da77335ce898b0533189ccf0934232d1f076b1dd9f44eafa349797d7dd6cb42",1,0.0007
"4d95ae7b95a49b669170658bd985f71501881779ea6eeacbb537aebe8eb2e222",1,0.0007
"4d70f6b16e4fc25fd20b957323431ade83ce14e2bf653a08aef9c9778cc48da6",1,0.0007
"4d62697bca9ff756bb345c3e609d84b168c4a4fc88693d6d12778bb5336a3138",1,0.0007
"4d5c9797943c482015a2990daa60c0dff3218fc5313ea17bd2c6ec82128d3b0f",1,0.0007
"4d58bf033e6f0601e25826d2a7cef68d5444a3375f80dfac4e96c49ed08a961f",1,0.0007
"4d4a06c5d80518842c04d6258a192993328d03e46cfbcbe0972201d760596a68",1,0.0007
"4d3e47757eeb0f854c8e91e9644fb619e379a73cba784c63c6c3370d1f5d9493",1,0.0007
"4d3c4d75eb631a1448f23a783cfa2c56a8ebe9efbe0e37d462feaf12d42256ac",1,0.0007
"4d2fe0da6d50c0f6fd85bebacbd44a1dcca43aad1721cb7826cf5407581d21d7",1,0.0007
"4d25e5c50656f6b8be1abf6e2937047c913cb32603eb373d547acbbfd7983a48",1,0.0007
"4d24790f3ea2a02e521b84d583dab00bfa246cdfd06ee858f1f656a831cccc83",1,0.0007
"4d195be2a39349df1679d06665c3d32f87837efb9d8396f6ccbb08463e180020",1,0.0007
"4d160c6fa1ac834b3747cb93c1795938be7e7310c56ceb447ac255952c0f7bba",1,0.0007
"4d1302d9e6b29e8fa57c42b80a302c8638281257399287d08a482ab0b0f53feb",1,0.0007
"4cd7051bd2f4954b5e5192d88d67945849790689c8482805de462a8a89bb6d68",1,0.0007
"4cd470fc841156a321c109d0b2c06796291dcb471046e910e7a8864432d32d11",1,0.0007
"4cc2be7b1d53b88d677fd4c89650b818057d5b21f54584946a88d81a1ed5702b",1,0.0007
"4cb15e3f1cd37821f2f0ffd7b880bf1d8238344b3d58045e892864fa29a4133a",1,0.0007
"4c844769c8cd12d32c337951bc47ff273311302db5ad0ac5d014793949644a54",1,0.0007
"4c482f2d41663439cdfee66be122829eb47ed1b492588abc9272a97c93410a45",1,0.0007
"4c404e31f0e06ac72725f5cd5284c3d71bec81af8b047b6a6d4eb1a892adcefa",1,0.0007
"4c3391edc0e03a736383441e624964f3bf9c5927b2e3e6f183c2ed459fb4ca1d",1,0.0007
"4c0ad10d38ac7ee0c0c842dc4bd897d467f61420f79731639950735b04aaa524",1,0.0007
"4be4128083fb36a873d3e6077d5f8aaa69ee13bec5a3516d911a45cc1ca82bbb",1,0.0007
"4bccfe03a204d3086228990c6c0f83d1154c768d548975e7a1a2ea52d3cff425",1,0.0007
"4bc97bdc1aa814985d12c6221731bd9c0c7a2353b6522f1119e60e4d452a076f",1,0.0007
"4b73e69e1f16e9c5a263e781303e678ce60b5cbd520f96b7c2ffa27ffb16da96",1,0.0007
"4b3eca23fd7b68d4f4fe33a9fbb9334d3faed19f869822c54df12fb7adeb47b1",1,0.0007
"4b3bc20a6416e57851e57f2145219c6cbf5f03b01a2800bdeb378413e16dcd83",1,0.0007
"4b133a2be34de605342204dcb46bde7b417459234b1d95ed9496785fa195afda",1,0.0007
"4b0ec481f895d45af3ea43aaa2bb431a7a1bdc4c9fcc376e089ae0d69a6cb881",1,0.0007
"4b0d1e4d709caa240ff7329892e9e02e6ab32bb39d2ad29ef19710f292133c95",1,0.0007
"4afc62dae512229e7050c29fc3f62d65e2a2dfa0a378a60e1e62ef3a0e2cd39b",1,0.0007
"4ae21f458f506a6e4ae453e5f68c2676d92285739c463393df17994703b58ae1",1,0.0007
"4aa7d889845894e482539cf834a8dcc0c84534762b0f66eb99a15358f67f0912",1,0.0007
"4a77259bbe07ebf9e018cd5a38820b3b4258a145aae858adac96fa876a7c4b04",1,0.0007
"4a71f746934342633cf7458819b9b5831aea9dcc9b1065bc9d6bc83166e0e476",1,0.0007
"4a68ea777817e31433a248d413e64bad581c1e547fe5efe5e42d96ed21cb2b69",1,0.0007
"4a3572f0356a0a498972feebb05ddf58afead367ad4b82468d220f7aa9d5b2a6",1,0.0007
"4a3329270fc185a84179f85c6f7e3932e78af3dc3d25e6bbb63d0d065f607dd3",1,0.0007
"4a0edd47b108b6605594fa8b6557b560e0ab56d2f8cc5ae4206fe5221281c09c",1,0.0007
"49fad116e89f3c11b96d36adbfd3d9d31c7d6ebda1982072bec868f8ef5d0abe",1,0.0007
"49efb3f7378715b03db3bd5c74a7f0ff7d741dab6f5894a4105f346c821b5464",1,0.0007
"49e1153e35206d1b1ec54ef3f68818716a8fa80cb470596396ba50803e601681",1,0.0007
"49b5dae591d04edf209cf68b27471647444b25c08b43880d4d409064cef83c66",1,0.0007
"499abc11487ab8b6138fc77cc22eb69c666c763afc2d408a94d568b1465ed0e4",1,0.0007
"496f95da17d92d286e9e1a261c07fcb4f0a17dfb219d292f921e6983446eaca5",1,0.0007
"496c8de552f3cf9847df78e89efbd9792cb8868e942b91ed4b04287b45bb8306",1,0.0007
"495aedd61bd946908dc481745fc91e58e6ee96796c82196da07ba58be0fd90a2",1,0.0007
"49564d388d735dc1327d06763e6a131b2d6ba3cdc66e056dc4ca3b7c375efe12",1,0.0007
"494fe72239eb9c065cbe8d98368a0641d6ce7df78b230d6426a8fa1cb667f04b",1,0.0007
"4911fe4a4fc0b25ec939288c918deed35d2a1f994438dfa56038c48ac9d4cf00",1,0.0007
"48da9953f231476277de087172d11e0f304cbd47cd8b56f15b0c9eeedb6262c8",1,0.0007
"48d81492a15e4a77f4ba270dcee530910ff0470c14bfa446cee2ee42ae43d8cb",1,0.0007
"48b8fbc8e3ede839f4fe0e0b99c23e0f066192cc65139c080e05e67040644178",1,0.0007
"4886d255b242530058b1311a0d7614e1068800db9acc899b100528d35ef8e167",1,0.0007
"4880af8e6a8f58e2ea098b1fdf91eccb041608bc11e4edd148831f1a7a4bd098",1,0.0007
"48705b6cc769672cb7690fde75ab8b68a73525cba2c0ec4366d159dda2cdec16",1,0.0007
"486eace687feaf5c54dce048e0992744c75f85881b44839d408332ab3ee7142b",1,0.0007
"4868dd213817a72db033a9f042c8ab27e80a08add7915b60c220b1a4dc267b94",1,0.0007
"484fc4b38aceb4342e29e8393bcf2a539ab834b233fe8a8aca5979cfe32bc36a",1,0.0007
"48491d478e8e44b35e36b03ce9981438c510cdfa74eadb7fe5b5c66dbfecbd18",1,0.0007
"48443ea908bc5ee461e110c1d451d8dd26ade5c9490aef517030d809560e8653",1,0.0007
"48203f559ddee678805f2c09ce04fd3fcfa3194494f97defbb569c09a78b7c01",1,0.0007
"48005632b669de43afe4d2634aa870c4ba45a80f5ad321643ae361ad97e9628b",1,0.0007
"478c5d722fe228617b0b9139148c970941880e00728d3c8f1d3d2d1b41b9ab37",1,0.0007
"474ff2174f5c88d1a4839b6c6a379432d6b49e6e6794ed670d5ac7e448d0e70c",1,0.0007
"471f5c02556a8999b1447d1384cb5b373cae1668003b98a37421268f3c06fe04",1,0.0007
"46d57af43dbdb228a6eea4f2fb5144e240927109dc993e91048e7cab34e3e189",1,0.0007
"467abfb636b73bd11ad3f21a974d5564ec0c367f7c1d8b6a6f29603a1c916047",1,0.0007
"465482666d03a759b3a035d7ac34bc35b68c8da495341295508c88e22fe4be73",1,0.0007
"463cd0d3d9ed324e619283309658efc905b47b0a80729e170ebc69a357d0e638",1,0.0007
"462df79433302a05f0dc4c24838af1deff02ab55a52b50b16f53e2488cc89f10",1,0.0007
"461f06c4c0aa2069ed7c4c9fab88379a3e8e4773e5246d03c52754b9298d9311",1,0.0007
"461cdbd72bda4fd69dcdedb716c8af1fa79023587db3c73432f4f491f9e25b1d",1,0.0007
"45d648b56e3a36b2777ee1b87c66b1316fc0881035737022f45f3fc19d9e64f5",1,0.0007
"45d1d70275fd46fd3159559f17ddf8aca5ffa02841769fc9c67688926f58d23f",1,0.0007
"45c3d18dc88545eabb70365c88e0fe542cfcad352dff66cdb43ab4954db434b0",1,0.0007
"45b1cc1238cc3619511ce59e22bfd9fd16878370c44c6e80f34e66f90fd6e3c2",1,0.0007
"45aa1454dbc1deebb3450add5d9eaf91c2f9130acf5e49d7e2ad1933c676e1e4",1,0.0007
"459b2dbe13afadda4b742d6c3d19bfc0e5fdecd0f12d5bb096685bacf805ef41",1,0.0007
"4596af2390ca0688719db99b33e60bb2ef965635f4eb86ee4254e8263b9cfeca",1,0.0007
"45644c8ee251d9188a2c8ec847c8835cf04b24e7be210574c07c681dc580ecd1",1,0.0007
"454f71c4e0210bc28fb470d7f42e47c5de014fc5197759feacd3e53265f87c6a",1,0.0007
"453d43574d387319d477c387d6452d6862305fa0ccbcc29b0ca5b68e2f6ff87a",1,0.0007
"450a59a3452072b688b113ff326f21ef90e2f6b52bd9c07e382e0fb5beb2677c",1,0.0007
"44b84e003733373cd0c4f271c9fba7e8e5909a1b1b9076288a8a3cdf0ec6ee96",1,0.0007
"44971b590434b69352774b5f425f750b62512e2ee638b68a1871c83ed23739dd",1,0.0007
"44797e81951b6047c771a0716be2907b41680723084b113b9c17c42862bd2ba6",1,0.0007
"446f601635f38d2f7550cff14e784c26b7abd4138170cfa9ae1692e972cda357",1,0.0007
"445fc62539a1046baa501784d3e8fedd81e30d0671196bdc24dbf85124e4de22",1,0.0007
"444e1de68df8e110fa1b0ae430bcabe9c5f9438b3ce08c32ebd9558926d79a90",1,0.0007
"444a7b05af7a6ff2aa04543a028f474459633249de7430063b1ad5b15f6a2608",1,0.0007
"443a6c94e6b90901b66b7059c5b1609fe2a658c1c60fa91f7198bce73e7e2e09",1,0.0007
"4435bfab3881f4e660592ee167fd0e6755674341ab371e1a3a36cc2df64a86b2",1,0.0007
"442a63ca1d86aac01296ba2db26222a09f6e9ac1b6df2a8ed62806b2d1653726",1,0.0007
"441d93b820406eae418919d81c619de553bb45512e1659b05d5980293ead8f0e",1,0.0007
"441b327cf89c9f137a9736e03fdd1ac4cc9fc659934e75af645cde820d62d183",1,0.0007
"43f848b9d5368c9ea23c06a559357b633487844a3df14fa519ee832e83dbf8aa",1,0.0007
"43d961f27c617e100fe07f2a7bc8e7e6887950e6973e6c11105b093cab9380ff",1,0.0007
"43b83ae4e5ae689f004278f936a8616a2add5e09bb1024e8830c7f266f464963",1,0.0007
"43aed9c0cf0ede09d2c3ef49da422f6b8da3b9c64e21e568bc49626e3344ed41",1,0.0007
"436987661bc1af400392dbbf8e9733361dfff7d7fd7a7122d5514a9978f1b30d",1,0.0007
"435836ec67d6ae80557ff606ee80f6178fbd30a3cc6fc79956b46c486d56ad6a",1,0.0007
"433ef1c1766bec18b902cfbad2ac74371ef19600697b895ba48854155e7a7aef",1,0.0007
"433ab3c147acb637a798b0e2fc1b5e8df6bce4bebf41c9bb525686c1010aa1a7",1,0.0007
"4335ab23b7de3ed12098e7d0af0ad8b21172d53bd100889a52fc2df803531fc9",1,0.0007
"431d7ce8e82945f0679faf9aaa59fd11412e722132429117e129d455e6075ca6",1,0.0007
"4312612c5cc1dc46623efc553910096c2c2af9cd83b324cbd6068071ea28fcaf",1,0.0007
"42fd6030d6b18aaab193f3eedc0ce12b9df3cccc0de4cc0eb7cbe4afecad70e1",1,0.0007
"42f8112094c963ba4450d948a90038fc88a13840b29b8909674d39db597ddd8a",1,0.0007
"42f478254a07cad3e2f1f2bace3934456d2bfd86e573d9c5f75579e85fa94f66",1,0.0007
"42f0d066da7849662cca67b80d3e4cd7562732b5fbc54f0ca60620a9a05450d8",1,0.0007
"42e07c346e42d0ca5f5d500343540dafbeafa6951754ee77c087b3bad03b22e7",1,0.0007
"42d722e07d9e3af69922854bdccd62a1221d64df18b984b972f69aae30355738",1,0.0007
"42d23e2f193c92163199524478da59f155a8ee9f722ff9517de2bd3a0a06b7e1",1,0.0007
"42d11b57e6b2ade5a87627e06a370369b44b432af58cc430d0b71c2de4ba706f",1,0.0007
"42ca84b515392faa83de1197fad5724775868335637f58e031708754bb94c4ee",1,0.0007
"42a37f1ec10e26d3f79e843dec86238367108a9e37c929aea5b909d2fb011097",1,0.0007
"42974348ea66a5993a0b6b02a7e9956d3c71ba21655fd9267dde589d108f5962",1,0.0007
"4271b70b9b7ae8b78c2188dfe4418c5f2216c5fc949083194e2c3fa1069fdaba",1,0.0007
"42478c7d30d929252171b277cd8dd9d2e91c3593546acae070eb615546d506ea",1,0.0007
"4229e91e6b5ac600702aef3bf09d8fa46ea1bd6d89e717b260a3f2bc41c374c2",1,0.0007
"421d827454e2f21ba709dca3d26fb1811309dbdb0cbd580f608de1a3691c3021",1,0.0007
"421596d7e19b694f20c5cc3da11920b2be87bf38d6d080f803f3c2310006a97a",1,0.0007
"420de438a80290122056a8919ba878d02488c79e43ce9f17b5e7234a533a6a8c",1,0.0007
"41d3d305b62ee18223676ab36baaac9a28965bf143e738808bf7372a45370fd0",1,0.0007
"41bcf82b614b6c52747619648b6d71545f27eba6590ed12c61f1d07273e20160",1,0.0007
"41b0f2614b2be48f5ed741f3c64c09d0ad64277e427f4dbace477245c1655ee2",1,0.0007
"41ae735d2312f50975f5b7c70c3f71c2a0785113014dc24e474c3f3688e6224f",1,0.0007
"416f44dabbc1ac367ccbf6246e25564dc419bb3467cddfc3d2b559298d3c7559",1,0.0007
"41672f84882cd4cb59b85a0848d50ff34d77f9eaec348239ada025f9079be359",1,0.0007
"41663fe154af5bc18e8482c3569b4d983e4d7f11d0a4727da9fe3f72cf44c8ba",1,0.0007
"4165496f717881fd0b4d8dcf2cdcbd9bdffdcc69b8e99cf7ac3cc4e283e2aa2f",1,0.0007
"41641b953a889c7025f706508cf1ffb1e4759057eca3db933e681986bd14f157",1,0.0007
"414e06172b1a83ad55c8b7977e511eb26c4dd51b476d9c2c671f24e286aeb6d8",1,0.0007
"414c07c64ee4a814a81387e4e5269632a06b9b15ea91221d6160fe51503ba9ff",1,0.0007
"410eaffd7826d97b47291cfe7f883268b0463c1c85e767c389734155061c1105",1,0.0007
"40fe1a212059b5166464e3923a74476a1a7846a9b36ee5a614d7ec080085d248",1,0.0007
"40d2dcfc78c9783bb169efc3b738469503fe4001eb8a8c44ef35246da41d0ac7",1,0.0007
"409b58ced2f03b9b7b5fff562b2b8e2a8bf35575235f0c3a33629724fa473512",1,0.0007
"408a30db145877680f9ca40214c1baf5ec905b7c9675fcab09dffe48c22df141",1,0.0007
"407e01ee25a9ef57784eea8436d323e8388b4f4f335ae601bba269cdb69f2b73",1,0.0007
"40740fff41c64737aa80a6b81341bc1ab1201624bf60f8ee801c93089ee42444",1,0.0007
"40711c87a441dbad21ff82db08c92a2917372ab215c639115228d658aa27684e",1,0.0007
"4045e01865653cb2eb2e5cc39dc533a655efa8e365f11054faaef8c228524364",1,0.0007
"4041cbdd8d7d1b700e6b24afb0b40a59aef67f36459782dbd32da381e02a63a3",1,0.0007
"403ffb9261e4bc67bbd737faf419239f2cad243167f153b727c1446a96a666a4",1,0.0007
"403f145eb3addee2e25b331597b8c301d53eb0d32bae12e731ceb895c4501a1f",1,0.0007
"401ec68c5aa2f56691b12407eedbf2ce6c24ce43bd9503a45cce6071ba2e63d0",1,0.0007
"3ff02d2ccad569cce82f6fb74adf46303d8159cd22c27c18be492e587d364f57",1,0.0007
"3fa7e52a889fc2e4f27929811dccf8d16ce10169a61cb8ac52053a69204a4db4",1,0.0007
"3f9150b678116d364fbc2bcb51ef7ddd0761d571de1f6bd7ba6e64871e827de6",1,0.0007
"3f88b09753a43291da62799db81a051fda10ce97e7a091ad8ace4da17c62c284",1,0.0007
"3f7882ccee842e8010f1ca102f6fae8d49baa3458deec4e534e93196b2c0c26b",1,0.0007
"3f427b964f842b2a0b024fc00ed668b28e985f291ee4815fbbc4e52d500ba0d7",1,0.0007
"3f2ec1439fa3b3b64e7bc615fd6a712e12865419a6a29edfcf669976b37b0419",1,0.0007
"3f2a02eea6c458c034fa5d2a9c57ce02ea8ade606cac8a8080afa443f6c4319d",1,0.0007
"3f18920da0c1147589d244a045fe48802fccc8a5fa3eda41f03cfc5715fc91c2",1,0.0007
"3edff485bf3f4f7cf1cdc2640bf594b9037dfa984a6b398283369af90d3bec91",1,0.0007
"3eb9643f927f5992d68acdf0253d96e0ab56014e5a8200f97e68d271bd7193a2",1,0.0007
"3e5dfde1926cb96428498b72596c2ebbe01e60709ff9fb7556bf17e99743a647",1,0.0007
"3e4e179ebb6bcfb8b32b19c1ac82ec732069a28ef672283a46b2246149c7c8ee",1,0.0007
"3e467f7591b214c28db6407ae0f38d67fb64a15d0588e25f59f603a54bb30267",1,0.0007
"3e37ff89fa95f898cc1f0caf0023227f34652b191189bde59df2d02d4aa0f7bb",1,0.0007
"3e216c3e0b8338c2528b76973def0d629de55591304d5a77404fb19335fe6bb7",1,0.0007
"3d948995c9aed913ecd8d14752a2e46f68b5c9b24e17bbaf702527363f3aa6b6",1,0.0007
"3d69ca1fd7f2c14acbf60e0005f4327caa9944ebb8d8ad5a7c0269d87482d14b",1,0.0007
"3d5bdfc11bc3a2602d18c9863471e7c9260534de95b9f5f488dc1dcdbdd6cdb7",1,0.0007
"3d5315c4f0d3df139b10353a6904f951d877e5be9cd3594d06e96ee569ae6cf1",1,0.0007
"3d508cc14bba21e357c5464615d1bed3ca555112e119817d5a4e219f25ed2ef1",1,0.0007
"3d38cdee5fdbe035159aa41c83414eaa2136766112c8e1e94a3bc5b995a404d5",1,0.0007
"3d28b81b83345ed4478e88f335df469aa92d427affe0876a6b08f40ad257ee97",1,0.0007
"3d19336d8b3c5e20a8208a95445736dda55bf4aa780bd0fcd71c66f06b8bdf48",1,0.0007
"3cdffc31a624d29e3279c58660c5fb128e74801734f0590b092a6b3f5922e652",1,0.0007
"3cda0d78dfcd8f3b7aab36a8002e887146e17ae982e9553a3f55b4ce61ec17ae",1,0.0007
"3cada5183d06291aa8da0628aec9c945a14b55bc909c1a2675c5d0820a3f9f9d",1,0.0007
"3c8d0b8b347752e57abe0b50380401ca8f5793bc971b685fd072571bbf5d54cc",1,0.0007
"3c8a9b8c5cdee3676dc46953cdf50a9a89b53254d7f669285895f370684b310a",1,0.0007
"3c5dae1828b213c8615ea93b3430a01be31b8bddb8298663ca4b2a2642b1800c",1,0.0007
"3c531bc7dc6db9f421104a002d0314771c29f67f178e34407617318fd1cdde77",1,0.0007
"3c3b4e75a94e9a9cac638b505e2661dca341eddd8484002b309731d16352281f",1,0.0007
"3c2f68775af6c3c38032e67aae2946562e93ac0701437bdd3867d028f264078a",1,0.0007
"3c2e6adf068becdaa7c55e195124ed2ea50b2e6533cdcf30d3ba103b87965ec3",1,0.0007
"3c1054716aaf0d60d0898662ddf9a81f36dcb9fa5bb285271b080682ae444605",1,0.0007
"3bfe17146d697d2e357ade365313e79c94a43f7d697464fe62665dea7d89d8a2",1,0.0007
"3bd9aa86a2349ef11d3279e347064dad6f22822b5872b3d6715edc3d9c01759b",1,0.0007
"3bd714d035fdc8468194f68aef1a5c021c8d59e20012950337a4f35407e604ba",1,0.0007
"3bd4a6da60043c5fe2d077bf31055ef7b83fe0dfccf0e270460ad2704b118507",1,0.0007
"3bd05dfa2bf65299d359e86a4672a45900e8c5768d9f056ad8da5ccd779bcd12",1,0.0007
"3bc7997d8f216e3bfa9311893763b488302de7010970bda70847570753fdf0d1",1,0.0007
"3bc4be82c8e8a738e947ecf416af63dfd4a9b462b9cfa5a9324a0b30aeb49276",1,0.0007
"3bb3934cf08b663d977bf6f3d1acc05ab9a952e709b7802e8e86790730e0f476",1,0.0007
"3b9c3ad0e90b850da4080c5c7445b2cd973abb70dcb825524df00148492157bc",1,0.0007
"3b79f2dc6c3867ce44c272f1c12206d5a832747d54ab3bb58fbf7cc870cc910f",1,0.0007
"3b69993ee6201b2775bd2097f07acb9a7ee8b4a2f231e2c4a54488f6d8728131",1,0.0007
"3b6682171f3f9cd45053245d30a293fd37f6ddfff816c18812a48089369e1f4e",1,0.0007
"3b65f2f1d0bcafbfee1a870dbeab549655b3d596d4a44fd18083320f5b594c6f",1,0.0007
"3b54570f00f8d61d3fe6d61f36d44b3634ddb607124c27d5d0bd8250db32976a",1,0.0007
"3b3f561aa6d1155ed6e2f81d432190a0cf2c3e17e70caa27bd4a390123346213",1,0.0007
"3b3278c341d496f0ee328a97553d2c2c897a3a1970cbf4a18a4c296042d6be6e",1,0.0007
"3b1c49912affef4aa6e307cdcf4afb29d4209369a83503a5ef608aed30de16e5",1,0.0007
"3b13dc688381c17aef9c2dcff38a4ff7afd9372518dd1c6494308941d880b62a",1,0.0007
"3b0f6a9fd464ca2ea0493f3272faa47125c66f6a0574304735411871d40e9199",1,0.0007
"3b0c0f94ca7857ae42982da4116e53fb80c33b786a950778e7c5146590624cd1",1,0.0007
"3b046d031d798a1068bc357892c61a678e1fb4125c3600b997bcf4752c35f25e",1,0.0007
"3ae17966258e558bc0a990e52f5d364a066a70f8dd1f13a208eb78c864c4ff9e",1,0.0007
"3ad6318ac21a8beae32cb7bd640c305963998707ba90692630492d0c4e785482",1,0.0007
"3ad19403a23fd8002ad3f82e6ba2c0ac595b4f640cb8793010b72c85943b7573",1,0.0007
"3abdbdf37aa7a93b0c9af6f3467fa99e4666ffeff8fbe4b000c907af1b9a2445",1,0.0007
"3ab60a613d8d982748c9a3aa8cbfebd5b231938b648eba94b8573dbb38020b2d",1,0.0007
"3a8a3209697d26671448ad2de7f069493dcff0abe8bda0abbf2a2fe4735b06d7",1,0.0007
"3a87663b3f6e9413a0b37bf9bcf34eec006b87fb452e244950e47866d2d308e6",1,0.0007
"3a782ed856992f9487c40600fdda61791526769e128f998ca0621a29a4de3b90",1,0.0007
"3a6d5abf7e6c9a215e8ec9d452d9dd2d3717edfb2a52c2ed7a1f14af01a067b9",1,0.0007
"3a6d44112220f9ff6ccaa301f67f5c1fddb0f224401de4f29b4fca1e046e56b5",1,0.0007
"3a6d3db17f5dd76d4c900bda3556d43cd6503e55469e0e93619327e053f2fff8",1,0.0007
"3a6756d28de795177be28c2359347e57ea4c244cbe609b86facec00ef1abb853",1,0.0007
"3a4803ccac05b32f7f65c48816598d3b0f2e65baa55298ef11595127a236e4c8",1,0.0007
"3a1e0f87a4a0080a45c05216ed479b2a415e286b5da00ce48bb4aa2e9040aa3c",1,0.0007
"3a0989825793f80ac7d8a0a348a6745d045f813c9347160ee33e340bf7bd41da",1,0.0007
"39f1e78e3ba94e98344cb1bb23afa3176657156511d1c8e2d06c26310439e0aa",1,0.0007
"39d3311d358c9074ea834788ed95f3099425d460b1d834769e3a35be41a1e4ac",1,0.0007
"39c1e2dd39980dcb1171c40e347b8a3092307a39368cb49c908c1ab06cd23406",1,0.0007
"39ade914159ace3fbeafb0c4cf60497bd0dbb83932832bb21102f6e41a0ed70c",1,0.0007
"399397fe1a0571b2e02ef02381e2933d9e5cd28a9fe3633a26665a19a2c43df7",1,0.0007
"397a7769a0a70780c3f66b49f58ba0f7e270ebeccf57f9fa3d04ff18fb483e19",1,0.0007
"39632a78aa793df69c4fda8c64df616c2cf7ef23eee1218e5120570a5dce711c",1,0.0007
"391d449e041b02d98168c9cddcbfec4213a1b81a4dccc2fcb344c84f1a693325",1,0.0007
"39170a9640dcae6686539944314d9e14692dc6d9c7dd20480aca979d4f57ecce",1,0.0007
"38fac0e030b13ec2c5f9378e5a37162f39ad95d175644be07b8b31c564528583",1,0.0007
"38b9a94d83620273d588541b76fcf6569b40f5fcfbefbd4645335d895616b1a2",1,0.0007
"38b3b960415fc94d1aa96e29bed2ff8c0bc4267e4c75114074225a0c09cbf347",1,0.0007
"3897ac969edb4e13a8d00d7b2a57f529e744a859a45daace4f84e1d5ff0897b0",1,0.0007
"38941538b964af2110a6fd2fae4c1c3de2ff6585ef0da5d1a59de2ce29edec6a",1,0.0007
"388f8355611364b1fcd1219256c8360cc7e5ac44df86a6de107c702cf223671e",1,0.0007
"3880e526010ebff3a78d9508a8f918a19833c5cf4534d5444b4861a8dbed6e7a",1,0.0007
"386cf10839b3b1e6ba5988791de65877cd948833b2fd9f6ab07d3bac9276bf3b",1,0.0007
"3853642da97674eec2460ce49911f731e75a6c796392b65e70be8a53aaea9cdd",1,0.0007
"384c9419b900f5294a71e1025b5da2a867a5313c24798130dae18ac94b8868a0",1,0.0007
"383a35de086c17de7fad562bfcec269f6c640c1b9ccdda29eaf3aff5acf1016c",1,0.0007
"3828e27c28e2ae17b4b970e19167bca3edc668379ff3f274841e9501f4bbe23d",1,0.0007
"37e982560066d77568f636e192cfef93135b7eaeada42863c229835936913eed",1,0.0007
"37de1fb241d1e99015fcd3c8c2a8b1bd9d560ab23aa2a5ed409152b9bd0bb064",1,0.0007
"37d98330950fff998fd89c9e40a594370f1030ae30b5112d8928547186a4f51d",1,0.0007
"37ce4e0c958db6051e361563a8d453b830e0699947b19d1c3d2f5173576d92f4",1,0.0007
"37a9c465578642fc185b3e6340278014b532110cb4b8eec6cbe5aba64350b1f3",1,0.0007
"3782aa96c3c47651a96716bffcd50780836f3790d88870a2f86381c4150c601b",1,0.0007
"376ce809bc0d78e197787b29c049286cef0caadb2f08d1755c750bfa0f5957d0",1,0.0007
"3763bc38a73fe43f7b7a75b912451ea359581d77dd401b236e7e17bdf3908c5b",1,0.0007
"37619824f970d1ff5ad6d2d2472a9af9e2eb3db14778469c2b231c4d9e37be54",1,0.0007
"375bd32e521512407d015ef9a846b7c7a37d5054fa00dd5647f76876cb7c3b4d",1,0.0007
"3749befcd2439f0688b202f345907ac6d7abf34d942d4fa9aed91f03e42e6425",1,0.0007
"372bea97227033e9cecd2584143b6c94e88fcd19153a43e77a6af9927ce89d4e",1,0.0007
"371aeecdd47020a123199e9922b25d79a42adb6b28cb32b3605634527e10af88",1,0.0007
"3719566093ebbb6afb00d958ac14725e065d147ed9574ba2e2e75fc74a2a9eb8",1,0.0007
"36f6ae12877159f21d3b2a0447c479c1c5bd7a934d59831b81ca712a55589d91",1,0.0007
"36e7c9f71a3627ae0faf5776c00182328d9c5baabecad4c4efdbd15f742b870f",1,0.0007
"36cf00667cbe75fce98c6f99632c423072ccc2336d67558a7811262754fadac5",1,0.0007
"36bc4cc0f60a276ac38bae11e46a530f5cec5dd8be0aeae7207ac4893d546e81",1,0.0007
"36a4f21b580c798906b6d547ee9dabdf4ad69140493dd067139475a91cb46779",1,0.0007
"36a04bb8f3c84acf130e1213f4ae96775e9cde9946d07a3d6f2e9a0cb975cc21",1,0.0007
"369878fea8bc1d94043fde1675711acd0be8f02273c795815c9aea80e2d4f6e3",1,0.0007
"366d3ae53b335a0e29caee0d85d1c5ca5fc62a2110ad73315f0d9aefcc906c34",1,0.0007
"3663097cf90bd655a1fbfb444c33b2aa643489bee61c1918df60c80c2ef365b7",1,0.0007
"3656430ac7cf5e7cf1c26948b46314c37866c2d7e928ea89d7d1f89b8aa0ef3c",1,0.0007
"3654059032308e8cc3a33af43aab3bb1e0ec5b4ab9a25f752626b86e1f470217",1,0.0007
"3633852cab02a763a5add4758619250b1e0c70a476c7924e7d2f68b464112623",1,0.0007
"362fe58a853847e9ead1c23242c68b4ddafd8de071b67eaf3323533ab61bc99a",1,0.0007
"35c4ceb5571a874e72b6fe20d080b9c8d4171185b1ea7b9bde4ce3b4bee3f2b4",1,0.0007
"35b413d52a33ffe2e27622dc469aaf03441cec55f76886c6cfe951df9739a3fd",1,0.0007
"35b1a4a7b52c32301d3738cd25d71f831a8359fe8839c84712dcc4bc6682f64a",1,0.0007
"353f6c53acb55091f9fa3cf3c68ac04970334ee5cb930415ec1be446dac5c250",1,0.0007
"353915ad440965ea5f8d92fdb8d93cb2e309fb365e68e6762bca7fd6762b30c7",1,0.0007
"3535a4047f1e98ddb2ce8156ae21b4d3cb8c47adc3901d52aad7935a4e261bfd",1,0.0007
"3501ce63f60937015868c1be897b9185f1aa6f31161685e522a9054516b18c9b",1,0.0007
"34f2c5a7bc01edc0d7038d6b063b4014c5bc9f9663b543ef09120b1df475c3ae",1,0.0007
"34a9e1ab926db3c942a4b1bbb7ded90d75115a2d7f3afc9ac8fa00c7db20b09b",1,0.0007
"3482e6e8b0b0c284c19b4fca8896d541db41f5eefe944741961ac4322c416bcc",1,0.0007
"34824565038e1c044b03c718f906a90ef0ef114a30b334fb05638dae91853157",1,0.0007
"34735c4395c476e5cc0bc25a96705a2bc74483ae8f23fd67e1e077ab098e7190",1,0.0007
"3469770ba4faf69f7237b1555f72b2aabb265d9f31278c3ffed56c6825e09aaf",1,0.0007
"343daacc113ea8e20a769ec04a1c9e157cb520d7fc90286c4cb6a6f740c51433",1,0.0007
"3424dd67753e0ef1684fba2277e3fdf38fee8cca6a1ecfd1ee77a27b0917a304",1,0.0007
"34073142c3abc94582b8813154e58c25b42137233b5c0aa8bb767d8d1abdaffa",1,0.0007
"3404d3ab4706cbcbce6303edaa7013687572491043bd7f9df40005261f9ba3c1",1,0.0007
"33f86cfb0918010ed29fa954b7ea0d0d4d5a96e5caa4e9d055292b5cc0dbce4e",1,0.0007
"33e28da428cceaed68e7723f79c10ff74d6e5e9d20d2a8e3c5834b751339f25a",1,0.0007
"33d309b1be08dc66f358979e48b1051a916e2952f529d0f42eae9d22e304d0e6",1,0.0007
"33b21675e80df0ca70dd9f60370349c687820e8a9d72afe9648a38d12fa902fa",1,0.0007
"33aba2d68fe513714a096c140160c22fb9f92e67e879ac61b86f324e0b3420b2",1,0.0007
"33a874e3eac8907abe3079ccbad8859d435cb44bf691afa24ff4657e484a7c2e",1,0.0007
"3396bd6ce8b9436c06cf184e7f17a888f815f1af08047ffc40de7c085a9e5570",1,0.0007
"33811c29b7bec48f48776f680ae5d74d79fc37ab6c8012eef016aee4cc16d181",1,0.0007
"335ab6c7d37f37af999c27ecb21b6a0fced02c013e6e9c499f199803afa501c0",1,0.0007
"334e870bcc4adc6b35525b36dc79af65b8f4c41eda51443efad305eb327a95c7",1,0.0007
"331e08b574c56b2765c57113a630235fec13f5669279719d9f72e51f085d27d4",1,0.0007
"330f9ae7db8047a2fff32d4e92ab21179a76c365dfc90cb5446327c149064750",1,0.0007
"3307f4957aba9ea2c8b2bae81df6eb27c3b8fedef394bbdcf49d3549dac8c6b0",1,0.0007
"32f46be54943bf044b21050800f0923a1d1ccfd29afbb27b3275fde619fd02a5",1,0.0007
"32c897f73d8e0551447e61c9a4aae6ac0718a7d1f06842bf91a0cc7078e09d84",1,0.0007
"32b5ff80be2d5d9afc0228472e7cefaab452a7a7fb75efd35b23e5822dd677b3",1,0.0007
"32addca261b74e50f723d4dc6132b4d07fe065128711a6c50b3803b37ea3a70b",1,0.0007
"32a625c44c7ef2bc067059c2e6e233eb7655e29b47e02830ea80cefb16dd3bac",1,0.0007
"32936559de8a87f0977aa4507502faf5f45c50daa88eaeb0bc89ee34a1b08892",1,0.0007
"328a7ff3aafe78978b320ee4f551504dda764192dc6671cd16a3b4a36659861d",1,0.0007
"3285192fd13f4b8294ba616eddc52910c25a5eaf6779c9578c12343bfb4944d2",1,0.0007
"3281a57894c0d14e03d466ed9f09bce420b6f601eedc40a155eaed0d91feb43d",1,0.0007
"327e197c58e2b10412d00a14580c2a8b64b297114f7e53c83b4563e0ec528b65",1,0.0007
"326a5c33536201d1faeba35158e9f3e46b12b29b15073039d7a6728bfb9fbeb1",1,0.0007
"32507ca48ace092bb9522c88473f47f87ee840870f6892e579200f478b07b975",1,0.0007
"320d8f763c051f16de91f453c925d1b6a80d693f5e064e797a2be0fefc473f4b",1,0.0007
"31f467a75005551fd00e08df3a9e446f923ad04232346ec689cf07d6bbd2527b",1,0.0007
"31f21e980dc283e86ba78ad1791e0d021364c18f5cc30d789166eae9bd724010",1,0.0007
"31eeeea74040e9a8ba4fb705c66463b340536c3b6d02848e51fc6beca5bb389f",1,0.0007
"31dc1520554afe46f666756b05b3070b1b76d05039c21f7c65dcfdef22e7afde",1,0.0007
"319e0a64cf54f96630ee806f16f9d5aa6a9114f9f07bf00891192f930ab44f8b",1,0.0007
"3194f6415c1596e2bad58bbb9daa011003624738cbc58c878468d0ec856d45a7",1,0.0007
"3190d6c26154d1257d66e7015f039ce1be2fc69b5d9226119916d182f7ac290f",1,0.0007
"318e477634a134419d7e8996bcd335afa95c073167539bce8352db682dcbe656",1,0.0007
"3132c163655a259f955500ecb5a200855c912fa4389619d043f81ef13c3f2f7f",1,0.0007
"313085ec45f69c4c9257208140ff6be1b7cf056104fa99deba785699c5496d72",1,0.0007
"311bbbeae3b7b24e40ac442ae670256a78a9c9ee399114a2918f8618bd74dfc6",1,0.0007
"3106caf7be6c0dab2d05232e936ba9a1a3e96329cdbad68269b023d88f70bb3c",1,0.0007
"30e7508d1efbe178b8d3042c8f47f9c95a0a8bff8282f66d4cdbba5dad43600e",1,0.0007
"30d1c4c48d1e11dc277a1cfecc040fb39d4dd426124296e48a2b630bacac9384",1,0.0007
"30bab567295b20710cc5cfda64241eb2daf23f93d53da0f342ba85e6874caa20",1,0.0007
"30affd8d738e21caa79bdbe4fa1b3a42d96412f2a8d387fc67bcac69ac5e6cbd",1,0.0007
"308f13398e80c8c523149073af83846b996e469597c2e4baa8c436722037a5e8",1,0.0007
"3078e41dcd71a4d67404b7e8bc63a092523209efcc2091abb508b20927f80443",1,0.0007
"307515b60bf06ce1d082936fb514cf65bb1b19443b9bc9940bf4b6bed6634601",1,0.0007
"30658d2aea376525acb23c73f73d4223832c8553a91fd018c276fe734f44401d",1,0.0007
"303d7c102e09bcb9082566a6a5fec834d6a61d1a6ace8de86e9a437c79c67436",1,0.0007
"303466e6898038f9584b11e8fc7e6219db3fef841e8e3536617b34d3efbc998c",1,0.0007
"3024312f46747bff8c4b6f1fe584df72198ce64663134b8ca5bbba6b31641f31",1,0.0007
"301f42aaa186ca3a403913f267ef5c952fab5de7a725ae1714a1be18616f6ab7",1,0.0007
"30133812a34f3b3d2aa680dc9623ac89f0eb7427f70fbb15907d35167aa5e9c3",1,0.0007
"300cb94e7803fe8094f6c7e4c7411a7309c0dafbcb0efb432745481d4f0567bf",1,0.0007
"2fe854f3a9d4aeb19b540e4cefbbbc595043de4044fe86b6e52f766df9c2d594",1,0.0007
"2fe833967e5abd92bc7de1b9c33a434a9b08b879d1952234f5e468a72fb100fb",1,0.0007
"2fd3a8d9f27ecf000641e7e6380df6a3a4f5fdc472cef912c53fd76dc80d68dd",1,0.0007
"2fc7a4925f2b666617b8be19b4560f21353eb4c96525e99f6fcabe486ce9be07",1,0.0007
"2fc4965ad418da610320dc69c544f77cecb9df9ed930c591b8c2191b27c7439b",1,0.0007
"2faa61fe17e96ceb07981041e28f7d183efcf9d4940afb681f84ca209b62a9e0",1,0.0007
"2fa0a01f0d14b3a3aad4b65d98dbc4d388e4e6b18165404d270a168d477cc06f",1,0.0007
"2f924dcb03d59fbaa4e908a1acc2a83f6accec1735f08046ffc1a972950d3323",1,0.0007
"2f91a70d1a90673e280644e0489923858d135dab330fb5ef8e32e64029ecabdd",1,0.0007
"2f298d496e00f77d3447275bc15ce44ddfe9b9295d4be9409ab140d123454819",1,0.0007
"2f0ed3386df25548595edf341c82436f7f917bb7c8d2e19465a949605bcd71c8",1,0.0007
"2eeeba73daa2dfb243ef73ae69a2535bd90cf5b07b2788d6a7676838c12eb734",1,0.0007
"2ee4f4297cdddb9369089963be89b63060760e15c1ca984aec85729495b4ed95",1,0.0007
"2ed4328b5ad24a6a829c1d1d6654349f5bd88bf69fc3ea07b9034b18797e1866",1,0.0007
"2ec044e90c6d8ab2f1be1d29b3c89a734d38223eea578f200d6e94e367aa56c5",1,0.0007
"2eb96f7b10a9c586163851769666ec14f63291712cdbca47d36c2251a579189a",1,0.0007
"2e9f9eec7968eca2461a4bff3aa6b3a283f739ee7536243f46177ce19acb1095",1,0.0007
"2e8c87f0cf923ad0a9798db9ec64cc53286c1c95a196802d1c922fbd527ed6eb",1,0.0007
"2e7cd82b9a1f5e2d9de05ac172f663dab58df6638b8c604e28ca33a3b5d9e250",1,0.0007
"2e6e3d1948035714d38189a5047116d5ab93cbc574c9f727d30ef88b5540b1fb",1,0.0007
"2e2faeb67cc3cbb4bc87e6e6e70c27846ab4e11f053b700a1b338b9e65bf010c",1,0.0007
"2e2cc3aac07681913910549b815390ddd7052b699307b0f418780597356dcc38",1,0.0007
"2e1ca59d5ebf053231027766ea7989b028aad9a1f37fd6c7a761d4bf106533fe",1,0.0007
"2e0f2b25ccffdf088617b92f4967fe816009e5d383f8bbb66e19ac3631e4dc7e",1,0.0007
"2dce7fac91b4b3d3b996f34101542a04fbd844a2ba60019233dd973b63c0161f",1,0.0007
"2dcbad1a18dc6921a8bb4c3c47164c217d188d1c5c595d211e9dfea724bb4b78",1,0.0007
"2dc4eee340da2951032b1edb25685d343467bb06d35c313656697a394e5f54e0",1,0.0007
"2dc19d49f7555fb29d7f4d40564e6e7fe9f11b1360834ee647a37129ec8c56cd",1,0.0007
"2dbd07e548febe2ded979b36ae48db8249b5a3e03543299e4e49ec94c8939613",1,0.0007
"2d75e0e4349661495ab54457ce62624b6d6ae20baf66e71a81dbf2a46a0c8489",1,0.0007
"2d54500a266d17df60f72a6fac56e47d877fabf370185d1a045770bde254a913",1,0.0007
"2d51fa27a53c60132163cf5d579e1a104bd54e6342fef872ba8efc50657fce99",1,0.0007
"2d35c1155470630434b03beba361f7cb1d8fcbb3e8b0cf23a76c83de13c0b142",1,0.0007
"2d1fccd4bb897e48b388fee4ff256d7ee0b676de11525d5703230199b4ff5578",1,0.0007
"2ce18af8f3ef2ae35953b86db8972c6abfa86d9f7ed2b057ef4d52fab957af34",1,0.0007
"2ca338e04b72469e956a116a5d271b3de4f900bcb8228039473f7302bae3aa76",1,0.0007
"2c9d7c42b5701fbe5e756c947ae4310e3bf266b8264d06b51e8f5074f321177d",1,0.0007
"2c96d2d9f9e1784dcc16216f51298488158aadd52e0d08886bd244f6aa6ccb18",1,0.0007
"2c7bc6b4c91940ac185df38a3d0a8532b555140d818df94f03f894e5952ebf42",1,0.0007
"2c4bd46e18729472deb652bc5acdf2a6167ae64014ab14571f1de8cefbc5dd85",1,0.0007
"2c443d0da4440a17519d5972d8cf182449c225ae8d0de0223035cf8ffde7d987",1,0.0007
"2c3cd29d25cca370391674a98d34a846953cd15fadd2135e6339e97a97aa09f5",1,0.0007
"2c2b3c9756f372092f9120393b41b1b6a5aa5546de169d1100daf370e1c880d8",1,0.0007
"2c23658539a645be49a26c78c6de365d2413f8eeb5109f52d92c73f0cb900f4b",1,0.0007
"2c176e0cce409c3e08e84b8d6e6890f3ba5036fa84a95a77be69238e14f0d604",1,0.0007
"2c0e70d719e45f7f8c31f7848efd99de29cac9612581b2b0b557c24f1cf04961",1,0.0007
"2bf6acd66b0b6319dd2e16558a52312f5d964c3fe1ec9a9e796e60fa82f4c965",1,0.0007
"2beb325875e1e19482e06cc7e81955f7c92302b317372811e23dcbbc1df485be",1,0.0007
"2be577797c24cdb02689a6114e09ff77c7bf66944e2c15390eec3ca8188008dc",1,0.0007
"2bd0eeb781b2f570671aa980a1cd72b8b584f7420cade4706d3088a7f3e4a1fb",1,0.0007
"2bb6c8f4188de4a3afd87492f54f3de90eedb4f5a13618b8fa40e6f9a4d313fe",1,0.0007
"2b699bf3a0f8c2363bb0b296be8afcaffc424986dafe33a082a058c3fe0950a8",1,0.0007
"2b694bb469f38029716a4d983329fb6487a659e31008af7f5b3644f12cf9f120",1,0.0007
"2b248593dd244d6aa86798f164a81c13e4e2a4a9c12761aa1ebd6ddb7e5228f9",1,0.0007
"2b1b00bf60620c54ff0b068a883471a1fb5b1e8be5527c0bd7f68885683b0fc9",1,0.0007
"2afe22fc3ee4314d9fe6ea58eef77e7dd799dfaacbda41fc20b6ab1d86bcda02",1,0.0007
"2ae5857b21db00e06cf512b9f4ba8324478ea8fd3d24cb5cc40278d39b9e83ed",1,0.0007
"2ae525f01dc69d900c3faac9276c6a8514e916325a39fdf27228b43341aa114a",1,0.0007
"2ae12d8ae21c63301eefbfa1b63a5c3a2d9d85ac0a60593086b6a9020db6ce21",1,0.0007
"2a96b68b159c932e86b50e6e7b2582ceaf067226f36cc90f2e05e96824b81f68",1,0.0007
"2a8789bf5dd392b91ddfe6591072a0cb9fae70045abf379fd1dbbc2db4af1de3",1,0.0007
"2a7c7120c63b809a8b59e91dcbc493f3501831ba4d45c549cabdb25b50f78dc3",1,0.0007
"2a6866c1850dc7c2ac131c4bba925d476c4179cbb731092fb555a55a654a9c44",1,0.0007
"2a581acfd0bc2a2cbd0abc56d9f9bd254260b368340478d611922f4f03ae270c",1,0.0007
"2a4dd54a4f262ee64b221b70854a41875fc429e96ce3686e0316024513fab577",1,0.0007
"2a4b9e2a5b325b5f7dc440b28df35c360795e85e034a02b758f3259f9fedfc61",1,0.0007
"2a26cfd01ff6874039c8e5eb001dc24b13ced4caff922b5ea7cd14cb0cb42e7c",1,0.0007
"2a1e7a52a552513e588dcc9d2401ff1aa7a1ab2508c0e0afec9536e9b1484e0e",1,0.0007
"2a10395035a829ba38f9e0da8a619ca4f7257977f13fe840e949e84c55acf6b5",1,0.0007
"2a072a0fdb26b670e706d9999b0d2a182f7d69b6b92b16ce236295b2ff2a7f20",1,0.0007
"29fa3581a357cd7f32e40074486cb37f2b9155f859dd19b9a9e784ba81658ef2",1,0.0007
"29a570eefaa04a949f543becd922874b9d17189540a32b8687be2a3fa2394b98",1,0.0007
"2995e398d196669d3828ef1934415255dc59904fba25fc6f9edd1a0bedfeb99a",1,0.0007
"299595b140067d5637b93137bb121255327d0920defd64726376ca9df7a70f7c",1,0.0007
"297bfc31bc4ecab26f27b194e17fa440f0f1cae4c68f36914679ed4f861ce0f3",1,0.0007
"2977cf001ad288c7c5394297dc58686fc3537d620fb574bdd67ee7a1726a8776",1,0.0007
"29539cbc8a9e1be50ff1e226b325735af2958f4431390da04457bb7c1ea83385",1,0.0007
"2947d39cb28bf34dda3ebb6ff4b31a7a51d4e88dbcae0158fefb4f0931f02487",1,0.0007
"29466ad46f05d84ca932a59c660ca1eb01bb8ae88360aa81b97d2366818d8863",1,0.0007
"293572d45789b097e5ae217194aaa640c4ba21e9b75e93145c2a7c362c9b0094",1,0.0007
"290bb68d1cf2544451c5b552999b1359705aa2dde97a12fd5c05a9985617a4f0",1,0.0007
"28e7d30d5b353d5ca1cd66ad1d2b6384b46744ac91cfd48af3f7ec496704e2cc",1,0.0007
"28d0d7af7fb4f187446c33132df6b1f8f0d873ca270957a31be99cf4f0a4a167",1,0.0007
"28b61d01071b1048b0203b71204829d2ad87d7050cdb37022cab236543b7a39a",1,0.0007
"28af3ba792072c1a7ab7ea3c3bc32ee44cb45359ba17fbc9660042f5d4d43815",1,0.0007
"28a8c7adebfe1a0f40aea4b12d3ef7f5da3f1ef84314da8f04b213d5de4dab38",1,0.0007
"289b36c4a865341b0d7bfea7448df9530b998aa4daa30997221c02714f79875f",1,0.0007
"2893a6666141e885cacfdf8e756fcfa46c7321aa324fdb4f33f95ee5f8ee3f1b",1,0.0007
"286f4fc9deebdfb306cbd533f4cbea75c24c746f9fc4481e4dab0b4738e3797d",1,0.0007
"285696a4b792c073cae5967b5a46141d49a8d400bd4a9edf7d5c8b734d819041",1,0.0007
"285273f85406691396a035c138ca8b840b67ae3521b55bffbd462f5cdcc4c9a6",1,0.0007
"2846583d95da5c975051fc39081028ef562aa08a0ec6c6bbd953cede7e1ab2e4",1,0.0007
"28461b24adafcdec445bbfa60f634631cdd69584d5fffbb92bd2e8f31d6ced47",1,0.0007
"2845f3971bcad1f27ed1b8eacd0422ba4e8ca668723a5cd3da19fb35dda6c76a",1,0.0007
"283b09bef8e8b2b118311acf724d42613d3416b40846aacf1433051713f95bd2",1,0.0007
"28304c7d2c9b7624ccffaccdecd47c510edec447d2a4436aa9c84506fe06c09d",1,0.0007
"281626b69f74d84d98f3fe8be63612b30b75730904d1b852bb98467a879c85d5",1,0.0007
"2807b5e97eae6486abbd275afef36d3105c4d8378959044822abf2bc929bff48",1,0.0007
"27f1cdf471f873f9e563b7ce835865b52b0d3bdaa2a1c4a3b8bbd6ada0c82f2e",1,0.0007
"27d996131bbe1ce965b5b1bf8680ddc7d385f430f1941b840792b9151c5ebc1a",1,0.0007
"27ba7083393c6d22dfeaebb5830b41e4e6dbe35bad9e5337fe66a81a09deaf0d",1,0.0007
"27b2ef8c7288da0bf5cd997cb7ca02c71163b339c76c496ed7985994b25019a7",1,0.0007
"278a251a348d0f9abe805874886932c1d1ec5c4eef7ab653e98ce46c008f215d",1,0.0007
"2774f76f4c57f1c2ade041f1bbb30d4c54d885f3fa79d7888e57203fc1e90139",1,0.0007
"277444b5d4a175567c78d774ec17a7f3279983f34b135cf02803127bfa206a87",1,0.0007
"273c11a2d25b2ad7264a282ba6f55ba64981867bd75a05bf208355706a1dc6f8",1,0.0007
"272253de67fe19e0601d2c597d5f0f29e07dcbacd556528a1ed546165657ea89",1,0.0007
"271b5da9e22b0729dddaa29c047c443f956df931a31b1e43702fd23bb9577afe",1,0.0007
"270030f026bd52e2f300f85abed9e24ac15fa05daad946a2eb5e79df60a6c7ab",1,0.0007
"26fc6c8bf9b79b8a3483ec707f489bd6e0b1cacec026b3c47cc6fb44f35543e4",1,0.0007
"26fc3c08d9a9f35096f84c00235a59ff09be8855caedd3f302f47688a618b2a5",1,0.0007
"26e0506ebf3e5954906ddd5ac80ed6f57c95d79480da56be9edc9a629ba79368",1,0.0007
"26cca5dcc7eba2074e34a10da3926fecccb047a151b52257b0ac36dbb3aaf16d",1,0.0007
"26bf5a768b2d307e081f5604b466f2aad9abcd1574def0e0295457cee86fa7b6",1,0.0007
"26a4462af2bee182fe4726bb9f13b9c30a19d7e257fa7fbabe74f4d560e45ad1",1,0.0007
"268f3e4e5114454cd4938921b97b26c478337c7858c0b566f3031cebfbe9d075",1,0.0007
"266208f82c5031327c9cb84b776d7c32f67584ffbea5e43cb0458cb89da86042",1,0.0007
"2660fcb340231cdfb03b501cbc9bceb3022507f3ccd4271ba578e9264cc2d982",1,0.0007
"265e727291adc3fc8566fc7abd55ffb0f311e0b3bd85896dfde27e78749c65fe",1,0.0007
"2651373152d7e6c451a0f55b6d739d3151fa4e58c2cc6290953efb65b4b06f15",1,0.0007
"264f13cdbfad820b4b59192203909a0f16526f21feaa2be567ca1c36fa691dc5",1,0.0007
"263e85edf1e7e9b664c7ecc4084ee39ab14681f9900bf74da5f4cf5c73b55a1c",1,0.0007
"26394cfb2b9076479af256262a10b51ba39c650dacc0ff917d3aa1b7f4e4fee4",1,0.0007
"2604abe82bac0f3dfc456ddd440725818618d3ca2025ff9957048d71987368e8",1,0.0007
"25a8feed629782213d9faf537c211e87a9ca51612cc54bf1d2c0716b9968da0e",1,0.0007
"259741183fdf24e8278c2e7ba735cb0a8388d82f1e25f4fca56b1ccaa9c52115",1,0.0007
"2581ebe02dff2ead81f16def83241579859f01d2fa575a329ab4425a126f4091",1,0.0007
"256c131ae6343723dd063eb218d47e7b853ab39293b4d3ebe139cef554e14298",1,0.0007
"24ebee24855ed093a4b8346c2e9a4f8e18febf94d3ba2143c721617379c94167",1,0.0007
"24af90f51c5b4924193204a8bf8158e5e8c1c27f8ef49ff66a3d08cea27f2992",1,0.0007
"24906961678dc906690ebfb13eb7b044db8b96a230826f474cf4f566aadd9f77",1,0.0007
"2489caa14ca9afb7d7f569de049a2ad5e7e999842e9b474860c95a6c0ed1ae00",1,0.0007
"24710cee8479d0da6098a4788b11b701565dd187f8c947eeb12c2326cdcbe1d8",1,0.0007
"24640750cd5ee593c1dcf32833b8f46d32bdba01b29ec2dd9d3e5098b870b60a",1,0.0007
"2460db9d5cd0e7c1449a706ce21113207e68c925aad855a4e8a1cc9e594117be",1,0.0007
"2437c2efa8647fe0023d5b229db5a714369a4a3842ccf207add7c267702163b8",1,0.0007
"2423510e2b66c4a5392287de88924ef56924fce7e25b3f65edf84feab73c82b0",1,0.0007
"2415f43928780c4b0bbeebeb5529e6520eff2228f579c486338baa12c7c94967",1,0.0007
"2411385509a00aeab0aed1236fb9cfa07106fbd8675232382bb15b6b07c704b9",1,0.0007
"240c77e0965a755e609a22bf18b7f3943a5c5efe449fff09845eeda757082024",1,0.0007
"2406ce6d5764e323dbbb9ad38970bc56e0091f142bf263f860c7ae3da757f699",1,0.0007
"23ff85970d57757d5c5577f9e93488ab54d2605cd89bad9c1ac58608f49e3805",1,0.0007
"23f8313169998ae2636baf2de9e0e4e119cfaafc7730b415745714f3a419ba9f",1,0.0007
"23eed8ec8ca1bc0110219261e4f2db4562827c954c6a705b795dcf8134b2fef4",1,0.0007
"23e5051b5295704e29db897ff424b66d22f40c515de13600d25b96e2cb65de56",1,0.0007
"23ce0c3a57f0692c6035dc0607029c8a65239aa1c6363b72cb266691d2cfeb18",1,0.0007
"23ca3ce5e4c3c01c599bdf52b2de8cc99c26c0ac5939457982e771ddb21d1d04",1,0.0007
"23c2067b912fa7da31b5afe60ed952bc1903390d6bad1054cb75bdf4d1f3001c",1,0.0007
"23c0fe6cbc8b867f1ec8350d9e2ca40a4cd2283d3ca21b96ad377713d359067e",1,0.0007
"23715363ff5f399eab3c57b671270d193b6452616aafef32df8d44caeeca2509",1,0.0007
"2360e1ab46c1b16cc898a9c0717d54ea1014a9d325d27cd2de9b50d5ce2e77a6",1,0.0007
"235a706073c2cfc5d1a88b533349e5c7819bb16ae6f1d8c5f7414d990eaa4581",1,0.0007
"23584ce7c6c7cfc116d106d5127d55eceb170d9e878879de1e2dff0356b8fbc2",1,0.0007
"2329ed67c5e25a3ef93d755b57ced692150f00fef6625504a0ed2c3dcb5eb7af",1,0.0007
"22fd6320773d137dd3144cf75a53b5761b3b9f4bdef1709c0e65792d523cee9d",1,0.0007
"22ef9eacd5f50fee5d5b81b738f33cd64e97151897dc064a60ffd807fb501a2d",1,0.0007
"22eb3cb88be1178c3831a0aa37c8b810ac4526db68ef89cc687674a86c0eb6b9",1,0.0007
"22d80702efe84d37ac9bda2efdb2c4c0ff9652a59ccc90c9ae4aadaf195fb0a8",1,0.0007
"22b5c205be6d9d0845608d444781799d5b653f5095f3eef192effbd9f860aabc",1,0.0007
"22b4737e67db6c85b518f09a477c15c9d4115d87b85ee47158c797d61e7aba6a",1,0.0007
"229a60b519e2e27b2bfc34488f3e717cfd22ffad9300e08bddf5b146ff7551ff",1,0.0007
"22921036280bb2ca5cb8401540205140adfc18e1019731d12b4a2a0d738d8eb2",1,0.0007
"22909307151388c37820e6bd1a891cf4e8922d62133bfbcb499870a012860023",1,0.0007
"227c4ca343ee5808bf6037aa50060448d5074540eaee3f933401031a801e6467",1,0.0007
"226e9cc649a87ae6396d7c46714b7d4378b029c666ad1b00da51a11aa55ccfc4",1,0.0007
"2240657132c8f1997055e754bb2f8a20ad82d4eb5296ebc8db6420489629e255",1,0.0007
"223c8d4da343cbd0238c51515d880686478a7867cb72576b69a70a0637ce22fa",1,0.0007
"222ac2d82f6b9fb26cdabb73a2fae473ea47954a9d191d17ed7fdd0af588aef1",1,0.0007
"2229dfab54855c6722fba1b731e42a4e4d16dfc00f18500b0d3bd2e55440c21b",1,0.0007
"2223b24ac64d87f82a070443bb3bfbc400857d2bdbe2ecb791b4a72814912d9f",1,0.0007
"21f41ca029d3a3de8ac0cbc3968a38dd16b0a26d9a4cc2a8680918017d1a447b",1,0.0007
"21eebb27f2fb9c6b45a4a492df5ce9b28c31e0679532930cf5a41866a3ebaa03",1,0.0007
"21da5dc9cee718a43e3306088f9240aa98293ba6d91361ef1b4a92ff067951b8",1,0.0007
"21d42b73c1c9b3c64536360084c4992d055fb5ff4312fd45d8410baf7eb91b1f",1,0.0007
"21bb16f7ca1693407300562436dc0468a5405af63b9a24a2ced04d4a888c2bcb",1,0.0007
"2174f8ca8d8bcb1490798cd18c56b69fe639e891e8e4745bef295a4979e5d55c",1,0.0007
"2173790286c29eff1997c9d957f4a58f4d6f7814443cbddfc56d0bf5d68cd688",1,0.0007
"2154f1559d09fd9659c47197fa59b0e0cc05bbb06019557ea64c31715c2395f6",1,0.0007
"21467e8a5dfbfd2ccccf5d60473eb9f6d51b8f4b29f98e42034b770701165f0d",1,0.0007
"20e46f0cf3ad51090705f73418a1f756a60079339bd8485f1e8157539c6bcf40",1,0.0007
"20d6ffa6882804256ee8ffc2447f62d633e29d6aef4312bcc40b1f495790cfa8",1,0.0007
"20d4ef0627ca8234b4d39649d5df3b93ad5cafbfca7cde4c7ce4b2ecefd56c2f",1,0.0007
"20cc19bb76c164bba8280713a9abaeb4d0d37b05bb81a8c6aba4e682160f6d15",1,0.0007
"20c0416acc4043dd577472bee4c921cbf1bdd39ddb2fab43189ef5c37909c658",1,0.0007
"20b61a7119a79adc46986e454062d6b7b677455738a467e79c4fb2aca8340896",1,0.0007
"209d98ef0c398c9ec59da4886b750ded5d4bf6f67c27ac2ed743f0be9c79d547",1,0.0007
"2093072112c02305521c7410edbb8f0c46455b0c34b736341bb34f9a75bc1e7c",1,0.0007
"205c2ed7c3f3bf56d365d2f25313c4d0579c39cf61420c6f292d6122f142f935",1,0.0007
"205bb5edeb25e982eb0ad284ce192caf78219c69c1b5700ad744e5c3b8594c97",1,0.0007
"2039ace493866a8359e2114fc8be8dc9dba3fd7267690682c2aebe9b5a98b5c9",1,0.0007
"202079983fe1fdfea29ef9aa08f38f3f349cb0e30fcbf993a5b4ca4dd33179e4",1,0.0007
"2008e237f928dc1eba92f072707e6587a7a00cfa7b2dd30718af5f64c8bd9a8e",1,0.0007
"2003e82a50362c162260ba5a48d3501a21f0e89409ca1836e11a81e307fb7d87",1,0.0007
"20006828aee939e80978c7d73f3ad60223f2b7ec9c6093b24d28e3aafbaecf30",1,0.0007
"1fe6ccccadb2dd3c2115961a76829bb0af478f39973cf37fd55b4096c7f0a211",1,0.0007
"1fd5d59a8705d1658ccc16d7b8eeba3716c945abcd7e56947b77440f962c1cd0",1,0.0007
"1fcdb65d2c5ad28c12f3fc686251d053fa566b278f180d646cb290687c87a6a4",1,0.0007
"1fc88526e1f5b684f8d307aa0803bb01269df013ab4faa6c566bdba67f3c8944",1,0.0007
"1fc87e6e3d07009930a485e7c71c3e23bc6e52a6f2a793bc9f5223fb29947cfa",1,0.0007
"1faa1ae621d8424f9f29298a298f6b3064540c612938ef2ec5222662f70f4f71",1,0.0007
"1f9780ef608bb0b970fefbc532d2258d4603672e4ec3508449f8c53887221ed6",1,0.0007
"1f9164dd459790a2c243491c001f22167d07a16eedd1f4a15f41558d949127e0",1,0.0007
"1f810c1722d2ce1d1e87733629fcfe6fed2ebd20510256e55c879c25eb4bdec1",1,0.0007
"1f7949915027dfc31b649264be5997ad30c9d9052f570cb46ef0b8e2d5323dd8",1,0.0007
"1f74bc5f2a9b0008b833675039b63d3194d89b1a66972a991941b28ff02dee7f",1,0.0007
"1f3ff9e2e1dde06da0cb99f28dca461e6ddc89c2811f78b6c1c555744e70ee11",1,0.0007
"1f22904bf0edb5b75e4ac7e2358f19a1d7e42f2b0a56b0e0730b17ea5a95dab2",1,0.0007
"1f0535eaafd1a5c95ae3e522c11a61ef86c419d49e8973eaeb8524d39e6904b1",1,0.0007
"1f00dce865cbb94e935773a81a8490030b57f03b0411eab2f2721b307d907038",1,0.0007
"1ee885769eeb210e9a9aa18fbb9f4b17ace5e247a8aaf8b57f76b81ae8e2d143",1,0.0007
"1ed72fbdfd79269dbddbae3d35dff987dcac93f2b0c89e164317a5b82b01f4e2",1,0.0007
"1ed0b9d99371d970b08cf74f3ff7c447721d6f01c1a3ba78d29645ab29999cee",1,0.0007
"1ebc440a59382c6cde9db78a2c3794267bb83661c999976b93678bdea125c709",1,0.0007
"1eb13ee69272807a012b722ba6acceb9aa8c93ce8c2793feaed5bddc49fc3d09",1,0.0007
"1eabf1189d3c62d9febfcd6445333cb955d719693800e8642efa14da3d4f8ebf",1,0.0007
"1ea384f6f4d93387a32c70b8d469908cc3b39f6bb84e5be0c3410c73ba7189bb",1,0.0007
"1e96415ebb371da1d54b0be09b1b3f2515766b8b2125f1e00a8f7484056a196d",1,0.0007
"1e7701ba9ef2f012708275ade13aa9d43426cdd0d0f60d6575bb888754780471",1,0.0007
"1e749dd0d04ccc61a2504641038ca9718149d1760f0b538a92da0a869266302c",1,0.0007
"1e00a0b9718b95a0cc799111d231ffc890f03373d21cb87d5501946536a6dd54",1,0.0007
"1df7e3bcdb66147ae2922167c6f6b81db7a4af959c42a51fcbbf98e6ab5f6095",1,0.0007
"1ddae7ba14b237ee06039cd3ee129d9ebcb156c1db0706cddc6b9cb4aa72406d",1,0.0007
"1dc5b1a938dfa7531aae9b62c418e828ebf5dd0523ece552ea7d17e0dffbc2fc",1,0.0007
"1dbda19a2c9962cf798b62557f7c6388a3ea3c7c506ddb7aafbd549843510c6b",1,0.0007
"1d9057993dce4c885d84478c9fe58c727830897204f4d44bd51797cf226e94e9",1,0.0007
"1d8919f2642d827423062c357cfd7e10543ffa5981e17eb42a7abd16f67067f1",1,0.0007
"1d8582bf1753fd9e000cd8404ac3036f09eb18bc58f8f2203675b1ec3b6f43df",1,0.0007
"1d70be282a612751248f951fcfb75aa9d0d3f425a04136c089aeb6569d8e9b10",1,0.0007
"1d704331dda9871c03acd8b33cc27ea846e723d661fc27126b7e88e7fb924888",1,0.0007
"1d6a1d33122aa9eec8df4b079579d12fc8e8a799488da527ebfb726b20246176",1,0.0007
"1d5f0cdc52e99a28ca2b8287630dc96b45862e65a2a089d97742b9dfdcd5ed25",1,0.0007
"1d58a51eb749f2033f4e2e91c342719ee84fef5f9eff119e50dcca91ff0157d7",1,0.0007
"1d1c90d3b0135abf7a31cfdd7ebc358eba9d6bf44bbdc7a04386318a19d8631e",1,0.0007
"1cfe56f9a70ce80aecc88d5f228b4f4c606d951023ef7319cd55bd3cf39405d1",1,0.0007
"1cfa6745881012285b11bbc9f246c4752d4db22ae3fcf12c488fef625b993124",1,0.0007
"1cdc5cb8a4407e27c1a5286a7b55d849b08ba341fe4a6c01e65f1c9cc3e19556",1,0.0007
"1cabf623f629c1687fb075706c1fa92a586fc04fdf9ee5b2297b00799d0100b1",1,0.0007
"1c9c4d5a8ce8e6466591137e8e2f9d986ca356b24486828349e3e212c8a004d7",1,0.0007
"1c8773aff502301697faca94cb81f233d3669a1cf85885810451a4c44836cf5b",1,0.0007
"1c3910cadd1573c550300a98a3599125b589e59cc50f8cecba6ddc64b22e82e1",1,0.0007
"1c2144c8c73e8ef26dc035dfae2ba719ec254d0433ac08db32debb83e4c70876",1,0.0007
"1c1b6e0563ca0be8e5cd8c95a528d574de57e03891a5ba7b1cd4cbe238a98283",1,0.0007
"1c19fb30f162b66767dba55be3a3aad49bd70f305995322545f0fc11d60d6127",1,0.0007
"1c0956b892aa79478f6b21fa87dc14816be04f748f5a163e1da26e8056886b78",1,0.0007
"1c093a5f27927d00b1c9c6606e10adc17062d8d61c8b8d82a006c1721d1dad9e",1,0.0007
"1c0928af078a4a9beff5e04647240b9fecca7a805b751c803f96ff92f75b9a08",1,0.0007
"1c04217af84d8ad799e1b460d1c456bcc4a9d26d9328031b1757c321bd5928d8",1,0.0007
"1be98bb41080d1d882f17e283826335d2db3f201c752f37cbcfcec0cb5314790",1,0.0007
"1bcf80cf878b2f8c323a6fac315aa091d645fa6e3e511eb706e32a0d05f5c1c2",1,0.0007
"1bcd7570c017e700b43ba5ef46f89395b6f50311c59c3cfe60d206a528e08263",1,0.0007
"1ba283d867d6805948d63e643412a833e74fcb8b23c49167e97d3436a14ac830",1,0.0007
"1b92162308b2d0a24cb86b4dbdf608d358a67ff4a8d5f11ebb7079ebcf6340bb",1,0.0007
"1b883c32721d191a06c2306cc85586dc6ba9bd1144f6edffe988edc89bde8682",1,0.0007
"1b6ad9c574e0f5c9e39968f836a410c03adcf057afa93a63d2710bd30fdd53ba",1,0.0007
"1b66fe167b6929292e4c2aa6c4ccf08fbbc2aea43eeae6c32688e492d9434ea6",1,0.0007
"1b64d61d10f6e20ca0de8087141165895c7914e83afc064b58767843ba60159b",1,0.0007
"1b5f4534a76322da2ad7c745f6900857a6802b0ca79850c35a03561df997785a",1,0.0007
"1b400da1b8a65246d7ae5a4229fb9b98611fb74224735a5b91fd8da316a06a82",1,0.0007
"1b335a4e8fb5f6305e27cda599320d2c92644077284f9a40f59fd3999e1e206d",1,0.0007
"1aeca2da79c633f8cd9c329fa7cca8e25d81e3ddf49eb97c2c50c23ab391d395",1,0.0007
"1aebf6dc9f05e01423ac011afb36dc87829cb2c34712f0f0dd4c98bbf3714c09",1,0.0007
"1ae8325103f125d41213301a4b2f063877a40697fc9992167f63069d1e12e1b7",1,0.0007
"1ac9ad2258396a1c4ceee5049841e61c1c2953919cc673f8c8c050c16d76204b",1,0.0007
"1ab5e135d3cfd6f15a13b0939c2c10cab1cea4243c78a9e19ec8a50c27043ef0",1,0.0007
"1a9cfd0c8b1bbb42109609979c820f2fd97c71acfedf4e683bffc6abe186a328",1,0.0007
"1a743923fc284b64dd4ee0e0c29ae2f364ebf89caa0fb3f73aa0ba807be30354",1,0.0007
"1a6219c931989acd01500b4bf0cbfcf533fc198bdb3cace125a8fc7ce6cd6c79",1,0.0007
"1a5e7ee9fc8023cc176fe70a0621a971f020a141f1709def865523d5747c8afd",1,0.0007
"1a571ebbb2586039bbc344b153fe82eb8819b91b7a49e124c74f05d2ae416c5d",1,0.0007
"1a4be5c9a95f84542979ea3384c59294ecf316c062df837149aea56a78233a83",1,0.0007
"1a4405136adb4e7c10270baad11b7255829a71566784cbf88c132245ee05cfd1",1,0.0007
"1a4250d4922b6c25e67e2b8bf10c64f34f1841fccdb7c5b20f1d1aaa2557eb03",1,0.0007
"1a10a79ca9c5e69789bff88a0f79c2e2917871d0f3cdb62145267254922e8609",1,0.0007
"19fcba31e1f40fbdf84254b24812ea314069ccb9788347d5ab5e03fc105a0134",1,0.0007
"19f62f37e57ba77c24e674428f1a232433c263f8076b55b5c88fa3642a471572",1,0.0007
"19e77528c7816a75f6efbac22609d18ec43baa57b436f505225d10075346f208",1,0.0007
"19c29306023af9d8c70e515cdda3538684e66c882015ef550bc9f8dc825cb168",1,0.0007
"1999bea2a86436b82a2f50476a04b70ae8eb95ffb432396b84d48155308ee4cc",1,0.0007
"1996edb72bb62ab1b2313ac9c862fdfa823f013190e33b1fddedb6d7367beb19",1,0.0007
"1996bf22d9933cb8da6c98b8eb195532ec92a618b83af254541b1679b29d9545",1,0.0007
"198e66fa8d07c24456055c7286a9a43d7a0203812f9c3e837518ac593679bdae",1,0.0007
"1987491eb783da3f0c3854ea2cfb6eafda0c3e0ecd3fcb9fa9d7392a08fd289f",1,0.0007
"19868df3653d427cafa1c30bdb6cec1ca5c8c815eeabab8a8bae6d83efb1fedd",1,0.0007
"196c8249a203dcdc1fd4e7381472cb37a960adaf6d2f1c7a069b93f3bdea68a2",1,0.0007
"1940845fdaacc6293ce1250b54b6b4e1f8c039af9c5f71e92e0960961c6b4264",1,0.0007
"1939cb97a2d5e0c55964e7b88bc76e20caadf7217b3ad2826d4d4b82bd41a00f",1,0.0007
"192ab84143557211d84f13fc15862e42debcbc3db0c516f792f51d6b8e1a5868",1,0.0007
"191d631292d22f5383491784ed33972a3480b0a5bc79b88ac6bd7835862b916b",1,0.0007
"191a9dcfc76dd609c1e086103756aa79abf9b1ebc02744d4fcb4cc3aa26eb574",1,0.0007
"18f37c4e1d980e53d8ec8fb7bcc28b0c6ed7eb5beea95c4af76c762c95f61332",1,0.0007
"18c5f74a1a6821cb3312481f3d2f89f66e7b5f62ef15b41b7929a8d02eaafba4",1,0.0007
"18bb2f00fb1f098f61c125a9d9d53eb3a5686e5ee619b588e56d1a24e2a7e897",1,0.0007
"188cacf8f830a043f187721235281e47018960d60d3e3794541578983662dfcf",1,0.0007
"1872e71c6ba523dcd60ec9afa29000b38211c846dfda3be9c4f6199fde54f9c4",1,0.0007
"18723bb03e7598832b3bd63f122e68538229c9e651a7ab32b0911e2fa7665d35",1,0.0007
"1863d95f609cadd95a557550ad6bdc05a443304fb69fb1d110e7874ea27a1ab2",1,0.0007
"17d5d88b060ae9eebfa3d36293e39e61006ea963ca655633d76f0379dba4007a",1,0.0007
"17905dfba425b340c9f52e547b1ad1dfd0ff70156a4854426856022f3d543ff8",1,0.0007
"177665634a1312e39c6fb5ee97d3263274cd4f72e124f866ad347c93b6c00d4b",1,0.0007
"176f4086640d2c5ce433113033ac7f161ce37180f46f8e5cbb9cff9db82eb900",1,0.0007
"1757d66322ae87f1f72679a8ba7229b8eb4284d075b05b08f8bd423e496b92c4",1,0.0007
"173c30d93cd8d1a2ca60f89498993764f416aaa0a8aa1d06a229e0400dc829c8",1,0.0007
"172e520b9abde9ecaca23af2899b36be391be0d88a59818598a54bb90358abf7",1,0.0007
"172e48819f5c8940d66db068f25d8ca4c4f5ab84e304f37cba77fb860bb8fcb1",1,0.0007
"1711bcd20feeddd4dab6660cb2408c90085c5b42227bd10fc059140524899b09",1,0.0007
"1711b7c790a978c7382584e121cee7883a557a11cd91177fdbeee4320a96f9c0",1,0.0007
"1709c3a68425d1457bcf9a2a916283bfc682f82a80c939af2d2201ca87b49c3f",1,0.0007
"17037ab0bb67b3a029f256116b710335d362079a904ee89aa177cbd777b253e3",1,0.0007
"16cc7e0e678e95c981b99c35a93bb48f3dbde46c55e879257412ac6fb2ba3ae0",1,0.0007
"16c6e0e7941ca8f8ff1859f80a0e5c39a41cdcc1d9030f769558b5a32a184b48",1,0.0007
"16c283f0fc9d1182d4f82ca0cd636cad9c5209f853de3f7e38401874300c6727",1,0.0007
"16b03e0d6cbcc6a3373edfd62d278ac4f5d61348bebcf1240ec2b05303027dea",1,0.0007
"16a2527e1853f98313d6526d5926f9d2924cfa878556a1ba367aad5d3b837869",1,0.0007
"1689dda6ff110bd09af64af4e82759a37b30ac3183dd96e47e04ae179b493e56",1,0.0007
"166dc8c50cde7779aaf57965ec0b16caf326c3e23f6f579e05b43f1c2bfe5343",1,0.0007
"1660d2fa8f781e50e9323c94479fbe0383a0f152d7c20b25ddd32c0f744eb4d5",1,0.0007
"16223a9f6dc7d733e3f56464c3ddf8eedd6e72f2b7d4cadf6c2a947cdda69525",1,0.0007
"15e81d174eb342df55f841fc4ba5ea9533457af53d07c97f0415b57615edd757",1,0.0007
"15c45224530b0bf4507ad80bc377a55068cf9334089242cec7758e723755367f",1,0.0007
"15950242d8b569491c09d2880ddb2aface570c921c122a487c6c5b351c40fbe5",1,0.0007
"15941b501495479421f98f08f2a8d98c12b7eb14d66cfd9fb8f497270a336fa8",1,0.0007
"15804043e253f3dfd11bd15fd861a3b70e6b9b82109db37b3f5cd2cf211a8424",1,0.0007
"156d597fe56f530ba67863663e3cc3680deccfce9820b0664b6cd629a2b47674",1,0.0007
"155eb31c1867254eacbf1b7a4755164d15cc6b6f939644705ab6b8df61579239",1,0.0007
"154d0fd4e06e1b86ec5fca2beddf767772b1aef89caac74466ec8842d835a00d",1,0.0007
"1548732c24baeb358f236a564deaecafff5d613f6473636fe4a73b4d179bed68",1,0.0007
"1547ea35eb2b23c39a67b23d8a7c1b39bc74cc37b6552b97818f595d3ae04880",1,0.0007
"1546eec842a3c777f5f6f87191760242d09459206312fcccf4c5ae262fd709a4",1,0.0007
"153fe7ff1bea439a818992133687edde22382d000aa02293f6e941768a8deb43",1,0.0007
"153f151d3587a19ad0c521d49294eca627dbb84057457f03f009090149ca5bf0",1,0.0007
"153ac7ef984651acf6d11b7caf01051370c44a99b37cf686d878564b8b9dbb24",1,0.0007
"15299dec7f7c48bae0b3e02fb3c149d8dd2a9d03fa50ab255cbd640633ab29a8",1,0.0007
"15218e552cd31a02fff6c844c5fb6892b9affda2d0330e67cdb5de3205c85a8f",1,0.0007
"14e6c8d4e009d43cbabb2db6961e620928aa45cf1667732005686492e636fdb5",1,0.0007
"14cd94d7dd4b508e8013fe8c6e5a6da97b0c4df6361bf9517695bb2952864cf5",1,0.0007
"14a957abbc36c85f7ee73ba8a2a04ed02d2c5cb5e468460ea3bded51ac4716a7",1,0.0007
"149c280d4a93b7dfab90b53b5cf81951224babf4c398ae3ccc9e84b517fe6188",1,0.0007
"148ca1a98456b2b2cabff5b846de9a27690fcabc76c6a7081fdf9535d6773018",1,0.0007
"14690cce38f89fd37eac1b516ed3be17967c9fb45e97adcb779ff65b636e9da3",1,0.0007
"14600090dfff24f0821f0276e92f389e7367fb6e24dae0c7dd22c2bf21eabeb0",1,0.0007
"1452052c3c9ed3297b82a02e99baafb0c9ba5209f03ad941e6427c3aae5b07f7",1,0.0007
"143def7c77379046976608f3976a10143be98d5773f3dc0c7f4a2915331d54e3",1,0.0007
"1427a77c5d6ecf736b33cec17919f17adb4ff7ea69c31c02d7b23f10cd1f649e",1,0.0007
"14072ffd95562e1630bf4d547d408899d8c48c09c7fcf50a14e3e9acee134468",1,0.0007
"1400833dffad8232baca9f5e0a85320ebf2cb3e8a474842c611d4295ee48e598",1,0.0007
"13fab007bba18c6ad42d28818126dd1c403cf7fda6319faf71b55b4ec4b44a55",1,0.0007
"13f2599d4028f68e97deaffeb04b4a3cf025275085a5e11b219520691e474f59",1,0.0007
"13e39f947dbc5e59d9747748c2e964a81e654c0c4c471cb683c233080c141ad1",1,0.0007
"13d633d8e406e5bc0a521f2519144d44c4cd394a0c5ff704277659184276705d",1,0.0007
"13d6076d2062d13a924eb43ee09512eee09af7763e9f7b93531e20e0e2b128e1",1,0.0007
"13b158655e40396957537bf1c528c6542b315930c1c9e0df640f57293c8af2ca",1,0.0007
"13a8296fb374220cfe60f50d632d3ddc5b78a9249b0970d804c8ea9949a7bdd2",1,0.0007
"13a55fc3c9ac7b48a89b901cf042d32578f8fff3c3592ffb31dbff1e00d14188",1,0.0007
"135aee78ebd8fbaf6ac4a0a18d953e0d4d39792e2b4eef4566d0b4e6865e6b15",1,0.0007
"1345fedc0296f30d5d629f1a5023721a9ba92da86ebaae323d293bb1003f265a",1,0.0007
"13346ebdb5ef364f9d4f8514f7b437565c20b9f2f768b18bc122fb6692ece7c6",1,0.0007
"131c6437fa761b11a3fe61bdf5f3f429a822babbcd3f3344427f8c21df21d0e6",1,0.0007
"13190bc5b412d415d0f1243be1c8cae6a4a324dc6acda80d0c16171a5a592823",1,0.0007
"12f9e730332fe2b1ae1a210b58d3c72c59d337bdae3b7ec12fe67ae5aac27473",1,0.0007
"12ebea908bf8923994f92e33aa30282594fef1e25ec87799b87f95254a587d01",1,0.0007
"12eb9cc043df31ab2ebb36ca4dc398bfa11901cb1dcb2d7e8097c988fb8f7835",1,0.0007
"12a264f28b33abd4c19fa2507194b1893813cc505aa8328f3495169eb952d092",1,0.0007
"124ca4b0b4271bcefcc5875d7dad5f037cac7a2efae92af0ecd88bc70dab5001",1,0.0007
"1230a70e9f000bedd1044e7fc330912352ab01640f3a67cdc9b186d720549ef7",1,0.0007
"1223ecc4b973155337b26b12b7595b49856cb3274d338d2176ae89e49dd7dcd3",1,0.0007
"1199117e0bd80b2a4863984c826c89326dff650381407f27ef5485d5f0468925",1,0.0007
"10dd57668a8e81510bf56d3a1c6846d4737b143e90c2cd5b4f1105c6e0e43f31",1,0.0007
"109d5ce873ef7721664717ebb1db1e27ad56cc75f97e3a57372618118c4e9f8a",1,0.0007
"102905d9c86470c5b569d7a25e98aee81cdc14be47ec8bf880754798ea8d1126",1,0.0007
"101ff0dbe44202f35bec5b2a93c63e44710cb1bb83230f76593308216fe960dd",1,0.0007
"1017cf7c4c23156440fba5735cbafb48b6e1b746684752cda14e169bb40aa412",1,0.0007
"0ff33a64086e15aa09c3a025f9e3522e1d8720969372de6a923252d1185730a4",1,0.0007
"0fed8de986bc052d26eedb88e0f32760c7276a0a147b0f34ded0179147e4aca7",1,0.0007
"0fec361a7e94f2e945b2675ef1b2c81f481d8beacb488ba02dbe1c505d08e387",1,0.0007
"0fd48b93a642fe22204b467ef427c881f75f640b8708547211d501a0e0bd74ed",1,0.0007
"0fbd3322591d2d477480eb2ced2a855873e2faed911e3e5dfd7cbb1488154e46",1,0.0007
"0fb3760c222c362975089dc1d0fd09b47d114793f22b1aa70c02e9da7671e284",1,0.0007
"0fb09df4f7c8725a7b76219d72f775e04dd07bc4a79b77309bf552cd11b80812",1,0.0007
"0f82fcd8cd0e93f418b222686d8fb18230fb8eb0adc6f77ba40fe3949a228be9",1,0.0007
"0f7c26197a8b14e48386cde8ad471750611b527c519a00332c0515458406dc63",1,0.0007
"0f770d0d25e6f61477d6eabc86dedab6a898f39aa706bfc83fb3556a84608c81",1,0.0007
"0f7684ef49d12cd27e730eed1e3bf4b9911524da20e9a591fdfb6f549c7cf394",1,0.0007
"0f447bbd16eaa3bd2e0ea96a81db392740ef151246b95d33c43063d09b62432f",1,0.0007
"0f3da7da98491c9de211d676d8b84c7d3a1486baa28a75fb02ff172fed12e714",1,0.0007
"0f3336cb82c088d8430af0b9110c309baa6c2eade24e65d35b16650d197d1592",1,0.0007
"0ef057179a9027be178a287bc69b63fc5237370840f107ae029bd2133a9b47a9",1,0.0007
"0eee9cf07be1ce8503c9885a87265a3af03aaf04761c8a5d95140648c1c73c54",1,0.0007
"0ecfaf5f13fb4e0ebc7044304ea67d699643c98cf31b563d220eb48c8765a6fd",1,0.0007
"0e96c1688d5cf9b667562291d498610666710ca2632a33cdf9ef6397ca6fc7e1",1,0.0007
"0e91b72f23450556d10a78165241ae0526baf22c1e6739725e7cd9c91fb9ab0d",1,0.0007
"0e8cb9ef352a24a03790ff9e37e5683a5152a04a8acad79daeea1368726cf93c",1,0.0007
"0e7f3ce1012e76b877ef021c2d8de5aef0303a509aa3138dfab4f8ae60347663",1,0.0007
"0e7e427ee624f1a64854e37beba830c3b7ffa040ce365d88d1944af893593a18",1,0.0007
"0e7d6969a25530746c87929ee46103b5143aff0bf0570718872c886fbd1780d5",1,0.0007
"0e7cd0af197cd313a1676df9336704dd88d1c5bd9f57c3fe4b6e4224538a819b",1,0.0007
"0e558e06e5843302d94d42b1ab5063b8b61116999310ab5c62e8a581ef701903",1,0.0007
"0e5497cedd3e04b042e9e8da00a930717f3fae1a5f3605f4730506229381c838",1,0.0007
"0e4d324bed41d8428bfeb3d4456c4cb67cea8613365572763478d11b7606ae2e",1,0.0007
"0e4187eb73748218cf2157de5977fdb22df78141beb30d37f29de3cabfc7c9f1",1,0.0007
"0e238273259fda83aeb80b14770bbc90b42667d893b6c8ee7d1b349c472c9aa4",1,0.0007
"0dc4532efd3e390572a2ed1d01cc45079a8c76ea46859f7cf62fd5935b845d37",1,0.0007
"0dbb56252621ef94d374a0c50a454a2e79d46ccd2aeced5c24eb4a347375c3b4",1,0.0007
"0dab4cf7e6cc683968018550f80395f5c71a178b35b418ff952165f9123ff55d",1,0.0007
"0da9f9b059079de7d8d9c8dd5875755bcb70364c496053669ccad3030bfa496d",1,0.0007
"0da4a5536f38dfde55b9f33fb5e07382a74df5724204966bef420fa4b97bcc71",1,0.0007
"0d90072b8c0c7f8863422422f56270e63445f6ed0105e1d234030740e1c3af3a",1,0.0007
"0d86a5873854a72266975c0b2446c79b3e33303d0c3b8376817b3322ca928c54",1,0.0007
"0d78a64d9aaccce2623b8afec4670ea2dab349f0e5c90380a95bdeb6eb5f3315",1,0.0007
"0d6ce19f9083c65cb453e909ba43a3782d33bc7db04b3ecfbeeab5c5c8826847",1,0.0007
"0d5acf25ef0b020099b18160b6487477237b74fd5f4029179016eb8205b17ccf",1,0.0007
"0d3bdd40606105a1b81b697cede65ca546bef6da78255a0719cc42af93692f97",1,0.0007
"0d3bb3fd10858326c2efcf22ed9b31989670b466002b92384e123d91db682f13",1,0.0007
"0d35ebf3898052d07b09f4463637b4265aaa7b1ef2ab90fcb0b991df4bb36929",1,0.0007
"0d13bf394ddeeeb0b2059bccbf34e74be1aaf74a7af3ed7dcc5c01718850a398",1,0.0007
"0cfd0831a78ebeb232e691e71109726b1f787b901c341e63061253b0a9bbb709",1,0.0007
"0cd988b44747add1a9845142c9a5c63260be7bddbefeb36b17a7065e538bd51f",1,0.0007
"0cd50b810003cd0f4421f89063e6b7c7515b59255b73497a4ac9fb3a186a94cc",1,0.0007
"0cbc0aa6a92452375eff21a6183b46488f6ee11405999430e68a5a23d9b6c8c2",1,0.0007
"0c9e090b9232777fc2c023aa85a5ddd00700204c9b393134efb1870956cbf80d",1,0.0007
"0c6dbd0a4a658747414d289f861e1f1fea0e4d482eb36959165511f94c7e778f",1,0.0007
"0c4e7755b1679ca2ab1e59dbed6266d9c69594124e9648653d2ea02c8c4c59e0",1,0.0007
"0c491cc15edf95dbc131cbac07dc3035f05a9e6fd180d2733b9315685323df26",1,0.0007
"0c41c203cb1625792c717878573178664c4ac5092cda1f2ecea66c7cf337a386",1,0.0007
"0c37cabe25f5f67f5e8199847c0962328c11147ebcd4cd5e7b66d3c97515f77b",1,0.0007
"0c2d0b93055a2678c844e8737c951c655661e64c94715ce590d04c4dc744695f",1,0.0007
"0c2c741dfca2fd9fda5656c5b65ed95f1268c200e1beffd5c670c3b52a53e9f1",1,0.0007
"0c283991764b25bc550b2a00cfe7a745c32307753434e47764beadb4247ad9cb",1,0.0007
"0c2672a8fcece2cb6f06c67129f29d19fe1201b319915772c1459d7e8dd1d974",1,0.0007
"0c11feab7a8d073a155ed03dc875239e39f9d08554c3720824282759a5262428",1,0.0007
"0c0f86f1b420d6626667da4c374c6c62f133467b1a4d8fa3d4649f3a21c87228",1,0.0007
"0c0a93e462aaef901189718767adc82d7c75b247e0012b5dabafd1a286d40072",1,0.0007
"0bebc24948941497ddd871076fcd6906b26d978fe803dd7ef7877dad6746431e",1,0.0007
"0bc09721311516e6b7e43421a5e25ad45a438d1438d1d4aa423ea7202a5bea63",1,0.0007
"0bb7516a359d2a086d77de4562d17211c28ad96b7ab13755b2e8987ffb9663a1",1,0.0007
"0ba8f9707e2e70b35267da7ab9718e4cae2c3ba2917e90aa625d413e02fe4d6d",1,0.0007
"0ba7ff671737db8fd43219ac3957ca54f3e343bc346dc709964a0978802300ff",1,0.0007
"0b913ee4752e49d33714e7b90c206a328702a32c8849a7c6c2cd0ac8e70d65f7",1,0.0007
"0b7eb2a4af8895552872f7baeaf60fefadc00f22e8c8b30af8e72ea8d0f673fa",1,0.0007
"0b79ac6573eea7da90adb03e80ae0b899527a83e08c139a1d3a2a21eee2abb37",1,0.0007
"0b7336b8167d4a9716d8463a489a8c5d8e7651fb872c9854d09750fa061661fa",1,0.0007
"0b52f7682e7063b9470037dc59b2480e2fe877651cb0db9279800e0f85e6a9da",1,0.0007
"0b4d8db29605a780a3df25aea579a9cc8b65478cd5775d75778a7d8e2dda5327",1,0.0007
"0b38b5b277f57eeeccb2a449e6909bba7ccb95d2129b9a7013932d4cc9c605fa",1,0.0007
"0b368a2c4cadd957895913b996856ec8068e81c0e3623553c744aca6bb764e8a",1,0.0007
"0b217488c9f84a5d49ace411129b4c9a83e0cc6e430667a6ea4a351b3b8061e7",1,0.0007
"0b1452c7f942b0879bab79dc5ffd15077ccbd5909ff806371660a0c7b43d88ed",1,0.0007
"0af3bac3c0f5fe6d2f5382917ca15a56b4771ec00b4699b2bb23a054196c2bff",1,0.0007
"0ad0e5b60069211d8ae54e2cc4249fc6d356ed941a250101b2d77d9f7a3f0562",1,0.0007
"0ab013dd9f4373f3052ad39dbb4f60def9495b77d301a3aab08405ac2b1052d8",1,0.0007
"0a9cc89a1264e1f625596249294e2d25269bc52b582eab65063e6f79d4f4d29d",1,0.0007
"0a7cbed38e067ccd7dab4ff414a9bfea03ed28da667307f90a4406c5eeb37d23",1,0.0007
"0a77ea9670a6d6eb5d7cb8602d176dcfb841dc4943a97c945fec456314a2a8d3",1,0.0007
"0a28a88ff51dcf7430c80302e3f3e8a68d7a34af5c927ef8838e2deed04cb96e",1,0.0007
"09cfe695e763159a6bae06f3db549290ff2327510c1c70e847a4ebeeb8cd073a",1,0.0007
"0998bbba43a9c9e492a6f4895a4a984c102cf1d9735199c7ad57694961385948",1,0.0007
"09896cbf3c01d41adb5a06e989abe7e579c13b5e1b46d6a2badae929e442bd89",1,0.0007
"096ef5d5da3fade4c6fd8d169b3319f6b35e5ea62daf8e5baf4cae96f4526c83",1,0.0007
"095ee35248f9076fb76d26d7d97e1308c35586df364ff0442b664c5fb3718883",1,0.0007
"0921f2a998a1c89dfa87d07dd6d46f7221a9131ad7457820f3082b7c556528e7",1,0.0007
"0915e04080abb775e973b1f5e1d3d76030234fb196758d88524a640ca6a604a1",1,0.0007
"09025cd98dc3642c978dc241409788eb28e5b7df1761078ef1363f6ef363bf67",1,0.0007
"08fcb72372f3d9b73b9185396a31a894f98a66a50b27a1397ee5bd9de7a5d5bf",1,0.0007
"08dcb1dbb7a2dab1ed76e621dcac0cc7ca9d2457b6133fe0c9570772268df4d5",1,0.0007
"08c57edc04e986b5e08e526e040e85c15ee0cf289fbac1cc64beb371c223aeea",1,0.0007
"08c3cd63ebfdd85544a3aa1ed084959d7b33929006a712e1701cb44d60a33cfc",1,0.0007
"08bd738cca54aa6ae361657de11428e76f525805018e679465e5cddb020faf1d",1,0.0007
"089c7a8ffa046ad4097b12bdadada4255e5a4c5b2420415c4f6dafc5db6e72d6",1,0.0007
"089b082618c3b6cb734a6cf25d0864bdb7a6a56d18ac2913e380b6666b9e8737",1,0.0007
"0891be5a00c8b3a9c171d167fd9dd97564e830f1681b98dc0846d245aef36c2b",1,0.0007
"0878e15746cd3cd8ca6739e64a30422d797cdfd347d3b70698de10570bb9d630",1,0.0007
"08708aef565c2fcc37fd945395a79ef1e752e9f4d542761295ce791b831baca4",1,0.0007
"086c2ecb7f58986219c72b95075f06f87fac0b72c1aa63cd37142fbec4b9afee",1,0.0007
"0859847eb6b6fabd8cebbbd8ce930a6461b521ba056ed36d1c478191386b20cd",1,0.0007
"0835edff67631f34a690899d5c4287b998611bb2138d1214a769104cb23f1459",1,0.0007
"082e63997a2ec42c31cb170b5046dd6c3defd868e40a0dfd8939d368e7d71eda",1,0.0007
"082a997e225508aaff2c3dac537e8dea949bf48d63689b07e5f76e821a60f628",1,0.0007
"082a8115b3ad35fe9fd583edfcd26baf033188bb022fe44f9291f84f6e6c9ddb",1,0.0007
"08168a26fa82d64ed906c4e6d839508f70b7ac32c02595cfe3a3e64946e53cdb",1,0.0007
"0813658dd1c3634412cfc9b743ac2e757b34ff34e4edcb5c213164b2ded932d0",1,0.0007
"080aa8e16f18dd61a0258279638c0f2cacc645117e511f8194ac98532197def7",1,0.0007
"080060264d519877bd3483f090756ec82bc5d27cef28a29e7ce00bcd3238af66",1,0.0007
"07fb2ee6e793302bdbb5f6cfa68d8f3acc4ab13ab2a574d74eddb463d9c2bf35",1,0.0007
"07f80b9d60c6c6248ed0ab8f048529b836f6c2fbede164350fb660868c9e74b8",1,0.0007
"07e674e039d02c7d2646bff13e9a188122252927bfc4e84d7f29421719600028",1,0.0007
"07dd8af025397465265c15c4d02282883db03975578a573f15e24b4df0bf1530",1,0.0007
"07d7c7279a6d6eac94659da20a0365d1565d671c704fe374d26424cf744cab89",1,0.0007
"07c291d5a72a39fdaf9266460787a665ff72988e6e4c82cf436868cdbd538864",1,0.0007
"079ae61c6e8aab65f1a4e5c2b90e1ebebcc9372ace737fff019bed61fa85f86d",1,0.0007
"0782c0561cdb7cf18d04654dc6c921d6ea4011c03d3320e50dcf836324e55df1",1,0.0007
"07728e34b487db4077ac4b1e500df319186609b1f8336d4d025e6a71c2d73979",1,0.0007
"075d05e805432fe18a7d1ae5b76040d3317d2f737dba788ed1e6fe3704affc49",1,0.0007
"07530d5a256f8d65a450f4458351586fc2fed78107362f3f2e99936e62495dd7",1,0.0007
"074c596f146d74faf87feded3602784b5077d755873e07e8860d2bae7b9fd63c",1,0.0007
"07470b8d0b430cfc298f0312cb603fa5e8bcf2eb2a52e37c2fbe516c5c278426",1,0.0007
"0745dbd5a9f85931e3b0b287b27732e46ed0daf2510518350b2eeba5c0fe8101",1,0.0007
"072ae28d85e452a59b11a77561a85760d64e5d67dc5803767f0167997dcfd44b",1,0.0007
"06ff8ea2bb326e53993bf75571f17636380210b1bf450714b9672f2b234b0be9",1,0.0007
"06fc453cf0ccad8672698042bad6d1b4fe199e6a5f112e9dec8e4beb9cd085e9",1,0.0007
"06f1617092e949f6c3fb9e8383048c000d8d61759deff79247ab3c8e207403df",1,0.0007
"06e6744b7d0ea9e915b924f8f2488a0d490c10f225f2b5db48223d883176af33",1,0.0007
"06e20c5fe4e8adde2af502aa5f22df7bf09ae5af1f8354ab6c038902dff9382b",1,0.0007
"06c1f6e92b37a856babf9e510db5066f1300d97a0366d75c6e8f948fa5cabffa",1,0.0007
"06b037e0d38bc5a8d236b4be1f21f7bab687d625c20552372d1f38b87bfe25f2",1,0.0007
"06a83259f0c66c380856b7233ca4d5300c3bb88b6f7609d8d86c8a3f72045d0b",1,0.0007
"069fd9e07f745eca4e14ce12f329c1c416b2d2634262ba0efe71ecb3d889764f",1,0.0007
"069d4b99f8162d369a40f7b70905043e28698cebedfe39190353c686b857dfe0",1,0.0007
"0698612e5e88ff06583318777d4026698ce809e1251392915b1e4757e8f157c1",1,0.0007
"068e336e55e6fba54cf6cb0833c81d8275ef52cd18e5f6be3b1b10b4c644811b",1,0.0007
"0675365c717aa6fcf0372ebb44398630bf8f299730f03515312169e5c2988fd3",1,0.0007
"0647c04c3b33e716c2f83b67cb55bfe95f88ef3afb5d0a0db5048043b13e768f",1,0.0007
"063b932fb6b953a685bcb66b189b2143eda715650979095e39eb36c92ec7eaa2",1,0.0007
"0623e0d9f5ac696e499777aab53c8d7232b571211c08460fec28d9ea3d956d6d",1,0.0007
"060d10e53779b685f6b2525fc6b1fb7f491601775a6f17fab319ac15e1e9c509",1,0.0007
"0602acc82ccd8ae0024b9214329e3958dc000e63ceacdc9ce12eb1b59b512960",1,0.0007
"060114a83aba476492ee46c79138da2fb6a8226c862a05d103c5f21ca6b344a0",1,0.0007
"0600a2bcb2dbb08fd576c6a9868f914d3286cd3b0b19ccdd34a8cf0ba07be8ed",1,0.0007
"05c05ff6ba31d8ad02b7cede524e544827473057845b9bccb0a3ca0cf23ab01c",1,0.0007
"05b07e8ef8d5f7747a86adff00a39e63a8ac3bf7b6ad7e5baf51aca053c92ca5",1,0.0007
"05a9f707ecc83974311323eda9b33072b40c9ad358575061589a05a493554cbb",1,0.0007
"05a168e4cd480e597e486080c6b5f793680540292cb4753a6b4d29c7cca6693d",1,0.0007
"05966442305d02ced67094b8badea175ae3db88899c49864c9ad2e71971a3ea9",1,0.0007
"0576076cfef691d481fa5b5022a5436f7851824086f94824c2dc3eae15c9da53",1,0.0007
"056e9e0c9b3698478b6227506ab1d0c19b4d6a7a133359ad3a5327c8d20763a8",1,0.0007
"0551954a584d8b48060c0c3bc584a13632d2393514b14d86e336a83124b041ef",1,0.0007
"05445b0a4f2a29a6e0c791f3d9b983e1f464933e90afee365224d8fec5650987",1,0.0007
"053d3a283dc2fdd605f53420e1f169adc0036b8edbcab16ef38139637ccc5627",1,0.0007
"051040286b4fdd9cb93d9e7f9c334620be05ab5a12937f534944ab8ac8a3910e",1,0.0007
"04c5d66dd19ea2b7328454f5972a2fc6a8fc13855fc430a11d14afd2782e8836",1,0.0007
"04a8eda2a2cf849038ee86c4e960a4a63f58eeecb21a67eb81bf6d15fb830c55",1,0.0007
"04891de23199f3d91113af75051a13b23dff5959fd489f4ad5748d72a7966e23",1,0.0007
"047efb8f4457d0b60e36fc3028019ebb0b16dfbeb36090f003914227280882ce",1,0.0007
"041e8895c77675c2a0fce4d0d78349993e084112ba5445f44aa8831599623c06",1,0.0007
"04174fdc4edda8576bfed5aa52650288320e6a3533bf1ab60584be968bea8f70",1,0.0007
"0405b19fad70b482c88a4bb8ae75b2527c68e926f7797128bfa203d20bb94432",1,0.0007
"03dde51960c6ae51a890538f3b01ca21829b010453755a5437f6d9b2d7d0bf14",1,0.0007
"03cd10f1c31084ad920dd34ca9d8002a20cd6b87a0e88cd146360d6e99acbabe",1,0.0007
"03c1c749613d67d5ed460bc4fbb12eedb1a043068665a295fbefb774588a796b",1,0.0007
"03b66cdc940bcc8951e1810bfb2fdf96e2a3acb7a04fc1e5d1aa6f010f8cdb08",1,0.0007
"03a8630ff42439b7484d7cf4971e3311504a79a98db9b88c81ab0efe748f8fe3",1,0.0007
"03a61e24b6b22258dba03426b3d05df340ae1a4ff5f1397e594ff04919deaf0b",1,0.0007
"039fe4785397f7a40fd8b7feffa469a625a539ca08bc0a528da50cc9e4c1a9bd",1,0.0007
"0392b1ff40ef349e425e972da98284d264b2ffc7641143596c1bedd8f8b83158",1,0.0007
"034af7f5661f4c30585a5a3454844a06c4859f5e275d29a6faa9b053f39febfe",1,0.0007
"033d43e49f0cbb01a27deae719e5506a4b29d7a238a4f62760504e85c4ab93ed",1,0.0007
"033072f62a2f22fd8a94c78190ec74117df00b4d83845c2df2503c821d8020ee",1,0.0007
"032ff0d178b88e5465c8932f47e35987096fe1f85df7136a6bf8e54fc8fd9bc8",1,0.0007
"0321838d90959cce43a97d336ccd13c790db7c6a6c525e7c8cf14948d61e3ec9",1,0.0007
"031e5a4452253185e4cb1d83de7bbddc41ef8950c4954d2f000ef39969adf75d",1,0.0007
"02f8392683b30e34ca543fbd48062562607e5d57bb8203113c5d09aad64ce455",1,0.0007
"02f2a6ccc41e039f4452a96987b4f0e2eced39814795b41c402158c05722eac5",1,0.0007
"02ed06736d7f40803f5f340c269e9c6a1706a17bed892c9bcf4ce1dd5f13e524",1,0.0007
"02eacac2332ae8308becf4a0428b469b8b47f9ca0bfba8ef6418b6000b657e4a",1,0.0007
"02e9f32323236b7288dc2b3d4652db678dcd876301fb3852d9cfb7cfaf54e0d2",1,0.0007
"02e7000afab3e6b6856dd6af979591df4aad29c10aa6940019da699e222b58cb",1,0.0007
"02ca8ef6fe25c0b08c6651f6486fc3bc757db319816202092983ba51b00f0a45",1,0.0007
"02ab25a263653165bba4a74b3248a2406c9fd2e4a44f158a998b4abb0a24fe59",1,0.0007
"02a1e9fbffb22b6489aff91560f880180f9a9e38a8534ea4fc7cbf437d47cfd7",1,0.0007
"027bd328b31767fae389ef191b159d2f25eecf86aaeefd6c1481feca369eb74c",1,0.0007
"026b16f087063dea02c5974371952355095b6b468cbb3041f2a044d2c6997fb4",1,0.0007
"026a8dd9189d27f7d0356f546fedc1a84b8d5fb17727315d5022e5013c98ad6d",1,0.0007
"02603e2748a8442937544eeb269495f427dd0aca51f9387a19e88d9081d00282",1,0.0007
"024f15dba90fa6379ec9b03befce2c823413f6190ccf6264553fa9a785a3da5a",1,0.0007
"0245bac3d0ada657e247346273316c22b106c113f2085dbbc2c46faa0c28d498",1,0.0007
"024551eb8f3eacdd07ed1948b433d9001327732d6f445fd139a115bb0a1695e3",1,0.0007
"022a412d636be65024ce1f0b4e92583a2c0cc3e42adeaedfbd8cdac14d8c8409",1,0.0007
"01eee75d6a1e75c93079d4370fb635edd216dac3601850bbda08e52a79b72fa6",1,0.0007
"01cfbd28e984de234c5fa3e91713d2304159fe00df2acdc58594a4cc3674a7f3",1,0.0007
"01cdc6ae087543d71494f436fae7b4547d349d82c23fa7c6de0924f91af2e6e6",1,0.0007
"01cb467660fc54377ff8fa887c41dae59652bc8b8d9b4d7afed3607981fce7ef",1,0.0007
"01ca31c2950ce33417a2dd61745a19c81af549cd46b3618875fee5b14eff54f6",1,0.0007
"01c0be09eb6fb288cab2e878b4e890f7a38f75afab99aeb197861f44e2e2dfe6",1,0.0007
"01aa22418312a9c5137150961bdf2a43eadaafe5adf935eaedab622555df324f",1,0.0007
"01a5196f27c1e9f4b6088088f1cb168a2bcc84e8a8c8b3facc76342f46e58359",1,0.0007
"0191f55837f76fa8d2c1d5374000c80cd0b33dfaddafcf27b50c7c8b1547328a",1,0.0007
"017d6f6a8012e954fe5ec032123e066b9ebcd25364860bd32e2e26d4d2c6cf8d",1,0.0007
"017ae0d7e6c2141df9ea927a715b3152f0cde31e202c9c3bb7cc0e745616beb6",1,0.0007
"0179203425527fdcf12d4ecc1e4ab2c2c6de54d860cd0aab114509eda0be6a92",1,0.0007
"017045ece06dab958a9432baa40e87c066bd920bfab33ed543854742a227c708",1,0.0007
"0165acc6315a20ba55948b57a2df7b7cd594453866ad674d751976521634d32b",1,0.0007
"0151f6f0e8e711d09cb5ae35e980322a837fb418cdd034bff0713634105e05c8",1,0.0007
"01427012043d3cdbbe5101448296dd01dbad44aa42fc164fbe865a6c3d7e3be5",1,0.0007
"01378d2861d40bba0ff6ea3ef970d25a8cb32bf38e90e1a53739f2ac672db5cd",1,0.0007
"013487869cda1bee3eea0826f04601383ff572cba9cbe5106ecaed9692605740",1,0.0007
"00fd3b7f10ee92deefad31f897ea764e2ad86cd12925fcad9ae98131a240a9bb",1,0.0007
"00c66fb7c41fc2877896253b66eef422f6f83fbf4b1b2a28f69dee9091a7cd31",1,0.0007
"00b799483d38090ac268b32c33bf35d6d65c1c29e0ec42b95058de97396e02a4",1,0.0007
"00b7322ec568470b25e396f76701117a9ea6404054a4ce560a58fa7c3b9a16fb",1,0.0007
"00b33d5f9f8a0aec1aecbefb73c724a22800f5d8577f693b26ad7a00329d6f20",1,0.0007
"00b1b70550f887bd87835270ddee76307ced7a00aa6ad354ed744bc0544a03ac",1,0.0007
"00ad44c763aa2dfb23723c411be473f651139515d6c847c3702f3cba59de27a6",1,0.0007
"0095d331033b2f380b9cf1dda46dff098aa722774a0041da1cb18159e9f20382",1,0.0007
"006b5f39c4ef99bed27feaae3af96c0a9e9b82418e47daa9e11c1e0135367375",1,0.0007
"006a54fb5f6794e2ffd3ca83bfbc88fd41bccc8505917ecdb552c952d8d767e1",1,0.0007
"006a2161fc23ac23be06e3865b70ad7b0f7af511e156b2d7974c0b0720d9958f",1,0.0007
"004c04bc1664c25e1694e1c0dd2f2649ccea217f6ca8f7a7566e0cb360a2398f",1,0.0007
"003d85432305be27530f215659ce6fcd0596e7d314d1ee87e34877cd402e6f53",1,0.0007
"003c7f8bd6796e536a3acf5fac150403f0b6054fe7857c132a135055424b566a",1,0.0007
"002ed7b8f33f61789b8da0ed4b70021b60f4c5d47d023a338826e997683f0e22",1,0.0007
"00258cacff57e61ced142632a5047c848661e109489b338fbfd80b388e9cc2be",1,0.0007
"00172516c9999771601540706a997d8ff8cb96b3fae4aaed3b2d85deb6c43c5e",1,0.0007
"0013c216736f0c12bf9e1b3fd46176abbbed49781590859aedff59a09c52dcc1",1,0.0007
