wasm_hash,instance_count,instance_percent,rssdkver,rsver,source_repo,home_domain,error_cases,contract_functions,contract_events
"003710b383f9da7d650a7f719a7be479110266427817ebbed61d924505fcd7c7",58,0.0396,"23.5.3#d3e1ab2424388b10893b796b0c8e405c5edd03d2","1.89.0","","","Unauthorized,InvalidTickRange,InvalidLiquidity,InvalidAmount,InvalidSqrtPrice,InvalidFee,InvalidTickSpacing,TickOutOfBounds,PriceOutOfBounds,LiquidityOverflow,LiquidityUnderflow,DivisionByZero,MulDivOverflow,U128Overflow,I128Overflow,U64Overflow,U32Overflow,PoolNotInitialized,PoolAlreadyInitialized,PositionNotFound,InsufficientLiquidity,TickNotInitialized,TickNotSpacedCorrectly,PoolPaused,ObservationTooOld,TickLowerNotLessThanUpper,TickLowerTooLow,TickUpperTooHigh,InvalidPriceLimit,AmountShouldBeGreaterThanZero,NegativeAmount,InsufficientToken0,InsufficientToken1,InvalidFeeProtocol,ZeroPriceNotAllowed,ZeroLiquidityNotAllowed,OverflowInSqrtPriceCalculation,UnderflowInSqrtPriceCalculation,InsufficientRepayment0,InsufficientRepayment1,MustUseFlashExecutor,FlashNotLocked,IdenticalTokens,PoolAlreadyExists,FeeAmountAlreadyEnabled,InvalidFeeAmount,WasmHashNotApproved,PoolNotRegistered,UpgradesFrozen,UpgradesPermanentlyDisabled","__constructor,upgrade,migrate,version,schema_version,get_admin,transfer_admin,revoke_upgradeability,is_upgradeability_revoked,pause,unpause,is_paused,check_ticks,block_timestamp,initialize,swap,swap_prefunded,set_router_authorized,burn,collect,collect_protocol,flash_begin,flash_end,slot0,is_initialized,factory,token0,token1,fee,tick_spacing,flash_executor,get_protocol_fee_0,get_protocol_fee_1,get_tick_bitmap,liquidity,fee_growth_global_0_x128,fee_growth_global_1_x128,protocol_fees,ticks,get_position_fee_data,get_full_pool_state,get_pool_state_with_balances,snapshot_cumulatives_inside,observe_single,observe,poke_oracle,poke_oracle_with_hints,get_oracle_hints,get_checkpoint,get_oracle_status,mint,get_tick_bitmap_public,get_tick_bitmap_range_public,get_ticks_batch,quote_exact_input,quote_exact_output,positions","InitializeEvent,SwapEvent,MintEvent,BurnEvent,CollectEvent,CollectProtocolEvent,FlashBeginEvent,FlashEndEvent,UpgradedEvent,MigratedEvent,AdminTransferredEvent,UpgradeabilityRevokedEvent,PoolPausedEvent,PoolUnpausedEvent"
"00c66fb7c41fc2877896253b66eef422f6f83fbf4b1b2a28f69dee9091a7cd31",1,0.0007,"26.1.0#175aa41306f383057a8cdfc84b68d931664fc34e","1.96.0","","","OpAlreadyPending,FlashCallbackUnauthorized,SwapSlippage","owner,prime,exec_op,upgrade,has_pending,__constructor",""
"011439f1c1c296fc69fbdd9b4f2086db13a8ba828d58cd599b4f5f593ca95b74",9,0.0061,"20.3.2#1d7f9bd8030f69070634bfb07394339824ceb399","1.76.0-nightly","","","NotInitialized,Initialized","initialize,add_member,bulk_add,remove_member,bulk_remove,get_admin,total,is_whitelisted,get_max_per_wallet,get_member_data,version",""
"0179203425527fdcf12d4ecc1e4ab2c2c6de54d860cd0aab114509eda0be6a92",1,0.0007,"27.0.1#19a2d480fffa003e739db7cbee0249111dbfd05c","1.93.1","","","AlreadyInitialized,InvalidVkLength,InvalidRequestType,InvalidProofLength,MissingLbxToken,MissingFeeAmount,MissingAdmin,MissingVk,InvalidProofOrVkLength,InvalidProofEncoding,InvalidVkEncoding,InvalidProof,MissingIdentityVk,InvalidIdentityActionType,InvalidIdentityPayloadLength,IdentitySignalExpired,IdentityReplayDetected,MissingStealthVk,InvalidFeeAmount,InvalidHostnameLength,IdentitySignalExpiryTooFar,MissingIdentityFeeAmount,MissingDistributor,InvalidEcosystemBindingExpiry,MissingEcosystemBinding","upgrade,get_admin,update_vk,__constructor,get_lbx_token,get_stealth_vk,set_stealth_vk,get_identity_config,get_tracking_config,get_ecosystem_binding,set_ecosystem_binding,get_release_descriptor,get_distributor_address,set_verify_diag_enabled,set_identity_config,request_identity_signal,request_tracking,request_stealth_tracking","Vdiag,IdFail,IdsigV3,TrackV3,TrkFail,AdminDiag,AdminIdCfg,AdminUpdVk,AdminEcoBind,AdminStlthVk,AdminUpgrade"
"01a5196f27c1e9f4b6088088f1cb168a2bcc84e8a8c8b3facc76342f46e58359",1,0.0007,"25.3.1#e50d95af029c83196dd122f0154bac3f1302394b","1.93.0","","","NotInitialized,AlreadyRegistered,DomainExpired,NotOwner,InvalidName,InvalidDuration,InsufficientPayment,DomainNotFound,Unauthorized,SubdomainLimitReached,ProductionLocked,GracePeriodActive,NotExpired,MarketplaceNotSet,BelowFloorPrice,TooManyRecords,NftNotFound,NotApproved,ApprovalExpired,RegistrationsPaused,NeedsUpgrade,BlacklistedName,ReservedName","name,symbol,approve,balance,resolve,upgrade,owner_of,transfer,get_price,set_admin,token_uri,early_exit,extend_ttl,initialize,set_status,fix_pricing,get_xld_sac,set_records,set_xld_sac,get_approved,get_token_id,is_available,set_base_uri,set_reserved,total_minted,__constructor,admin_reclaim,admin_restore,expire_domain,set_subdomain,transfer_from,get_node_count,set_avatar_nft,upgrade_domain,approve_for_all,reverse_resolve,set_blacklisted,set_marketplace,set_ustry_token,get_pause_status,get_vault_shares,transfer_by_node,get_domain_status,get_renewal_price,set_aquarius_pool,set_reserved_batch,admin_reclaim_batch,get_operator_wallet,is_approved_for_all,set_aquarius_router,set_operator_wallet,get_early_exit_quote,marketplace_transfer,renew_for_with_ustry,get_domain_attributes,set_blacklisted_batch,register_for_with_ustry,set_pause_registrations,gift_renew_for_with_ustry,set_aquarius_pool_contract","NftMintEvent,EarlyExitEvent,NftApproveEvent,NftTransferEvent,DomainExpiredEvent,DomainRenewedEvent,RecordUpdatedEvent,RegistryPauseEvent,StatusChangedEvent,DomainRegisteredEvent,NftApproveForAllEvent,DomainTransferredEvent,MarketplaceTransferEvent"
"01d76265b4cabdbcd4b38be35c2431988dc369a75c0b4605397bd03b162dbe72",0,0.0000,"21.7.6#c6cca8f8cf75618c24ceb5d9ffdfe735486ae1e9","1.76.0-nightly","","","NotInitialized,Initialized,TokenLockNotExist,TokenLockKeyExist,TokenLockInProgress,TokenVestingNotExist,TokenVestingKeyExist,SPInvalidShareAmount,SPInsufficientBalance,SPInvalidLockPeriod,StakingCampaignInvalid,StakingCampaignNotExist,StakingCampaignKeyExist,StakingCampaignMaxTiersLimit,StakingCampaignPaidTierRequired,StakingCampaignInvalidTier,StakingCampaignInvalidUpdateInterval,StakingCampaignNotStarted,StakingCampaignEnded,StakingCampaignActive,StakingCampaignInvalidReferralData,StakingDataInvalid,StakingDataNotExist,StakingDataExist,StakingDataMaxTierUnlockLimit,StakingDataMaxPriceLimit,StakingDataMinStakeLimit,StakingDataInvalidUnstakeAmount,AirdropCampaignInvalid,AirdropCampaignNotExist,AirdropCampaignKeyExist,AirdropCampaignNotStarted,AirdropCampaignEnded,AirdropCampaignActive","initialize,upgrade,version,get_user,unlock_tokens,claim_vested,sp_stake,sp_unstake,sp_lock_shares,staking_new_campaign,staking_change_tier_price,staking_unlock_tier,staking_extend_tier,staking_stake,staking_unstake,staking_claim,staking_claim_remaining_rewards,staking_get_campaign,airdrop_new_campaign,airdrop_participate,airdrop_claim,airdrop_get_campaign",""
"022a412d636be65024ce1f0b4e92583a2c0cc3e42adeaedfbd8cdac14d8c8409",1,0.0007,"25.1.1#94c2a3b3a5ded6b9cf9cef0c207bf8804f3eb294","1.93.1","github:AquaToken/soroban-amm","","AnotherActionActive,NoActionActive,ActionNotReadyYet","version,init_admin,apply_upgrade,contract_name,get_liquidity,commit_upgrade,revert_upgrade,get_pools_plane,set_pools_plane,get_emergency_mode,get_future_address,set_emergency_mode,apply_transfer_ownership,commit_transfer_ownership,revert_transfer_ownership",""
"026a8dd9189d27f7d0356f546fedc1a84b8d5fb17727315d5022e5013c98ad6d",1,0.0007,"21.7.7#5da789c50b18a4c2be53394138212fed56f0dfc4","1.85.0","","","NumberMustBeOdd","hello,from,void,val,u32_fail_on_even,u32,i32,u64,i64,strukt_hel,strukt,simple,complex,address,bytes_,bytes_n,card,boolean,not,i128,u128,multi_args,map,vec,tuple,empty_tuple,option,u256,i256,string,tuple_strukt,tuple_strukt_nested,timepoint,duration",""
"026b16f087063dea02c5974371952355095b6b468cbb3041f2a044d2c6997fb4",1,0.0007,"26.1.0#175aa41306f383057a8cdfc84b68d931664fc34e","1.93.0","","","AlreadyInitialized,NotInitialized,Paused,InvalidAmount,InvalidExpiry,NoPrice,StalePrice,OrderNotFound,NotActive,RateNotReached,Expired,NotExpired,InvalidConfig,InvalidTargetRate","lock,cancel,settle,get_order,get_config,initialize,set_paused,bump_order_ttl,refund_expired",""
"02ca8ef6fe25c0b08c6651f6486fc3bc757db319816202092983ba51b00f0a45",1,0.0007,"26.0.0#e1bf74ba6c3ddb591593f5eb5dfb85458ff714c1","1.95.0","","","Uninitialized,Unauthorized,InvalidArgument,Overflow,PendingAdminMissing,NotFound,SwapNotRegistered,TokenMessengerNotRegistered,RelayerNotRegistered,DestinationTokenDisabled,MessageAlreadyUsed,MessageNotReceived,FeeTooHigh,InsufficientWithdrawableAmount,OracleNotConfigured,ReceiptLowerThanPayout,OracleChainNotConfigured,InsufficientGasAmount,DomainNotRegistered,RemoteRouterNotSet,RemoteMessengerNotSet,OnlyRouter,MessageAlreadyReceived,UnknownSourceDomain,InvalidRemoteSender,InvalidDestinationCaller,InvalidMintRecipient,UnsupportedCctpVersion,MessageTooShort,AmountOutOfRange,WithdrawExceedsAvailable,MessageTransmitterRejected,SwapSlippageExceeded,SwapUnknownPair","swap,admin,quote,set_router,accept_admin,__constructor,pending_admin,propose_admin,soroswap_router","Swapped,AdminAccepted,AdminProposed,RouterChanged"
"02cf88e6e3e9981e99094e3cc033e17fb565165cc57af1082cf22bb049837c7c",0,0.0000,"21.7.6#c6cca8f8cf75618c24ceb5d9ffdfe735486ae1e9","1.76.0-nightly","","","NotInitialized,Initialized,TokenLockNotExist,TokenLockKeyExist,TokenLockInProgress,TokenVestingNotExist,TokenVestingKeyExist,SPInvalidShareAmount,SPInsufficientBalance,SPInvalidLockPeriod,StakingCampaignInvalid,StakingCampaignNotExist,StakingCampaignKeyExist,StakingCampaignMaxTiersLimit,StakingCampaignPaidTierRequired,StakingCampaignInvalidTier,StakingCampaignInvalidUpdateInterval,StakingCampaignNotStarted,StakingCampaignEnded,StakingCampaignActive,StakingCampaignInvalidReferralData,StakingDataInvalid,StakingDataNotExist,StakingDataExist,StakingDataMaxTierUnlockLimit,StakingDataMaxPriceLimit,StakingDataMinStakeLimit,StakingDataInvalidUnstakeAmount,AirdropCampaignInvalid,AirdropCampaignNotExist,AirdropCampaignKeyExist,AirdropCampaignNotStarted,AirdropCampaignEnded,AirdropCampaignActive","initialize,upgrade,version,get_user,unlock_tokens,claim_vested,sp_stake,sp_unstake,sp_lock_shares,staking_new_campaign,staking_change_tier_price,staking_unlock_tier,staking_extend_tier,staking_stake,staking_unstake,staking_claim,staking_claim_remaining_rewards,staking_get_campaign,airdrop_new_campaign,airdrop_participate,airdrop_claim,airdrop_get_campaign",""
"02e9f32323236b7288dc2b3d4652db678dcd876301fb3852d9cfb7cfaf54e0d2",1,0.0007,"20.4.0#70b12eb8c6af0593888154700f0ef68897521708","1.88.0","","","Unimplemented,Initialized,Uninitialized,Unauthorized,InvalidArg,InvalidChainId,InvalidOtherChainId,GasUsageNotSet,BrokenAddress,NotFound,TokenInsufficientBalance,CastFailed,U256Overflow,ZeroAmount,PoolOverflow,ZeroChanges,ReservesExhausted,InsufficientReceivedAmount,BalanceRatioExceeded,Forbidden,UnauthorizedStopAuthority,SwapProhibited,AmountTooLowForFee,BridgeToTheZeroAddress,EmptyRecipient,SourceNotRegistered,WrongDestinationChain,UnknownAnotherChain,TokensAlreadySent,MessageProcessed,NotEnoughFee,NoMessage,NoReceivePool,NoPool,UnknownAnotherToken,WrongByteLength,HasMessage,InvalidPrimarySignature,InvalidSecondarySignature,NoGasDataForChain","initialize,send_message,receive_message,set_gas_usage,add_secondary_validator,remove_secondary_validator,set_primary_validator,set_admin,set_gas_oracle,set_other_chain_ids,withdraw_gas_tokens,get_config,has_sent_message,has_received_message,get_sent_message_sequence,get_gas_usage,get_transaction_cost,get_admin,get_gas_oracle,upgrade",""
"02ed06736d7f40803f5f340c269e9c6a1706a17bed892c9bcf4ce1dd5f13e524",1,0.0007,"25.3.0#dcbea44513feb7734af6b6c4aced2c4a7a2715d0","1.94.0","","","AlreadyInitialized,NotInitialized,ContractPaused,InsufficientBalance,InvalidAmount,PayLinkNotFound,PayLinkAlreadyPaid,PayLinkCancelled,PayLinkAlreadyExists,PayLinkExpired,NotPayLinkCreator,FeeTooHigh,UsernameTaken,UsernameNotFound,UserAlreadyRegistered,UserNotFound,SelfTransfer,NonZeroBalance,InvalidUsername,InvalidTokenId,BelowMinWithdrawal,DepositAlreadyProcessed,NoPendingAdmin,BatchLengthMismatch,NoteTooLong,BatchTooLarge","pause,balance,deposit,unpause,upgrade,fee_rate,transfer,withdraw,get_admin,is_paused,initialize,get_paylink,pay_paylink,accept_admin,get_username,set_fee_rate,sweep_excess,is_registered,propose_admin,register_user,cancel_paylink,create_paylink,get_usdc_token,set_usdc_token,update_address,deregister_user,extend_user_ttl,get_fee_treasury,resolve_username,set_fee_treasury,get_pending_admin,deposit_by_address,extend_paylink_ttl,get_min_withdrawal,set_min_withdrawal,admin_cancel_paylink,batch_register_users,batch_extend_user_ttl,is_address_registered,total_internal_balance",""
"02f2a6ccc41e039f4452a96987b4f0e2eced39814795b41c402158c05722eac5",1,0.0007,"22.0.11#34f7f53ae31e0fd02aab436a9872e79fa671ca02","1.91.0","","","AlreadyInitialized,NotInitialized,Unauthorized,Paused,InvalidAmount,InvalidLeverage,InsufficientLiquidity,PositionNotFound,PositionNotOpen,TriggerNotReached,NotLiquidatable,InvalidBatch,InvalidPrice,InvalidEstimate,Slippage,Arithmetic,WithdrawalLocked,MarketNotFound,MarketDisabled,InvalidPool,PoolSwapDisabled,PoolEmergencyMode,PositionTooLarge,SwapAccountingMismatch,RateConfigNotFound,MaxUtilizationExceeded","upgrade,get_pool,get_risk,open_long,get_market,open_short,set_market,set_paused,get_position,process_ready,__constructor,close_position,execute_trigger,get_borrow_rate,preview_position,deposit_liquidity,get_global_config,set_market_enabled,withdraw_liquidity,refresh_action_queue,get_interest_rate_config,set_interest_rate_config",""
"031e5a4452253185e4cb1d83de7bbddc41ef8950c4954d2f000ef39969adf75d",1,0.0007,"27.0.0#e5cb4b52c3da8e56fc48adfd7b85d85976c1a059","1.97.0","","","NotInitialized,InsufficientTier,BadgeAlreadyMinted,NotOwner,NonTransferable,NotAdmin","owner_of,transfer,has_badge,token_uri,admin_mint,mint_nexus,mint_vector,mint_genesis,total_supply,__constructor",""
"032ff0d178b88e5465c8932f47e35987096fe1f85df7136a6bf8e54fc8fd9bc8",1,0.0007,"26.0.0#e1bf74ba6c3ddb591593f5eb5dfb85458ff714c1","1.93.0","","","CreditNotFound,InvalidAmount,Overpayment","get_credit,create_credit,record_payment,get_customer_balance","CreditCreated,PaymentRecorded"
"039fe4785397f7a40fd8b7feffa469a625a539ca08bc0a528da50cc9e4c1a9bd",1,0.0007,"25.1.1#94c2a3b3a5ded6b9cf9cef0c207bf8804f3eb294","1.93.1","","","InvalidFraction","a,exec_op,upgrade,__constructor",""
"03b66cdc940bcc8951e1810bfb2fdf96e2a3acb7a04fc1e5d1aa6f010f8cdb08",1,0.0007,"26.1.0#175aa41306f383057a8cdfc84b68d931664fc34e","1.93.1","","","AlreadyInitialized,NotInitialized,InvalidAmount,AlreadySettled,AlreadyAnchored,NotFound","init,admin,anchor,refund,release,upgrade,version,get_deal,get_record,__constructor",""
"03f043bfa7abbc491852f1d0a90e6d6b8c13006774d54e38a12a062235fb0479",0,0.0000,"25.3.1#e50d95af029c83196dd122f0154bac3f1302394b","1.95.0","","","FailedToTransferReward,InsufficientRewardFunds,InvalidGuess,FailedToTransferBet","admin,guess,__constructor",""
"0400f64ac0d79ac3c948061c606ada58e5eab74628442070259ff883dfdf1112",0,0.0000,"23.0.2#a97daf8b07cdf24e9bd45e344db51a21b9ea77d3","1.89.0","","","NotFound,AlreadyExists,MissingContext,SignerExpired,FailedSignerLimits,FailedPolicySignerLimits,SignatureKeyValueMismatch,ClientDataJsonChallengeIncorrect,JsonParseError","__constructor,add_signer,update_signer,remove_signer,update_contract_code,__check_auth",""
"0405b19fad70b482c88a4bb8ae75b2527c68e926f7797128bfa203d20bb94432",1,0.0007,"22.0.8#f46e9e0610213bbb72285566f9dd960ff96d03d8","1.87.0","","","MissingStorage","upgrade,__constructor,mint_from,mint,total_supply,balance,allowance,transfer,transfer_from,approve,decimals,name,symbol,burn,burn_from,has_role,get_role_member_count,get_role_member,get_role_admin,get_admin,grant_role,revoke_role,renounce_role,renounce_admin,transfer_admin_role,accept_admin_transfer,set_role_admin,get_underlying_for_amount,get_amount_for_underlying,deposit,withdraw,set_axelar_config,token_id,get_axelar_its,get_axelar_chain,get_axelar_gas_token,interchain_transfer,get_merkle_epoch,get_banned_amount,set_new_epoch,get_merkle_root,is_claimed,amt_to_claim,sync_balances",""
"04174fdc4edda8576bfed5aa52650288320e6a3533bf1ab60584be968bea8f70",1,0.0007,"22.0.11#34f7f53ae31e0fd02aab436a9872e79fa671ca02","1.89.0","","","AlreadyInitialized,NotInitialized,NotAuthorized,Paused,InvalidAmount,InvalidSlots,InvalidExpiry,EnvelopeNotFound,EnvelopeNotActive,Expired,NotYetExpired,AlreadyClaimed,AllSlotsClaimed,InvalidPreimage,NothingToRefund","initialize,create_envelope,claim,refund,get_envelope,has_claimed,total_envelopes,is_paused,get_admin,pause,unpause,set_admin,upgrade",""
"041e8895c77675c2a0fce4d0d78349993e084112ba5445f44aa8831599623c06",1,0.0007,"26.1.0#175aa41306f383057a8cdfc84b68d931664fc34e","1.96.0","","","AlreadyInitialized,NotInitialized,InvalidParams,CircleFull,AlreadyMember,NotMember,NotStarted,AlreadyStarted,AlreadyContributed,RoundIncomplete,NotRecipient,NotDefaulted,IsRecipient,InsufficientCollateral,NotWithdrawable,NothingToWithdraw,TimeoutNotReached,AlreadyEnded","join,leave,slash,start,cancel,get_pot,get_round,contribute,get_config,initialize,is_stalled,get_members,claim_payout,get_recipient,get_collateral,has_contributed,withdraw_collateral,get_round_started_at","Left,Joined,PaidOut,Slashed,Started,Finished,Cancelled,Contributed,CollateralWithdrawn"
"04399e6785b578d5db3a8813966825b6d273798b0e7873ffea56d5702f76b74b",0,0.0000,"23.0.1#510d3feb724c2b01d7e7ab7652f03b9f8efc3f35","1.93.0-nightly","","","ImplNotSet,GovernorNotSet,Unauthorized,InvalidBootstrapAdmin,InvalidSwapRiskPolicy,InvalidValuationOracle","upgrade,get_arkas,create_arka,migrated_to,migrate_arka,set_governor,set_registry,migrated_from,last_wasm_hash,share_token_of,bootstrap_admin,create_and_init,set_creation_fee,get_implementation,set_implementation,set_bootstrap_admin,get_arkas_by_manager,clear_bootstrap_admin,get_protocol_treasury,set_protocol_treasury,bootstrap_admin_active,get_creation_fee_token,get_creation_fee_amount,get_default_swap_oracle,set_default_swap_oracle,set_protocol_fee_splits,clear_default_swap_oracle,get_protocol_mgmt_fee_bps,get_protocol_perf_fee_bps,set_share_impl_controlled,bootstrap_admin_expires_at,get_default_venue_registry,set_default_allowed_venues,set_default_venue_registry,get_default_allowed_routers,clear_default_venue_registry,get_default_allowed_adapters,get_default_swap_risk_policy,get_default_valuation_oracle,set_default_swap_risk_policy,set_default_valuation_oracle,set_implementation_controlled,clear_default_valuation_oracle,get_share_token_implementation,set_share_token_implementation",""
"0480a50e178374c9b297ec3e0331f05d993bd2e834738cad1ce5c42339a84677",0,0.0000,"22.0.11#34f7f53ae31e0fd02aab436a9872e79fa671ca02","1.91.0","","","AlreadyInitialized,NotInitialized,Unauthorized,Paused,InvalidAmount,InvalidLeverage,InsufficientLiquidity,PositionNotFound,PositionNotOpen,NotLiquidatable,InvalidBatch,InvalidPrice,InvalidEstimate,Slippage,Arithmetic,WithdrawalLocked,MarketNotFound,MarketDisabled,InvalidPool,PoolSwapDisabled,PoolEmergencyMode,PositionTooLarge,SwapAccountingMismatch,RateConfigNotFound,MaxUtilizationExceeded,InvalidClosePercentage,PartialCloseTooSmall,PartialCloseLeavesUnsafePosition","upgrade,get_pool,get_risk,open_long,get_market,open_short,set_market,set_paused,get_position,process_ready,__constructor,close_position,get_borrow_rate,preview_position,deposit_liquidity,get_global_config,set_market_enabled,withdraw_liquidity,refresh_action_queue,get_interest_rate_config,set_interest_rate_config",""
"048632bbfafa624fdf5632998a6261eefdd117e390019a35e2d174a14e2d7d32",0,0.0000,"22.0.6#0c47dcfa187069d241f11fb082730f667b55e802","1.87.0","","","Unauthorized,PathIsEmpty,OutMinNotSatisfied,InMaxNotSatisfied,FeeFractionTooHigh","__constructor,get_max_swap_fee_fraction,get_router,get_fee_destination,claim_fees,claim_fees_and_swap,swap_chained,swap_chained_strict_receive",""
"0497742713d7bf91c22ccc79e6d6a84742dfe1ef62f466cfe5d3ab2907bf6bf7",0,0.0000,"25.1.1#94c2a3b3a5ded6b9cf9cef0c207bf8804f3eb294","1.94.0","github:AquaToken/soroban-amm","","AnotherActionActive,NoActionActive,ActionNotReadyYet","version,__constructor,apply_upgrade,contract_name,commit_upgrade,revert_upgrade,get_emergency_mode,get_future_address,set_emergency_mode,apply_transfer_ownership,deploy_swap_fee_contract,commit_transfer_ownership,revert_transfer_ownership,set_swap_fee_contract_wasm",""
"04a8eda2a2cf849038ee86c4e960a4a63f58eeecb21a67eb81bf6d15fb830c55",1,0.0007,"27.0.5#ea54f95d3f2f49e0487b29fd1a9f469638f09aba","1.96.0","","","VkParseError,ProofParseError,VerificationFailed,VkNotSet","vk_hash,verify_proof,__constructor",""
"059186ad598f43f11ea1e1f975cc35783cc2f649a90fef21af4b1e44970c930e",0,0.0000,"22.0.11#34f7f53ae31e0fd02aab436a9872e79fa671ca02","1.94.0","","","AlreadyInitialized,NotInitialized,Unauthorized,InvalidRatesSignature,RatesTooOld,RateMismatch,AssetNotEligible,MissingClaimableBalance,InvalidAmount,AmountExceedsThreshold,AmountExceedsReservePct,ReserveInadequate,RequestNotFound,DuplicateClaimableBalance","init,upgrade,get_init,set_admin,confirm_mint,confirm_redeem,get_base_asset,set_base_asset,set_resolution,get_mint_issuer,set_fee_address,set_mint_issuer,set_fiat_address,get_pending_mints,get_reserve_issuer,set_amount_percent,set_reserve_issuer,cancel_mint_request,get_pending_redeems,get_request_counter,set_reserve_address,submit_mint_request,set_amount_threshold,cancel_redeem_request,get_rates_signing_key,set_rates_signing_key,set_reserve_threshold,submit_redeem_request,get_pending_mints_by_id,get_pending_mints_by_user,get_pending_redeems_by_id,set_loyalty_tier_contract,get_pending_redeems_by_user",""
"05b07e8ef8d5f7747a86adff00a39e63a8ac3bf7b6ad7e5baf51aca053c92ca5",1,0.0007,"25.3.0#dcbea44513feb7734af6b6c4aced2c4a7a2715d0","1.94.1","github:AquaToken/soroban-amm","","AnotherActionActive,NoActionActive,ActionNotReadyYet","swap,claim,deposit,version,get_info,get_pool,share_id,withdraw,get_plane,get_pools,pool_type,get_tokens,init_admin,remove_pool,get_reserves,swap_chained,apply_upgrade,contract_name,estimate_swap,get_liquidity,set_pool_hash,commit_upgrade,fill_liquidity,revert_upgrade,set_token_hash,get_user_reward,set_pools_plane,get_rewards_info,get_total_shares,set_reward_token,get_emergency_mode,get_future_address,get_rewards_config,init_standard_pool,set_emergency_mode,config_pool_rewards,get_total_liquidity,init_config_storage,get_privileged_addrs,init_stableswap_pool,set_privileged_addrs,config_global_rewards,get_tokens_for_reward,get_tokens_sets_count,init_concentrated_pool,set_rewards_gauge_hash,pool_gauge_switch_token,set_reward_boost_config,apply_transfer_ownership,get_liquidity_calculator,get_total_claimed_reward,pool_gauge_token_enabled,set_liquidity_calculator,set_stableswap_pool_hash,commit_transfer_ownership,get_protocol_fee_fraction,revert_transfer_ownership,set_protocol_fee_fraction,get_pools_for_tokens_range,pool_gauge_schedule_reward,set_concentrated_pool_hash,configure_init_pool_payment,get_init_pool_payment_token,get_total_configured_reward,pool_gauge_get_min_duration,swap_chained_strict_receive,get_conc_pool_payment_amount,get_total_accumulated_reward,get_total_outstanding_reward,distribute_outstanding_reward,get_init_pool_payment_address,get_stable_pool_payment_amount,pool_gauge_get_min_daily_amount,get_standard_pool_payment_amount,pool_gauge_set_reward_thresholds",""
"05c05ff6ba31d8ad02b7cede524e544827473057845b9bccb0a3ca0cf23ab01c",1,0.0007,"20.5.0#9e2c3022b4355b224a7a814e13ba51761eeb14bb","1.77.0","","","DeadlineShouldBeFuture,CampaignNotExist,AmountMustNonZero,TargetReached,AmountExceedTargetLimit,CampaignAlreadyExist,IdCampaignMustNonZero,LowAmountForSplitter","initialize,create_campaign,get_campaigns,get_campaign,donate_to_campaign,get_donators,get_dev_acc,get_launchpad_acc,get_arty_token,get_token_admin",""
"060114a83aba476492ee46c79138da2fb6a8226c862a05d103c5f21ca6b344a0",1,0.0007,"23.5.2#347f71141ddf69ef1873527c94ac98e79215f125","1.91.1","","","NotInitialized,AlreadyInitialized,Unauthorized,ContractLocked,LowShareCount,InvalidShareTotal,ZeroTransferAmount,TransferAmountAboveBalance,TransferAmountAboveUnusedBalance,ZeroWithdrawalAmount,WithdrawalAmountAboveAllocation,NoSharesToSell,NoActiveListing,InsufficientSharesInListing,InvalidPrice,InvalidShareAmount,CannotBuyOwnShares,NoSharesToTransfer,InsufficientSharesToTransfer,CannotTransferToSelf,Overflow,NegativeShareAmount,DuplicateShareholder,InvalidCommissionRate,TooManyShareholders,DistributionInProgress,NoDistributionInProgress,DistributionNotComplete,MigrationNotNeeded","init,migrate,upgrade,get_share,set_admin,buy_shares,get_config,get_listing,list_shares,lock_contract,update_shares,cancel_listing,get_allocation,list_all_sales,transfer_shares,transfer_tokens,distribute_tokens,start_distribution,withdraw_allocation,list_shares_for_sale,process_distribution,finalize_distribution,get_commission_config,get_shareholder_count,set_buy_commission_rate,set_commission_recipient,set_distribution_commission_rate","SetAdmin"
"0602acc82ccd8ae0024b9214329e3958dc000e63ceacdc9ce12eb1b59b512960",1,0.0007,"23.0.2#a97daf8b07cdf24e9bd45e344db51a21b9ea77d3","1.88.0","","","HexLengthInsufficient,MulDivFailed,InvalidPriceRange,U256ToU128ConversionFailed,TransactionTooOld,AlreadyInitialized,FactoryNotInitialized,XlmAddressNotInitialized,TokenDoesNotExist,NotTokenOwner,Unauthorized,InsufficientBalance,InvalidTickRange,TickNotAligned,TickOutOfBounds,PoolNotFound,MathOverflow,PriceSlippageCheck,NothingToCollect,TokensNotOrdered,LiquidityCalculationFailed,PoolKeyMissing,TokenDescriptorNotSet,NoApprovedAddress,PositionNotCleared","init,zap_in,zap_in_with_hints,zap_out,zap_out_with_hints,quote_zap_in,quote_zap_out,get_factory,get_xlm_address,get_position_manager,is_initialized","ZapInitializedEvent,ZapInEvent,ZapOutEvent"
"0623e0d9f5ac696e499777aab53c8d7232b571211c08460fec28d9ea3d956d6d",1,0.0007,"26.1.0#175aa41306f383057a8cdfc84b68d931664fc34e","1.92.0","","","NotAuthorized,MerkleTreeFull,WrongLevels,NotInitialized,Overflow,InvalidFieldElement","get_root,hash_pair,insert_leaf,update_admin,__constructor,set_admin_insert_only,approve,balance,transfer,allowance,transfer_from","LeafAddedEvent"
"0647c04c3b33e716c2f83b67cb55bfe95f88ef3afb5d0a0db5048043b13e768f",1,0.0007,"23.0.3#6aa930b08eabfd578b7824a0d5de473cbd958282","1.96.0","","","PostAlreadyExists,PostNotFound,InvalidPostId,InvalidTitle,InvalidUrl,InvalidContentHash,InvalidAmount,SelfTip,Overflow,InvalidLimit","get_post,tip_post,get_stats,publish_post,__constructor,get_tip_token,extend_post_ttl,get_recent_posts","TipSent,PostPublished"
"0675365c717aa6fcf0372ebb44398630bf8f299730f03515312169e5c2988fd3",1,0.0007,"23.2.1#ab415a33cc1f6bdce20ac4a12f0ddbe41a648949","1.92.0","","","ZeroAmount,EmptySteps,TotalFeeBpsTooHigh,BpsOverflow,InvalidArgRef,InvalidFeePosition,ReceiverWithoutOutput","route,bump_ttl","Swap"
"068104a721636cdd6daefde2444715c25ec88f0a7c214bec97418c567cc1c4a9",2,0.0014,"23.0.2#a97daf8b07cdf24e9bd45e344db51a21b9ea77d3","1.88.0","","","TransactionTooOld,AlreadyInitialized,FactoryNotInitialized,XlmAddressNotInitialized,TokenDoesNotExist,NotTokenOwner,Unauthorized,InsufficientBalance,InvalidTickRange,TickNotAligned,TickOutOfBounds,PoolNotFound,MathOverflow,PriceSlippageCheck,NothingToCollect,TokensNotOrdered,LiquidityCalculationFailed,PoolKeyMissing,TokenDescriptorNotSet,NoApprovedAddress,PositionNotCleared","init_router,swap_exact_input_single,swap_exact_input,swap_exact_output_single,swap_exact_output,quote_exact_input,quote_exact_output,quote_exact_input_single,quote_exact_output_single","InitializedEvent,SwapEvent"
"06c1f6e92b37a856babf9e510db5066f1300d97a0366d75c6e8f948fa5cabffa",1,0.0007,"23.1.0#7456be9d91fe1f4cb070fc2732bac78244ce6c3f","1.91.0","","","NotAdmin,AlreadyInitialized,InsufficientBalance,InsufficientFactionPoints,InvalidAmount,InvalidFaction,FactionAlreadyLocked,PlayerNotFound,FactionNotSelected,GameNotWhitelisted,SessionNotFound,SessionAlreadyExists,InvalidSessionState,InvalidGameOutcome,ProofVerificationFailed,GameExpired,EpochNotFinalized,EpochAlreadyFinalized,EpochNotReady,NoRewardsAvailable,RewardAlreadyClaimed,NotWinningFaction,FeeVaultError,SwapError,TokenTransferError,OverflowError,DivisionByZero,ContractPaused","pause,is_game,unpause,upgrade,add_game,end_game,get_admin,get_epoch,is_paused,set_admin,get_config,get_player,start_game,cycle_epoch,remove_game,__check_auth,__constructor,update_config,select_faction,get_epoch_player,get_current_epoch,claim_epoch_reward","GameAdded,GameEnded,EpochCycled,GameRemoved,GameStarted,AdminChanged,ConfigUpdated,RewardsClaimed,FactionSelected"
"06cc390deb1241216b900f1014710927677643e49ea02fcb860385254f202a7e",2,0.0014,"25.3.0#dcbea44513feb7734af6b6c4aced2c4a7a2715d0","1.96.0","","","AlreadyInitialized,NotInitialized,Unauthorized,Paused,InvalidAmount,PaymentExpired,PaymentNotRegistered,PaymentAlreadyFinalized,PaymentAlreadySettled","record_refund,record_settlement,refund_held_deposit,settle_same_asset_deposit,release_deposit_to_operator,initialize,set_paused,set_fee_recipient,set_authorization_signer,deposit,get_payment,register_payment,pay","PaymentSettled,PaymentRefunded,PaymentRegistered,PaymentDepositReceived"
"06e20c5fe4e8adde2af502aa5f22df7bf09ae5af1f8354ab6c038902dff9382b",1,0.0007,"23.4.1#e671b396f8bacf1370925f722df158b31c0baae5","1.91.0-nightly","","","Unknown,MathOverflow,InvalidLiquidation,LiquidationAmountTooHigh,InvalidAmount,InsufficientSwapOut,PriceOracleNotFound,NoDebtOfRequestedType","validate",""
"06edbcb1b334d6ee603adde68854932c1cae04bf0b56d940bbc77236fb75cc3c",0,0.0000,"23.1.0#7456be9d91fe1f4cb070fc2732bac78244ce6c3f","1.91.0","","","InsufficientFactionPoints,InvalidAmount,InvalidFaction,FactionAlreadyLocked,PlayerNotFound,FactionNotSelected,GameNotWhitelisted,SessionNotFound,SessionAlreadyExists,InvalidSessionState,InvalidGameOutcome,GameExpired,EpochNotFinalized,EpochAlreadyFinalized,EpochNotReady,NoRewardsAvailable,RewardAlreadyClaimed,NotWinningFaction,SwapError,OverflowError,DivisionByZero,ContractPaused","pause,is_game,unpause,upgrade,add_game,end_game,get_admin,get_epoch,is_paused,set_admin,get_config,get_player,start_game,cycle_epoch,remove_game,__check_auth,__constructor,update_config,select_faction,get_epoch_player,get_current_epoch,claim_epoch_reward","GameAdded,GameEnded,EpochCycled,GameRemoved,GameStarted,AdminChanged,ConfigUpdated,RewardsClaimed,FactionSelected"
"06f4207b0c9ef78cc595e075ded8fa40e73fdb8346e5f9281068a2d4ba1e5037",2,0.0014,"25.3.0#dcbea44513feb7734af6b6c4aced2c4a7a2715d0","1.95.0","github:AquaToken/soroban-amm","","AnotherActionActive,NoActionActive,ActionNotReadyYet","swap,claim,deposit,version,get_info,get_pool,share_id,withdraw,get_plane,get_pools,pool_type,get_tokens,init_admin,remove_pool,get_reserves,swap_chained,apply_upgrade,contract_name,estimate_swap,get_liquidity,set_pool_hash,commit_upgrade,fill_liquidity,revert_upgrade,set_token_hash,get_user_reward,set_pools_plane,get_rewards_info,get_total_shares,set_reward_token,get_emergency_mode,get_future_address,get_rewards_config,init_standard_pool,set_emergency_mode,config_pool_rewards,get_total_liquidity,init_config_storage,get_privileged_addrs,init_stableswap_pool,set_privileged_addrs,config_global_rewards,get_tokens_for_reward,get_tokens_sets_count,init_concentrated_pool,set_rewards_gauge_hash,pool_gauge_switch_token,set_reward_boost_config,apply_transfer_ownership,get_liquidity_calculator,get_total_claimed_reward,pool_gauge_token_enabled,set_liquidity_calculator,set_stableswap_pool_hash,commit_transfer_ownership,get_protocol_fee_fraction,revert_transfer_ownership,set_protocol_fee_fraction,get_pools_for_tokens_range,pool_gauge_schedule_reward,set_concentrated_pool_hash,configure_init_pool_payment,get_init_pool_payment_token,get_total_configured_reward,pool_gauge_get_min_duration,swap_chained_strict_receive,get_conc_pool_payment_amount,get_total_accumulated_reward,get_total_outstanding_reward,distribute_outstanding_reward,get_init_pool_payment_address,get_stable_pool_payment_amount,pool_gauge_get_min_daily_amount,get_standard_pool_payment_amount,pool_gauge_set_reward_thresholds",""
"06ff8ea2bb326e53993bf75571f17636380210b1bf450714b9672f2b234b0be9",1,0.0007,"27.0.0-rc.1#6656a27d81fe6832919c49f226b9fc76b7dae5c1","1.94.1","","","AlreadyInitialized,NotInitialized,Unauthorized,NotVerified,PolicyNotActive,ThresholdNotMet,InvalidAmount,InsufficientLiquidity,NoConsensus,Overflow,InsufficientSignatures,NoParametricBands","subscribe,initialize,set_oracle,claim_payout,get_lp_shares,verify_farmer,is_initialized,deposit_subsidy,is_mainnet_mode,repay_microloan,set_dao_address,transfer_shares,set_single_oracle,deposit_reinsurance,get_subsidy_balance,originate_microloan,update_premium_rate,set_quorum_threshold,verify_and_liquidate,withdraw_reinsurance,submit_weather_report,update_parametric_bands,get_total_reinsurance_shares,get_total_reinsurance_deposited",""
"072ae28d85e452a59b11a77561a85760d64e5d67dc5803767f0167997dcfd44b",1,0.0007,"25.3.1#e50d95af029c83196dd122f0154bac3f1302394b","1.95.0","","","StaleTimestamp,FutureTimestamp,UnknownAsset,PriceOutOfRange","base,price,assets,prices,update,decimals,lastprice,resolution,update_many,__constructor",""
"07470b8d0b430cfc298f0312cb603fa5e8bcf2eb2a52e37c2fbe516c5c278426",1,0.0007,"27.0.0#e5cb4b52c3da8e56fc48adfd7b85d85976c1a059","1.97.0","","","NotInitialized,InsufficientAmount,SlippageTooHigh,QuotaExceeded","swap,get_quote,__constructor",""
"074c596f146d74faf87feded3602784b5077d755873e07e8860d2bae7b9fd63c",1,0.0007,"25.3.1#e50d95af029c83196dd122f0154bac3f1302394b","1.95.0","","","NotAuthorized,AlreadyInitialized,NotInitialized,SignerNotFound,SignerAlreadyExists,SessionRevoked,SessionExpired,ContractNotInAllowlist,FunctionNotInAllowlist,FunctionNotSupportedInA1,AssetCapPerTxExceeded,AssetCapTotalExceeded,AssetCapPeriodExceeded,InvalidArgs,BadSignature,PolicyNotSet,AssetNotInCaps,UnsupportedAuthContext,LastAdminRemoval,SessionAlreadyRegistered,SessionNotFound,SlippageExceedsPolicy,OracleStale,SwapPathTooShort,SwapPathAssetNotInCaps","add_signer,get_policy,set_policy,get_session,get_signers,__check_auth,__constructor,remove_signer,revoke_session,rotate_session,register_session,get_oracle_aggregator,set_oracle_aggregator","SwapRejected,PolicyConsumed,SessionRevoked,SessionRotated,SwapAuthorized,SessionRegistered"
"07530d5a256f8d65a450f4458351586fc2fed78107362f3f2e99936e62495dd7",1,0.0007,"25.3.1#e50d95af029c83196dd122f0154bac3f1302394b","1.96.0","","","NotInitialized,AlreadyInitialized,Unauthorized,InvalidAmount,RouteNotFound,InvalidRoute,SwapFailed,QuoteFailed","get_quote,get_route,set_route,initialize,execute_swap,remove_route,get_trusted_caller,set_trusted_caller","SwapExecuted"
"07595b731b0227ac78306e56fcce2b72a93bb5a3c47676849f0551fe83f0e642",6,0.0041,"26.0.0#e1bf74ba6c3ddb591593f5eb5dfb85458ff714c1","1.95.0","","","AlreadyInitialized,BpsSumInvalid,NoRecipients,Paused,Unauthorized,InvalidAmount","pause,unpause,distribute,recipients,__constructor",""
"075d05e805432fe18a7d1ae5b76040d3317d2f737dba788ed1e6fe3704affc49",1,0.0007,"23.2.1#ab415a33cc1f6bdce20ac4a12f0ddbe41a648949","1.92.0","","","ZeroAmount,EmptySteps,TotalFeeBpsTooHigh,BpsOverflow,InvalidArgRef,InvalidFeePosition","route,bump_ttl","Swap"
"076b08d07fbb93da066485d25371e53482701025c44ef4a890f6c48165a912ad",2,0.0014,"25.3.0#dcbea44513feb7734af6b6c4aced2c4a7a2715d0","1.93.1","","","AlreadyInitialized,InvalidVkLength,InvalidRequestType,InvalidProofLength,MissingLbxToken,MissingFeeAmount,MissingAdmin,MissingVk,InvalidProofOrVkLength,InvalidProofEncoding,InvalidVkEncoding,InvalidProof,MissingIdentityVk,InvalidIdentityActionType,InvalidIdentityPayloadLength,IdentitySignalExpired,IdentityReplayDetected","init,update_vk,request_tracking,set_identity_config,request_identity_signal,set_verify_diag_enabled",""
"0770955b2d2086eee8409259be72e4ab417ef2daea7021b5184d2d1e5007cd97",0,0.0000,"22.0.6#0c47dcfa187069d241f11fb082730f667b55e802","1.87.0","","","AnotherActionActive,NoActionActive,ActionNotReadyYet","initialize_all,pool_type,initialize,share_id,get_total_shares,get_tokens,deposit,swap,estimate_swap,swap_strict_receive,estimate_swap_strict_receive,withdraw,get_reserves,get_fee_fraction,get_protocol_fee_fraction,get_info,set_privileged_addrs,get_privileged_addrs,kill_deposit,kill_swap,kill_claim,unkill_deposit,unkill_swap,unkill_claim,get_is_killed_deposit,get_is_killed_swap,get_is_killed_claim,set_protocol_fee_fraction,get_protocol_fees,claim_protocol_fees,version,commit_upgrade,apply_upgrade,revert_upgrade,set_emergency_mode,get_emergency_mode,upgrade_token_legacy,initialize_rewards_config,initialize_boost_config,set_reward_boost_config,set_rewards_config,get_unused_reward,return_unused_reward,get_rewards_info,get_user_reward,checkpoint_reward,checkpoint_working_balance,get_total_accumulated_reward,get_total_configured_reward,get_total_claimed_reward,claim,init_pools_plane,set_pools_plane,get_pools_plane,backfill_plane_data,commit_transfer_ownership,apply_transfer_ownership,revert_transfer_ownership,get_future_address",""
"07728e34b487db4077ac4b1e500df319186609b1f8336d4d025e6a71c2d73979",1,0.0007,"27.0.5#ea54f95d3f2f49e0487b29fd1a9f469638f09aba","1.96.0","","","Unauthorized,InvalidKeyLength,KeyNotFound,OperatorNotSet,PendingNotFound,ActivationDelayNotElapsed,InvalidModulus,InvalidActivationDelay,PendingOwnerNotSet,MinActiveKeys","owner,revoke_key,get_pending,propose_key,activate_key,get_operator,is_valid_key,register_key,set_operator,__constructor,pending_owner,propose_owner,cancel_pending,get_pending_at,accept_ownership,compute_key_hash,get_pending_count,is_kid_registered,is_valid_key_hash,get_registered_key,operator_revoke_key,get_activation_delay,get_active_key_count,get_registered_key_count,cancel_ownership_transfer","KeyRevoked,KeyProposed,OperatorSet,KeyActivated,KeyRegistered,OwnerProposed,PendingCancelled,OwnershipTransferred"
"0782c0561cdb7cf18d04654dc6c921d6ea4011c03d3320e50dcf836324e55df1",1,0.0007,"26.1.0#175aa41306f383057a8cdfc84b68d931664fc34e","1.93.0","","","AlreadyInitialized,NotInitialized,Paused,OutOfBounds,StepTooLarge,InvalidConfig","lastprice,get_config,initialize,set_bounds,set_paused,publish_rate,set_publisher",""
"078929c49941c631f2ccb3625e6db62da0731ee44ab2194c5ca33e02e8b75866",0,0.0000,"21.5.0#d40bd031c14fbd3d75cf4473486ef7ef15af3364","1.80.0","","","CannotSwapReward,CannotQuoteDeposit,NotSupportedYet,NotGreaterThan0,TooMuchLostWithDeposit","upgrade,init,keeper,claim_fee,deposit,balance,withdraw",""
"07d7c7279a6d6eac94659da20a0365d1565d671c704fe374d26424cf744cab89",1,0.0007,"25.1.1#94c2a3b3a5ded6b9cf9cef0c207bf8804f3eb294","1.97.1","","","BadParams,SpendCapExceeded,LpBelowMin,LpResidual,LotBelowMin,AuctionKeyMismatch","fill_interest",""
"07dd8af025397465265c15c4d02282883db03975578a573f15e24b4df0bf1530",1,0.0007,"23.0.2#a97daf8b07cdf24e9bd45e344db51a21b9ea77d3","1.88.0","","","HexLengthInsufficient,MulDivFailed,InvalidPriceRange,U256ToU128ConversionFailed,TransactionTooOld,AlreadyInitialized,FactoryNotInitialized,XlmAddressNotInitialized,TokenDoesNotExist,NotTokenOwner,Unauthorized,InsufficientBalance,InvalidTickRange,TickNotAligned,TickOutOfBounds,PoolNotFound,MathOverflow,PriceSlippageCheck,NothingToCollect,TokensNotOrdered,LiquidityCalculationFailed,PoolKeyMissing,TokenDescriptorNotSet,NoApprovedAddress,PositionNotCleared","__constructor,get_factory,get_pools_data,get_pools_by_pairs,get_pool_data,get_pools_data_with_bal,get_pool_data_with_bal,init,quote_exact_input_single,quote_exact_input,quote_exact_output_single,quote_exact_output,init_v2,quote_exact_input_v2,quote_exact_output_v2,quote_exact_input_single_v2,quote_exact_output_single_v2,get_populated_ticks_in_word",""
"080060264d519877bd3483f090756ec82bc5d27cef28a29e7ce00bcd3238af66",1,0.0007,"22.0.7#211569aa49c8d896877dfca1f2eb4fe9071121c8","1.81.0","","","AlreadyInitialized,ListingNotFound,ListingNotAvailable,ListingTypeMismatch,InvalidNftOwner,MissingMarketplaceContractId,AgreementNotFound,AgreementNotActive,AgreementNotOwnedByCaller,StateNotAlreadySet,InsufficientBalance,InsufficientShares,InsufficientSharesForPurchase,CurrencyNotSupported,CannotModifyShareStructure,InvalidSharesDistribution,NonNegativeValue,NonZeroValue,ListingNotFound,ListingNotAvailable,ListingTypeMismatch,AlreadyInitialized,InvalidNftOwner,MissingMarketplaceContractId,AgreementNotFound,AgreementNotActive,AgreementNotOwnedByCaller,AgreementIsAlreadyActive,StateNotAlreadySet,ListingNotFound,ListingNotAvailable,ListingTypeMismatch,AlreadyInitialized,InvalidNftOwner,MissingMarketplaceContractId,AgreementNotFound,AgreementNotActive,AgreementNotOwnedByCaller,StateNotAlreadySet","initialize,version,upgrade,update_state,set_payment_token,set_currency,create_listing,add_listing_shares,update_listing,get_listing,get_all_listings,get_listing_count,update_listing_count,remove_listing,change_listing_status,get_listing_current_price,get_usdc_amount,get_usdc_price,get_xlm_price,rent,purchase,purchase_and_confirm,purchase_shares,confirm_receipt,cancel_sale_or_rental,reclaim_or_return",""
"0813658dd1c3634412cfc9b743ac2e757b34ff34e4edcb5c213164b2ded932d0",1,0.0007,"23.0.2#a97daf8b07cdf24e9bd45e344db51a21b9ea77d3","1.89.0","","","Odd","pay_with_random",""
"082a8115b3ad35fe9fd583edfcd26baf033188bb022fe44f9291f84f6e6c9ddb",1,0.0007,"23.2.1#ab415a33cc1f6bdce20ac4a12f0ddbe41a648949","1.92.0","","","NotInitialized","wasm,deploy,predict,bump_ttl,__constructor","Deploy"
"082a997e225508aaff2c3dac537e8dea949bf48d63689b07e5f76e821a60f628",1,0.0007,"26.1.0#175aa41306f383057a8cdfc84b68d931664fc34e","1.97.1","","","NotOwner,NotKeeper,NotAdmin,Unauthorized,AlreadyDeployed,Paused,ZeroAmount,WeightsInvalid,EmptyAllocations,VaultNotWhitelisted,SwapRequired,UnexpectedSwap,InsufficientBalance,SlippageExceeded,DeadlineExceeded,SwapFailed,BadSwapPath,PositionNotFound,NothingToWithdraw,TooManyVaults,AdapterError,UnsupportedProtocol,Math,UnsupportedOutput,InactiveVault,FeeTooHigh,TreasuryUnset,BadNonce,NothingToSwap,NothingToDeposit,MultiAssetVault,TooManyStrategies,SweepNotAllowed,InvalidReason,VaultShapeChanged,SwapAssetNotAllowed,PositionNotEmpty","admin,keeper,router,upgrade,set_admin,set_vault,fee_config,set_keeper,set_router,vault_info,__constructor,keeper_enabled,set_fee_config,set_swap_asset,set_keeper_enabled,swap_asset_allowed","Paused,Rescued,Upgraded,VaultSet,Deposited,IdleSwept,KeeperSet,RouterSet,Withdrawn,AdminChanged,FeeConfigSet,SwapAssetSet,RebalanceNoOp,PositionClosed,WithdrawAllDone,ContractUpgraded,KeeperEnabledSet,RebalanceSwapped,RebalanceToggled,StrategyDeployed,RebalanceDeposited,RebalanceWithdrawn,AdminTransferProposed"
"082e63997a2ec42c31cb170b5046dd6c3defd868e40a0dfd8939d368e7d71eda",1,0.0007,"27.0.0#e5cb4b52c3da8e56fc48adfd7b85d85976c1a059","1.96.0","","","AlreadyInitialized,NotInitialized,NotOwner,NotAdminOrOwner,ContractPaused,PointDepositsPaused,ZeroAmount,AlreadyOwner,NotPendingOwner,NoPendingTransfer,QuoteExpired,RefConsumed,FeeExceedsAmount,FeeAmountInvalid,AmountExceedsLimit,TimelockActive,InsufficientBalance,DelayExceedsMax,NoDelaySet,TimelockNotExpired,AlreadyExecuted,AlreadyCancelled,TokenNotAllowed,InvalidStringLength,AdminAlreadyExists,AdminNotFound,AllowedTokenAlreadyExists,AllowedTokenNotFound,SameOwner","is_admin,withdraw,add_admin,get_config,initialize,set_paused,remove_admin,deposit_points,get_withdrawal,get_transaction,accept_ownership,queue_withdrawal,cancel_withdrawal,get_point_deposit,create_transaction,execute_withdrawal,get_spending_limit,set_spending_limit,transfer_ownership,sweep_platform_fees,get_merchant_payment,set_withdrawal_delay,rotate_backend_signer,sweep_merchant_backing,get_platform_fee_accrued,is_allowed_payment_token,process_merchant_payment,add_allowed_payment_token,cancel_ownership_transfer,set_point_deposits_paused,remove_allowed_payment_token","AdminAdded,AdminRemoved,PausedToggled,WithdrawEvent,WithdrawalQueued,PlatformFeesSwept,TransactionCreated,WithdrawalExecuted,PointDepositCreated,WithdrawalCancelled,BackendSignerRotated,MerchantBackingSwept,OwnershipTransferred,SpendingLimitUpdated,WithdrawalDelayUpdated,AllowedPaymentTokenAdded,MerchantPaymentProcessed,AllowedPaymentTokenRemoved,OwnershipTransferCancelled,OwnershipTransferInitiated,PointDepositsPausedToggled"
"086b776c75188841b6c53910a94489961f1873886eb1e92cb2bea252044554c9",6,0.0041,"20.5.0#9e2c3022b4355b224a7a814e13ba51761eeb14bb","1.76.0-nightly","","","NotInitialized,Initialized,Frozen,MinterFrozen,InvalidCollectionInfo,NotNFT,AlreadyMinted,NotAuthorized","initialize,transfer,mint,bulk_mint,burn,approve,revoke,approve_all,revoke_all,freeze_collection,update_token_url,update_collection_info,upgrade,extend_ttl_collection,extend_ttl_item,is_collection_frozen,get_collection_info,get_token_info,get_tokens,get_max_token_id,get_tokens_count,version",""
"0891be5a00c8b3a9c171d167fd9dd97564e830f1681b98dc0846d245aef36c2b",1,0.0007,"23.0.1#510d3feb724c2b01d7e7ab7652f03b9f8efc3f35","1.93.0-nightly","","","NotInitialized,AlreadyInitialized,OnlyManager,AmountZero,AssetNotWhitelisted,SharesZero,InsufficientUserShares,InsufficientShares,RouterNotSet,InvalidFeeBps,UnauthorizedPolicy,InsufficientLiquidity,InvalidBlendPosition,BlendAssetMismatch,InvalidBlendRiskPolicy,BlendOracleStale,BlendHealthFactorTooLow,BlendNavUnavailable,BlendOracleInvalid,CreditMarketNotConfigured,CreditActionNotAllowed,InvalidProtocolFeeBps,InvalidSwapRiskPolicy,SwapVenueNotAllowed,SwapTradeSizeExceeded,SwapOracleNotConfigured,SwapOracleStale,SwapOracleInvalid,SwapPriceImpactExceeded,SwapSlippageExceeded,SwapTwapDeviationExceeded,InvalidBootstrapAdmin","nav,fees,init,redeem,router,deposit,manager,upgrade,governor,set_fees,fee_state,rebalance,shares_of,whitelist,blend_lend,set_router,blend_repay,settle_fees,set_manager,share_token,swap_oracle,blend_borrow,credit_repay,denomination,set_governor,blend_markets,credit_borrow,credit_supply,set_whitelist,blend_position,blend_withdraw,credit_markets,last_wasm_hash,liquid_balance,venue_registry,allowed_routers,blend_positions,bootstrap_admin,credit_position,credit_withdraw,set_share_token,set_swap_oracle,allowed_adapters,credit_positions,credit_protocols,swap_risk_policy,blend_risk_policy,protocol_treasury,blend_market_value,credit_risk_policy,set_allowed_venues,set_venue_registry,blend_health_factor,blend_market_assets,blend_market_status,credit_market_value,protocol_fee_policy,set_bootstrap_admin,blend_position_value,clear_venue_registry,credit_health_factor,credit_market_assets,credit_market_config,credit_market_status,set_swap_risk_policy,blend_position_values,clear_bootstrap_admin,credit_market_configs,credit_position_value,set_blend_risk_policy,bootstrap_admin_active,credit_position_values,preview_fee_settlement,configure_credit_market,set_protocol_fee_policy,blend_external_diagnostics,bootstrap_admin_expires_at,set_bootstrap_admin_expiry,set_blend_external_diagnostics",""
"0983a652f2f7253709def620f07407194e1424f353d6a5bec90e3d37eafc2e5f",0,0.0000,"21.6.0#f57d2454e520ae11dc9c8d55db610557a24a556e","1.80.0","","","AnotherActionActive,NoActionActive,ActionNotReadyYet","a,get_virtual_price,calc_token_amount,get_dy,remove_liquidity_imbalance,calc_withdraw_one_coin,withdraw_one_coin,set_privileged_addrs,get_privileged_addrs,ramp_a,stop_ramp_a,commit_new_fee,apply_new_fee,revert_new_parameters,kill_deposit,kill_swap,kill_claim,unkill_deposit,unkill_swap,unkill_claim,get_is_killed_deposit,get_is_killed_swap,get_is_killed_claim,initialize_all,pool_type,initialize,get_fee_fraction,share_id,get_total_shares,get_reserves,get_tokens,get_decimals,deposit,swap,estimate_swap,withdraw,get_info,version,commit_upgrade,apply_upgrade,revert_upgrade,set_emergency_mode,get_emergency_mode,upgrade_token_legacy,initialize_rewards_config,set_rewards_config,get_unused_reward,return_unused_reward,get_rewards_info,get_user_reward,checkpoint_reward,get_total_accumulated_reward,get_total_configured_reward,get_total_claimed_reward,claim,init_pools_plane,set_pools_plane,get_pools_plane,backfill_plane_data,commit_transfer_ownership,apply_transfer_ownership,revert_transfer_ownership,get_future_address",""
"0998bbba43a9c9e492a6f4895a4a984c102cf1d9735199c7ad57694961385948",1,0.0007,"22.0.8#f46e9e0610213bbb72285566f9dd960ff96d03d8","1.91.1","","","Unprofitable,Unauthorized,InvalidPath,InsufficientBalance,SwapFailed,PathTooLong","withdraw,get_admin,execute_cycle,__constructor,receive_flash_loan",""
"0aa494ac7715b2d8a1d01413ae343b65673a6d9842730d43b42f06109bf2e9c2",2,0.0014,"25.3.0#dcbea44513feb7734af6b6c4aced2c4a7a2715d0","1.95.0","github:AquaToken/soroban-amm","","AnotherActionActive,NoActionActive,ActionNotReadyYet","version,init_admin,apply_upgrade,contract_name,get_liquidity,commit_upgrade,revert_upgrade,get_pools_plane,set_pools_plane,get_emergency_mode,get_future_address,set_emergency_mode,apply_transfer_ownership,commit_transfer_ownership,revert_transfer_ownership",""
"0aa8f825c6af2412c75155dc1be10cc9184f9db19266d95fc68acfe6cf46cdbf",0,0.0000,"23.1.0#7456be9d91fe1f4cb070fc2732bac78244ce6c3f","1.91.0","","","NotAdmin,AlreadyInitialized,InsufficientBalance,InsufficientFactionPoints,InvalidAmount,InvalidFaction,FactionAlreadyLocked,UserNotFound,FactionNotSelected,GameNotWhitelisted,SessionNotFound,SessionAlreadyExists,InvalidSessionState,InvalidGameOutcome,ProofVerificationFailed,GameExpired,EpochNotFinalized,EpochAlreadyFinalized,EpochNotReady,NoRewardsAvailable,RewardAlreadyClaimed,NotWinningFaction,FeeVaultError,SwapError,TokenTransferError,OverflowError,DivisionByZero,ContractPaused","pause,is_game,unpause,upgrade,add_game,end_game,get_admin,get_epoch,is_paused,set_admin,get_config,get_player,start_game,cycle_epoch,remove_game,__constructor,update_config,select_faction,get_reward_pool,get_epoch_player,is_faction_locked,claim_epoch_reward,get_winning_faction,has_claimed_rewards,get_claimable_amount,get_faction_standings","GameAdded,GameEnded,EpochCycled,GameRemoved,GameStarted,AdminChanged,ConfigUpdated,FactionLocked,RewardsClaimed,FactionSelected"
"0af3bac3c0f5fe6d2f5382917ca15a56b4771ec00b4699b2bb23a054196c2bff",1,0.0007,"22.0.7#211569aa49c8d896877dfca1f2eb4fe9071121c8","1.81.0","","","ListingNotFound,ListingNotAvailable,ListingTypeMismatch,AlreadyInitialized,InvalidNftOwner,MissingMarketplaceContractId,AgreementNotFound,AgreementNotActive,AgreementNotOwnedByCaller,AgreementIsAlreadyActive,StateNotAlreadySet,ListingNotFound,ListingNotAvailable,ListingTypeMismatch,AlreadyInitialized,InvalidNftOwner,MissingMarketplaceContractId,AgreementNotFound,AgreementNotActive,AgreementNotOwnedByCaller,StateNotAlreadySet","initialize,version,upgrade,update_state,get_escrow,status,lock_funds,release,refund",""
"0b3f0a36006e8335d0436689d5c052e79ce6d8c90ed4f202a944724be45b5f5b",2,0.0014,"25.3.1#e50d95af029c83196dd122f0154bac3f1302394b","1.96.1","","","AlreadyInitialized,NotInitialized,NotAuthorized,Paused,InvalidAmount,MathOverflow,NoPendingAdmin,NoPendingUpgrade,TimelockNotElapsed,TimelockOutOfBounds,UnexpectedDecimals,PositionNotFound,NotPositionOwner,NotMatured,InsufficientBalance,SolvencyViolation,PositionClosed,MarketMatured,SplitTooSmall,RateOutOfBounds,NoStrategyPosition,WithdrawShortfall,ReceiptNotFound,NotReceiptOwner,VaultNotMatured,ReceiptClosed,InsufficientCapacity,RateNotAllowed,VaultExpired,InsufficientLiquidity,SlippageExceeded,MarketExpired,InsufficientShares,ImbalancedLiquidity,FeeNotAllowed,MaturityMismatch,PtTokenMismatch,UnderlyingMismatch,InsufficientAllowance,SeriesExpired,SeriesNotExpired,NotRegistered,FeeShareTooHigh,MinOutNotMet,DustAmount,DepositCapExceeded","admin,pause,expiry,bump_lp,unpause,version,pt_price,pt_token,reserves,sr_token,timelock,treasury,code_hash,is_paused,initialize,fee_preview,implied_apy,ln_fee_root,lp_position,scalar_root,accept_admin,quote_buy_pt,quote_buy_yt,set_timelock,set_treasury,total_shares,__constructor,add_liquidity,apply_upgrade,asset_reserve,pending_admin,propose_admin,quote_sell_pt,quote_sell_yt,cancel_upgrade,yield_contract,pending_upgrade,set_ln_fee_root,treasury_earned,buy_yt_exact_out,remove_liquidity,schedule_upgrade,sell_yt_exact_in,last_ln_implied_rate,swap_exact_pt_for_sr,swap_exact_sr_for_pt,cancel_admin_transfer,set_treasury_fee_share,treasury_fee_share_bps","Swap,YtTrade,FeeRootSet,Initialized,AddLiquidity,RemoveLiquidity,TreasuryShareSet,Upgraded,AdminChanged,AdminProposed,TimelockChanged,UpgradeCancelled,UpgradeScheduled,AdminTransferCancelled"
"0b79ac6573eea7da90adb03e80ae0b899527a83e08c139a1d3a2a21eee2abb37",1,0.0007,"25.1.1#94c2a3b3a5ded6b9cf9cef0c207bf8804f3eb294","1.96.0","","","NotInitialized,AlreadyInitialized,DomainAlreadyRegistered,NoSuchEndpoint,NotOwner,InvalidPrice,AssetNotAccepted,NoPriceForAsset","register,get_price,initialize,set_active,get_endpoint,update_price,admin_deactivate,get_payer_policy,is_payer_allowed,set_payer_policy,list_owner_domains,set_price_override,set_accepted_assets,clear_price_override","Register,SetActive,UpdatePrice,UpdateAssets,SetPayerPolicy,AdminDeactivate"
"0b7eb2a4af8895552872f7baeaf60fefadc00f22e8c8b30af8e72ea8d0f673fa",1,0.0007,"23.5.3#d3e1ab2424388b10893b796b0c8e405c5edd03d2","1.94.1","","","AdminNotSet,Unauthorized,InvalidAmount,OfferNotFound,OfferIsInactive,InvalidTtlParams","upgrade,get_offer,set_admin,accept_offer,cancel_offer,create_offer,extend_paged_ttl",""
"0ba7ff671737db8fd43219ac3957ca54f3e343bc346dc709964a0978802300ff",1,0.0007,"23.5.3#d3e1ab2424388b10893b796b0c8e405c5edd03d2","1.94.0","","","NotInitialized,InvalidAmount,DuplicateReceipt,DuplicateRedemption,InvalidSacAdmin,InvalidIssuerAddress,DuplicateInterestCredit,InvalidAmountPrecision","get_sac,upgrade,version,__constructor,mint_interest,set_sac_admin,mint_with_receipt,burn_with_redemption","Initialized,SacAdminSet,MintInterest,MintWithReceipt,BurnWithRedemption,RoleGranted,RoleRevoked,AdminRenounced,RoleAdminChanged,AdminTransferCompleted,AdminTransferInitiated,OwnershipTransfer,OwnershipRenounced,OwnershipTransferCompleted"
"0bb7516a359d2a086d77de4562d17211c28ad96b7ab13755b2e8987ffb9663a1",1,0.0007,"26.1.0#175aa41306f383057a8cdfc84b68d931664fc34e","1.93.0","","","NotInitialized,Unauthorized,InsufficientDeposit,InsufficientShares,ZeroAmount,SplitNotActive,AlreadySplit,BelowMinDeposit,InvalidFeeBps,ExceedsVestedAmount,DepositsPaused,WithdrawalsPaused,ExceedsEmergencyCap,PauseCooldown","burn,name,symbol,approve,balance,deposit,upgrade,decimals,transfer,withdraw,allowance,burn_from,set_admin,extend_ttl,initialize,vault_rate,add_deposit,deposit_for,split_yield,sync_assets,withdraw_to,mint_fee_bps,set_mint_fee,set_registry,total_assets,total_shares,__constructor,transfer_from,public_deposit,get_yield_split,set_ustry_token,get_pause_status,public_deposit_for,set_pause_deposits,set_operator_wallet,set_xld_sac_address,get_max_withdrawable,set_pause_withdrawals,transfer_domain_position","BurnEvent,MintEvent,TopUpEvent,ApproveEvent,TransferEvent,VaultDepositEvent,PublicDepositEvent,VaultWithdrawEvent,VaultWithdrawToEvent,PauseStatusChangedEvent,Burn,Mint,Approve,Clawback,Transfer,MintWithAmountOnly,TransferWithAmountOnly"
"0c0a264d4cc0b3e79b8533e2a2e1f0ed21501a5a3f9f2455d2f18c232940b865",827,0.5647,"21.7.6#c6cca8f8cf75618c24ceb5d9ffdfe735486ae1e9","1.81.0","","","NotFound,AlreadyExists,MissingContext,SignerExpired,FailedSignerLimits,FailedPolicySignerLimits,SignatureKeyValueMismatch,ClientDataJsonChallengeIncorrect,JsonParseError","add_signer,update_signer,remove_signer,update_contract_code,__check_auth",""
"0c0a93e462aaef901189718767adc82d7c75b247e0012b5dabafd1a286d40072",1,0.0007,"23.2.1#ab415a33cc1f6bdce20ac4a12f0ddbe41a648949","1.91.1","","","TaskNotFound,TaskAlreadyExists,InvalidTaskStatus,ContractNotInitialized,Unauthorized,NotTaskCreator,NotTaskContributor,NotAdmin,OnlyCreatorOrContributor,ContributorAlreadyAssigned,NoContributorAssigned,InsufficientBalance,TaskNotCompleted,TaskNotDisputed,TaskAlreadyResolved,CannotRefundWithContributor,TokenTransferFailed,InvalidTokenAmount,TokenContractNotSet,InvalidTaskId,InvalidAddress,InvalidAmount,InvalidDisputeReason,EmptyTaskId,TaskIdTooShort,TaskIdTooLong,InvalidTaskIdCharacters,AmountTooSmall,DisputeReasonTooShort,InvalidIssueUrl,ContractPaused","refund,upgrade,version,get_admin,set_admin,get_escrow,initialize,set_paused,dispute_task,create_escrow,get_usdc_token,decrease_bounty,increase_bounty,resolve_dispute,get_dispute_info,get_usdc_balance,update_usdc_token,approve_completion,assign_contributor,get_usdc_token_info,get_contract_usdc_balance,has_sufficient_usdc_balance,validate_usdc_token_contract","EscrowCreatedEvent,FundsReleasedEvent,TaskCompletedEvent,BountyDecreasedEvent,BountyIncreasedEvent,DisputeResolvedEvent,RefundProcessedEvent,ContractUpgradedEvent,DisputeInitiatedEvent,ContributorAssignedEvent"
"0c22c96756f4ef6245c53f44662cd5f51ef2332a5f8c33c45a2b2b93a2e25ec9",5,0.0034,"25.3.1#e50d95af029c83196dd122f0154bac3f1302394b","1.95.0","","","NotAuthorized,AlreadyInitialized,NotInitialized,SignerNotFound,SignerAlreadyExists,SessionRevoked,SessionExpired,ContractNotInAllowlist,FunctionNotInAllowlist,FunctionNotSupportedInA1,AssetCapPerTxExceeded,AssetCapTotalExceeded,AssetCapPeriodExceeded,InvalidArgs,BadSignature,PolicyNotSet,AssetNotInCaps,UnsupportedAuthContext,LastAdminRemoval,SessionAlreadyRegistered,SessionNotFound,SlippageExceedsPolicy,OracleStale,SwapPathTooShort,SwapPathAssetNotInCaps,ChallengeMismatch,UserPresenceMissing,MalformedClientData,UserVerificationMissing,PasskeySignerUnsupported","add_signer,get_policy,set_policy,get_session,get_signers,__check_auth,__constructor,remove_signer,revoke_session,rotate_session,register_session,get_oracle_aggregator,set_oracle_aggregator","SwapRejected,PolicyConsumed,SessionRevoked,SessionRotated,SwapAuthorized,SessionRegistered"
"0c2672a8fcece2cb6f06c67129f29d19fe1201b319915772c1459d7e8dd1d974",1,0.0007,"22.0.5#25daaf397971f2c15fd2a5fd0a9967020a19cfcb","1.89.0","","","OfferEmpty,OfferExist,OfferChanged,AdminExist,NotAuthorized,TokenNotSupported,TCDisabled,TCNotLoaned,TCAlreadyLoaned,RecipientNotFound,InvalidAmount","__constructor,version,upgrade,admin,set_admin,add_ext_token,remove_ext_token,get_ext_tokens,create_offer,expire_offer,get_offer,accept_offer,close_offer,recipient",""
"0c41c203cb1625792c717878573178664c4ac5092cda1f2ecea66c7cf337a386",1,0.0007,"20.5.0#9e2c3022b4355b224a7a814e13ba51761eeb14bb","1.76.0-nightly","","","NotInitialized,Initialized,NotAuthorized,ZeroMinPrice,ZeroMaxPrice,MinPriceGreaterMax,ZeroMaxSupply,MaxSupplyTooBig,MaxPriceTooBig,LaunchNotFound,LaunchInProgress,LaunchEnded,PriceChanged,InsufficientBalance,LaunchSoldOut,LaunchFundsClaimed,InvalidMissionDifficulty,ExasiveFunding,MissionRewardChanged,MissionRewardZero","initialize,change_contract_info,upgrade,claim,start_space_mission,add_space_missions_reward,new_launch,cancel_launch,buy,sell,claim_launch_funds,claim_launch_balance,calculate_buy,calculate_sell,get_launch_data,get_contract_info,get_launch_balance,version",""
"0cbc0aa6a92452375eff21a6183b46488f6ee11405999430e68a5a23d9b6c8c2",1,0.0007,"26.1.0#175aa41306f383057a8cdfc84b68d931664fc34e","1.93.0","","","NotInitialized,Unauthorized,InsufficientDeposit,InsufficientShares,ZeroAmount,SplitNotActive,AlreadySplit,BelowMinDeposit,InvalidFeeBps,ExceedsVestedAmount,DepositsPaused,WithdrawalsPaused,ExceedsEmergencyCap,PauseCooldown","burn,name,symbol,approve,balance,deposit,upgrade,decimals,transfer,withdraw,allowance,burn_from,set_admin,extend_ttl,initialize,vault_rate,add_deposit,deposit_for,split_yield,sync_assets,withdraw_to,mint_fee_bps,set_mint_fee,set_registry,total_assets,total_shares,__constructor,transfer_from,public_deposit,get_yield_split,set_ustry_token,get_pause_status,public_deposit_for,set_pause_deposits,set_operator_wallet,set_xld_sac_address,get_max_withdrawable,set_pause_withdrawals,transfer_domain_position","BurnEvent,MintEvent,TopUpEvent,ApproveEvent,TransferEvent,VaultDepositEvent,PublicDepositEvent,VaultWithdrawEvent,VaultWithdrawToEvent,PauseStatusChangedEvent,Burn,Mint,Approve,Clawback,Transfer,MintWithAmountOnly,TransferWithAmountOnly"
"0cd988b44747add1a9845142c9a5c63260be7bddbefeb36b17a7065e538bd51f",1,0.0007,"22.0.8#f46e9e0610213bbb72285566f9dd960ff96d03d8","1.87.0","","","NotAllowed,AlreadySponsored,InvalidArguments,DailySponsorshipLimitReached,ContactNotFound","policy__",""
"0ce70958adee1abcdf8c706c7396f53ef66c36acc9d2778c58d59bad0d0ad569",2,0.0014,"22.0.11#34f7f53ae31e0fd02aab436a9872e79fa671ca02","1.88.0","","","Math,MathOverflow,MathUnderflow,DivisionByZero,LnOfNegative,Unauthorized,Paused,AlreadyInitialized,NotInitialized,MaturityNotReached,MaturityReached,MarketLockedNearMaturity,InvalidMaturity,InsufficientLiquidity,SlippageExceeded,MinDepositNotMet,OracleStale,OracleRejected,InsufficientBalance,InvalidUnderlying,TvlCapExceeded","__constructor,config,current_index,pending_yield,is_paused,unpause_eta,mint,redeem_pair,redeem_pt,claim_yield,sync_yield_index,pause,propose_unpause,execute_unpause",""
"0cee2da472096975a7b683f3291060186b88ca04980fbd87397909dede8d8bea",2,0.0014,"23.0.1#510d3feb724c2b01d7e7ab7652f03b9f8efc3f35","1.93.0-nightly","","","NotInitialized,AlreadyInitialized,OnlyManager,AmountZero,AssetNotWhitelisted,SharesZero,InsufficientUserShares,InsufficientShares,RouterNotSet,InvalidFeeBps,UnauthorizedPolicy,InsufficientLiquidity,InvalidBlendPosition,BlendAssetMismatch,InvalidBlendRiskPolicy,BlendOracleStale,BlendHealthFactorTooLow,BlendNavUnavailable,BlendOracleInvalid,CreditMarketNotConfigured,CreditActionNotAllowed,InvalidProtocolFeeBps,InvalidSwapRiskPolicy,SwapVenueNotAllowed,SwapTradeSizeExceeded,SwapOracleNotConfigured,SwapOracleStale,SwapOracleInvalid,SwapPriceImpactExceeded,SwapSlippageExceeded,SwapTwapDeviationExceeded,InvalidBootstrapAdmin,CreditBorrowPolicyNotConfigured,CreditBorrowLimitExceeded,InvalidCreditBorrowPolicy,BlendV2RiskSourceNotConfigured,BlendV2PoolNotVerified","nav,fees,init,redeem,router,deposit,manager,upgrade,governor,set_fees,fee_state,rebalance,shares_of,whitelist,blend_lend,set_router,blend_repay,settle_fees,set_manager,share_token,swap_oracle,blend_borrow,credit_repay,denomination,set_governor,blend_markets,credit_borrow,credit_supply,set_whitelist,blend_position,blend_withdraw,credit_markets,last_wasm_hash,liquid_balance,rebalance_auto,venue_registry,allowed_routers,blend_positions,bootstrap_admin,credit_position,credit_withdraw,set_share_token,set_swap_oracle,allowed_adapters,credit_positions,credit_protocols,swap_risk_policy,blend_risk_policy,protocol_treasury,blend_market_value,credit_risk_policy,set_allowed_venues,set_venue_registry,blend_health_factor,blend_market_assets,blend_market_status,credit_market_value,protocol_fee_policy,set_bootstrap_admin,blend_position_value,blend_v2_risk_source,clear_venue_registry,credit_borrow_policy,credit_health_factor,credit_market_assets,credit_market_config,credit_market_status,set_swap_risk_policy,blend_position_values,clear_bootstrap_admin,credit_market_configs,credit_position_value,set_blend_risk_policy,bootstrap_admin_active,credit_position_values,preview_fee_settlement,configure_credit_market,set_protocol_fee_policy,set_blend_v2_risk_source,set_credit_borrow_policy,blend_external_diagnostics,bootstrap_admin_expires_at,set_bootstrap_admin_expiry,set_blend_external_diagnostics",""
"0cfd0831a78ebeb232e691e71109726b1f787b901c341e63061253b0a9bbb709",1,0.0007,"27.0.6#60926a20d1f9f0a669d5fe551636f42a1302f0c0","1.95.0","","","NotAuthorizedSigner,InvalidPrice,InvalidThreshold,SignerAlreadyRegistered,SignerNotRegistered,CannotRemoveBelowThreshold,NoDataForFeed,StaleData,PriceOutOfRange,LengthMismatch,FutureTimestamp,FeedAlreadyMapped,FeedNotMapped,FeedNotKnown,InvalidSubmissionAge,StaleSubmission,FeedAlreadyRegistered,InvalidRelativeSkew","upgrade,get_owner,__constructor,accept_ownership,renounce_ownership,transfer_ownership,add_feed,add_signer,purge_feed,remove_feed,register_feed,remove_signer,set_threshold,set_resolution,recompute_feeds,set_max_stale_seconds,set_max_relative_skew_seconds,set_max_submission_age_seconds,base,feeds,price,assets,prices,decimals,lastprice,resolution,read_price_data,max_stale_seconds,read_price_history,read_price_data_for_feed,max_relative_skew_seconds,max_submission_age_seconds,submit_price,submit_prices","OwnershipTransfer,OwnershipRenounced,OwnershipTransferCompleted"
"0d35ebf3898052d07b09f4463637b4265aaa7b1ef2ab90fcb0b991df4bb36929",1,0.0007,"21.7.7#5da789c50b18a4c2be53394138212fed56f0dfc4","1.96.1","","","AlreadyInitialized,NotAdmin,ZeroAmount,NothingStaked,LockNotExpired,InsufficientRewardPool,ContractPaused,ZeroFundAmount,LpTokenNotSet,RewardTokenNotSet,Overflow","init,claim,stake,unstake,lp_token,set_paused,reward_rate,staker_info,fund_rewards,reward_token,set_lp_token,total_staked,period_finish,transfer_admin,pending_rewards",""
"0d6ce19f9083c65cb453e909ba43a3782d33bc7db04b3ecfbeeab5c5c8826847",1,0.0007,"20.5.0#9e2c3022b4355b224a7a814e13ba51761eeb14bb","1.80.0","","","AlreadyInitialized,Unauthorized,RepoMissing,RepoAlreadyExists,RepoLimitExceeded","config,version,admin,add_repos,clear_repos,remove_repos,get_repos,update_contract",""
"0d79ede0c37137dd3238334e776ce44c7c14d09edfa65642c38ccc47f1634280",0,0.0000,"22.0.6#0c47dcfa187069d241f11fb082730f667b55e802","1.87.0","","","AnotherActionActive,NoActionActive,ActionNotReadyYet","pool_type,get_info,get_pool,share_id,get_total_shares,get_reserves,deposit,swap,estimate_swap,withdraw,get_liquidity,get_liquidity_calculator,set_liquidity_calculator,version,commit_upgrade,apply_upgrade,revert_upgrade,set_emergency_mode,get_emergency_mode,init_admin,set_privileged_addrs,get_privileged_addrs,set_token_hash,set_pool_hash,set_stableswap_pool_hash,configure_init_pool_payment,get_init_pool_payment_token,get_init_pool_payment_address,get_stable_pool_payment_amount,get_standard_pool_payment_amount,set_reward_token,set_reward_boost_config,set_protocol_fee_fraction,get_rewards_config,get_tokens_for_reward,get_total_liquidity,config_global_rewards,fill_liquidity,config_pool_rewards,get_rewards_info,get_user_reward,get_total_accumulated_reward,get_total_configured_reward,get_total_claimed_reward,get_total_outstanding_reward,distribute_outstanding_reward,claim,init_standard_pool,init_stableswap_pool,get_pools,remove_pool,get_tokens_sets_count,get_tokens,get_pools_for_tokens_range,get_protocol_fee_fraction,set_pools_plane,get_plane,swap_chained,swap_chained_strict_receive,commit_transfer_ownership,apply_transfer_ownership,revert_transfer_ownership,get_future_address",""
"0d8978476d1f5110eec388ff897345ed520fa7e64e5943564e60b720b3d3d8e5",0,0.0000,"25.1.1#94c2a3b3a5ded6b9cf9cef0c207bf8804f3eb294","1.94.0","github:AquaToken/soroban-amm","","AnotherActionActive,NoActionActive,ActionNotReadyYet","version,total_supply,__constructor,apply_upgrade,contract_name,commit_upgrade,revert_upgrade,set_total_supply,get_emergency_mode,get_future_address,set_emergency_mode,get_privileged_addrs,set_privileged_addrs,apply_transfer_ownership,commit_transfer_ownership,revert_transfer_ownership",""
"0dfec6396c840c218fd4a92855544d52f10d34dac397d27fb6cd49956a31d4ff",5,0.0034,"23.4.0#673d6c4f2368d282d25da29bda55c21b8be69ca6","1.92.0","","","NotInitialized,AlreadyInitialized,Unauthorized,CampaignNotActive,CampaignAlreadyFinalized,DeadlineNotReached,CampaignNotSucceeded,CampaignNotFailed,CampaignAlreadyActivated,InvalidSharesAmount,HardCapReached,NothingToRefund,InvalidPrice,InvalidCap,InvalidDeadline,Overflow","init,refund,activate,finalize,contribute,get_config,get_status,get_splitter,get_contribution,get_total_raised",""
"0e5497cedd3e04b042e9e8da00a930717f3fae1a5f3605f4730506229381c838",1,0.0007,"21.7.7#5da789c50b18a4c2be53394138212fed56f0dfc4","1.88.0","","","Unimplemented,Initialized,Uninitialized,Unauthorized,InvalidArg,BrokenAddress,NotFound,Forbidden,CastFailed,TokenInsufficientBalance,U256Overflow,UnexpectedVecSize,ZeroAmount,PoolOverflow,ZeroChanges,NotEnoughAmount,InsufficientReceivedAmount,Slippage,InvalidFirstDeposit,PoolExist,IdenticalAddresses,MaxPoolsNumReached,InvalidNumberOfTokens","initialize,deposit,withdraw,swap,claim_rewards,claim_admin_fee,set_admin,set_admin_fee_share,set_fee_share,pending_reward,get_pool,get_user_deposit,get_d,get_receive_amount,get_send_amount,get_withdraw_amount,get_deposit_amount,get_admin,upgrade",""
"0e7cd0af197cd313a1676df9336704dd88d1c5bd9f57c3fe4b6e4224538a819b",1,0.0007,"25.3.1#e50d95af029c83196dd122f0154bac3f1302394b","1.93.0","","","NotInitialized,Unauthorized,InsufficientDeposit,InsufficientShares,ZeroAmount,SplitNotActive,AlreadySplit,BelowMinDeposit,InvalidFeeBps,ExceedsVestedAmount,DepositsPaused,WithdrawalsPaused,ExceedsEmergencyCap,PauseCooldown","burn,name,symbol,approve,balance,deposit,upgrade,decimals,transfer,withdraw,allowance,burn_from,set_admin,extend_ttl,initialize,vault_rate,add_deposit,deposit_for,split_yield,sync_assets,withdraw_to,mint_fee_bps,set_mint_fee,set_registry,total_assets,total_shares,__constructor,transfer_from,public_deposit,get_yield_split,set_ustry_token,get_pause_status,public_deposit_for,set_pause_deposits,set_operator_wallet,set_xld_sac_address,get_max_withdrawable,set_pause_withdrawals,transfer_domain_position","BurnEvent,MintEvent,TopUpEvent,ApproveEvent,TransferEvent,VaultDepositEvent,PublicDepositEvent,VaultWithdrawEvent,VaultWithdrawToEvent,PauseStatusChangedEvent,Burn,Mint,Approve,Clawback,Transfer,MintWithAmountOnly,TransferWithAmountOnly"
"0e7d6969a25530746c87929ee46103b5143aff0bf0570718872c886fbd1780d5",1,0.0007,"22.0.11#34f7f53ae31e0fd02aab436a9872e79fa671ca02","1.96.1","","","AuctionNotFound,AuctionExpired,InvalidAmount,Unauthorized,HealthFactorTooHigh,CorePoolNotFound,Unsupported","execute_op,initialize,get_auction,fill_auction,finalize_bad_debt,fill_via_flash_loan,run_protocol_liquidator,create_liquidation_auction",""
"0eb943385bc490c0c540d41d7aee553d6f17dacf2915dc010653b313ea3395c7",0,0.0000,"22.0.8#f46e9e0610213bbb72285566f9dd960ff96d03d8","1.87.0","","","MissingStorage","upgrade,__constructor,mint_from,mint,total_supply,balance,allowance,transfer,transfer_from,approve,decimals,name,symbol,burn,burn_from,has_role,get_role_member_count,get_role_member,get_role_admin,get_admin,grant_role,revoke_role,renounce_role,renounce_admin,transfer_admin_role,accept_admin_transfer,set_role_admin,get_underlying_for_amount,get_amount_for_underlying,deposit,withdraw,set_axelar_config,token_id,get_axelar_its,get_axelar_chain,get_axelar_gas_token,interchain_transfer,get_merkle_epoch,get_banned_amount,set_new_epoch,get_merkle_root,is_claimed,amt_to_claim,sync_balances",""
"0f82fcd8cd0e93f418b222686d8fb18230fb8eb0adc6f77ba40fe3949a228be9",1,0.0007,"22.0.6#0c47dcfa187069d241f11fb082730f667b55e802","1.87.0","","","AnotherActionActive,NoActionActive,ActionNotReadyYet","__constructor,set_total_supply,total_supply,set_privileged_addrs,get_privileged_addrs,commit_transfer_ownership,apply_transfer_ownership,revert_transfer_ownership,get_future_address,version,commit_upgrade,apply_upgrade,revert_upgrade,set_emergency_mode,get_emergency_mode",""
"0fb09df4f7c8725a7b76219d72f775e04dd07bc4a79b77309bf552cd11b80812",1,0.0007,"23.0.1#510d3feb724c2b01d7e7ab7652f03b9f8efc3f35","1.93.0-nightly","","","AlreadyInitialized,NotInitialized,Unauthorized,InvalidAmount,InvalidSchedule,StreamMissing,StreamAlreadyCanceled,InvalidBootstrapAdmin","init,admin,token,stream,release,upgrade,governor,set_admin,releasable,stream_ids,release_all,set_governor,cancel_stream,create_stream,last_wasm_hash,bootstrap_admin_active,bootstrap_admin_expires_at,set_bootstrap_admin_expiry,clear_bootstrap_admin_expiry",""
"0fb3760c222c362975089dc1d0fd09b47d114793f22b1aa70c02e9da7671e284",1,0.0007,"22.0.11#34f7f53ae31e0fd02aab436a9872e79fa671ca02","1.97.1","","","AlreadyInitialized,NotInitialized,InvalidAmount,InvalidDeadline,VaultNotFound,AlreadySettled,NotRecipient,NotSender,DeadlinePassed,DeadlineNotReached,InvalidPreimage,SameParty","claim,create,refund,get_token,get_vault,initialize,list_sender_vaults,list_recipient_vaults",""
"0fd48b93a642fe22204b467ef427c881f75f640b8708547211d501a0e0bd74ed",1,0.0007,"23.1.0#7456be9d91fe1f4cb070fc2732bac78244ce6c3f","1.91.0","","","NotAdmin,AlreadyInitialized,InsufficientBalance,InsufficientFactionPoints,InvalidAmount,InvalidFaction,FactionAlreadyLocked,UserNotFound,FactionNotSelected,GameNotWhitelisted,SessionNotFound,SessionAlreadyExists,InvalidSessionState,InvalidGameOutcome,ProofVerificationFailed,GameExpired,EpochNotFinalized,EpochAlreadyFinalized,EpochNotReady,NoRewardsAvailable,RewardAlreadyClaimed,NotWinningFaction,FeeVaultError,SwapError,TokenTransferError,OverflowError,DivisionByZero,ContractPaused","pause,is_game,unpause,upgrade,add_game,end_game,get_admin,get_epoch,is_paused,set_admin,get_config,get_player,start_game,cycle_epoch,remove_game,__constructor,update_config,select_faction,get_epoch_player,claim_epoch_reward","GameAdded,GameEnded,EpochCycled,GameRemoved,GameStarted,AdminChanged,ConfigUpdated,FactionLocked,RewardsClaimed,FactionSelected"
"0fffb0345c627c41c5eeabbf4ad7f21ea015f9235e3711e111317a1a848fff26",0,0.0000,"20.5.0#9e2c3022b4355b224a7a814e13ba51761eeb14bb","1.80.0","","","DifferentDepositedToken,InvalidToken,ContractStillOpen,Unauthorized,ContractAlreadyInitialized,MintMoreThanTotalSupply,InsufficientFunds,CustomerNotFound,TokenNotFound,NotEnoughGoldForStableToken,NotEnoughStableTokenForGold,ProjectsWalletNotFound,RecoveryWalletNotFound,MineOwnerWalletNotFound,NationWalletNotFound,AlternunWalletNotFound,NativeAssetNotFound,NegativeValue,AlternunFeeWalletNotFound","initialize,buy,change_token_admin,set_disbursment_wallets,disburse,increase_total_supply",""
"101ff0dbe44202f35bec5b2a93c63e44710cb1bb83230f76593308216fe960dd",1,0.0007,"26.1.0#175aa41306f383057a8cdfc84b68d931664fc34e","1.96.0","","","AlreadyInitialized,NotInitialized,InvalidMaturity,InvalidAmount,InsufficientBalance,InsufficientAllowance,MathOverflow,InvalidExpiration","burn,mint,name,config,symbol,approve,balance,decimals,maturity,transfer,allowance,burn_from,initialize,is_matured,total_supply,transfer_from",""
"1027f1587b8c70b1024128e323ef6acd2161c431fab0dc32bb64133a292759e0",0,0.0000,"25.1.1#94c2a3b3a5ded6b9cf9cef0c207bf8804f3eb294","1.94.0","github:AquaToken/soroban-amm","","AnotherActionActive,NoActionActive,ActionNotReadyYet","a,swap,claim,ramp_a,deposit,version,get_info,share_id,withdraw,gauge_add,kill_swap,pool_type,get_gauges,get_tokens,initialize,kill_claim,stop_ramp_a,unkill_swap,gauge_remove,gauges_claim,get_decimals,get_reserves,kill_deposit,unkill_claim,apply_new_fee,apply_upgrade,contract_name,estimate_swap,commit_new_fee,commit_upgrade,initialize_all,revert_upgrade,unkill_deposit,get_pools_plane,get_user_reward,get_user_shares,set_pools_plane,estimate_deposit,get_fee_fraction,get_rewards_info,get_total_shares,init_pools_plane,calc_token_amount,checkpoint_reward,get_protocol_fees,get_rewards_state,get_unused_reward,get_virtual_price,kill_gauges_claim,set_rewards_state,withdraw_one_coin,get_emergency_mode,get_future_address,get_is_killed_swap,set_emergency_mode,set_rewards_config,backfill_plane_data,claim_protocol_fees,get_is_killed_claim,init_config_storage,swap_strict_receive,unkill_gauges_claim,get_privileged_addrs,return_unused_reward,set_privileged_addrs,gauge_schedule_reward,get_is_killed_deposit,revert_new_parameters,calc_withdraw_one_coin,gauges_get_reward_info,admin_set_rewards_state,initialize_boost_config,set_reward_boost_config,apply_transfer_ownership,estimate_working_balance,get_total_claimed_reward,commit_transfer_ownership,get_protocol_fee_fraction,get_total_excluded_shares,initialize_rewards_config,revert_transfer_ownership,set_protocol_fee_fraction,checkpoint_working_balance,remove_liquidity_imbalance,get_total_configured_reward,estimate_swap_strict_receive,get_total_accumulated_reward,adjust_total_accumulated_reward",""
"102ee6b25bbc022777950913f5ebe9bd3ca1468d653ded3513cb7cc3397f7c8e",0,0.0000,"27.0.5#ea54f95d3f2f49e0487b29fd1a9f469638f09aba","1.96.0","","","AlreadyClaimed,InvalidProof,Expired,NotYetWithdrawable,Unauthorized,InvalidIndex,NothingToWithdraw,NotInitialized,InvalidAmount,TokenTransferMismatch,InvalidLimit,InvalidDeadline,InvalidProofLength,InvalidRecipientCount,ProgressOverflow,DistributionExceeded","admin,claim,token,config,progress,is_claimed,keep_alive,merkle_root,__constructor,claimed_statuses,withdraw_unclaimed","Claimed,Withdrawn"
"10f2c1f3624bf391e75722453b3857088b70465559624acba8ad47b37b85ee4e",3,0.0020,"25.3.1#e50d95af029c83196dd122f0154bac3f1302394b","1.93.0","","","NotInitialized,InvalidSignature,TimelockActive,WasmNotApproved,Unauthorized","upgrade,extend_ttl,initialize,__check_auth,approve_wasm,execute_admin_change,propose_admin_change",""
"11470814e29377725c36c095eb18bcf5ca9ae481ef0c754592ab91f91a01478d",0,0.0000,"25.1.1#94c2a3b3a5ded6b9cf9cef0c207bf8804f3eb294","1.94.0","github:AquaToken/soroban-amm","","AnotherActionActive,NoActionActive,ActionNotReadyYet","version,get_value,set_value,__constructor,apply_upgrade,contract_name,commit_upgrade,revert_upgrade,get_emergency_mode,get_future_address,set_emergency_mode,get_value_updated_at,apply_transfer_ownership,commit_transfer_ownership,revert_transfer_ownership",""
"12ebea908bf8923994f92e33aa30282594fef1e25ec87799b87f95254a587d01",1,0.0007,"23.0.1#510d3feb724c2b01d7e7ab7652f03b9f8efc3f35","1.93.0-nightly","","","NotInitialized,AlreadyInitialized,OnlyManager,AmountZero,AssetNotWhitelisted,SharesZero,InsufficientUserShares,InsufficientShares,RouterNotSet,InvalidFeeBps,UnauthorizedPolicy,InsufficientLiquidity,InvalidBlendPosition,BlendAssetMismatch,InvalidBlendRiskPolicy,BlendOracleStale,BlendHealthFactorTooLow,BlendNavUnavailable,BlendOracleInvalid,CreditMarketNotConfigured,CreditActionNotAllowed,InvalidProtocolFeeBps,InvalidSwapRiskPolicy,SwapVenueNotAllowed,SwapTradeSizeExceeded,SwapOracleNotConfigured,SwapOracleStale,SwapOracleInvalid,SwapPriceImpactExceeded,SwapSlippageExceeded,SwapTwapDeviationExceeded,InvalidBootstrapAdmin,CreditBorrowPolicyNotConfigured,CreditBorrowLimitExceeded,InvalidCreditBorrowPolicy,BlendV2RiskSourceNotConfigured,BlendV2PoolNotVerified","nav,fees,init,redeem,router,deposit,manager,upgrade,governor,set_fees,fee_state,rebalance,shares_of,whitelist,blend_lend,set_router,blend_repay,settle_fees,set_manager,share_token,swap_oracle,blend_borrow,credit_repay,denomination,set_governor,blend_markets,credit_borrow,credit_supply,set_whitelist,blend_position,blend_withdraw,credit_markets,last_wasm_hash,liquid_balance,rebalance_auto,venue_registry,allowed_routers,blend_positions,bootstrap_admin,credit_position,credit_withdraw,set_share_token,set_swap_oracle,allowed_adapters,credit_positions,credit_protocols,swap_risk_policy,blend_risk_policy,protocol_treasury,blend_market_value,credit_risk_policy,set_allowed_venues,set_venue_registry,blend_health_factor,blend_market_assets,blend_market_status,credit_market_value,protocol_fee_policy,set_bootstrap_admin,blend_position_value,blend_v2_risk_source,clear_venue_registry,credit_borrow_policy,credit_health_factor,credit_market_assets,credit_market_config,credit_market_status,set_swap_risk_policy,blend_position_values,clear_bootstrap_admin,credit_market_configs,credit_position_value,set_blend_risk_policy,bootstrap_admin_active,credit_position_values,preview_fee_settlement,configure_credit_market,set_protocol_fee_policy,set_blend_v2_risk_source,set_credit_borrow_policy,blend_external_diagnostics,bootstrap_admin_expires_at,set_bootstrap_admin_expiry,set_blend_external_diagnostics",""
"12f9e730332fe2b1ae1a210b58d3c72c59d337bdae3b7ec12fe67ae5aac27473",1,0.0007,"22.0.7#211569aa49c8d896877dfca1f2eb4fe9071121c8","1.85.0","","","NoPailsProvided,NoHarvestablePails,NoFarmersProvided,VectorSizeMismatch,NoSuccessfulPlants,NoSuccessfulWork","__constructor,harvest,plant,work",""
"12fca5a7a96577273b6d4184cf9c984036cda0e8f0594747e7b2933dced37ee6",44,0.0300,"25.3.0#dcbea44513feb7734af6b6c4aced2c4a7a2715d0","1.96.0","github:AquaToken/soroban-amm","","AnotherActionActive,NoActionActive,ActionNotReadyYet","get_tick,get_slot0,get_position,get_tick_bounds,get_ticks_batch,deposit_position,get_chunk_bitmap,get_tick_spacing,get_position_fees,tick_from_amounts,withdraw_position,claim_position_fees,get_active_liquidity,get_all_position_fees,get_chunk_bitmap_batch,claim_all_position_fees,get_total_raw_liquidity,estimate_deposit_position,estimate_withdraw_position,get_user_position_snapshot,get_fee_growth_global_0_x128,get_fee_growth_global_1_x128,get_total_weighted_liquidity,version,apply_upgrade,contract_name,commit_upgrade,revert_upgrade,get_emergency_mode,set_emergency_mode,claim,get_user_reward,get_rewards_info,get_rewards_state,get_unused_reward,set_rewards_state,set_rewards_config,return_unused_reward,admin_set_rewards_state,initialize_boost_config,set_reward_boost_config,estimate_working_balance,get_total_claimed_reward,initialize_rewards_config,get_total_configured_reward,get_total_accumulated_reward,adjust_total_accumulated_reward,get_future_address,apply_transfer_ownership,commit_transfer_ownership,revert_transfer_ownership,gauge_add,get_gauges,gauge_remove,gauges_claim,kill_gauges_claim,unkill_gauges_claim,gauge_schedule_reward,gauges_get_reward_info,swap,deposit,get_info,share_id,withdraw,pool_type,get_tokens,initialize,get_reserves,estimate_swap,get_user_shares,estimate_deposit,get_fee_fraction,get_total_shares,swap_strict_receive,get_protocol_fee_fraction,get_total_excluded_shares,estimate_swap_strict_receive,kill_swap,kill_claim,unkill_swap,kill_deposit,unkill_claim,unkill_deposit,get_protocol_fees,get_is_killed_swap,claim_protocol_fees,get_is_killed_claim,get_privileged_addrs,set_privileged_addrs,get_is_killed_deposit,set_protocol_fee_fraction,get_pools_plane,set_pools_plane,init_pools_plane,backfill_plane_data,initialize_all","ClaimFees"
"131db85e62b0f7e3683bf4b5a6ae22b801d9acb2effd5cf3d78e9921b77b7c94",2,0.0014,"22.0.6#0c47dcfa187069d241f11fb082730f667b55e802","1.87.0","","","Unauthorized,PathIsEmpty,OutMinNotSatisfied,InMaxNotSatisfied,FeeFractionTooHigh","__constructor,get_max_swap_fee_fraction,get_router,get_fee_destination,claim_fees,claim_fees_and_swap,swap_chained,swap_chained_strict_receive",""
"13a8296fb374220cfe60f50d632d3ddc5b78a9249b0970d804c8ea9949a7bdd2",1,0.0007,"25.3.1#e50d95af029c83196dd122f0154bac3f1302394b","1.95.0","","","AlreadyInitialized,NotInitialized,InvalidSplit,InvalidAmount,InsufficientBuffer,InsufficientYieldPrincipal,BlendNotConfigured","init,stats,config,release_buffer,set_blend_pool,deposit_payroll,rebalance_to_buffer",""
"13d6076d2062d13a924eb43ee09512eee09af7763e9f7b93531e20e0e2b128e1",1,0.0007,"22.0.5#25daaf397971f2c15fd2a5fd0a9967020a19cfcb","1.89.0","","","ContractNotInitalized,XAssetDeployFailed,AssetAlreadyDeployed,AssetAdminSetFailed,NoSuchAsset,AssetUpgradeFailed","admin_get,admin_set,redeploy,init,update_xasset_wasm_hash,deploy_asset_contract,get_asset_contract,set_asset_contract,set_existing_asset_contract,upgrade_existing_asset_contract",""
"13d633d8e406e5bc0a521f2519144d44c4cd394a0c5ff704277659184276705d",1,0.0007,"20.4.0#70b12eb8c6af0593888154700f0ef68897521708","1.76.0","","","VCNotFound,VCNotEmpty,IssuerNotFound,DIDRegistryError","upload_vc,set_revoke,get_vc",""
"13e39f947dbc5e59d9747748c2e964a81e654c0c4c471cb683c233080c141ad1",1,0.0007,"22.0.8#f46e9e0610213bbb72285566f9dd960ff96d03d8","1.92.0","","","AlreadyInitialized,InvalidAddress,InvalidSupply","release,upgrade,initialize",""
"1400833dffad8232baca9f5e0a85320ebf2cb3e8a474842c611d4295ee48e598",1,0.0007,"23.0.2#a97daf8b07cdf24e9bd45e344db51a21b9ea77d3","1.88.0","","","HexLengthInsufficient,MulDivFailed,InvalidPriceRange,U256ToU128ConversionFailed,TransactionTooOld,AlreadyInitialized,FactoryNotInitialized,XlmAddressNotInitialized,TokenDoesNotExist,NotTokenOwner,Unauthorized,InsufficientBalance,InvalidTickRange,TickNotAligned,TickOutOfBounds,PoolNotFound,MathOverflow,PriceSlippageCheck,NothingToCollect,TokensNotOrdered,LiquidityCalculationFailed,PoolKeyMissing,TokenDescriptorNotSet,NoApprovedAddress,PositionNotCleared","init,zap_in,zap_out,quote_zap_in,quote_zap_out,get_factory,get_xlm_address,get_position_manager,get_swap_router,is_initialized","ZapInitializedEvent,ZapInEvent,ZapOutEvent"
"1406b671bc614ce38e22159ad3dff82cb82896a2db9a7fa9bfe4e0f714a4dfa8",2,0.0014,"22.0.7#211569aa49c8d896877dfca1f2eb4fe9071121c8","1.84.0","","","AnotherActionActive,NoActionActive,ActionNotReadyYet","__constructor,configure_fees,configure_premium_reserve,check_code_reservation,estimate_initial_deposit,create_bonding_curve,update_token,set_bonding_curve_wasm_hash,set_router_contract,set_swap_pool,set_factory_parameters,feature_fee_address,feature_fee_amount,feature_token,is_token_featured,token_featured_until,set_curve_fee_nominator,get_curve_fee_nominator,kill,unkill,get_reserve_token,get_supply,get_reserve_to_collect,get_supply_percentage,get_amm_router,get_bonding_curve_wasm_hash,is_killed,version,commit_upgrade,apply_upgrade,revert_upgrade",""
"14072ffd95562e1630bf4d547d408899d8c48c09c7fcf50a14e3e9acee134468",1,0.0007,"22.0.11#34f7f53ae31e0fd02aab436a9872e79fa671ca02","1.89.0","","","AlreadyInitialized,NotInitialized,InvalidAmount,LockNotFound,TooEarly,AlreadyClaimed,NotOwner","initialize,create_lock,claim,locks_for,get_lock,lock_count,get_admin,get_token",""
"1427a77c5d6ecf736b33cec17919f17adb4ff7ea69c31c02d7b23f10cd1f649e",1,0.0007,"22.0.11#34f7f53ae31e0fd02aab436a9872e79fa671ca02","1.95.0","","","AlreadyInitialized,RoundNotFound,RoundLocked,RoundNotOpen,StakeTooLow,InvalidPrediction,RoundFull,AlreadyBet,TooEarly,AlreadySettled,NotSettled,NoReward,NoBet,InvalidTime,NotEnoughParticipants,EnoughParticipants,InvalidAmount","get_bet,get_round,place_bet,get_reward,initialize,cancel_round,claim_reward,create_round,settle_round,__constructor,get_current_round,get_participant_count",""
"144ef7103d39fb69e93f37300715044c51dbb3ac1e3a2df261a0e5373cd0bea8",8,0.0055,"23.0.2#a97daf8b07cdf24e9bd45e344db51a21b9ea77d3","1.89.0","","","Unauthorized,InvalidTickRange,InvalidLiquidity,InvalidAmount,InvalidSqrtPrice,InvalidFee,InvalidTickSpacing,TickOutOfBounds,PriceOutOfBounds,LiquidityOverflow,LiquidityUnderflow,DivisionByZero,MulDivOverflow,U128Overflow,I128Overflow,U64Overflow,U32Overflow,PoolNotInitialized,PoolAlreadyInitialized,PositionNotFound,InsufficientLiquidity,TickNotInitialized,TickNotSpacedCorrectly,OracleNotInitialized,InvalidObservation,ObservationTooOld,NotInitialized,AlreadyInitialized,TickLowerNotLessThanUpper,TickLowerTooLow,TickUpperTooHigh,InvalidPriceLimit,AmountShouldBeGreaterThanZero,NegativeAmount,InsufficientToken0,InsufficientToken1,InvalidFeeProtocol,ZeroPriceNotAllowed,ZeroLiquidityNotAllowed,OverflowInSqrtPriceCalculation,UnderflowInSqrtPriceCalculation,InsufficientRepayment0,InsufficientRepayment1,MustUseFlashExecutor,FlashNotLocked,IdenticalTokens,PoolAlreadyExists,FeeAmountAlreadyEnabled,InvalidFeeAmount","__constructor,check_ticks,block_timestamp,initialize,swap,swap_prefunded,set_router_authorized,burn,collect,collect_protocol,flash_begin,flash_end,slot0,is_initialized,factory,token0,token1,fee,tick_spacing,flash_executor,get_protocol_fee_0,get_protocol_fee_1,get_tick_bitmap,liquidity,fee_growth_global_0_x128,fee_growth_global_1_x128,protocol_fees,ticks,get_position_fee_data,snapshot_cumulatives_inside,observe_single,observe,poke_oracle,get_oracle_hints,get_oracle_status,mint,get_tick_bitmap_public,quote_exact_input,quote_exact_output,positions","InitializeEvent,SwapEvent,MintEvent,BurnEvent,CollectEvent,CollectProtocolEvent,FlashBeginEvent,FlashEndEvent"
"148ca1a98456b2b2cabff5b846de9a27690fcabc76c6a7081fdf9535d6773018",1,0.0007,"23.0.2#a97daf8b07cdf24e9bd45e344db51a21b9ea77d3","1.88.0","","","HexLengthInsufficient,MulDivFailed,InvalidPriceRange,U256ToU128ConversionFailed,TransactionTooOld,AlreadyInitialized,FactoryNotInitialized,XlmAddressNotInitialized,TokenDoesNotExist,NotTokenOwner,Unauthorized,InsufficientBalance,InvalidTickRange,TickNotAligned,TickOutOfBounds,PoolNotFound,MathOverflow,PriceSlippageCheck,NothingToCollect,TokensNotOrdered,LiquidityCalculationFailed,PoolKeyMissing,TokenDescriptorNotSet,NoApprovedAddress,PositionNotCleared","__constructor,get_factory,get_pools_data,get_pools_by_pairs,get_pool_data,get_pools_data_with_bal,get_pool_data_with_bal,init,quote_exact_input_single,quote_exact_input,quote_exact_output_single,quote_exact_output,init_v2,quote_exact_input_v2,quote_exact_output_v2,quote_exact_input_single_v2,quote_exact_output_single_v2,get_populated_ticks_in_word,get_populated_ticks_in_range",""
"149c280d4a93b7dfab90b53b5cf81951224babf4c398ae3ccc9e84b517fe6188",1,0.0007,"23.0.1#510d3feb724c2b01d7e7ab7652f03b9f8efc3f35","1.93.0-nightly","","","AlreadyInitialized,NotInitialized,Unauthorized,InvalidThresholds,InvalidPoints,InvalidBootstrapAdmin","init,tier_of,upgrade,governor,points_of,set_admin,add_points,set_points,thresholds,set_governor,last_wasm_hash,set_thresholds,bootstrap_admin_active,bootstrap_admin_expires_at,set_bootstrap_admin_expiry,clear_bootstrap_admin_expiry",""
"14e6c8d4e009d43cbabb2db6961e620928aa45cf1667732005686492e636fdb5",1,0.0007,"25.3.1#e50d95af029c83196dd122f0154bac3f1302394b","1.93.0","","","NotInitialized,AlreadyRegistered,DomainExpired,NotOwner,InvalidName,InvalidDuration,InsufficientPayment,DomainNotFound,Unauthorized,SubdomainLimitReached,ProductionLocked,GracePeriodActive,NotExpired,MarketplaceNotSet,BelowFloorPrice,TooManyRecords,NftNotFound,NotApproved,ApprovalExpired,RegistrationsPaused","name,renew,symbol,approve,balance,resolve,upgrade,owner_of,register,transfer,get_price,set_admin,token_uri,early_exit,extend_ttl,gift_renew,initialize,set_status,fix_pricing,set_records,get_approved,get_token_id,is_available,nft_transfer,set_base_uri,total_minted,expire_domain,set_subdomain,transfer_from,get_node_count,approve_for_all,reverse_resolve,set_marketplace,set_ustry_token,get_pause_status,get_vault_shares,is_approved_for_all,set_aquarius_router,marketplace_transfer,get_domain_attributes,set_pause_registrations","NftMintEvent,EarlyExitEvent,NftApproveEvent,NftTransferEvent,DomainExpiredEvent,DomainRenewedEvent,RecordUpdatedEvent,RegistryPauseEvent,StatusChangedEvent,DomainRegisteredEvent,NftApproveForAllEvent,DomainTransferredEvent,MarketplaceTransferEvent"
"153fe7ff1bea439a818992133687edde22382d000aa02293f6e941768a8deb43",1,0.0007,"25.3.1#e50d95af029c83196dd122f0154bac3f1302394b","1.93.0","","","NotInitialized,Unauthorized,InsufficientDeposit,InsufficientShares,ZeroAmount,SplitNotActive,AlreadySplit,BelowMinDeposit,InvalidFeeBps,ExceedsVestedAmount,DepositsPaused,WithdrawalsPaused,ExceedsEmergencyCap,PauseCooldown","burn,name,symbol,approve,balance,deposit,upgrade,decimals,transfer,withdraw,allowance,burn_from,set_admin,extend_ttl,initialize,vault_rate,add_deposit,deposit_for,split_yield,withdraw_to,mint_fee_bps,set_mint_fee,set_registry,total_assets,total_shares,__constructor,transfer_from,public_deposit,get_yield_split,set_ustry_token,get_pause_status,public_deposit_for,set_pause_deposits,set_operator_wallet,set_xld_sac_address,get_max_withdrawable,set_pause_withdrawals,transfer_domain_position","BurnEvent,MintEvent,TopUpEvent,ApproveEvent,TransferEvent,VaultDepositEvent,PublicDepositEvent,VaultWithdrawEvent,VaultWithdrawToEvent,PauseStatusChangedEvent,Burn,Mint,Approve,Clawback,Transfer,MintWithAmountOnly,TransferWithAmountOnly"
"1546eec842a3c777f5f6f87191760242d09459206312fcccf4c5ae262fd709a4",1,0.0007,"26.1.0#175aa41306f383057a8cdfc84b68d931664fc34e","1.96.0","","","AlreadyInitialized,NotInitialized,InvalidMaturity,InvalidAmount,InvalidScalarRoot,InvalidAnchor,InvalidFee,InvalidTwapWindow,MarketNotSeeded,MarketMatured,SlippageExceeded,InsufficientLiquidity,MathOverflow,MarketProportionTooHigh,ExchangeRateBelowOne,UnsupportedRoute,TradeNotFound,InputOutOfBounds,InvalidSyRate","state,config,bump_ttl,maturity,spot_apy,total_lp,twap_apy,initialize,lp_balance,reserve_pt,reserve_sy,bump_lp_ttl,implied_apy,add_liquidity,swap_pt_for_sy,swap_sy_for_pt,swap_sy_for_yt,swap_yt_for_sy,quote_pt_for_sy,quote_sy_for_pt,quote_sy_for_yt,quote_yt_for_sy,twap_warming_up,remove_liquidity",""
"1547ea35eb2b23c39a67b23d8a7c1b39bc74cc37b6552b97818f595d3ae04880",1,0.0007,"25.1.1#94c2a3b3a5ded6b9cf9cef0c207bf8804f3eb294","1.93.1","github:AquaToken/soroban-amm","","AnotherActionActive,NoActionActive,ActionNotReadyYet","version,__constructor,apply_upgrade,contract_name,commit_upgrade,revert_upgrade,get_emergency_mode,get_future_address,set_emergency_mode,apply_transfer_ownership,deploy_swap_fee_contract,commit_transfer_ownership,revert_transfer_ownership,set_swap_fee_contract_wasm",""
"154d0fd4e06e1b86ec5fca2beddf767772b1aef89caac74466ec8842d835a00d",1,0.0007,"21.7.7#5da789c50b18a4c2be53394138212fed56f0dfc4","1.91.1","","","NotInitialized,InvalidInput,InsufficientPendingAqua,NotFound,AlreadyExecuted,Unauthorized","set_admin,get_config,initialize,get_aqua_balance,get_global_state,set_pending_aqua,authorize_ice_lock,get_all_ice_balances,setup_ice_trustlines,sync_all_ice_balances,get_upvote_ice_balance,get_pending_aqua_for_ice,transfer_authorized_aqua,get_ice_lock_authorization",""
"155eb31c1867254eacbf1b7a4755164d15cc6b6f939644705ab6b8df61579239",1,0.0007,"27.0.6#60926a20d1f9f0a669d5fe551636f42a1302f0c0","1.96.0","","","Frozen,SessionKeyExpired,PayeeNotAllowed,AboveAutoApprove,DailyCapExceeded,InvalidAmount,InvalidPayee,MathOverflow,InsufficientBalance,OwnerIsOperator","pay,owner,today,token,frozen,balance,decimals,operator,withdraw,daily_cap,owner_pay,is_allowed,set_frozen,set_policy,set_allowed,spent_today,set_operator,__constructor,auto_approve_max,allowlist_enabled,session_key_expiry,set_session_key_expiry","Paid,FrozenSet,Withdrawn,OperatorSet,AllowlistSet,PolicyUpdated,SessionKeyExpirySet"
"156d597fe56f530ba67863663e3cc3680deccfce9820b0664b6cd629a2b47674",1,0.0007,"21.7.6#c6cca8f8cf75618c24ceb5d9ffdfe735486ae1e9","1.81.0","","","EmptyName,EmptyOverview,EmptyContacts,EmptyAdmins,EmptyImageUrl,AdminOrOwnerOnly,OwnerOnly,ContractOwnerOnly,AlreadyApplied,DataNotFound,AlreadyInitialized","initialize,apply,update_project,add_admin,remove_admin,get_project_by_id,get_projects,get_project_admins,get_total_projects,upgrade,get_project_from_applicant,owner,get_precheck,get_precheck_by_id",""
"15804043e253f3dfd11bd15fd861a3b70e6b9b82109db37b3f5cd2cf211a8424",1,0.0007,"22.0.11#34f7f53ae31e0fd02aab436a9872e79fa671ca02","1.89.0","","","AlreadyInitialized,NotInitialized,Paused,InvalidAmount,InvalidTarget,GoalNotFound,GoalClosed,NothingToWithdraw,WrongToken","initialize,deposit,withdraw,get_goal,balance,total_saved,is_paused,get_token,get_admin,pause,unpause,set_admin,upgrade",""
"15c54713fac198e0db5383991cf373abfde340b44958870554aca9babc788e23",0,0.0000,"23.1.0#7456be9d91fe1f4cb070fc2732bac78244ce6c3f","1.91.1","","","InsufficientFactionPoints,InvalidAmount,InvalidFaction,FactionAlreadyLocked,PlayerNotFound,FactionNotSelected,GameNotWhitelisted,SessionNotFound,SessionAlreadyExists,InvalidSessionState,InvalidGameOutcome,GameExpired,EpochNotFinalized,EpochAlreadyFinalized,EpochNotReady,NoRewardsAvailable,RewardAlreadyClaimed,NotWinningFaction,DepositRequiredToClaim,SwapError,OverflowError,DivisionByZero,ContractPaused","pause,is_game,unpause,upgrade,add_game,end_game,get_admin,get_epoch,is_paused,set_admin,get_config,get_player,start_game,cycle_epoch,remove_game,__check_auth,__constructor,update_config,select_faction,get_epoch_player,get_current_epoch,claim_epoch_reward","GameAdded,GameEnded,EpochCycled,GameRemoved,GameStarted,AdminChanged,ConfigUpdated,ContractPaused,RewardsClaimed,FactionSelected,ContractUnpaused,TimeMultiplierReset"
"15e81d174eb342df55f841fc4ba5ea9533457af53d07c97f0415b57615edd757",1,0.0007,"22.0.11#34f7f53ae31e0fd02aab436a9872e79fa671ca02","1.95.0","","","NotInitialized,AlreadyInitialized,Unauthorized,InvalidTokens,QuoteExpired,QuoteAlreadyUsed,InvalidSigner,InvalidSignature,InvalidFee","initialize,set_fee_bps,execute_quote,get_protocol_fee",""
"15eeef673aa30936462faac39a8c27506d756750d2e663809122edb124d38017",0,0.0000,"21.7.7#5da789c50b18a4c2be53394138212fed56f0dfc4","1.91.1","","","Unprofitable,Unauthorized,InvalidPath,InsufficientBalance,SwapFailed,PathTooLong","withdraw,get_admin,execute_cycle,__constructor,receive_flash_loan",""
"163127be0ae731dbc045d2bd704c3d4949606df23fbe749e16d08414cedd5979",0,0.0000,"21.7.7#5da789c50b18a4c2be53394138212fed56f0dfc4","1.91.1","","","NotInitialized,InvalidInput,InsufficientPendingAqua,NotFound,AlreadyExecuted,Unauthorized,PoolNotFound,PoolNotActive,MaxPoolsReached,PositionNotFound,InsufficientBalance,SlippageExceeded","upgrade,version,add_pool,set_admin,get_config,initialize,get_pool_info,vault_deposit,get_pool_count,vault_withdraw,get_aqua_balance,get_global_state,set_pending_aqua,set_vault_config,authorize_ice_lock,claim_and_compound,set_pool_lp_tokens,update_pool_status,get_all_ice_balances,setup_ice_trustlines,sync_all_ice_balances,get_upvote_ice_balance,get_user_vault_position,get_pending_aqua_for_ice,transfer_authorized_aqua,get_ice_lock_authorization",""
"16a2527e1853f98313d6526d5926f9d2924cfa878556a1ba367aad5d3b837869",1,0.0007,"22.0.6#0c47dcfa187069d241f11fb082730f667b55e802","1.87.0","","","AnotherActionActive,NoActionActive,ActionNotReadyYet","__constructor,set_value,get_value,get_value_updated_at,commit_transfer_ownership,apply_transfer_ownership,revert_transfer_ownership,get_future_address,version,commit_upgrade,apply_upgrade,revert_upgrade,set_emergency_mode,get_emergency_mode",""
"16c283f0fc9d1182d4f82ca0cd636cad9c5209f853de3f7e38401874300c6727",1,0.0007,"25.1.1#94c2a3b3a5ded6b9cf9cef0c207bf8804f3eb294","1.93.1","","","Unprofitable","a,b,__constructor",""
"16c6e0e7941ca8f8ff1859f80a0e5c39a41cdcc1d9030f769558b5a32a184b48",1,0.0007,"22.0.11#34f7f53ae31e0fd02aab436a9872e79fa671ca02","1.96.1","","","AlreadyInit,NotFound,Overfund,AlreadySettled,ZeroAmount","get,pay,create",""
"16dda8e3ee07c37c0579af921db80ba31b63f09d322748249f9551073dbfc7bc",17,0.0116,"22.0.7#211569aa49c8d896877dfca1f2eb4fe9071121c8","1.84.0","","","AnotherActionActive,NoActionActive,ActionNotReadyYet","__constructor,get_premium_price_coefficient,get_fee_nominator,estimate_buy,buy,estimate_sell,sell,fee_collected,admin_withdraw_fee,promote_to_amm,is_promoted,liquidity_pool,kill_swap,unkill_swap,kill_promote,unkill_promote,get_supply_token,get_supply,get_reserve_token,get_reserve,collected,collected_threshold,premium_reserve_collected,get_is_killed_swap,get_is_killed_promote,get_swap_pool,get_created_at,version,commit_upgrade,apply_upgrade,revert_upgrade",""
"17037ab0bb67b3a029f256116b710335d362079a904ee89aa177cbd777b253e3",1,0.0007,"26.1.0#175aa41306f383057a8cdfc84b68d931664fc34e","1.93.0","","","NotAuthorized,Paused,DeadlineExpired,IntentAlreadyExecuted,InsufficientBalance,InvalidAdmin","execute,upgrade,initialize,set_paused,set_swap_router,set_fee_collector,set_deposit_router,add_authorized_caller,set_marketplace_router,remove_authorized_caller",""
"1707eb38f896ab6f305e6118a755058109e1877bd6b933243c6ebc65d289f64b",39,0.0266,"25.1.1#94c2a3b3a5ded6b9cf9cef0c207bf8804f3eb294","1.93.1","github:AquaToken/soroban-amm","","AnotherActionActive,NoActionActive,ActionNotReadyYet","swap,claim,deposit,version,get_info,share_id,withdraw,gauge_add,kill_swap,pool_type,get_gauges,get_tokens,initialize,kill_claim,unkill_swap,gauge_remove,gauges_claim,get_reserves,kill_deposit,unkill_claim,apply_upgrade,contract_name,estimate_swap,commit_upgrade,initialize_all,revert_upgrade,unkill_deposit,get_pools_plane,get_user_reward,get_user_shares,set_pools_plane,estimate_deposit,get_fee_fraction,get_rewards_info,get_total_shares,init_pools_plane,checkpoint_reward,get_protocol_fees,get_rewards_state,get_unused_reward,kill_gauges_claim,set_rewards_state,get_emergency_mode,get_future_address,get_is_killed_swap,set_emergency_mode,set_rewards_config,backfill_plane_data,claim_protocol_fees,get_is_killed_claim,init_config_storage,swap_strict_receive,unkill_gauges_claim,get_privileged_addrs,return_unused_reward,set_privileged_addrs,gauge_schedule_reward,get_is_killed_deposit,gauges_get_reward_info,admin_set_rewards_state,initialize_boost_config,set_reward_boost_config,apply_transfer_ownership,estimate_working_balance,get_total_claimed_reward,commit_transfer_ownership,get_protocol_fee_fraction,get_total_excluded_shares,initialize_rewards_config,revert_transfer_ownership,set_protocol_fee_fraction,checkpoint_working_balance,get_total_configured_reward,estimate_swap_strict_receive,get_total_accumulated_reward,adjust_total_accumulated_reward",""
"1711b7c790a978c7382584e121cee7883a557a11cd91177fdbeee4320a96f9c0",1,0.0007,"25.3.1#e50d95af029c83196dd122f0154bac3f1302394b","1.94.1","","","NotInitialized,AlreadyInitialized,Unauthorized,InvalidAmount,SwapFailed","get_quote,get_router,initialize,set_router,execute_swap,register_pool,get_trusted_caller,set_trusted_caller",""
"174972e6850180682c46185f58504955763ffc74f188ec7544a60b9a21747a7a",3,0.0020,"20.5.0#9e2c3022b4355b224a7a814e13ba51761eeb14bb","1.84.1","","","AlreadyInitialized,NotInitialized,NotAuthorized,EscrowNotMatured,InvalidAmount,ReceiverNotFound","initialize,release,get_receiver_state,get_all_receivers",""
"17aac985522aba1dbcc269a2b332df6da05faee2b1358bb3337d3c13c9152dd1",0,0.0000,"25.3.1#e50d95af029c83196dd122f0154bac3f1302394b","1.93.0","","","NotInitialized,Unauthorized,InsufficientDeposit,InsufficientShares,ZeroAmount,SplitNotActive,AlreadySplit,BelowMinDeposit,InvalidFeeBps,ExceedsVestedAmount,DepositsPaused,WithdrawalsPaused,ExceedsEmergencyCap,PauseCooldown","burn,name,symbol,approve,balance,deposit,upgrade,decimals,transfer,withdraw,allowance,burn_from,set_admin,extend_ttl,initialize,vault_rate,add_deposit,deposit_for,split_yield,withdraw_to,mint_fee_bps,set_mint_fee,set_registry,total_assets,total_shares,transfer_from,public_deposit,get_yield_split,set_ustry_token,get_pause_status,set_pause_deposits,set_operator_wallet,set_xld_sac_address,set_pause_withdrawals,transfer_domain_position","BurnEvent,MintEvent,TopUpEvent,ApproveEvent,TransferEvent,VaultDepositEvent,PublicDepositEvent,VaultWithdrawEvent,VaultWithdrawToEvent,PauseStatusChangedEvent,Burn,Mint,Approve,Clawback,Transfer,MintWithAmountOnly,TransferWithAmountOnly"
"17b1f6a47d5ff3cebce3fd0ae4a79e4e602ad86aacd5fe0a25b90ac6ac18a985",5,0.0034,"22.0.8#f46e9e0610213bbb72285566f9dd960ff96d03d8","1.86.0","","","AnotherActionActive,NoActionActive,ActionNotReadyYet","__constructor,mint,redeem,redeem_one,sync_collateral_with_price,get_tokens,get_price_bounds,get_user_token_balances,get_total_token_supplies,get_collateral_info,get_summary,get_status,admin_shutdown,set_privileged_addrs,get_privileged_addrs,set_calculator,set_oracle,kill_mint,kill_redeem,unkill_mint,unkill_redeem,get_is_killed_mint,get_is_killed_redeem,get_price,get_scaled_price,version,contract_name,commit_upgrade,apply_upgrade,revert_upgrade,set_emergency_mode,get_emergency_mode,commit_transfer_ownership,apply_transfer_ownership,revert_transfer_ownership,get_future_address",""
"18aaa5a99271d17356bf1cfb3c45c8b8f1541cd8491279f6ae46b869b788069f",2,0.0014,"20.5.0#9e2c3022b4355b224a7a814e13ba51761eeb14bb","1.74.1","","","NotInitialized,Initialized,InvalidLaunchpadInfo,InvalidStage,NotWhitelisted,MaxPerAddressLimitExceeded,NotStarted,Started,InvalidNumTokens,SoldOut,AlreadyMinted,PendingClaimLimitExceeded,NotAuthorized,InvalidTokenId,Ended,MaxAdminMintsExceeded","initialize,mint,mint_to,mint_for,claim_tokens,claim_token,burn_remaining,update_admin,restart,get_launchpad_info,get_tokens_to_claim,get_total_minted,get_mint_list,get_tokens_range,version",""
"18c5f74a1a6821cb3312481f3d2f89f66e7b5f62ef15b41b7929a8d02eaafba4",1,0.0007,"26.1.0#175aa41306f383057a8cdfc84b68d931664fc34e","1.96.0","","","InvalidAmount,InsufficientLiquidity,InsufficientCredit,InsufficientDeposit,Defaulted,NotOverdue,NothingOwed,Paused,DepositCapExceeded","pause,repay,state,token,borrow,paused,shares,deposit,reserve,unpause,due_date,position,registry,withdraw,defaulted,liquidity,term_secs,yield_pool,amount_owed,claim_yield,deposit_cap,mark_default,__constructor,set_deposit_cap,available_credit","Repaid,Borrowed,Deposited,Withdrawn,Defaulted_,YieldClaimed"
"18f37c4e1d980e53d8ec8fb7bcc28b0c6ed7eb5beea95c4af76c762c95f61332",1,0.0007,"23.0.2#a97daf8b07cdf24e9bd45e344db51a21b9ea77d3","1.90.0","","","CampaignAlreadyInitialized,CampaignStartDateInThePast,NegativeRewardAmount,RewardAmountExceedsTotalCampaignReward,TotalRewardWouldExceedCampaignLimit,CampaignNotInitialized,CampaignNotStarted,InvalidTaskId,Unauthorized,CampaignNotEnded,CampaignFrozen,InvalidFeePercentage,InvalidRewardAmount","extend_ttl,init,claim_reward,get_task_reward,get_remaining_reward,campaign_data,transfer_remaining_funds,extend_duration,toggle_freeze,claim_fees,set_fee_percentage,get_collected_fees_public,add_rewards","RewardEvent,FreezeToggleEvent,FeeClaimedEvent,RewardsAddedEvent"
"191d631292d22f5383491784ed33972a3480b0a5bc79b88ac6bd7835862b916b",1,0.0007,"26.1.0#175aa41306f383057a8cdfc84b68d931664fc34e","1.96.0","","","AlreadyInitialized,NotInitialized,NullifierAlreadyUsed,InvalidProof,AlreadyRegistered","upgrade,initialize,is_eligible,get_identity,set_verifier,is_nullifier_used,register_identity",""
"192ab84143557211d84f13fc15862e42debcbc3db0c516f792f51d6b8e1a5868",1,0.0007,"22.0.5#25daaf397971f2c15fd2a5fd0a9967020a19cfcb","1.84.0","","","OfferEmpty,OfferExist,OfferChanged,AdminExist,NotAuthorized,TokenNotSupported,TCDisabled,TCNotLoaned,TCAlreadyLoaned,RecipientNotFound,InvalidAmount","__constructor,version,upgrade,admin,set_admin,add_ext_token,remove_ext_token,get_ext_tokens,create_offer,expire_offer,get_offer,accept_offer,close_offer,recipient",""
"1939cb97a2d5e0c55964e7b88bc76e20caadf7217b3ad2826d4d4b82bd41a00f",1,0.0007,"23.4.1#e671b396f8bacf1370925f722df158b31c0baae5","1.92.0","","","NotGovernor,NotGovernorOrGuardian,ZeroAddress,InvalidParam,NotSigned,NotAllowed,CampaignDurationBelowHour,CampaignRewardTokenNotWhitelisted,CampaignRewardTooLow,CampaignAlreadyExists,CampaignDoesNotExist,InvalidOverride,InvalidReallocation,OperatorNotAllowed,InvalidLengths,NotUpgradeable","upgrade,set_fees,get_message,set_message,get_campaign,recover_fees,__constructor,get_fee_rebate,campaign_lookup,create_campaign,get_distributor,create_campaigns,get_default_fees,get_message_hash,accept_conditions,get_campaign_list,get_fee_recipient,get_reward_tokens,override_campaign,set_campaign_fees,set_fee_recipient,get_campaign_count,get_user_signature,compute_campaign_id,extend_contract_ttl,get_creator_balance,set_new_distributor,set_user_fee_rebate,get_campaign_operator,get_campaign_override,get_creator_allowance,revoke_upgradeability,decrease_token_balance,increase_token_balance,get_valid_reward_tokens,decrease_token_allowance,increase_token_allowance,toggle_campaign_operator,toggle_signing_whitelist,get_campaign_reallocation,get_access_control_manager,get_campaign_specific_fees,get_reward_token_min_amount,reallocate_campaign_rewards,get_user_signature_whitelist,set_reward_token_min_amounts,get_valid_reward_tokens_paged,get_campaign_list_reallocation,get_upgradeability_deactivated,get_campaign_overrides_timestamp","FeesSet,NewCampaign,MessageUpdated,CampaignOverride,FeeRebateUpdated,DistributorUpdated,FeeRecipientUpdated,CampaignReallocation,CreatorBalanceUpdated,UpgradeabilityRevoked,CampaignOperatorToggled,CampaignSpecificFeesSet,CreatorAllowanceUpdated,RewardTokenMinAmountUpdated,UserSigningWhitelistToggled,AccessControlManagerUpdated,SetRoot,SetClaimed,Paused,Unpaused"
"1940845fdaacc6293ce1250b54b6b4e1f8c039af9c5f71e92e0960961c6b4264",1,0.0007,"27.0.6#60926a20d1f9f0a669d5fe551636f42a1302f0c0","1.98.0","","","NotInitialized,Unauthorized,ClaimNotFound,InvalidStatus,WalletBlacklisted,InvalidAmount,AlreadyExists","admin,version,treasury,get_claim,mark_paid,government,claim_count,cancel_claim,submit_claim,__constructor,approve_claim,blacklist_claim,government_reject,government_approve,submit_to_government,is_wallet_blacklisted,mark_treasury_reimbursed","ClaimSubmitted,WalletBlacklisted,ClaimStatusChanged"
"196c8249a203dcdc1fd4e7381472cb37a960adaf6d2f1c7a069b93f3bdea68a2",1,0.0007,"25.1.1#94c2a3b3a5ded6b9cf9cef0c207bf8804f3eb294","1.97.1","","","GuardFailed","swap_if",""
"196dab9448790a1de0500928a3df6f10e81a3bd0bd4fbacbed2215a1c0075165",0,0.0000,"25.3.1#e50d95af029c83196dd122f0154bac3f1302394b","1.93.0","","","NotInitialized,AlreadyRegistered,DomainExpired,NotOwner,InvalidName,InvalidDuration,InsufficientPayment,DomainNotFound,Unauthorized,SubdomainLimitReached,ProductionLocked,GracePeriodActive,NotExpired,MarketplaceNotSet,BelowFloorPrice,TooManyRecords,NftNotFound,NotApproved,ApprovalExpired,RegistrationsPaused","name,renew,symbol,approve,balance,resolve,upgrade,owner_of,register,transfer,get_price,set_admin,token_uri,early_exit,extend_ttl,gift_renew,initialize,set_status,fix_pricing,set_records,get_approved,get_token_id,is_available,nft_transfer,set_base_uri,total_minted,expire_domain,set_subdomain,transfer_from,get_node_count,approve_for_all,reverse_resolve,set_marketplace,set_ustry_token,get_pause_status,get_vault_shares,set_aquarius_pool,get_operator_wallet,is_approved_for_all,set_aquarius_router,set_operator_wallet,marketplace_transfer,get_domain_attributes,set_pause_registrations,set_aquarius_pool_contract","NftMintEvent,EarlyExitEvent,NftApproveEvent,NftTransferEvent,DomainExpiredEvent,DomainRenewedEvent,RecordUpdatedEvent,RegistryPauseEvent,StatusChangedEvent,DomainRegisteredEvent,NftApproveForAllEvent,DomainTransferredEvent,MarketplaceTransferEvent"
"19868df3653d427cafa1c30bdb6cec1ca5c8c815eeabab8a8bae6d83efb1fedd",1,0.0007,"21.7.3#1f8101942d52a6a93226df840876e6308808c0f4","1.81.0","","","NotFound,AlreadyExists,MissingContext,SignerExpired,FailedSignerLimits,FailedPolicySignerLimits,SignatureKeyValueMismatch,ClientDataJsonChallengeIncorrect,JsonParseError","add_signer,update_signer,remove_signer,update_contract_code,__check_auth",""
"19f62f37e57ba77c24e674428f1a232433c263f8076b55b5c88fa3642a471572",1,0.0007,"23.0.1#510d3feb724c2b01d7e7ab7652f03b9f8efc3f35","1.93.0-nightly","","","AlreadyInitialized,NotInitialized,Unauthorized,InvalidAmount,InsufficientBalance,InsufficientAllowance,MaxSupplyExceeded,InvalidBootstrapAdmin","burn,init,mint,name,admin,symbol,approve,balance,upgrade,decimals,transfer,allowance,set_admin,admin_burn,max_supply,set_governor,total_supply,mint_governed,transfer_from,last_wasm_hash,admin_burn_governed,bootstrap_admin_active,bootstrap_admin_expires_at,set_bootstrap_admin_expiry,clear_bootstrap_admin_expiry",""
"1a22a1b7b808cc3aaa195d6b847a43f45815521a7a618629f83d27947511958e",2,0.0014,"23.0.1#510d3feb724c2b01d7e7ab7652f03b9f8efc3f35","1.93.0-nightly","","","AlreadyInitialized,NotInitialized,OnlyAdmin,AmountZero,InvalidOut,UnsupportedAction,Unauthorized,InvalidBootstrapAdmin","init,router,execute,upgrade,set_admin,set_router,market_asset,set_governor,last_wasm_hash,set_market_asset,execute_with_asset,bootstrap_admin_active,bootstrap_admin_expires_at,set_bootstrap_admin_expiry,clear_bootstrap_admin_expiry",""
"1a4250d4922b6c25e67e2b8bf10c64f34f1841fccdb7c5b20f1d1aaa2557eb03",1,0.0007,"22.0.11#34f7f53ae31e0fd02aab436a9872e79fa671ca02","1.96.1","","","Unauthorized,FeedNotFound,FeedStale,CircuitBreakerTripped,NoValidFeeds,FeedDeviated,Unsupported","get_price,initialize,is_tripped,list_feeds,confirm_pause,register_feed,get_last_good_price,trip_circuit_breaker,override_with_new_feeds",""
"1a4405136adb4e7c10270baad11b7255829a71566784cbf88c132245ee05cfd1",1,0.0007,"25.3.1#e50d95af029c83196dd122f0154bac3f1302394b","1.93.0","","","NotInitialized,AlreadyRegistered,DomainExpired,NotOwner,InvalidName,InvalidDuration,InsufficientPayment,DomainNotFound,Unauthorized,SubdomainLimitReached,ProductionLocked,GracePeriodActive,NotExpired,MarketplaceNotSet,BelowFloorPrice,TooManyRecords,NftNotFound,NotApproved,ApprovalExpired,RegistrationsPaused,NeedsUpgrade,BlacklistedName,ReservedName","name,renew,symbol,approve,balance,resolve,upgrade,owner_of,register,transfer,get_price,set_admin,token_uri,early_exit,extend_ttl,gift_renew,initialize,set_status,fix_pricing,get_xld_sac,set_records,set_xld_sac,get_approved,get_token_id,is_available,set_base_uri,set_reserved,total_minted,__constructor,admin_reclaim,admin_restore,expire_domain,set_subdomain,transfer_from,get_node_count,set_avatar_nft,upgrade_domain,approve_for_all,reverse_resolve,set_blacklisted,set_marketplace,set_ustry_token,get_pause_status,get_vault_shares,transfer_by_node,get_domain_status,renew_from_router,set_aquarius_pool,set_deposit_router,set_reserved_batch,zap_public_deposit,admin_reclaim_batch,get_operator_wallet,is_approved_for_all,register_with_ustry,set_aquarius_router,set_operator_wallet,get_early_exit_quote,marketplace_transfer,register_from_router,get_domain_attributes,set_blacklisted_batch,set_pause_registrations,set_aquarius_pool_contract","NftMintEvent,EarlyExitEvent,NftApproveEvent,NftTransferEvent,DomainExpiredEvent,DomainRenewedEvent,RecordUpdatedEvent,RegistryPauseEvent,StatusChangedEvent,DomainRegisteredEvent,NftApproveForAllEvent,DomainTransferredEvent,MarketplaceTransferEvent"
"1a8c4b52764ce65315c5938593f9993d44b14e45776e33ef327794c3f493cf04",0,0.0000,"25.3.1#e50d95af029c83196dd122f0154bac3f1302394b","1.93.0","","","NotInitialized,AlreadyRegistered,DomainExpired,NotOwner,InvalidName,InvalidDuration,InsufficientPayment,DomainNotFound,Unauthorized,SubdomainLimitReached,ProductionLocked,GracePeriodActive,NotExpired,MarketplaceNotSet,BelowFloorPrice,TooManyRecords,NftNotFound,NotApproved,ApprovalExpired,RegistrationsPaused","name,renew,symbol,approve,balance,resolve,upgrade,owner_of,register,transfer,get_price,set_admin,token_uri,early_exit,extend_ttl,gift_renew,initialize,set_status,fix_pricing,set_records,get_approved,get_token_id,is_available,nft_transfer,set_base_uri,total_minted,expire_domain,set_subdomain,transfer_from,get_node_count,approve_for_all,reverse_resolve,set_marketplace,set_ustry_token,get_pause_status,get_vault_shares,set_aquarius_pool,get_operator_wallet,is_approved_for_all,set_aquarius_router,set_operator_wallet,marketplace_transfer,get_domain_attributes,set_pause_registrations,set_aquarius_pool_contract","NftMintEvent,EarlyExitEvent,NftApproveEvent,NftTransferEvent,DomainExpiredEvent,DomainRenewedEvent,RecordUpdatedEvent,RegistryPauseEvent,StatusChangedEvent,DomainRegisteredEvent,NftApproveForAllEvent,DomainTransferredEvent,MarketplaceTransferEvent"
"1a9cfd0c8b1bbb42109609979c820f2fd97c71acfedf4e683bffc6abe186a328",1,0.0007,"26.1.0#175aa41306f383057a8cdfc84b68d931664fc34e","1.96.0","","","NotOwner,NotKeeper,NotAdmin,Unauthorized,AlreadyDeployed,Paused,ZeroAmount,WeightsInvalid,EmptyAllocations,VaultNotWhitelisted,SwapRequired,UnexpectedSwap,InsufficientBalance,SlippageExceeded,DeadlineExceeded,SwapFailed,BadSwapPath,PositionNotFound,NothingToWithdraw,TooManyVaults,AdapterError,UnsupportedProtocol,Math,UnsupportedOutput,InactiveVault,FeeTooHigh,TreasuryUnset,BadNonce,NothingToSwap,NothingToDeposit","admin,keeper,router,set_admin,set_vault,fee_config,set_keeper,set_router,vault_info,__constructor,keeper_enabled,set_fee_config,set_keeper_enabled","Paused,Rescued,Upgraded,VaultSet,Deposited,IdleSwept,KeeperSet,RouterSet,Withdrawn,FeeConfigSet,RebalanceNoOp,WithdrawAllDone,KeeperEnabledSet,RebalanceSwapped,RebalanceToggled,StrategyDeployed,RebalanceDeposited,RebalanceWithdrawn"
"1ab5e135d3cfd6f15a13b0939c2c10cab1cea4243c78a9e19ec8a50c27043ef0",1,0.0007,"23.0.1#510d3feb724c2b01d7e7ab7652f03b9f8efc3f35","1.93.0-nightly","","","AlreadyInitialized,NotInitialized,Unauthorized,InvalidConfig,VaultNotRegistered,IncidentNotFound,IncidentAlreadyOpen,InvalidStatus,InvalidAmount,MissingTreasury,InvalidBootstrapAdmin","init,upgrade,governor,incident,treasury,set_admin,set_governor,set_treasury,covered_vault,last_wasm_hash,is_vault_frozen,reject_incident,approve_incident,execute_incident,next_incident_id,trigger_incident,set_risk_operator,bootstrap_admin_active,register_covered_vault,bootstrap_admin_expires_at,set_bootstrap_admin_expiry,clear_bootstrap_admin_expiry",""
"1aebf6dc9f05e01423ac011afb36dc87829cb2c34712f0f0dd4c98bbf3714c09",1,0.0007,"20.5.0#9e2c3022b4355b224a7a814e13ba51761eeb14bb","1.74.1","","","NotInitialized,Initialized,InvalidLaunchpadInfo,InvalidStage,NotWhitelisted,MaxPerAddressLimitExceeded,NotStarted,Started,InvalidNumTokens,SoldOut,AlreadyMinted,PendingClaimLimitExceeded,NotAuthorized,InvalidTokenId,Ended,MaxAdminMintsExceeded","initialize,mint,claim_tokens,claim_token,burn_remaining,update_admin,restart,get_launchpad_info,get_tokens_to_claim,get_total_minted,get_mint_list,version",""
"1aeca2da79c633f8cd9c329fa7cca8e25d81e3ddf49eb97c2c50c23ab391d395",1,0.0007,"22.0.11#34f7f53ae31e0fd02aab436a9872e79fa671ca02","1.98.0","","","AmountMustBePositive,InvalidDuration,DropNotFound,DropNotPending,DropExpired,InvalidSecret,DropNotExpired","get_drop,claim_drop,create_drop,refund_drop,get_drop_count",""
"1b3168b55aa844febfeab0ab56e3217bf0d309b63bbc750cd535b0cb7bf84bc4",2,0.0014,"21.7.7#5da789c50b18a4c2be53394138212fed56f0dfc4","1.81.0","","","AlreadyInitialized,NotInitialized,InvalidAmount,InvalidAddress,SwapFailed","initialize,get_expected_output,swap,get_config",""
"1b92162308b2d0a24cb86b4dbdf608d358a67ff4a8d5f11ebb7079ebcf6340bb",1,0.0007,"25.3.0#dcbea44513feb7734af6b6c4aced2c4a7a2715d0","1.95.0","github:AquaToken/soroban-amm","","Unauthorized,PathIsEmpty,OutMinNotSatisfied,InMaxNotSatisfied,FeeFractionTooHigh","claim_fees,get_router,swap_chained,__constructor,claim_fees_and_swap,get_fee_destination,get_max_swap_fee_fraction,swap_chained_strict_receive",""
"1ba283d867d6805948d63e643412a833e74fcb8b23c49167e97d3436a14ac830",1,0.0007,"26.1.0#175aa41306f383057a8cdfc84b68d931664fc34e","1.93.0","","","NotInitialized,AlreadyRegistered,DomainExpired,NotOwner,InvalidName,InvalidDuration,InsufficientPayment,DomainNotFound,Unauthorized,SubdomainLimitReached,ProductionLocked,GracePeriodActive,NotExpired,MarketplaceNotSet,BelowFloorPrice,TooManyRecords,NftNotFound,NotApproved,ApprovalExpired,RegistrationsPaused,NeedsUpgrade,BlacklistedName,ReservedName","name,renew,symbol,approve,balance,resolve,upgrade,owner_of,register,transfer,get_price,set_admin,token_uri,early_exit,extend_ttl,gift_renew,initialize,set_status,fix_pricing,get_xld_sac,set_records,set_xld_sac,get_approved,get_token_id,is_available,set_base_uri,set_reserved,total_minted,__constructor,admin_reclaim,admin_restore,expire_domain,set_subdomain,transfer_from,get_node_count,set_avatar_nft,upgrade_domain,approve_for_all,get_price_split,reverse_resolve,set_blacklisted,set_marketplace,set_ustry_token,get_pause_status,get_vault_shares,transfer_by_node,get_domain_status,renew_from_router,set_aquarius_pool,set_deposit_router,set_reserved_batch,zap_public_deposit,admin_reclaim_batch,get_operator_wallet,is_approved_for_all,register_with_ustry,set_aquarius_router,set_operator_wallet,get_early_exit_quote,marketplace_transfer,register_from_router,get_domain_attributes,set_blacklisted_batch,set_pause_registrations,set_aquarius_pool_contract","NftMintEvent,EarlyExitEvent,NftApproveEvent,NftTransferEvent,DomainExpiredEvent,DomainRenewedEvent,RecordUpdatedEvent,RegistryPauseEvent,StatusChangedEvent,DomainRegisteredEvent,NftApproveForAllEvent,DomainTransferredEvent,MarketplaceTransferEvent"
"1c00a45fe5d6c28368a76597d33301a96aa714f8bce25a21717f46ee4ac864c2",3,0.0020,"22.0.8#f46e9e0610213bbb72285566f9dd960ff96d03d8","1.88.0","","","ContractInitialized,ContractNotInitialized,NonExistentUser,ContractPaused,UserInsufficientBalance,ContractInsufficientBalance,UserFundsAreLocked,ClaimRewardsIntervalNotReached,AmountCannotBeNegative,OnlyAdminCanCall,InvalidLockTime,LockTimeCanOnlyBeSetOnZeroBalance,AdminCannotBeSame","__constructor,set_admin_a,set_admin_b,pause,unpause,add_simulated_revenue,set_default_lock_time,set_platform_fee_rate,set_reward_rate,transfer_funds,deposit,withdraw,calculate_rewards,claim_rewards,set_user_lock_time,reward_rate,total_revenue,is_paused,user,balance,total_claimed_rewards,total_deposits,default_lock_time,platform_fee_rate,user_lock_time",""
"1c04217af84d8ad799e1b460d1c456bcc4a9d26d9328031b1757c321bd5928d8",1,0.0007,"20.5.0#9e2c3022b4355b224a7a814e13ba51761eeb14bb","1.76.0-nightly","","","NotInitialized,Initialized,NotAuthorized,ZeroMinPrice,ZeroMaxPrice,MinPriceGreaterMax,ZeroMaxSupply,MaxSupplyTooBig,MaxPriceTooBig,LaunchNotFound,LaunchInProgress,LaunchEnded,PriceChanged,InsufficientBalance,LaunchSoldOut,LaunchFundsClaimed,InvalidMissionDifficulty,ExasiveFunding,MissionRewardChanged,MissionRewardZero","initialize,change_contract_info,upgrade,claim,start_space_mission,add_space_missions_reward,new_launch,cancel_launch,buy,sell,claim_launch_funds,claim_launch_balance,calculate_buy,calculate_sell,get_launch_data,get_contract_info,get_launch_balance,version",""
"1c19fb30f162b66767dba55be3a3aad49bd70f305995322545f0fc11d60d6127",1,0.0007,"22.0.11#34f7f53ae31e0fd02aab436a9872e79fa671ca02","1.95.0","","","DealNotFound,Unauthorized,InvalidAmount,AlreadySubmitted,NotSubmitted","get_deal,get_count,create_deal,submit_work,release_payment",""
"1c1c79b36912a5b393212750198ec240934475e82fde5ce383d193924e78e193",0,0.0000,"25.3.1#e50d95af029c83196dd122f0154bac3f1302394b","1.93.0","","","NotInitialized,AlreadyRegistered,DomainExpired,NotOwner,InvalidName,InvalidDuration,InsufficientPayment,DomainNotFound,Unauthorized,SubdomainLimitReached,ProductionLocked,GracePeriodActive,NotExpired,MarketplaceNotSet,BelowFloorPrice,TooManyRecords,NftNotFound,NotApproved,ApprovalExpired,RegistrationsPaused","name,renew,symbol,approve,balance,resolve,upgrade,owner_of,register,transfer,get_price,set_admin,token_uri,early_exit,extend_ttl,gift_renew,initialize,set_status,fix_pricing,set_records,get_approved,get_token_id,is_available,nft_transfer,set_base_uri,total_minted,expire_domain,set_subdomain,transfer_from,get_node_count,approve_for_all,reverse_resolve,set_marketplace,set_ustry_token,get_pause_status,get_vault_shares,set_aquarius_pool,get_operator_wallet,is_approved_for_all,set_aquarius_router,set_operator_wallet,marketplace_transfer,get_domain_attributes,set_pause_registrations,set_aquarius_pool_contract","NftMintEvent,EarlyExitEvent,NftApproveEvent,NftTransferEvent,DomainExpiredEvent,DomainRenewedEvent,RecordUpdatedEvent,RegistryPauseEvent,StatusChangedEvent,DomainRegisteredEvent,NftApproveForAllEvent,DomainTransferredEvent,MarketplaceTransferEvent"
"1c421be813a7fdc1e0ed4d3d3fba086d51d341a30d4f76dc15d4bf0736894d1c",0,0.0000,"26.1.0#175aa41306f383057a8cdfc84b68d931664fc34e","1.93.0","","","NotAuthorized,Paused,DeadlineExpired,IntentAlreadyExecuted,InsufficientBalance,InvalidAdmin","execute,upgrade,initialize,set_paused,set_swap_router,set_fee_collector,set_deposit_router,add_authorized_caller,set_marketplace_router,remove_authorized_caller",""
"1c64fa2c9e2db303fb14cc8fa9aa7f6d0d326633b90f87b5bc4a1e76704e2741",2,0.0014,"25.3.0#dcbea44513feb7734af6b6c4aced2c4a7a2715d0","1.95.0","github:AquaToken/soroban-amm","","AnotherActionActive,NoActionActive,ActionNotReadyYet","swap,claim,deposit,version,get_info,get_pool,share_id,withdraw,get_plane,get_pools,pool_type,get_tokens,init_admin,remove_pool,get_reserves,swap_chained,apply_upgrade,contract_name,estimate_swap,get_liquidity,set_pool_hash,commit_upgrade,fill_liquidity,revert_upgrade,set_token_hash,get_user_reward,set_pools_plane,get_rewards_info,get_total_shares,set_reward_token,get_emergency_mode,get_future_address,get_rewards_config,init_standard_pool,set_emergency_mode,config_pool_rewards,get_total_liquidity,init_config_storage,get_privileged_addrs,init_stableswap_pool,set_privileged_addrs,config_global_rewards,get_tokens_for_reward,get_tokens_sets_count,init_concentrated_pool,set_rewards_gauge_hash,pool_gauge_switch_token,set_reward_boost_config,apply_transfer_ownership,get_liquidity_calculator,get_total_claimed_reward,pool_gauge_token_enabled,set_liquidity_calculator,set_stableswap_pool_hash,commit_transfer_ownership,get_protocol_fee_fraction,revert_transfer_ownership,set_protocol_fee_fraction,get_pools_for_tokens_range,pool_gauge_schedule_reward,set_concentrated_pool_hash,configure_init_pool_payment,get_init_pool_payment_token,get_total_configured_reward,pool_gauge_get_min_duration,swap_chained_strict_receive,get_conc_pool_payment_amount,get_total_accumulated_reward,get_total_outstanding_reward,distribute_outstanding_reward,get_init_pool_payment_address,get_stable_pool_payment_amount,pool_gauge_get_min_daily_amount,get_standard_pool_payment_amount,pool_gauge_set_reward_thresholds",""
"1cabf623f629c1687fb075706c1fa92a586fc04fdf9ee5b2297b00799d0100b1",1,0.0007,"26.1.0#175aa41306f383057a8cdfc84b68d931664fc34e","1.96.0","","","NegativeAmount,MarginExceedsBorrow,AggregatorNotSet,FlashCallbackUnauthorized,FlashReceiverNotSet,InvalidEquityAsset","debt,admin,owner,repay,config,health,upgrade,snapshot,set_admin,aggregator,collateral,get_version,__constructor,open_position,subaccount_of,flash_receiver,open_leveraged,set_aggregator,set_account_wasm,upgrade_position,supply_and_borrow,supports_leverage,position_custodian,set_flash_receiver,withdraw_collateral,upgrade_flash_receiver",""
"1cdc5cb8a4407e27c1a5286a7b55d849b08ba341fe4a6c01e65f1c9cc3e19556",1,0.0007,"25.3.1#e50d95af029c83196dd122f0154bac3f1302394b","1.93.0","","","NotInitialized,Unauthorized,NotOwner,AlreadyListed,NotListed,BelowFloorPrice,ListingExpired,SelfTrade,ProposalExpired,InvalidSignature,ProductionDomain","buy,list,cancel,upgrade,get_offer,set_admin,extend_ttl,initialize,make_offer,get_listing,accept_offer,total_volume,__constructor,accept_private_trade","OfferMadeEvent,DomainSoldEvent,DomainListedEvent,PrivateTradeEvent,OfferAcceptedEvent,ListingCancelledEvent"
"1cf9922bcbc2bc80d22b0b7935b9a01311a05570e0897c10d8becfaa90c0c829",0,0.0000,"25.1.0#86c50a1ea4f87b40add3064ff9df95c7553565c5","1.92.0","","","InsufficientProfit,SlippageExceeded,BadSwapOp,BadCallData,BalanceError,ReserveNotFound","claim,upgrade,get_owner,set_owner,__constructor,fill_bad_debt,fill_interest,fill_liquidation",""
"1cfa6745881012285b11bbc9f246c4752d4db22ae3fcf12c488fef625b993124",1,0.0007,"26.0.1#f52b6aad85f18c5e312ff3f60e57cb613274e6bb","1.95.0","","","InvalidPrice,InvalidAmount,InsufficientInventory,NotInitialized,BuybackClosed,InsufficientBuybackFunds,InvalidFee","buy,sell,admin,price,quote,fee_bps,treasury,available,set_price,auto_allow,quote_sell,pay_balance,set_fee_bps,set_treasury,withdraw_pay,__constructor,buyback_price,withdraw_tres,buyback_available,set_buyback_price",""
"1d704331dda9871c03acd8b33cc27ea846e723d661fc27126b7e88e7fb924888",1,0.0007,"21.4.0#d6f5639f643d76e758beecbb0ca391f8cd304c24","1.79.0","","","AlreadyInitialized,Uninitialized,Paused,BellowMinValue,ExceededMaxValue,GracePeriod,NoActiveReserve,ReservesMaxCapacityExceeded,NoPriceForAsset,InvalidAssetPrice,LiquidationOrderMustBeUnique,NotFungible,NotEnoughAvailableUserBalance,DebtError,BorrowingDisabled,GoodPosition,InvalidAmount,ValidateBorrowMathError,CalcAccountDataMathError,LiquidateMathError,MustNotBeInCollateralAsset,FlashLoanReceiverError,MathOverflowError,MustBeLtePercentageFactor,MustBeLtPercentageFactor,MustBeGtPercentageFactor,MustBeNonNegative,AccruedRateMathError,CollateralCoeffMathError,DebtCoeffMathError","initialize,upgrade,upgrade_token,version,init_reserve,set_reserve_status,enable_borrowing_on_reserve,configure_as_collateral,get_reserve,collat_coeff,debt_coeff,set_pool_configuration,pool_configuration,set_price_feeds,price_feeds,deposit,repay,finalize_transfer,withdraw,borrow,set_pause,pause_info,account_position,liquidate,set_as_collateral,user_configuration,token_balance,token_total_supply,flash_loan,twap_median_price,protocol_fee,claim_protocol_fee",""
"1d728cc08869f01b7c8c994f91d505e3576a150a072b96f8d3401c5ef2b430d2",24,0.0164,"25.3.0#dcbea44513feb7734af6b6c4aced2c4a7a2715d0","1.95.0","github:AquaToken/soroban-amm","","AnotherActionActive,NoActionActive,ActionNotReadyYet","get_tick,get_slot0,get_position,get_tick_bounds,get_ticks_batch,deposit_position,get_chunk_bitmap,get_tick_spacing,get_position_fees,tick_from_amounts,withdraw_position,claim_position_fees,get_active_liquidity,get_all_position_fees,get_chunk_bitmap_batch,claim_all_position_fees,get_total_raw_liquidity,estimate_deposit_position,estimate_withdraw_position,get_user_position_snapshot,get_fee_growth_global_0_x128,get_fee_growth_global_1_x128,get_total_weighted_liquidity,version,apply_upgrade,contract_name,commit_upgrade,revert_upgrade,get_emergency_mode,set_emergency_mode,claim,get_user_reward,get_rewards_info,get_rewards_state,get_unused_reward,set_rewards_state,set_rewards_config,return_unused_reward,admin_set_rewards_state,initialize_boost_config,set_reward_boost_config,estimate_working_balance,get_total_claimed_reward,initialize_rewards_config,get_total_configured_reward,get_total_accumulated_reward,adjust_total_accumulated_reward,get_future_address,apply_transfer_ownership,commit_transfer_ownership,revert_transfer_ownership,gauge_add,get_gauges,gauge_remove,gauges_claim,kill_gauges_claim,unkill_gauges_claim,gauge_schedule_reward,gauges_get_reward_info,swap,deposit,get_info,share_id,withdraw,pool_type,get_tokens,initialize,get_reserves,estimate_swap,get_user_shares,estimate_deposit,get_fee_fraction,get_total_shares,swap_strict_receive,get_protocol_fee_fraction,get_total_excluded_shares,estimate_swap_strict_receive,kill_swap,kill_claim,unkill_swap,kill_deposit,unkill_claim,unkill_deposit,get_protocol_fees,get_is_killed_swap,claim_protocol_fees,get_is_killed_claim,get_privileged_addrs,set_privileged_addrs,get_is_killed_deposit,set_protocol_fee_fraction,get_pools_plane,set_pools_plane,init_pools_plane,backfill_plane_data,initialize_all","ClaimFees"
"1d8919f2642d827423062c357cfd7e10543ffa5981e17eb42a7abd16f67067f1",1,0.0007,"26.1.0#175aa41306f383057a8cdfc84b68d931664fc34e","1.93.0","","","NotInitialized,AlreadyRegistered,DomainExpired,NotOwner,InvalidName,InvalidDuration,InsufficientPayment,DomainNotFound,Unauthorized,SubdomainLimitReached,ProductionLocked,GracePeriodActive,NotExpired,MarketplaceNotSet,BelowFloorPrice,TooManyRecords,NftNotFound,NotApproved,ApprovalExpired,RegistrationsPaused,NeedsUpgrade,BlacklistedName,ReservedName,ActiveHostingTransferBlocked","name,renew,symbol,approve,balance,resolve,upgrade,owner_of,register,transfer,get_price,set_admin,token_uri,early_exit,extend_ttl,gift_renew,initialize,set_status,fix_pricing,get_xld_sac,set_records,set_xld_sac,get_approved,get_token_id,is_available,set_base_uri,set_reserved,total_minted,__constructor,admin_reclaim,admin_restore,expire_domain,set_subdomain,transfer_from,get_node_count,set_avatar_nft,set_signer_key,upgrade_domain,approve_for_all,get_price_split,reverse_resolve,set_blacklisted,set_marketplace,set_ustry_token,get_pause_status,get_vault_shares,transfer_by_node,get_domain_status,renew_from_router,set_aquarius_pool,set_deposit_router,set_reserved_batch,zap_public_deposit,admin_reclaim_batch,get_operator_wallet,is_approved_for_all,register_with_ustry,set_aquarius_router,set_operator_wallet,get_early_exit_quote,marketplace_transfer,register_from_router,get_domain_attributes,set_blacklisted_batch,set_pause_registrations,set_aquarius_pool_contract","NftMintEvent,EarlyExitEvent,NftApproveEvent,NftTransferEvent,DomainExpiredEvent,DomainRenewedEvent,RecordUpdatedEvent,RegistryPauseEvent,StatusChangedEvent,DomainRegisteredEvent,NftApproveForAllEvent,DomainTransferredEvent,MarketplaceTransferEvent"
"1dbda19a2c9962cf798b62557f7c6388a3ea3c7c506ddb7aafbd549843510c6b",1,0.0007,"26.0.0#e1bf74ba6c3ddb591593f5eb5dfb85458ff714c1","1.95.0","","","NotFound,NotActive,PeriodNotElapsed,MaxPeriodsReached,Expired,Unauthorized,InvalidConfig","get,pause,cancel,charge,create,resume,mark_expired",""
"1ec028841a758c58be0ec7303c106dcabd50d2a54867911e632a9b6fb01a89ac",2,0.0014,"27.0.0#e5cb4b52c3da8e56fc48adfd7b85d85976c1a059","1.93.0","","","NotInitialized,AlreadyInitialized,NotAdmin,NotController,NoPlan,NoProfit,TokenMismatch,BadCycle","run,run_fl,exec_op,set_plan,withdraw,get_admin,__constructor",""
"1f22904bf0edb5b75e4ac7e2358f19a1d7e42f2b0a56b0e0730b17ea5a95dab2",1,0.0007,"26.0.0#e1bf74ba6c3ddb591593f5eb5dfb85458ff714c1","1.96.0","","","AlreadyInit,NotInit,TreeFull,ProofInvalid,ReserveShortfall,NullifierUsed,NotAdmin,UnknownRoot,BadExtData,NfEqual","init,root,set_vk,deposit,reserve,root_of,transact,test_commit,is_known_root,nullifier_used",""
"1f3ff9e2e1dde06da0cb99f28dca461e6ddc89c2811f78b6c1c555744e70ee11",1,0.0007,"23.1.0#7456be9d91fe1f4cb070fc2732bac78244ce6c3f","1.91.1","","","GameNotFound,NotPlayer,AlreadyGuessed,BothPlayersNotGuessed,GameAlreadyEnded","upgrade,get_game,get_admin,set_admin,make_guess,start_game,__constructor,reveal_winner,get_blendizzard,set_blendizzard",""
"1f74bc5f2a9b0008b833675039b63d3194d89b1a66972a991941b28ff02dee7f",1,0.0007,"23.1.0#7456be9d91fe1f4cb070fc2732bac78244ce6c3f","1.90.0","","","InvalidInput,AccessControlUnauthorized,OperationProcessed,DeadlinePassed,LowDepositAmount,InvalidOutput","__constructor,has_role,grant_role,revoke_role,renounce_role,deposit_approver,relayer,fee_settings,integrator_info,instance_ttl_settings,persistent_ttl_settings,set_deposit_approver,set_relayer,set_fee_settings,set_integrator_info,set_instance_ttl_settings,set_persistent_ttl_settings,deposit,withdraw,swap,extend_instance_ttl,extend_persistent_ttl,upgrade,calculate_fee_amounts","RoleGranted,RoleRevoked,FeeSettingsSet,IntegratorInfoSet,Deposit,Withdraw,Swap,FeeTaken"
"1f810c1722d2ce1d1e87733629fcfe6fed2ebd20510256e55c879c25eb4bdec1",1,0.0007,"21.7.7#5da789c50b18a4c2be53394138212fed56f0dfc4","1.91.0-nightly","","","NotInitialized,AlreadyInitialized,Unauthorized,InvalidAmount,SwapFailed","initialize,set_router,get_router,register_pool,execute_swap,get_quote",""
"202079983fe1fdfea29ef9aa08f38f3f349cb0e30fcbf993a5b4ca4dd33179e4",1,0.0007,"22.0.7#211569aa49c8d896877dfca1f2eb4fe9071121c8","1.95.0","","","NotAdmin,AdminCannotBeZero,FeeAccountCannotBeZero,SameFeeAccount,OnlyOwner,Unauthorized,BountyNotFound,InactiveBounty,BountyDeadlinePassed,JudgingDeadlinePassed,BountyHasSubmissions,CannotSelectWinnersBeforeSubmissionDeadline,JudgingDeadlineMustBeAfterSubmissionDeadline,NotEnoughWinners,DistributionMustSumTo100,InvalidDeadlineUpdate,SubmissionNotFound,ProjectNotFound,InvalidProjectType,ProjectNotActive,InvalidMilestones,MilestoneNotFound,MilestoneAlreadyPaid,InsufficientEscrow,InvalidReward,InvalidAmount,DeadlinePassed,InternalError,HackathonNotFound,HackathonNotActive,HackathonDeadlinePassed,InvalidPrizePool,HackathonNotCompleted,InvalidPosition,AllPositionsNotFilled","get_bounty,get_project,close_bounty,get_bounties,get_projects,update_admin,check_judging,create_bounty,delete_bounty,get_hackathon,update_bounty,__constructor,get_hackathons,get_submission,select_winners,apply_to_bounty,cancel_hackathon,create_hackathon,update_hackathon,get_bounty_status,get_user_bounties,update_submission,cancel_project_gig,create_project_gig,create_project_job,get_bounties_count,get_bounty_winners,get_owner_bounties,get_owner_projects,update_fee_account,update_project_gig,update_project_job,get_active_bounties,get_hackathons_count,get_hackathon_status,get_bounties_by_token,get_bounty_applicants,get_bounties_by_status,get_bounty_submissions,get_projects_by_status,get_user_bounties_count,get_hackathons_by_status,get_owner_bounties_count,release_milestone_payment,distribute_hackathon_prizes,get_bounties_by_token_count,get_bounties_by_status_count",""
"2039ace493866a8359e2114fc8be8dc9dba3fd7267690682c2aebe9b5a98b5c9",1,0.0007,"27.0.3#f8f32f0d0771f252377a21753a95ae0bde941ce6","1.92.0","","","InvalidFillPercent,InsufficientProfit,SlippageExceeded,BadCallData,ReserveNotFound","claim,upgrade,get_owner,set_owner,__constructor,fill_bad_debt,fill_interest,fill_liquidation,create_liquidation",""
"203a50c016e940ec4a76aff00719b97afaa14b7aa335c046469dfd1feb5cadb4",3,0.0020,"27.0.5#ea54f95d3f2f49e0487b29fd1a9f469638f09aba","1.96.0","","","InvalidProof,InvalidMerkleRoot,InvalidRecipient,InvalidPubkey,AlreadyClaimed,EpochLocked,Unauthorized,InvalidPublicInputs,InvalidAmount,NotInitialized,MerkleRootAlreadySet,InvalidAudience,JwtExpired,TokenTransferMismatch,TooManyCommitments,NotYetReclaimable,NothingToReclaim,InvalidDeadline,PendingOwnerNotSet,ReclaimNotPending,ReclaimNotReady","name,claim,owner,token,deposit,summary,verifier,is_claimed,keep_alive,description,merkle_root,jwk_registry,metadata_cid,recipient_id,reclaim_info,__constructor,audience_hash,pending_owner,propose_owner,claim_deadline,execute_reclaim,pending_reclaim,set_merkle_root,accept_ownership,claimed_statuses,initiate_reclaim,cancel_ownership_transfer","Claimed,Deposited,Reclaimed,MerkleRootSet,OwnerProposed,ReclaimInitiated,OwnershipTransferred"
"205c2ed7c3f3bf56d365d2f25313c4d0579c39cf61420c6f292d6122f142f935",1,0.0007,"27.0.2#45d378a6cb4a026d23fc7286b6ee3add9c9dd0b9","1.97.1","","","AlreadyInitialized,NotInitialized,Unauthorized,EscrowExists,EscrowNotFound,InvalidParty,InvalidAsset,InvalidAmount,InvalidDeadline,InvalidStatus,DeadlineNotReached","fund,ship,admin,cancel,refund,release,set_admin,get_escrow,initialize,create_escrow","EscrowFunded,EscrowCreated,EscrowShipped,EscrowRefunded,EscrowReleased,EscrowCancelled,EscrowInitialized,EscrowAdminChanged"
"2080d6f0e1a64812f1f7965f72052955a33d45a9f533fe7200f560b995d9f9dd",0,0.0000,"21.6.0#f57d2454e520ae11dc9c8d55db610557a24a556e","1.80.0","","","AnotherActionActive,NoActionActive,ActionNotReadyYet","init_admin,version,commit_upgrade,apply_upgrade,revert_upgrade,set_emergency_mode,get_emergency_mode,commit_transfer_ownership,apply_transfer_ownership,revert_transfer_ownership,get_future_address",""
"2093072112c02305521c7410edbb8f0c46455b0c34b736341bb34f9a75bc1e7c",1,0.0007,"23.5.3#d3e1ab2424388b10893b796b0c8e405c5edd03d2","1.95.0","","","NotInitialized,InvalidAmount,DuplicateReceipt,DuplicateRedemption,InvalidSacAdmin,InvalidIssuerAddress,DuplicateInterestCredit,InvalidAmountPrecision","get_sac,upgrade,version,clawback,__constructor,mint_interest,set_sac_admin,mint_with_receipt,burn_with_redemption","Clawback,Initialized,SacAdminSet,MintInterest,MintWithReceipt,BurnWithRedemption,RoleGranted,RoleRevoked,AdminRenounced,RoleAdminChanged,AdminTransferCompleted,AdminTransferInitiated,OwnershipTransfer,OwnershipRenounced,OwnershipTransferCompleted"
"20cc19bb76c164bba8280713a9abaeb4d0d37b05bb81a8c6aba4e682160f6d15",1,0.0007,"22.0.11#34f7f53ae31e0fd02aab436a9872e79fa671ca02","1.94.0","","","NonPositiveAmount,UnsupportedToken,WithdrawAmountMismatch","withdraw_and_transfer",""
"20d4ef0627ca8234b4d39649d5df3b93ad5cafbfca7cde4c7ce4b2ecefd56c2f",1,0.0007,"22.0.11#34f7f53ae31e0fd02aab436a9872e79fa671ca02","1.96.1","","","NotInitialized,AlreadyInitialized,Unauthorized,InsufficientStake,AlreadyInCircle,CircleNotFound,CircleFull,CircleNotActive,NotInCircle,AlreadyHasActiveLoan,AmountExceedsLimit,LoanNotFound,LoanAlreadyApproved,LoanNotApproved,LoanAlreadyDisbursed,LoanNotDisbursed,LoanAlreadyRepaid,NotBorrower,InsufficientBalance,AccountFrozen,InvalidAmount,InvalidPurpose,InvalidName,LoanNotOverdue,InvalidLoanDuration,CannotLeaveWithActiveLoan,LoanAlreadyDefaulted","withdraw,get_admin,initialize,repay_loan,join_circle,approve_loan,is_demo_mode,leave_circle,request_loan,create_circle,set_demo_mode,get_loan_count,get_user_loans,get_user_stats,get_trust_score,is_loan_overdue,get_circle_count,get_loan_details,penalize_default,unfreeze_account,deposit_liquidity,get_interest_rate,get_circle_details,get_max_loan_amount,get_contract_balance,set_demo_loan_duration,get_circle_average_score",""
"20d6ffa6882804256ee8ffc2447f62d633e29d6aef4312bcc40b1f495790cfa8",1,0.0007,"26.1.0#175aa41306f383057a8cdfc84b68d931664fc34e","1.96.0","","","InvalidAmount,InvalidUnlockTime,SavingsNotFound,StillLocked,AlreadyWithdrawn,MaxSavingsReached","lock,get_goal,withdraw,get_count,is_unlocked",""
"21467e8a5dfbfd2ccccf5d60473eb9f6d51b8f4b29f98e42034b770701165f0d",1,0.0007,"27.0.1#19a2d480fffa003e739db7cbee0249111dbfd05c","1.93.1","","","AlreadyInitialized,MissingAdmin,MissingAccountWasmHash,InvalidOwnerKey,InvalidWasmHash,MissingAuthVk,InvalidAuthVkLength,InvalidOwnerCommitment","admin,auth_vk,upgrade,set_admin,set_auth_vk,__constructor,upgrade_child,deploy_lockb0x,account_wasm_hash,set_account_wasm_hash,predict_lockb0x_address","AccountDeployed,FactoryInitialized,FactoryAdminUpdated,FactoryAuthVkUpdated,AccountWasmHashUpdated"
"21bb16f7ca1693407300562436dc0468a5405af63b9a24a2ced04d4a888c2bcb",1,0.0007,"26.1.1#8ac18efb681a1c0b4b85a38c5a380300344e3f39","1.93.0","","","NotInitialized,Unauthorized,AuctionNotFound,AuctionEnded,AuctionActive,CommitmentExists,InvalidReveal,BelowReserve,NotCommitted,AlreadyRevealed,RevealPeriodActive,NoWinner,ZeroAmount","settle,upgrade,set_admin,commit_bid,extend_ttl,initialize,reveal_bid,get_auction,__constructor,set_xld_token,create_auction,get_commitment,set_vault_contract,settle_from_router,set_operator_wallet,set_registry_contract","BidRevealedEvent,BidCommittedEvent,AuctionCreatedEvent,AuctionSettledEvent"
"21d2c897a107ff620a561be90366c8f998e716609223bf87788e23b3766f773c",0,0.0000,"25.3.1#e50d95af029c83196dd122f0154bac3f1302394b","1.93.0","","","NotInitialized,AlreadyRegistered,DomainExpired,NotOwner,InvalidName,InvalidDuration,InsufficientPayment,DomainNotFound,Unauthorized,SubdomainLimitReached,ProductionLocked,GracePeriodActive,NotExpired,MarketplaceNotSet,BelowFloorPrice,TooManyRecords,NftNotFound,NotApproved,ApprovalExpired","name,renew,symbol,approve,balance,resolve,upgrade,owner_of,register,transfer,get_price,set_admin,token_uri,early_exit,extend_ttl,initialize,set_status,fix_pricing,set_records,get_approved,get_token_id,is_available,nft_transfer,set_base_uri,expire_domain,set_subdomain,transfer_from,get_node_count,approve_for_all,reverse_resolve,set_marketplace,get_vault_shares,is_approved_for_all,marketplace_transfer","NftMintEvent,EarlyExitEvent,NftApproveEvent,NftTransferEvent,DomainExpiredEvent,DomainRenewedEvent,RecordUpdatedEvent,StatusChangedEvent,DomainRegisteredEvent,NftApproveForAllEvent,DomainTransferredEvent,MarketplaceTransferEvent"
"21e8c3b8e57111090f11a537494e233a4db67afc07d9b1300b0ab0c2ca24532d",0,0.0000,"21.7.6#c6cca8f8cf75618c24ceb5d9ffdfe735486ae1e9","1.76.0-nightly","","","NotInitialized,Initialized,TokenLockNotExist,TokenLockKeyExist,TokenLockInProgress,TokenVestingNotExist,TokenVestingKeyExist,SPInvalidShareAmount,SPInsufficientBalance,SPInvalidLockPeriod,StakingCampaignInvalid,StakingCampaignNotExist,StakingCampaignKeyExist,StakingCampaignMaxTiersLimit,StakingCampaignPaidTierRequired,StakingCampaignInvalidTier,StakingCampaignInvalidUpdateInterval,StakingCampaignNotStarted,StakingCampaignEnded,StakingCampaignActive,StakingCampaignInvalidReferralData,StakingDataInvalid,StakingDataNotExist,StakingDataExist,StakingDataMaxTierUnlockLimit,StakingDataMaxPriceLimit,StakingDataMinStakeLimit,StakingDataInvalidUnstakeAmount,AirdropCampaignInvalid,AirdropCampaignNotExist,AirdropCampaignKeyExist,AirdropCampaignNotStarted,AirdropCampaignEnded,AirdropCampaignActive","initialize,upgrade,version,get_user,unlock_tokens,claim_vested,sp_stake,sp_unstake,sp_lock_shares,staking_new_campaign,staking_change_tier_price,staking_unlock_tier,staking_extend_tier,staking_stake,staking_unstake,staking_claim,staking_claim_remaining_rewards,staking_get_campaign,airdrop_new_campaign,airdrop_participate,airdrop_claim,airdrop_get_campaign,remove_lock",""
"21f41ca029d3a3de8ac0cbc3968a38dd16b0a26d9a4cc2a8680918017d1a447b",1,0.0007,"23.0.1#510d3feb724c2b01d7e7ab7652f03b9f8efc3f35","1.93.0-nightly","","","NotInitialized,AlreadyInitialized,OnlyManager,AmountZero,AssetNotWhitelisted,SharesZero,InsufficientUserShares,InsufficientShares,RouterNotSet,InvalidFeeBps,UnauthorizedPolicy,InsufficientLiquidity,InvalidBlendPosition,BlendAssetMismatch,InvalidBlendRiskPolicy,BlendOracleStale,BlendHealthFactorTooLow,BlendNavUnavailable,BlendOracleInvalid,CreditMarketNotConfigured,CreditActionNotAllowed,InvalidProtocolFeeBps,InvalidSwapRiskPolicy,SwapVenueNotAllowed,SwapTradeSizeExceeded,SwapOracleNotConfigured,SwapOracleStale,SwapOracleInvalid,SwapPriceImpactExceeded,SwapSlippageExceeded,SwapTwapDeviationExceeded,InvalidBootstrapAdmin,CreditBorrowPolicyNotConfigured,CreditBorrowLimitExceeded,InvalidCreditBorrowPolicy,BlendV2RiskSourceNotConfigured,BlendV2PoolNotVerified","nav,fees,init,redeem,router,deposit,manager,upgrade,governor,set_fees,fee_state,rebalance,shares_of,whitelist,blend_lend,set_router,blend_repay,settle_fees,set_manager,share_token,swap_oracle,blend_borrow,credit_repay,denomination,set_governor,blend_markets,credit_borrow,credit_supply,set_whitelist,blend_position,blend_withdraw,credit_markets,last_wasm_hash,liquid_balance,rebalance_auto,venue_registry,allowed_routers,blend_positions,bootstrap_admin,credit_position,credit_withdraw,set_share_token,set_swap_oracle,allowed_adapters,credit_positions,credit_protocols,swap_risk_policy,blend_risk_policy,protocol_treasury,blend_market_value,credit_risk_policy,set_allowed_venues,set_venue_registry,blend_health_factor,blend_market_assets,blend_market_status,credit_market_value,protocol_fee_policy,set_bootstrap_admin,blend_position_value,blend_v2_risk_source,clear_venue_registry,credit_borrow_policy,credit_health_factor,credit_market_assets,credit_market_config,credit_market_status,set_swap_risk_policy,blend_position_values,clear_bootstrap_admin,credit_market_configs,credit_position_value,set_blend_risk_policy,bootstrap_admin_active,credit_position_values,preview_fee_settlement,configure_credit_market,set_protocol_fee_policy,set_blend_v2_risk_source,set_credit_borrow_policy,blend_external_diagnostics,bootstrap_admin_expires_at,set_bootstrap_admin_expiry,set_blend_external_diagnostics",""
"222ac2d82f6b9fb26cdabb73a2fae473ea47954a9d191d17ed7fdd0af588aef1",1,0.0007,"23.4.1#e671b396f8bacf1370925f722df158b31c0baae5","1.94.0","","","AlreadyInitialized,Unauthorized,QuestNotFound,QuestAlreadyCompleted,QuestExpired,QuestNotActive,InvalidQuestParams,ReputationContractNotSet","has_role,get_admin,get_quest,grant_role,revoke_role,create_quest,__constructor,renounce_role,get_role_admin,renounce_admin,set_role_admin,get_role_member,update_progress,set_quest_active,transfer_admin_role,accept_admin_transfer,get_role_member_count,get_user_quest_progress,get_user_completed_quests,set_reputation_contract_address","RoleGranted,RoleRevoked,AdminRenounced,RoleAdminChanged,AdminTransferCompleted,AdminTransferInitiated,OwnershipTransfer,OwnershipRenounced,OwnershipTransferCompleted"
"22b4737e67db6c85b518f09a477c15c9d4115d87b85ee47158c797d61e7aba6a",1,0.0007,"20.5.0#9e2c3022b4355b224a7a814e13ba51761eeb14bb","1.84.1","","","AlreadyInitialized,NotInitialized,NotAuthorized,EscrowNotMatured,InvalidAmount","initialize,release,get_state",""
"22d80702efe84d37ac9bda2efdb2c4c0ff9652a59ccc90c9ae4aadaf195fb0a8",1,0.0007,"23.5.2#347f71141ddf69ef1873527c94ac98e79215f125","1.91.1","github:Dobprotocol/stellar-distribution-contracts","dobprotocol.com","NotInitialized,AlreadyInitialized,Unauthorized,NoPendingAdmin,TokenNotAllowed,InvalidAmount,InvalidEventCount,InvalidMissThreshold,PositionExists,PositionNotFound,ScheduleNotUsable,SnapshotPoolUnsupported,NotLiquidatable,NothingToSeize,AllEventsExecuted,NothingToPush,WithdrawNotAnnounced,WithdrawNoticeActive,PoolInDefault,NothingToWithdraw,Overflow","top_up,get_admin,liquidate,get_missed,initialize,accept_admin,get_position,push_to_pool,propose_admin,get_next_slice,cancel_withdraw,is_liquidatable,is_token_allowed,announce_withdraw,set_token_allowed,deposit_collateral,push_to_pool_admin,withdraw_collateral,get_misses_until_next,push_to_pool_snapshot",""
"22e25896129abdba5d9d08d305788b0be910cd6f0b94f0843e82f75967e6329c",11,0.0075,"25.3.1#e50d95af029c83196dd122f0154bac3f1302394b","1.95.0","","","AlreadyInitialized,NotInitialized,Unauthorized,MemberAlreadyExists,MemberNotFound,MemberNotActive,InsufficientDeposit,CannotExit,CannotReceive,JoinNotAllowed,AlreadyContributed,ContributionPeriodNotStarted,ContributionPeriodEnded,InvalidContributionAmount,GracePeriodEnded,InsufficientFunds,InsufficientNetBalance,MaxViolationsReached,MaxLateCountReached,InvalidConfig,InvalidPeriod,InvalidDepositRange,RoscaNotActive,RoscaPaused,RoscaDissolved,ProposalNotFound,ProposalAlreadyExecuted,VotingPeriodNotEnded,VotingPeriodEnded,InsufficientVotes,AlreadyVoted,CooldownNotEnded,ProposalCancelled,SponsorRequired,RoundNotEnded,GracePeriodNotStarted,Overflow,NotPaused,InvalidState,ExceedsMaxDeposit,SponsorAlreadyExists,GroupFull","join,vote,propose,sponsor,upgrade,get_vote,get_round,contribute,get_config,get_member,initialize,get_members,accept_admin,get_proposal,is_cancelled,request_exit,settle_round,get_statistics,top_up_deposit,transfer_admin,cancel_proposal,contribute_late,execute_proposal,get_current_round,get_insurance_pool,calculate_recipient,process_paused_exit",""
"2329ed67c5e25a3ef93d755b57ced692150f00fef6625504a0ed2c3dcb5eb7af",1,0.0007,"23.1.0#7456be9d91fe1f4cb070fc2732bac78244ce6c3f","1.91.1","","","MatchNotFound,NotPlayer,AlreadyCommitted,AlreadyRevealed,NotCommitted,WaitingForCommits,InvalidChoice,CommitmentMismatch,MatchAlreadyEnded,SelfPlay,RoundNotComplete,Timeout","commit,reveal,upgrade,get_admin,get_match,set_admin,get_timeout,set_timeout,start_match,__constructor,claim_timeout,get_blendizzard,set_blendizzard,compute_commitment",""
"2360e1ab46c1b16cc898a9c0717d54ea1014a9d325d27cd2de9b50d5ce2e77a6",1,0.0007,"26.1.0#175aa41306f383057a8cdfc84b68d931664fc34e","1.93.0","","","NotInitialized,Unauthorized,NotOwner,AlreadyListed,NotListed,BelowFloorPrice,ListingExpired,SelfTrade,ProposalExpired,InvalidSignature,ProductionDomain","buy,list,cancel,buy_nft,upgrade,list_nft,get_offer,set_admin,cancel_nft,extend_ttl,initialize,make_offer,get_listing,accept_offer,total_volume,__constructor,set_operator_wallet,accept_private_trade","NftSoldEvent,NftListedEvent,OfferMadeEvent,DomainSoldEvent,DomainListedEvent,NftCancelledEvent,PrivateTradeEvent,OfferAcceptedEvent,ListingCancelledEvent"
"23c0fe6cbc8b867f1ec8350d9e2ca40a4cd2283d3ca21b96ad377713d359067e",1,0.0007,"26.1.0#175aa41306f383057a8cdfc84b68d931664fc34e","1.93.0","","","NotInitialized,Unauthorized,NotOwner,AlreadyListed,NotListed,BelowFloorPrice,ListingExpired,SelfTrade,ProposalExpired,InvalidSignature,ProductionDomain,SlippageExceeded","buy,list,cancel,buy_nft,upgrade,list_nft,get_offer,set_admin,cancel_nft,extend_ttl,initialize,get_listing,total_volume,__constructor,set_xld_token,execute_intent,buy_from_router,execute_nft_intent,buy_nft_from_router,set_operator_wallet,execute_listing_intent,exec_listing_by_operator,execute_priv_nft_listing,exec_nft_list_by_operator,execute_nft_listing_intent,exec_priv_listing_by_operator,exec_priv_nft_list_by_operator,execute_private_listing_intent","NftSoldEvent,NftListedEvent,OfferMadeEvent,DomainSoldEvent,DomainListedEvent,NftCancelledEvent,PrivateTradeEvent,OfferAcceptedEvent,ListingCancelledEvent"
"23c2067b912fa7da31b5afe60ed952bc1903390d6bad1054cb75bdf4d1f3001c",1,0.0007,"25.0.2#59a2e01a26f9330f8d516690911cb2ca87a6f1b3","1.93.0","github:FredericRezeau/xray-games","kyungj.in","NotInitialized,AlreadyInitialized,InvalidSession,BadAuth,InvalidProof,InvalidSeed","end,start,upgrade,set_house,initialize,set_attestor",""
"23cafe79bb16a32098004aa2906e0de5b1fe63783f67a5c539f5dd5fc2746ae4",6,0.0041,"23.5.1#59fcef437260ed4da42d1efb357137a5c166c02e","1.93.0","github:Dobprotocol/stellar-distribution-contracts","dobprotocol.com","NotInitialized,AlreadyInitialized,Unauthorized,ContractLocked,LowShareCount,InvalidShareTotal,ZeroTransferAmount,TransferAmountAboveBalance,TransferAmountAboveUnusedBalance,ZeroWithdrawalAmount,WithdrawalAmountAboveAllocation,NoSharesToSell,NoActiveListing,InsufficientSharesInListing,InvalidPrice,InvalidShareAmount,CannotBuyOwnShares,NoSharesToTransfer,InsufficientSharesToTransfer,CannotTransferToSelf,Overflow,NegativeShareAmount,DuplicateShareholder,InvalidCommissionRate","init,get_share,buy_shares,get_config,get_listing,list_shares,lock_contract,update_shares,cancel_listing,get_allocation,list_all_sales,transfer_shares,transfer_tokens,distribute_tokens,withdraw_allocation,list_shares_for_sale,get_commission_config,set_buy_commission_rate,set_commission_recipient,set_distribution_commission_rate",""
"240c77e0965a755e609a22bf18b7f3943a5c5efe449fff09845eeda757082024",1,0.0007,"26.1.1#8ac18efb681a1c0b4b85a38c5a380300344e3f39","1.93.0","","","NotAuthorized,Paused,DeadlineExpired,IntentAlreadyExecuted,InsufficientBalance,InvalidAdmin","execute,upgrade,initialize,set_paused,set_registry,set_swap_router,set_pfp_contract,set_fee_collector,set_deposit_router,add_authorized_caller,set_marketplace_router,remove_authorized_caller",""
"2415f43928780c4b0bbeebeb5529e6520eff2228f579c486338baa12c7c94967",1,0.0007,"22.0.7#211569aa49c8d896877dfca1f2eb4fe9071121c8","1.86.0","","","AnotherActionActive,NoActionActive,ActionNotReadyYet","__constructor,set_value,get_value,get_value_updated_at,commit_transfer_ownership,apply_transfer_ownership,revert_transfer_ownership,get_future_address,version,contract_name,commit_upgrade,apply_upgrade,revert_upgrade,set_emergency_mode,get_emergency_mode",""
"2423510e2b66c4a5392287de88924ef56924fce7e25b3f65edf84feab73c82b0",1,0.0007,"25.3.1#e50d95af029c83196dd122f0154bac3f1302394b","1.95.0","","","InvalidAmount,InvalidInterest,InvalidTerm,InvalidInstallment,Overflow,BorrowNotFound,BorrowClosed,BorrowerHasOpenDebt","get_borrow,mark_repaid,record_borrow,mark_defaulted","MarkRepaid,RecordBorrow,MarkDefaulted"
"244c606179fe43c4c1a33a110c20195c7fa0871b7c596476037383a3ad6ff7d6",3,0.0020,"23.5.3#d3e1ab2424388b10893b796b0c8e405c5edd03d2","1.96.0","github:Dobprotocol/stellar-distribution-contracts","dobprotocol.com","NotInitialized,AlreadyInitialized,Unauthorized,ContractLocked,LowShareCount,InvalidShareTotal,NegativeShareAmount,DuplicateShareholder,ZeroTransferAmount,TransferAmountAboveBalance,TransferAmountAboveUnusedBalance,InvalidDistributionRound,RoundNotFound,AlreadyClaimed,NothingToClaim,RoundNotFinalized,InsufficientTokenBalance,TokenMintFailed,TokenBurnFailed,Overflow,DivisionByZero,InvalidCommissionRate,ZeroWithdrawalAmount,WithdrawalAmountAboveAllocation,DistributionTooSoon,ClaimsNotOpenYet,RoundExpired,ScheduleNotConfigured,ScheduleNotEnabled,ScheduleCompleted,ScheduledDistributionNotDue,InvalidScheduleConfig,RoundNotExpired,NothingToReclaim,NoSharesToTransfer,InsufficientSharesToTransfer,CannotTransferToSelf,InvalidShareAmount,InvalidPrice,NoSharesToSell,NoActiveListing,InsufficientSharesInListing,CannotBuyOwnShares,InvalidProof,NotSnapshotRound,ListingAlreadyExists","init,claim,upgrade,claim_all,get_round,get_share,set_admin,buy_shares,get_config,get_listing,get_schedule,set_schedule,get_claimable,lock_contract,update_shares,cancel_listing,get_allocation,init_with_type,transfer_shares,transfer_tokens,claim_with_proof,disable_schedule,is_round_expired,get_active_rounds,is_round_claimable,create_distribution,get_total_claimable,withdraw_allocation,get_require_snapshot,get_unclaimed_amount,list_shares_for_sale,set_require_snapshot,get_commission_config,reclaim_expired_round,get_distribution_config,get_next_scheduled_time,set_buy_commission_rate,set_distribution_config,set_commission_recipient,create_distribution_snapshot,trigger_scheduled_distribution,set_distribution_commission_rate","SetAdmin"
"2491b9b663f647bdb5ff358c3bbe6ddd4e9a43bfbe8edebccd26ca71ad2e84b8",2,0.0014,"22.0.6#0c47dcfa187069d241f11fb082730f667b55e802","1.87.0","","","AnotherActionActive,NoActionActive,ActionNotReadyYet","pool_type,get_info,get_pool,share_id,get_total_shares,get_reserves,deposit,swap,estimate_swap,withdraw,get_liquidity,get_liquidity_calculator,set_liquidity_calculator,version,commit_upgrade,apply_upgrade,revert_upgrade,set_emergency_mode,get_emergency_mode,init_admin,set_privileged_addrs,get_privileged_addrs,set_token_hash,set_pool_hash,set_stableswap_pool_hash,configure_init_pool_payment,get_init_pool_payment_token,get_init_pool_payment_address,get_stable_pool_payment_amount,get_standard_pool_payment_amount,set_reward_token,set_reward_boost_config,set_protocol_fee_fraction,get_rewards_config,get_tokens_for_reward,get_total_liquidity,config_global_rewards,fill_liquidity,config_pool_rewards,get_rewards_info,get_user_reward,get_total_accumulated_reward,get_total_configured_reward,get_total_claimed_reward,get_total_outstanding_reward,distribute_outstanding_reward,claim,init_standard_pool,init_stableswap_pool,get_pools,remove_pool,get_tokens_sets_count,get_tokens,get_pools_for_tokens_range,get_protocol_fee_fraction,set_pools_plane,get_plane,swap_chained,swap_chained_strict_receive,commit_transfer_ownership,apply_transfer_ownership,revert_transfer_ownership,get_future_address",""
"24f44a917f5c30448fbd6d9a32460d99bc44001da1018e8214633d5d3d6716f7",3,0.0020,"25.3.1#e50d95af029c83196dd122f0154bac3f1302394b","1.93.0","","","NotInitialized,InvalidSignature,TimelockActive,WasmNotApproved,Unauthorized","upgrade,extend_ttl,initialize,__check_auth,approve_wasm,execute_admin_change,propose_admin_change",""
"252d8c8160e4205652a28bf68fdc49cceb810825bd63df3c6d75f83716c0f72c",0,0.0000,"25.3.1#e50d95af029c83196dd122f0154bac3f1302394b","1.93.0","","","NotInitialized,AlreadyRegistered,DomainExpired,NotOwner,InvalidName,InvalidDuration,InsufficientPayment,DomainNotFound,Unauthorized,SubdomainLimitReached,ProductionLocked,GracePeriodActive,NotExpired,MarketplaceNotSet,BelowFloorPrice,TooManyRecords,NftNotFound,NotApproved,ApprovalExpired,RegistrationsPaused","name,renew,symbol,approve,balance,resolve,upgrade,owner_of,register,transfer,get_price,set_admin,token_uri,early_exit,extend_ttl,gift_renew,initialize,set_status,fix_pricing,set_records,get_approved,get_token_id,is_available,nft_transfer,set_base_uri,total_minted,expire_domain,set_subdomain,transfer_from,get_node_count,approve_for_all,reverse_resolve,set_marketplace,set_ustry_token,get_pause_status,get_vault_shares,set_aquarius_pool,is_approved_for_all,set_aquarius_router,marketplace_transfer,get_domain_attributes,set_pause_registrations","NftMintEvent,EarlyExitEvent,NftApproveEvent,NftTransferEvent,DomainExpiredEvent,DomainRenewedEvent,RecordUpdatedEvent,RegistryPauseEvent,StatusChangedEvent,DomainRegisteredEvent,NftApproveForAllEvent,DomainTransferredEvent,MarketplaceTransferEvent"
"256c131ae6343723dd063eb218d47e7b853ab39293b4d3ebe139cef554e14298",1,0.0007,"22.0.11#34f7f53ae31e0fd02aab436a9872e79fa671ca02","1.89.0","","","AlreadyInitialized,NotInitialized,Paused,InvalidAmount,PoolNotFound,PoolExists,WrongSponsor,WrongCause","initialize,fund_pool,donate,get_pool,pool_remaining,total_donated,total_matched,is_paused,get_token,get_admin,pause,unpause,set_admin,upgrade",""
"2581ebe02dff2ead81f16def83241579859f01d2fa575a329ab4425a126f4091",1,0.0007,"25.3.1#e50d95af029c83196dd122f0154bac3f1302394b","1.93.0","","","NotInitialized,AlreadyRegistered,DomainExpired,NotOwner,InvalidName,InvalidDuration,InsufficientPayment,DomainNotFound,Unauthorized,SubdomainLimitReached,ProductionLocked,GracePeriodActive,NotExpired,MarketplaceNotSet,BelowFloorPrice,TooManyRecords,NftNotFound,NotApproved,ApprovalExpired,RegistrationsPaused,NeedsUpgrade,BlacklistedName,ReservedName","name,renew,symbol,approve,balance,resolve,upgrade,owner_of,register,transfer,get_price,set_admin,token_uri,early_exit,extend_ttl,gift_renew,initialize,set_status,fix_pricing,get_xld_sac,set_records,set_xld_sac,get_approved,get_token_id,is_available,set_base_uri,set_reserved,total_minted,__constructor,admin_reclaim,admin_restore,expire_domain,set_subdomain,transfer_from,get_node_count,set_avatar_nft,upgrade_domain,approve_for_all,reverse_resolve,set_blacklisted,set_marketplace,set_ustry_token,get_pause_status,get_vault_shares,transfer_by_node,get_domain_status,set_aquarius_pool,set_reserved_batch,zap_public_deposit,admin_reclaim_batch,get_operator_wallet,is_approved_for_all,register_with_ustry,set_aquarius_router,set_operator_wallet,get_early_exit_quote,marketplace_transfer,get_domain_attributes,set_blacklisted_batch,set_pause_registrations,set_aquarius_pool_contract","NftMintEvent,EarlyExitEvent,NftApproveEvent,NftTransferEvent,DomainExpiredEvent,DomainRenewedEvent,RecordUpdatedEvent,RegistryPauseEvent,StatusChangedEvent,DomainRegisteredEvent,NftApproveForAllEvent,DomainTransferredEvent,MarketplaceTransferEvent"
"25f9a46c125b47c837fe22ca6873d3c628dba4a17619abaa969b6299f8ecb87f",3,0.0020,"20.5.0#9e2c3022b4355b224a7a814e13ba51761eeb14bb","1.74.1","","","NotInitialized,Initialized,InvalidLaunchpadInfo,InvalidStage,NotWhitelisted,MaxPerAddressLimitExceeded,NotStarted,Started,InvalidNumTokens,SoldOut,AlreadyMinted,PendingClaimLimitExceeded,NotAuthorized,InvalidTokenId,Ended,MaxAdminMintsExceeded","initialize,mint,mint_to,mint_for,claim_tokens,claim_token,burn_remaining,update_admin,restart,get_launchpad_info,get_tokens_to_claim,get_total_minted,get_mint_list,get_tokens_range,version",""
"26394cfb2b9076479af256262a10b51ba39c650dacc0ff917d3aa1b7f4e4fee4",1,0.0007,"26.1.0#175aa41306f383057a8cdfc84b68d931664fc34e","1.96.0","","","VammNotSet,AssetNotConfigured,InsufficientBalance,PoolNotMatured,InvalidAprRate,WorstCaseNotSet,StalePrice,InsufficientMargin,PositionNotFound,CannotLiquidate,PositionNotInDebt,DustResidue,VariableTokensNotFullyLiquidated","config,set_vamm,pool_key_of,get_position,__constructor,deposit_margin,fee_merkle_root,is_liquidatable,settle_position,withdraw_margin,get_margin_assets,liquidate_position,set_dust_threshold,get_account_balance,is_account_operator,set_fee_merkle_root,set_account_operator,get_account_positions,update_account_margin,get_margin_asset_config,get_position_settlement,set_margin_asset_config,check_margin_requirement,get_account_margin_values,calculate_account_obligation,calculate_liquidation_amounts,set_worst_case_variable_factor,update_position_post_vamm_action",""
"2660fcb340231cdfb03b501cbc9bceb3022507f3ccd4271ba578e9264cc2d982",1,0.0007,"21.7.7#5da789c50b18a4c2be53394138212fed56f0dfc4","1.81.0","","","AlreadyInitialized,NotInitialized,InvalidAmount,InvalidAddress,SwapFailed","initialize,get_expected_amount,swap,get_config,version,upgrade",""
"26bf5a768b2d307e081f5604b466f2aad9abcd1574def0e0295457cee86fa7b6",1,0.0007,"22.0.2#31b2892ef4d20538004e52713cb81e4895a8de9a","1.84.1","","","AlreadyInit,QtyBelowOne","healthcheck,initialize,is_admin,total_dist,usr_dist,unq_user,dist_map",""
"26c495019afb7448f690a82d6e66d8fab1ad3fd3e7b4aec7d554209966c9d19d",0,0.0000,"21.6.0#f57d2454e520ae11dc9c8d55db610557a24a556e","1.80.0","","","AnotherActionActive,NoActionActive,ActionNotReadyYet","pool_type,get_info,get_pool,share_id,get_total_shares,get_reserves,deposit,swap,estimate_swap,withdraw,get_liquidity,get_liquidity_calculator,set_liquidity_calculator,version,commit_upgrade,apply_upgrade,revert_upgrade,set_emergency_mode,get_emergency_mode,init_admin,set_privileged_addrs,get_privileged_addrs,set_token_hash,set_pool_hash,set_stableswap_pool_hash,configure_init_pool_payment,get_init_pool_payment_token,get_init_pool_payment_address,get_stable_pool_payment_amount,get_standard_pool_payment_amount,set_reward_token,get_rewards_config,get_tokens_for_reward,get_total_liquidity,config_global_rewards,fill_liquidity,config_pool_rewards,get_rewards_info,get_user_reward,get_total_accumulated_reward,get_total_configured_reward,get_total_claimed_reward,get_total_outstanding_reward,distribute_outstanding_reward,claim,init_standard_pool,init_stableswap_pool,get_pools,remove_pool,get_tokens_sets_count,get_tokens,get_pools_for_tokens_range,set_pools_plane,get_plane,swap_chained,commit_transfer_ownership,apply_transfer_ownership,revert_transfer_ownership,get_future_address",""
"273c11a2d25b2ad7264a282ba6f55ba64981867bd75a05bf208355706a1dc6f8",1,0.0007,"22.0.8#f46e9e0610213bbb72285566f9dd960ff96d03d8","1.85.0","","","TransactionAlreadyExecuted","add_transaction",""
"27d996131bbe1ce965b5b1bf8680ddc7d385f430f1941b840792b9151c5ebc1a",1,0.0007,"25.1.1#94c2a3b3a5ded6b9cf9cef0c207bf8804f3eb294","1.93.1","github:AquaToken/soroban-amm","","AnotherActionActive,NoActionActive,ActionNotReadyYet","get,update,version,init_admin,apply_upgrade,contract_name,commit_upgrade,revert_upgrade,get_emergency_mode,get_future_address,set_emergency_mode,apply_transfer_ownership,commit_transfer_ownership,revert_transfer_ownership",""
"27f1cdf471f873f9e563b7ce835865b52b0d3bdaa2a1c4a3b8bbd6ada0c82f2e",1,0.0007,"26.1.1#8ac18efb681a1c0b4b85a38c5a380300344e3f39","1.93.0","","","NotInitialized,Unauthorized,NotOwner,AlreadyListed,NotListed,BelowFloorPrice,ListingExpired,SelfTrade,ProposalExpired,InvalidSignature,ProductionDomain,SlippageExceeded","buy,list,cancel,buy_nft,upgrade,list_nft,get_offer,set_admin,cancel_nft,extend_ttl,initialize,get_listing,total_volume,__constructor,set_xld_token,execute_intent,buy_from_router,execute_nft_intent,buy_nft_from_router,set_operator_wallet,execute_listing_intent,exec_listing_by_operator,execute_priv_nft_listing,exec_nft_list_by_operator,execute_nft_listing_intent,exec_priv_listing_by_operator,exec_priv_nft_list_by_operator,execute_private_listing_intent","NftSoldEvent,NftListedEvent,OfferMadeEvent,DomainSoldEvent,DomainListedEvent,NftCancelledEvent,PrivateTradeEvent,OfferAcceptedEvent,ListingCancelledEvent"
"282a52a3ecbc04bd1d998357a75e9180a2b7d9cf083470072794d233fb2666cf",2,0.0014,"25.3.0#dcbea44513feb7734af6b6c4aced2c4a7a2715d0","1.92.0","","","AnotherActionActive,NoActionActive,ActionNotReadyYet","list,count,status,version,statuses,add_manager,all_allowed,enable_asset,get_managers,__constructor,apply_upgrade,contract_name,disable_asset,commit_upgrade,remove_manager,revert_upgrade,execute_proposal,get_emergency_mode,get_future_address,set_emergency_mode,apply_transfer_ownership,commit_transfer_ownership,revert_transfer_ownership","StatusChanged,StatusChangedV2,ProposalExecuted,SetPrivilegedAddrs,EnableEmergencyMode,DisableEmergencyMode,ApplyTransferOwnership,CommitTransferOwnership,RevertTransferOwnership,ApplyUpgrade,CommitUpgrade,RevertUpgrade"
"2835743fa4c2cdbcbff1ebb9751d940a93f18884fe423f0f249a2cf164aece54",3,0.0020,"25.3.0#dcbea44513feb7734af6b6c4aced2c4a7a2715d0","1.92.0","","","AnotherActionActive,NoActionActive,ActionNotReadyYet","burn,name,symbol,approve,balance,version,decimals,delegate,transfer,allowance,burn_from,reconcile,undelegate,get_operator,set_consumer,set_operator,__constructor,apply_upgrade,contract_name,transfer_from,commit_upgrade,revert_upgrade,total_supply_at,refresh_retained,get_vote_schedule,get_emergency_mode,get_future_address,migrate_delegation,set_emergency_mode,migrate_undelegation,get_incoming_schedule,get_retained_schedule,apply_transfer_ownership,commit_transfer_ownership,revert_transfer_ownership","Reconciled,ConsumerSet,SetOperator,CascadeFailed,DelegationMigrated,DelegationUnmigrated,SetPrivilegedAddrs,EnableEmergencyMode,DisableEmergencyMode,ApplyTransferOwnership,CommitTransferOwnership,RevertTransferOwnership,ApplyUpgrade,CommitUpgrade,RevertUpgrade"
"2845f3971bcad1f27ed1b8eacd0422ba4e8ca668723a5cd3da19fb35dda6c76a",1,0.0007,"22.0.11#34f7f53ae31e0fd02aab436a9872e79fa671ca02","1.96.1","","","Unauthorized,InvalidAmount,MarketNotFound,MarketPaused,HealthFactorTooLow,FlashLoanNotRepaid,MarketAlreadyExists,InsufficientLiquidity,InsufficientCollateral,DebtCeilingExceeded,OracleCircuitBreakerActive,Unsupported","repay,borrow,supply,withdraw,flash_loan,initialize,get_position,pause_market,create_market,resume_market,get_dependency,get_irm_params,set_dependency,simulate_repay,delegate_credit,get_all_markets,simulate_borrow,simulate_supply,get_market_stats,get_health_factor,get_user_position,simulate_withdraw,liquidate_position,compliance_clawback,get_credit_allowance,get_user_health_factor,get_current_utilization,get_user_debt_with_interest",""
"285696a4b792c073cae5967b5a46141d49a8d400bd4a9edf7d5c8b734d819041",1,0.0007,"25.3.1#e50d95af029c83196dd122f0154bac3f1302394b","1.96.0","","","AlreadyInitialized,AgentNotFound,AlreadyRegistered","is_auth,get_agent,initialize,revoke_agent,register_agent",""
"2893a6666141e885cacfdf8e756fcfa46c7321aa324fdb4f33f95ee5f8ee3f1b",1,0.0007,"27.0.6#60926a20d1f9f0a669d5fe551636f42a1302f0c0","1.97.1","","","NotInitialized,AlreadyInitialized,NotAdmin,ProtocolAlreadyRegistered","init,admin,get_adapter,is_registered,register_adapter",""
"28b61d01071b1048b0203b71204829d2ad87d7050cdb37022cab236543b7a39a",1,0.0007,"22.0.11#34f7f53ae31e0fd02aab436a9872e79fa671ca02","1.88.0","","","Math,MathOverflow,MathUnderflow,DivisionByZero,LnOfNegative,Unauthorized,Paused,AlreadyInitialized,NotInitialized,MaturityNotReached,MaturityReached,MarketLockedNearMaturity,InvalidMaturity,InsufficientLiquidity,SlippageExceeded,MinDepositNotMet,OracleStale,OracleRejected,InsufficientBalance,InvalidUnderlying,TvlCapExceeded","__constructor,deploy_market,market_address,get_market,get_market_by_index,get_market_meta,market_count,pending_upgrade,admin,is_paused,pause,unpause,propose_upgrade,execute_upgrade,cancel_upgrade",""
"28c2cfaab1506d1d74d883cd1de3527d2d938c9f85ac4a6eacbfa199cc78c674",2,0.0014,"26.0.0#e1bf74ba6c3ddb591593f5eb5dfb85458ff714c1","1.92.0","","","NotAuthorized,MerkleTreeFull,AlreadyInitialized,WrongLevels,NextIndexNotEven,WrongExtAmount,InvalidProof,UnknownRoot,AlreadySpentNullifier,WrongExtHash,NotInitialized,Overflow,NonCanonicalPublicInput","get_root,register,transact,update_admin,__constructor,is_known_root,update_asp_membership,get_asp_membership_root,update_asp_non_membership,get_asp_non_membership_root,approve,balance,transfer,allowance,transfer_from","PublicKeyEvent,NewNullifierEvent,NewCommitmentEvent"
"28e7d30d5b353d5ca1cd66ad1d2b6384b46744ac91cfd48af3f7ec496704e2cc",1,0.0007,"23.4.1#e671b396f8bacf1370925f722df158b31c0baae5","1.92.0","","","NotGovernor,NotGovernorOrGuardian,ZeroAddress,InvalidParam,NotSigned,NotAllowed,CampaignDurationBelowHour,CampaignRewardTokenNotWhitelisted,CampaignRewardTooLow,CampaignAlreadyExists,CampaignDoesNotExist,InvalidOverride,InvalidReallocation,OperatorNotAllowed,InvalidLengths,NotUpgradeable","upgrade,set_fees,get_message,set_message,get_campaign,recover_fees,__constructor,get_fee_rebate,campaign_lookup,create_campaign,get_distributor,create_campaigns,get_default_fees,get_message_hash,accept_conditions,get_campaign_list,get_fee_recipient,get_reward_tokens,override_campaign,set_campaign_fees,set_fee_recipient,get_campaign_count,get_user_signature,compute_campaign_id,extend_contract_ttl,get_creator_balance,set_new_distributor,set_user_fee_rebate,get_campaign_operator,get_campaign_override,get_creator_allowance,revoke_upgradeability,decrease_token_balance,increase_token_balance,get_valid_reward_tokens,decrease_token_allowance,increase_token_allowance,toggle_campaign_operator,toggle_signing_whitelist,get_campaign_reallocation,get_access_control_manager,get_campaign_specific_fees,get_reward_token_min_amount,reallocate_campaign_rewards,get_user_signature_whitelist,set_reward_token_min_amounts,get_valid_reward_tokens_paged,get_campaign_list_reallocation,get_upgradeability_deactivated,get_campaign_overrides_timestamp","FeesSet,NewCampaign,MessageUpdated,CampaignOverride,FeeRebateUpdated,DistributorUpdated,FeeRecipientUpdated,CampaignReallocation,CreatorBalanceUpdated,UpgradeabilityRevoked,CampaignOperatorToggled,CampaignSpecificFeesSet,CreatorAllowanceUpdated,RewardTokenMinAmountUpdated,UserSigningWhitelistToggled,AccessControlManagerUpdated,SetRoot,SetClaimed,Paused,Unpaused"
"297a57063431ccc4dfa755068c75022c6824d13d499bdb0d154dabf3a9d92c78",0,0.0000,"21.7.7#5da789c50b18a4c2be53394138212fed56f0dfc4","1.81.0","","","NotInitialized,AlreadyInitialized,ProtocolDisabled,Unfeasible,Unauthorized,InvalidPath","init,enable_protocol,update_contract,strict_send,strict_receive",""
"297bfc31bc4ecab26f27b194e17fa440f0f1cae4c68f36914679ed4f861ce0f3",1,0.0007,"20.3.2#1d7f9bd8030f69070634bfb07394339824ceb399","1.76.0-nightly","","","NotInitialized,Initialized,Frozen,MinterFrozen,InvalidCollectionInfo,NotNFT,AlreadyMinted,NotAuthorized","initialize,transfer,mint,bulk_mint,burn,approve,revoke,approve_all,revoke_all,freeze_collection,update_token_url,update_collection_info,upgrade,extend_ttl_collection,extend_ttl_item,is_collection_frozen,get_collection_info,get_token_info,get_tokens,get_max_token_id,get_token_count,version",""
"2a10395035a829ba38f9e0da8a619ca4f7257977f13fe840e949e84c55acf6b5",1,0.0007,"21.1.1#648cbcb799858b9ba9f240c82c0babcf621050bc","1.79.0","","","OfferEmpty,OfferExist,OfferChanged,AdminExist,NotAuthorized,TokenNotSupported,TCDisabled","initialize,admin,set_admin,add_ext_token,remove_ext_token,get_ext_tokens,create_offer,expire_offer,get_offer,accept_offer",""
"2a8789bf5dd392b91ddfe6591072a0cb9fae70045abf379fd1dbbc2db4af1de3",1,0.0007,"23.5.3#d3e1ab2424388b10893b796b0c8e405c5edd03d2","1.90.0","","","AlreadyInitialized,AdminCannotBeZero,FeeAccountCannotBeZero,ProfileContractCannotBeZero,InvalidFeeBps,NotInitialized,Unauthorized,NotAdmin,PendingAdminMismatch,PendingAdminExpired,TokenNotSupported,FeeAccountMissingTrustline,EventNotFound,EventNotActive,InvalidPillar,InvalidReleaseKind,InvalidDistribution,InvalidBudget,DeadlineRequired,DeadlinePassed,DeadlineMustBeFuture,TitleTooLong,ApplicantAlreadyApplied,ApplicantNotApplied,SubmissionNotFound,SubmissionAlreadyExists,NoSubmissions,InvalidWinnerPosition,DuplicateWinnerPosition,DistributionMismatch,MilestoneAlreadyClaimed,InvalidMilestone,InsufficientEscrow,WinnersAlreadySelected,BelowMinimumContribution,InvalidContributionAmount,TooManyApplicants,OpAlreadySeen,TooManyContributors,CancellationNotStarted,CancellationAlreadyStarted,CancellationNotFinished,UpgradeNotProposed,UpgradeTimelockNotElapsed,UpgradeProposalExpired,MigrationAlreadyApplied,Paused,ProfileCallFailed","__constructor,set_admin,accept_admin,set_fee_bps,set_fee_account,set_profile_contract,pause,unpause,propose_upgrade,apply_upgrade,cancel_pending_upgrade,migrate,register_supported_token,deregister_supported_token,is_supported_token,supported_token_count,supported_token_at,create_event,start_cancel,process_cancel_batch,finalize_cancel,add_funds,apply_to_bounty,withdraw_application,submit,withdraw_submission,select_winners,set_manager,get_manager,claim_milestone,get_event,get_submission,get_applicants,get_applicant_count,get_applicant_at,get_winners,get_winner_count,get_winner_at,get_contributors,get_contributor_count,get_contributor_at,get_contributor_amount,get_admin,get_fee_bps,get_fee_account,get_profile_contract,is_paused,version,get_pending_upgrade,get_migrated_to_version,id_base","EventCreated,EventCancelled,FundsAdded,ContributorRefunded,OwnerResidualRefunded,Applied,ApplicationWithdrawn,Submitted,SubmissionWithdrawn,WinnersSelected,WinnerPaid,MilestoneClaimed,TokenRegistered,TokenDeregistered,AdminUpdated,PendingAdminSet,FeeAccountUpdated,FeeBpsUpdated,ProfileContractUpdated,Paused,Unpaused,Upgraded,PendingUpgradeProposed,PendingUpgradeCancelled,UpgradeApplied,Migrated"
"2a96b68b159c932e86b50e6e7b2582ceaf067226f36cc90f2e05e96824b81f68",1,0.0007,"25.3.1#e50d95af029c83196dd122f0154bac3f1302394b","1.95.0","","","AlreadyInitialized,NotInitialized","init,create_sobre,set_sobre_wasm,sobres_of_admin,current_sobre_wasm","WasmUpdated,SobreCreated"
"2b1b00bf60620c54ff0b068a883471a1fb5b1e8be5527c0bd7f68885683b0fc9",1,0.0007,"26.1.1#8ac18efb681a1c0b4b85a38c5a380300344e3f39","1.95.0","","","NotInitialized,InvalidAmount,InvalidExpiry,CycleNotFound,InvalidProof,AlreadyPaid,OverTotal,CycleExpired,CycleNotExpired,AlreadySwept","admin,claim,cycle,sweep,is_paid,pay_sac,unclaimed,bump_cycle,cycle_count,create_cycle,__constructor,distribute_for","Paid,Swept,CycleCreated"
"2b699bf3a0f8c2363bb0b296be8afcaffc424986dafe33a082a058c3fe0950a8",1,0.0007,"27.0.6#60926a20d1f9f0a669d5fe551636f42a1302f0c0","1.97.1","","","TransferFailed,AuthorityNotRegistered,SchemaNotFound,AttestationExists,AttestationNotFound,NotAuthorized,StorageFailed,InvalidUid,ResolverError,SchemaHasNoResolver,AdminNotSet,AlreadyInitialized,NotInitialized,AttestationNotRevocable,InvalidSchemaDefinition,InvalidAttestationValue,InvalidReference,InvalidNonce,ExpiredSignature,InvalidSignature,AttestationExpired,InvalidDeadline,ResolverCallFailed,InvalidSignaturePoint,BlsPubKeyNotRegistered,IntegerOverflow,SchemaAlreadyExists,AlreadyRevoked","attest,revoke,register,get_schema,initialize,get_bls_key,get_attestation,register_bls_key,get_revoker_nonce,get_attester_nonce,attest_by_delegation,revoke_by_delegation,get_dst_for_revocation,get_dst_for_attestation",""
"2b80b1cc81cbb1acc1bd29bbbc9d0db38167e69c202ce5d7f16e448b25d9eca7",0,0.0000,"25.1.1#94c2a3b3a5ded6b9cf9cef0c207bf8804f3eb294","1.94.0","github:AquaToken/soroban-amm","","AnotherActionActive,NoActionActive,ActionNotReadyYet","swap,claim,deposit,version,get_info,share_id,withdraw,gauge_add,kill_swap,pool_type,get_gauges,get_tokens,initialize,kill_claim,unkill_swap,gauge_remove,gauges_claim,get_reserves,kill_deposit,unkill_claim,apply_upgrade,contract_name,estimate_swap,commit_upgrade,initialize_all,revert_upgrade,unkill_deposit,get_pools_plane,get_user_reward,get_user_shares,set_pools_plane,estimate_deposit,get_fee_fraction,get_rewards_info,get_total_shares,init_pools_plane,checkpoint_reward,get_protocol_fees,get_rewards_state,get_unused_reward,kill_gauges_claim,set_rewards_state,get_emergency_mode,get_future_address,get_is_killed_swap,set_emergency_mode,set_rewards_config,backfill_plane_data,claim_protocol_fees,get_is_killed_claim,init_config_storage,swap_strict_receive,unkill_gauges_claim,get_privileged_addrs,return_unused_reward,set_privileged_addrs,gauge_schedule_reward,get_is_killed_deposit,gauges_get_reward_info,admin_set_rewards_state,initialize_boost_config,set_reward_boost_config,apply_transfer_ownership,estimate_working_balance,get_total_claimed_reward,commit_transfer_ownership,get_protocol_fee_fraction,get_total_excluded_shares,initialize_rewards_config,revert_transfer_ownership,set_protocol_fee_fraction,checkpoint_working_balance,get_total_configured_reward,estimate_swap_strict_receive,get_total_accumulated_reward,adjust_total_accumulated_reward",""
"2bb6c8f4188de4a3afd87492f54f3de90eedb4f5a13618b8fa40e6f9a4d313fe",1,0.0007,"22.0.5#25daaf397971f2c15fd2a5fd0a9967020a19cfcb","1.84.0","","","VCNotFound,VCNotEmpty,IssuerNotFound,DIDRegistryError","upload_vc,set_revoke,get_vc",""
"2be577797c24cdb02689a6114e09ff77c7bf66944e2c15390eec3ca8188008dc",1,0.0007,"23.4.1#e671b396f8bacf1370925f722df158b31c0baae5","1.92.0","","","NotInitialized,AlreadyInitialized,InvalidSession","end,start,upgrade,set_house,initialize",""
"2bec0b2e74f3adc55472832bb5ac45ee3314219f81aa3d9443a7f4c1cc8d1435",14,0.0096,"23.0.1#510d3feb724c2b01d7e7ab7652f03b9f8efc3f35","1.93.0-nightly","","","AlreadyInitialized,NotInitialized,OnlyAdmin,AmountZero,InvalidOut,UnsupportedAction,Unauthorized,InvalidBootstrapAdmin","init,router,execute,upgrade,set_admin,set_router,market_asset,set_governor,last_wasm_hash,set_market_asset,execute_with_asset,bootstrap_admin_active,bootstrap_admin_expires_at,set_bootstrap_admin_expiry,clear_bootstrap_admin_expiry",""
"2c23658539a645be49a26c78c6de365d2413f8eeb5109f52d92c73f0cb900f4b",1,0.0007,"25.3.1#e50d95af029c83196dd122f0154bac3f1302394b","1.95.0","","","NotInitialized,AlreadyInitialized,SwapNotFound,AlreadySwapped,InvalidAmount,InvalidBps","quote,get_swap,initialize,advance_bps,execute_advance","SwapExecuted"
"2c3cd29d25cca370391674a98d34a846953cd15fadd2135e6339e97a97aa09f5",1,0.0007,"25.1.0#86c50a1ea4f87b40add3064ff9df95c7553565c5","1.92.0","","","InvalidFillPercent,InsufficientProfit,SlippageExceeded,BadSwapOp,BadCallData,BalanceError,ReserveNotFound","claim,upgrade,get_owner,set_owner,__constructor,fill_bad_debt,fill_interest,fill_liquidation",""
"2c7bc6b4c91940ac185df38a3d0a8532b555140d818df94f03f894e5952ebf42",1,0.0007,"22.0.11#34f7f53ae31e0fd02aab436a9872e79fa671ca02","1.92.0","","","NotInitialized,AlreadyInitialized,RoundNotFound,BidNotFound,CommitClosed,CommitNotClosed,CommitDeadlineAfterReveal,RevealNotOpen,RevealAlreadyOpen,RevealWindowClosed,RevealStillOpen,NotCleared,AlreadyCleared,AlreadySettled,RoundVoided,NotVoidable,WrongStatus,InvalidDrandSignature,HashMismatch,AlreadyRevealed,PayloadTooLarge,InvalidAmount,BidExceedsEscrow,DeadlineInPast,NoValidBids,RoundFull,InvalidLimit,UnsupportedVersion,MalformedPayload,EscrowNotAllowed,RoundDurationTooLong,ParticipantNotEligible,EscrowPolicyMismatch","void,clear,commit,reveal,settle,void_v2,clear_v2,get_seal,commit_v2,get_round,reveal_v2,settle_v2,get_config,get_bidders,get_seal_v2,open_reveal,create_round,get_round_v2,get_bid_state,__constructor,get_bidders_v2,open_reveal_v2,create_round_v2,get_bidders_page,get_submission_v2,get_round_policy_v2,create_partner_round_v2",""
"2ca338e04b72469e956a116a5d271b3de4f900bcb8228039473f7302bae3aa76",1,0.0007,"22.0.8#f46e9e0610213bbb72285566f9dd960ff96d03d8","1.87.0","","","MissingStorage","upgrade,__constructor,mint_from,mint,total_supply,balance,allowance,transfer,transfer_from,approve,decimals,name,symbol,burn,burn_from,has_role,get_role_member_count,get_role_member,get_role_admin,get_admin,grant_role,revoke_role,renounce_role,renounce_admin,transfer_admin_role,accept_admin_transfer,set_role_admin,get_underlying_for_amount,get_amount_for_underlying,deposit,withdraw,set_axelar_config,token_id,get_axelar_its,get_axelar_chain,get_axelar_gas_token,interchain_transfer,get_merkle_epoch,get_banned_amount,force_new_epoch,set_new_epoch,get_merkle_root,is_claimed,amt_to_claim,sync_balances",""
"2ce18af8f3ef2ae35953b86db8972c6abfa86d9f7ed2b057ef4d52fab957af34",1,0.0007,"27.0.0#e5cb4b52c3da8e56fc48adfd7b85d85976c1a059","1.97.0","","","InvalidAmount,InvalidMaxWinners,BountyAlreadyExists,BountyNotFound,BountyNotFunded,MaxWinnersReached,InsufficientRemainingBalance,WinnerAlreadySelected,WinnerAwardNotFound,AlreadyClaimed,AlreadyCancelled,Unauthorized,CreatorCannotBeWinner","upgrade,version,get_bounty,claim_reward,__constructor,cancel_bounty,create_bounty,select_winner,get_winner_award,admin_extend_bounty_ttl,admin_extend_instance_ttl,admin_extend_winner_award_ttl","BountyCreated,RewardClaimed,WinnerSelected,BountyCancelled"
"2cec63099ed44e9c506f6fa69ed243309739a79c0cfd42231b6df65eeeefc969",0,0.0000,"22.0.6#0c47dcfa187069d241f11fb082730f667b55e802","1.81.0","","","NotInitialized,AlreadyInitialized,ProtocolDisabled,Unfeasible,Unauthorized,InvalidPath","init,enable_protocol,update_contract,strict_send",""
"2d366bf7d9e7cdd60dac172eed8f460d4a1dc38f945a80a37d669e23f15faf05",0,0.0000,"25.3.1#e50d95af029c83196dd122f0154bac3f1302394b","1.93.0","","","NotInitialized,AlreadyRegistered,DomainExpired,NotOwner,InvalidName,InvalidDuration,InsufficientPayment,DomainNotFound,Unauthorized,SubdomainLimitReached,ProductionLocked,GracePeriodActive,NotExpired,MarketplaceNotSet,BelowFloorPrice,TooManyRecords,NftNotFound,NotApproved,ApprovalExpired,RegistrationsPaused","name,renew,symbol,approve,balance,resolve,upgrade,owner_of,register,transfer,get_price,set_admin,token_uri,early_exit,extend_ttl,gift_renew,initialize,set_status,fix_pricing,set_records,get_approved,get_token_id,is_available,nft_transfer,set_base_uri,total_minted,expire_domain,set_subdomain,transfer_from,get_node_count,approve_for_all,reverse_resolve,set_marketplace,set_ustry_token,get_pause_status,get_vault_shares,set_aquarius_pool,get_operator_wallet,is_approved_for_all,set_aquarius_router,set_operator_wallet,marketplace_transfer,get_domain_attributes,set_pause_registrations,set_aquarius_pool_contract","NftMintEvent,EarlyExitEvent,NftApproveEvent,NftTransferEvent,DomainExpiredEvent,DomainRenewedEvent,RecordUpdatedEvent,RegistryPauseEvent,StatusChangedEvent,DomainRegisteredEvent,NftApproveForAllEvent,DomainTransferredEvent,MarketplaceTransferEvent"
"2d54500a266d17df60f72a6fac56e47d877fabf370185d1a045770bde254a913",1,0.0007,"25.1.1#94c2a3b3a5ded6b9cf9cef0c207bf8804f3eb294","1.97.1","","","SamePoolReentrancy,BadParams,NoAuction,BidAboveCap,SpendCapExceeded,LpResidual,InsufficientRepay,UnexpectedCaller,LpMintMismatch,BuyAboveCap,BadSupply","a,exec_op,__constructor",""
"2d770946d5429b0988fd33904cf19b5498823f668cb69a0a5028e988023d2040",0,0.0000,"21.6.0#f57d2454e520ae11dc9c8d55db610557a24a556e","1.80.0","","","AnotherActionActive,NoActionActive,ActionNotReadyYet","initialize_all,pool_type,initialize,share_id,get_total_shares,get_tokens,deposit,swap,estimate_swap,withdraw,get_reserves,get_fee_fraction,get_info,set_privileged_addrs,get_privileged_addrs,kill_deposit,kill_swap,kill_claim,unkill_deposit,unkill_swap,unkill_claim,get_is_killed_deposit,get_is_killed_swap,get_is_killed_claim,version,commit_upgrade,apply_upgrade,revert_upgrade,set_emergency_mode,get_emergency_mode,upgrade_token_legacy,initialize_rewards_config,set_rewards_config,get_unused_reward,return_unused_reward,get_rewards_info,get_user_reward,checkpoint_reward,get_total_accumulated_reward,get_total_configured_reward,get_total_claimed_reward,claim,init_pools_plane,set_pools_plane,get_pools_plane,backfill_plane_data,commit_transfer_ownership,apply_transfer_ownership,revert_transfer_ownership,get_future_address",""
"2dbd07e548febe2ded979b36ae48db8249b5a3e03543299e4e49ec94c8939613",1,0.0007,"22.0.6#0c47dcfa187069d241f11fb082730f667b55e802","1.87.0","","","AnotherActionActive,NoActionActive,ActionNotReadyYet","init_admin,update,get,version,commit_upgrade,apply_upgrade,revert_upgrade,set_emergency_mode,get_emergency_mode,commit_transfer_ownership,apply_transfer_ownership,revert_transfer_ownership,get_future_address",""
"2dcbad1a18dc6921a8bb4c3c47164c217d188d1c5c595d211e9dfea724bb4b78",1,0.0007,"25.3.1#e50d95af029c83196dd122f0154bac3f1302394b","1.95.0","","","NotInitialized,AlreadyInitialized,PayrollNotFound,AlreadyRouted,InvalidAmount,InvalidBps","quote,initialize,get_payroll,route_payroll","PayrollRouted"
"2e2a40784db058b6acc45849c5feee6a3026e570db693ce0cb8b336554d2fe20",4,0.0027,"22.0.7#211569aa49c8d896877dfca1f2eb4fe9071121c8","1.86.0","","","ClaimAfterInPast,LockupTooLong,TooEarlyToUnlock,EscrowNotFound,EscrowAlreadyExists","__constructor,lock,unlock,extend_ttl",""
"2e2faeb67cc3cbb4bc87e6e6e70c27846ab4e11f053b700a1b338b9e65bf010c",1,0.0007,"23.2.1#ab415a33cc1f6bdce20ac4a12f0ddbe41a648949","1.91.0","","","LowBalance","hello,get_value,check_here0,check_here1,check_here2,check_here3,check_here4,check_here5,check_here6,check_here7,check_here8,check_here9,check_here10,check_here11,check_here12,check_here13,check_here14,check_here15,check_here16,check_here17,check_here18,check_here19,check_here20,check_here21,check_here22,check_here23,check_here24,check_here25,check_here26,check_here27,check_here28,check_here29,check_here30,check_here31,check_here32,check_here33,check_here34,check_here35,check_here36,check_here37,check_here38,check_here39,check_here40,check_here41,check_here42,check_here43,check_here44,check_here45,check_here46,check_here47,check_here48,check_here49,check_here50,check_here51,check_here52,check_here53,check_here54,check_here55,check_here56,check_here57,check_here58,check_here59,check_here60,check_here61,check_here62,check_here63,check_here64,check_here65,check_here66,check_here67,check_here68,check_here69,check_here70,check_here71,check_here72,check_here73,check_here74,check_here75,check_here76,check_here77,check_here78,check_here79,check_here80,check_here81,check_here82,check_here83,check_here84,check_here85,check_here86,check_here87,check_here88,check_here89,check_here90,check_here91,check_here92,check_here93,check_here94,check_here95,check_here96,check_here97,check_here98,check_here99,check_here100,check_here101,check_here102,check_here103,check_here104,check_here105,check_here106,check_here107,check_here108,check_here109,check_here110,check_here111,check_here112,check_here113,check_here114,check_here115,check_here116,check_here117,check_here118,check_here119,check_here120,check_here121,check_here122,check_here123,check_here124,check_here125,check_here126,check_here127,check_here128,check_here129,check_here130,check_here131,check_here132,check_here133,check_here134,check_here135,check_here136,check_here137,check_here138,check_here139,check_here140,check_here141,check_here142,check_here143,check_here144,check_here145,check_here146,check_here147,check_here148,check_here149,check_here150,check_here151,check_here152,check_here153,check_here154,check_here155,check_here156,check_here157,check_here158,check_here159,check_here160,check_here161,check_here162,check_here163,check_here164,check_here165,check_here166,check_here167,check_here168,check_here169,check_here170,check_here171,check_here172,check_here173,check_here174,check_here175,check_here176,check_here177,check_here178,check_here179,check_here180,check_here181,check_here182,check_here183,check_here184,check_here185,check_here186,check_here187,check_here188,check_here189,check_here190,check_here191,check_here192,check_here193,check_here194,check_here195,check_here196,check_here197,check_here198,check_here199,check_here200,check_here201,check_here202,check_here203,check_here204,check_here205,check_here206,check_here207,check_here208,check_here209,check_here210,check_here211,check_here212,check_here213,check_here214,check_here215,check_here216,check_here217,check_here218,check_here219,check_here220,check_here221,check_here222,check_here223,check_here224,check_here225,check_here226,check_here227,check_here228,check_here229,check_here230,check_here231,check_here232,check_here233,check_here234,check_here235,check_here236,check_here237,check_here238,check_here239,check_here240,check_here241,check_here242,check_here243,check_here244,check_here245,check_here246,check_here247,check_here248,check_here249,check_here250,check_here251,check_here252,check_here253,check_here254,check_here255,check_here256,check_here257,check_here258,check_here259,check_here260,check_here261,check_here262,check_here263,check_here264,check_here265,check_here266,check_here267,check_here268,check_here269,check_here270,check_here271,check_here272,check_here273,check_here274,check_here275,check_here276,check_here277,check_here278,check_here279,check_here280,check_here281,check_here282,check_here283,check_here284,check_here285,check_here286,check_here287,check_here288,check_here289,check_here290,check_here291,check_here292,check_here293,check_here294,check_here295,check_here296,check_here297,check_here298,check_here299,check_here300,check_here301,check_here302,check_here303,check_here304,check_here305,check_here306,check_here307,check_here308,check_here309,check_here310,check_here311,check_here312,check_here313,check_here314,check_here315,check_here316,check_here317,check_here318,check_here319,check_here320,check_here321,check_here322,check_here323,check_here324,check_here325,check_here326,check_here327,check_here328,check_here329,check_here330,check_here331,check_here332,check_here333,check_here334,check_here335,check_here336,check_here337,check_here338,check_here339,check_here340,check_here341,check_here342,check_here343,check_here344,check_here345,check_here346,check_here347,check_here348,check_here349,check_here350,check_here351,check_here352,check_here353,check_here354,check_here355,check_here356,check_here357,check_here358,check_here359,check_here360,check_here361,check_here362,check_here363,check_here364,check_here365,check_here366,check_here367,check_here368,check_here369,check_here370,check_here371,check_here372,check_here373,check_here374,check_here375,check_here376,check_here377,check_here378,check_here379,check_here380,check_here381,check_here382,check_here383,check_here384,check_here385,check_here386,check_here387,check_here388,check_here389,check_here390,check_here391,check_here392,check_here393,check_here394,check_here395,check_here396,check_here397,check_here398,check_here399,check_here400,check_here401,check_here402,check_here403,check_here404,check_here405,check_here406,check_here407,check_here408,check_here409,check_here410,check_here411,check_here412,check_here413,check_here414,check_here415,check_here416,check_here417,check_here418,check_here419,check_here420,check_here421,check_here422,check_here423,check_here424,check_here425,check_here426,check_here427,check_here428,check_here429,check_here430,check_here431,check_here432,check_here433,check_here434,check_here435,check_here436,check_here437,check_here438,check_here439,check_here440,check_here441,check_here442,check_here443,check_here444,check_here445,check_here446,check_here447,check_here448,check_here449,check_here450,check_here451,check_here452,check_here453,check_here454,check_here455,check_here456,check_here457,check_here458,check_here459,check_here460,check_here461,check_here462,check_here463,check_here464,check_here465,check_here466,check_here467,check_here468,check_here469,check_here470,check_here471,check_here472,check_here473,check_here474,check_here475,check_here476,check_here477,check_here478,check_here479,check_here480,check_here481,check_here482,check_here483,check_here484,check_here485,check_here486,check_here487,check_here488,check_here489,check_here490,check_here491,check_here492,check_here493,check_here494,check_here495,check_here496,check_here497,check_here498,check_here499,check_here500,check_here501,check_here502,check_here503,check_here504,check_here505,check_here506,check_here507,check_here508,check_here509,check_here510,check_here511,check_here512,check_here513,check_here514,check_here515,check_here516,check_here517,check_here518,check_here519,check_here520,check_here521,check_here522,check_here523,check_here524,check_here525,check_here526,check_here527,check_here528,check_here529,check_here530,check_here531,check_here532,check_here533,check_here534,check_here535,check_here536,check_here537,check_here538,check_here539,check_here540,check_here541,check_here542,check_here543,check_here544,check_here545,check_here546,check_here547,check_here548,check_here549,check_here550,check_here551,check_here552,check_here553,check_here554,check_here555,check_here556,check_here557,check_here558,check_here559,check_here560,check_here561,check_here562,check_here563,check_here564,check_here565,check_here566,check_here567,check_here568,check_here569,check_here570,check_here571,check_here572,check_here573,check_here574,check_here575,check_here576,check_here577,check_here578,check_here579,check_here580,check_here581,check_here582,check_here583,check_here584,check_here585,check_here586,check_here587,check_here588,check_here589,check_here590,check_here591,check_here592,check_here593,check_here594,check_here595,check_here596,check_here597,check_here598,check_here599,check_here600,check_here601,check_here602,check_here603,check_here604,check_here605,check_here606,check_here607,check_here608,check_here609,check_here610,check_here611,check_here612,check_here613,check_here614,check_here615,check_here616,check_here617,check_here618,check_here619,check_here620,check_here621,check_here622,check_here623,check_here624,check_here625,check_here626,check_here627,check_here628,check_here629,check_here630,check_here631,check_here632,check_here633,check_here634,check_here635,check_here636,check_here637,check_here638,check_here639,check_here640,check_here641,check_here642,check_here643,check_here644,check_here645,check_here646,check_here647,check_here648,check_here649,check_here650,check_here651,check_here652,check_here653,check_here654,check_here655,check_here656,check_here657,check_here658,check_here659,check_here660,check_here661,check_here662,check_here663,check_here664,check_here665,check_here666,check_here667,check_here668,check_here669,check_here670,check_here671,check_here672,check_here673,check_here674,check_here675,check_here676,check_here677,check_here678,check_here679,check_here680,check_here681,check_here682,check_here683,check_here684,check_here685,check_here686,check_here687,check_here688,check_here689,check_here690,check_here691,check_here692,check_here693,check_here694,check_here695,check_here696,check_here697,check_here698,check_here699,check_here700,verify_friend",""
"2e6f1daed872881ac52bf637328076cd81a3b5a70e46524453a354309c7a3786",0,0.0000,"22.0.6#0c47dcfa187069d241f11fb082730f667b55e802","1.84.0","","","AnotherActionActive,NoActionActive,ActionNotReadyYet","a,get_virtual_price,calc_token_amount,get_dy,get_dx,remove_liquidity_imbalance,calc_withdraw_one_coin,withdraw_one_coin,set_privileged_addrs,get_privileged_addrs,ramp_a,stop_ramp_a,commit_new_fee,apply_new_fee,revert_new_parameters,kill_deposit,kill_swap,kill_claim,unkill_deposit,unkill_swap,unkill_claim,get_is_killed_deposit,get_is_killed_swap,get_is_killed_claim,initialize_all,pool_type,initialize,get_fee_fraction,share_id,get_total_shares,get_reserves,get_tokens,get_decimals,deposit,swap,estimate_swap,swap_strict_receive,estimate_swap_strict_receive,withdraw,get_info,version,commit_upgrade,apply_upgrade,revert_upgrade,set_emergency_mode,get_emergency_mode,upgrade_token_legacy,initialize_rewards_config,initialize_boost_config,set_reward_boost_config,set_rewards_config,get_unused_reward,return_unused_reward,get_rewards_info,get_user_reward,checkpoint_reward,checkpoint_working_balance,get_total_accumulated_reward,get_total_configured_reward,get_total_claimed_reward,claim,init_pools_plane,set_pools_plane,get_pools_plane,backfill_plane_data,commit_transfer_ownership,apply_transfer_ownership,revert_transfer_ownership,get_future_address",""
"2e701b214f235945d2b71be04a898f40f56f75cce66e2e959ab147c6f09bc758",0,0.0000,"23.0.1#510d3feb724c2b01d7e7ab7652f03b9f8efc3f35","1.93.0-nightly","","","NotInitialized,AlreadyInitialized,OnlyManager,AmountZero,AssetNotWhitelisted,SharesZero,InsufficientUserShares,InsufficientShares,RouterNotSet,InvalidFeeBps,UnauthorizedPolicy,InsufficientLiquidity,InvalidBlendPosition,BlendAssetMismatch,InvalidBlendRiskPolicy,BlendOracleStale,BlendHealthFactorTooLow,BlendNavUnavailable,BlendOracleInvalid,CreditMarketNotConfigured,CreditActionNotAllowed,InvalidProtocolFeeBps,InvalidSwapRiskPolicy,SwapVenueNotAllowed,SwapTradeSizeExceeded,SwapOracleNotConfigured,SwapOracleStale,SwapOracleInvalid,SwapPriceImpactExceeded,SwapSlippageExceeded,SwapTwapDeviationExceeded,InvalidBootstrapAdmin,CreditBorrowPolicyNotConfigured,CreditBorrowLimitExceeded,InvalidCreditBorrowPolicy,BlendV2RiskSourceNotConfigured,BlendV2PoolNotVerified","nav,fees,init,redeem,router,deposit,manager,upgrade,governor,set_fees,fee_state,rebalance,shares_of,whitelist,blend_lend,set_router,blend_repay,settle_fees,set_manager,share_token,swap_oracle,blend_borrow,credit_repay,denomination,set_governor,blend_markets,credit_borrow,credit_supply,set_whitelist,blend_position,blend_withdraw,credit_markets,last_wasm_hash,liquid_balance,rebalance_auto,venue_registry,allowed_routers,blend_positions,bootstrap_admin,credit_position,credit_withdraw,set_share_token,set_swap_oracle,allowed_adapters,credit_positions,credit_protocols,swap_risk_policy,blend_risk_policy,protocol_treasury,blend_market_value,credit_risk_policy,set_allowed_venues,set_venue_registry,blend_health_factor,blend_market_assets,blend_market_status,credit_market_value,protocol_fee_policy,set_bootstrap_admin,blend_position_value,blend_v2_risk_source,clear_venue_registry,credit_borrow_policy,credit_health_factor,credit_market_assets,credit_market_config,credit_market_status,set_swap_risk_policy,blend_position_values,clear_bootstrap_admin,credit_market_configs,credit_position_value,set_blend_risk_policy,bootstrap_admin_active,credit_position_values,preview_fee_settlement,configure_credit_market,set_protocol_fee_policy,set_blend_v2_risk_source,set_credit_borrow_policy,blend_external_diagnostics,bootstrap_admin_expires_at,set_bootstrap_admin_expiry,set_blend_external_diagnostics",""
"2e9f9eec7968eca2461a4bff3aa6b3a283f739ee7536243f46177ce19acb1095",1,0.0007,"25.3.0#dcbea44513feb7734af6b6c4aced2c4a7a2715d0","1.93.1","","","AlreadyInitialized,NotInitialized,InvalidVkLength,InvalidProofLength,UnknownVkHash,InvalidPublicInputs,InvalidAdmin","init,has_vk,set_vk,verify,clear_vk",""
"2eb96f7b10a9c586163851769666ec14f63291712cdbca47d36c2251a579189a",1,0.0007,"23.0.1#510d3feb724c2b01d7e7ab7652f03b9f8efc3f35","1.93.0-nightly","","","AlreadyInitialized,NotInitialized,Unauthorized,InvalidAmount,InvalidLockWindow,LockExists,LockMissing,LockNotMatured,SequenceNotClosed,InsufficientVotes,InvalidBootstrapAdmin","init,admin,config,balance,upgrade,delegate,governor,withdraw,get_votes,set_admin,create_lock,extend_lock,get_delegate,set_governor,total_supply,lock_position,get_past_votes,last_wasm_hash,locked_balance,increase_amount,set_vote_sequence,get_past_total_supply,bootstrap_admin_active,bootstrap_admin_expires_at,set_bootstrap_admin_expiry,clear_bootstrap_admin_expiry",""
"2ec044e90c6d8ab2f1be1d29b3c89a734d38223eea578f200d6e94e367aa56c5",1,0.0007,"22.0.11#34f7f53ae31e0fd02aab436a9872e79fa671ca02","1.89.0","","","AlreadyInitialized,NotInitialized,NotAuthorized,Paused,InvalidAmount,AlreadyDisbursed,DisbursementNotFound,InsufficientPool","initialize,fund,disburse,get_disbursement,is_disbursed,pool_balance,total_disbursed,total_disbursements,is_paused,get_admin,get_token,pause,unpause,set_admin,upgrade",""
"2ee7c3caa6271e91980d2e188f3cadced5b01da9b5644bcff7d6256529041ac6",2,0.0014,"22.0.6#0c47dcfa187069d241f11fb082730f667b55e802","1.84.0","","","Unauthorized,PathIsEmpty,OutMinNotSatisfied,InMaxNotSatisfied,FeeFractionTooHigh","__constructor,get_max_swap_fee_fraction,get_router,get_fee_destination,claim_fees,claim_fees_and_swap,swap_chained,swap_chained_strict_receive",""
"2f924dcb03d59fbaa4e908a1acc2a83f6accec1735f08046ffc1a972950d3323",1,0.0007,"23.5.2#347f71141ddf69ef1873527c94ac98e79215f125","1.95.0","","","ChainsEndpointsMislength,MissingMessageGateway,MissingChainEndpoint,InvalidRecipient,InvalidAmount,SenderLengthMismatch,InvalidChainSender,NoPendingAdmin,NoAdminSet","burn,name,bridge,symbol,approve,balance,decimals,transfer,allowance,burn_from,message_send,total_supply,__constructor,approve_token,transfer_from,message_process,set_message_owner,get_received_texts,get_message_gateway,set_message_gateway,set_project_signers,decode_abi_chain_data,encode_abi_chain_data,set_contract_relayers,set_message_endpoints,validate_chain_sender,get_endpoint_by_chain_id,transfer_message_gateway,__message_client_constructor,message_process_from_gateway","RoleGranted,RoleRevoked,AdminRenounced,RoleAdminChanged,AdminTransferCompleted,AdminTransferInitiated,OwnershipTransfer,OwnershipRenounced,OwnershipTransferCompleted,SetRoot,SetClaimed,Paused,Unpaused,ConsecutiveMint,Burn,SetTokenRoyalty,SetDefaultRoyalty,RemoveTokenRoyalty,Mint,Approve,Transfer,ApproveForAll,ModuleAdded,ModuleRemoved,DocumentRemoved,DocumentUpdated,KeyAllowed,KeyRemoved,ClaimRevoked,SignaturesInvalidated,ClaimAdded,ClaimChanged,ClaimRemoved,Burn,Mint,ClaimTopicAdded,ClaimTopicRemoved,TrustedIssuerAdded,IssuerTopicsUpdated,TrustedIssuerRemoved,IdentityStored,CountryDataAdded,IdentityModified,IdentityUnstored,IdentityRecovered,CountryDataRemoved,CountryDataModified,TokensFrozen,AddressFrozen,ComplianceSet,TokensUnfrozen,RecoverySuccess,IdentityVerifierSet,TokenOnchainIdUpdated,ClaimTopicsAndIssuersSet,TokenBound,TokenUnbound,Deposit,Withdraw,UserAllowed,UserDisallowed,UserBlocked,UserUnblocked,Approve,Transfer"
"2fa0a01f0d14b3a3aad4b65d98dbc4d388e4e6b18165404d270a168d477cc06f",1,0.0007,"25.0.2#59a2e01a26f9330f8d516690911cb2ca87a6f1b3","1.93.1","github:FredericRezeau/xray-games","kyungj.in","NotInitialized,AlreadyInitialized,InvalidSession,BadAuth,InvalidProof,InvalidSeed","end,start,upgrade,set_house,initialize,set_attestor",""
"2fc4965ad418da610320dc69c544f77cecb9df9ed930c591b8c2191b27c7439b",1,0.0007,"25.3.1#e50d95af029c83196dd122f0154bac3f1302394b","1.95.0","","","Unauthorized,NotFound,Replay,OutOfRange","submit,avg_bps,rep_bps,rep_state,set_scorer,payer_weight,__constructor,dispute_rate_bps",""
"2ff34f4ba7e2088649a67243a983bb43ed392145738a1a399294b054b83bee2e",0,0.0000,"23.4.0#673d6c4f2368d282d25da29bda55c21b8be69ca6","1.93.1","","","Unauthorized,PathIsEmpty,TokensNotSorted,DuplicatesNotAllowed,ValueNotInitialized,AlreadyInitialized,UnknownProtocol,OutMinNotSatisfied,InMaxNotSatisfied,FeeFractionTooHigh,RouterInvalidOutput","init,swap,upgrade,version",""
"301f42aaa186ca3a403913f267ef5c952fab5de7a725ae1714a1be18616f6ab7",1,0.0007,"25.1.1#94c2a3b3a5ded6b9cf9cef0c207bf8804f3eb294","1.97.1","","","SamePoolReentrancy,BadParams,NoAuction,BidAboveCap,SpendCapExceeded,LpResidual,InsufficientRepay,UnexpectedCaller,LpMintMismatch","a,exec_op,__constructor",""
"304d156847955422d8bc09519038d30c76512cbe7c8c20a51b41c2ef833d2b8a",4,0.0027,"25.3.0#dcbea44513feb7734af6b6c4aced2c4a7a2715d0","1.96.0","","","NotInitialized,DecimalTooLarge,NegativeAmount,SupplyCapExceeded,InsufficientBalance,InsufficientAllowance,NotWhitelisted,NonceAlreadyUsed,BadAllowanceExpiration","burn,mint,name,symbol,approve,balance,decimals,transfer,allowance,burn_from,set_admin,admin_burn,max_supply,total_supply,__constructor,get_allowance,transfer_from,is_whitelisted,whitelist_user,whitelist_user_admin,update_backend_signer","SetAdmin,Burn,Mint,Approve,Clawback,Transfer,MintWithAmountOnly,TransferWithAmountOnly"
"30bab567295b20710cc5cfda64241eb2daf23f93d53da0f342ba85e6874caa20",1,0.0007,"22.0.8#f46e9e0610213bbb72285566f9dd960ff96d03d8","1.91.0-nightly","","","NotFound","close,open",""
"30e7508d1efbe178b8d3042c8f47f9c95a0a8bff8282f66d4cdbba5dad43600e",1,0.0007,"22.0.8#f46e9e0610213bbb72285566f9dd960ff96d03d8","1.87.0","","","AlreadyInitialized,NotAuthorizedMinter,DailyLimitInsufficient,NegativeAmount,BadSignatureOrder,NotEnoughSigners,InvalidContext,BadArgs,NotInitialized,UnknownSigner,IncorrectTransfer","__constructor,admin,set_admin,commission_account,set_commission_account,deploy,mint,transfer,approve_transfer,reject_transfer,burn,approve_burn,reject_burn,payer,add_payer,remove_payer,version_build,version,upgrade",""
"30f5f6fde393ef12be0e3a3efd1dc73a0125d5ae30a8d6c1ae3fe495b708ee8e",0,0.0000,"25.3.0#dcbea44513feb7734af6b6c4aced2c4a7a2715d0","1.94.0","github:reflector-network/reflector-contract","","AlreadyInitialized,Unauthorized,AssetMissing,AssetAlreadyExists,InvalidConfig,InvalidTimestamp,AssetLimitExceeded,InvalidAmount,InvalidPricesUpdate","base,admin,price,assets,config,prices,expires,version,decimals,lastprice,set_price,add_assets,cache_size,fee_config,resolution,last_timestamp,set_cache_size,set_fee_config,update_contract,extend_asset_ttl,estimate_retention_cost,history_retention_period,set_history_retention_period","UpdateEvent"
"311bbbeae3b7b24e40ac442ae670256a78a9c9ee399114a2918f8618bd74dfc6",1,0.0007,"26.0.1#f52b6aad85f18c5e312ff3f60e57cb613274e6bb","1.94.0","","","Unauthorized,AlreadyInitialized,NotAMember,TreeFull,LeafAlreadyExists","root,upgrade,is_member,initialize,leaf_count,insert_leaf,is_known_root,get_leaf_index",""
"31689fddf77002ba1507c865b98878b34674ba09ded1dcbae2eee3607c18b946",2,0.0014,"22.0.11#34f7f53ae31e0fd02aab436a9872e79fa671ca02","1.88.0","","","Math,MathOverflow,MathUnderflow,DivisionByZero,LnOfNegative,Unauthorized,Paused,AlreadyInitialized,NotInitialized,MaturityNotReached,MaturityReached,MarketLockedNearMaturity,InvalidMaturity,InsufficientLiquidity,SlippageExceeded,MinDepositNotMet,OracleStale,OracleRejected,InsufficientBalance,InvalidUnderlying,TvlCapExceeded","__constructor,initialize_minter,name,symbol,decimals,maturity,minter,total_supply,balance,transfer,transfer_from,approve,allowance,mint,burn",""
"327b8bfc2e1d14359e7ab59fa493565baf4c51f594d405302d4554766c78fccd",2,0.0014,"20.5.0#9e2c3022b4355b224a7a814e13ba51761eeb14bb","1.75.0","","","AlreadyInitialized,NotInitialized,InvalidConfig,UnauthorizedOperator,WrongRole,WrongPhase,StateChanged,FlashAlreadyArmed,FlashNotArmed,CallbackMismatch,InsufficientCapital,SeedTooSmall,ProfitTooLow,ResidualTooHigh,Arithmetic","initialize_launcher,initialize_receiver,plan,launcher_targets,receiver_targets,status,flash_seed,arm,exec_op,advance_desync,advance_mint,finish,abort,rescue_blnd,rescue_usdc",""
"327e197c58e2b10412d00a14580c2a8b64b297114f7e53c83b4563e0ec528b65",1,0.0007,"22.0.8#f46e9e0610213bbb72285566f9dd960ff96d03d8","1.88.0","","","AlreadyInitialized,NotInitialized,NotAuthorized,RecipientNotAuthority,AttesterNotAuthority,SchemaNotRegistered,InvalidSchemaRules,InsufficientPayment,NothingToWithdraw,TokenTransferFailed,WithdrawalFailed,UnauthorizedVerifier,VerifierInactive,ExceedsVerificationLevel,InvalidVerificationLevel,VerifierNotFound,InvalidAuthorityData","initialize,admin_register_authority,register_authority,is_authority,attest,revoke,withdraw_levies,withdraw_fees,get_collected_levies,get_collected_fees,get_token_id,get_admin_address,transfer_ownership,renounce_ownership,get_owner,is_owner,pay_verification_fee,has_confirmed_payment,get_payment_record,admin_withdraw_fees,onattest,onresolve",""
"3285192fd13f4b8294ba616eddc52910c25a5eaf6779c9578c12343bfb4944d2",1,0.0007,"22.0.3#5a3ca3afe8f995c8e04a06656ff037ebaf545704","1.83.0","","","AlreadyInitialized,NotInitialized","__constructor,send",""
"3290c94213d344e7e4546dd6b3218a3ded559fa3f0dceecbd42420092d03365e",0,0.0000,"23.1.0#7456be9d91fe1f4cb070fc2732bac78244ce6c3f","1.91.0","","","NotAdmin,AlreadyInitialized,InsufficientBalance,InsufficientFactionPoints,InvalidAmount,InvalidFaction,FactionAlreadyLocked,UserNotFound,GameNotWhitelisted,SessionNotFound,SessionAlreadyExists,InvalidSessionState,InvalidGameOutcome,ProofVerificationFailed,EpochNotFinalized,EpochAlreadyFinalized,EpochNotReady,NoRewardsAvailable,RewardAlreadyClaimed,NotWinningFaction,FeeVaultError,SwapError,TokenTransferError,OverflowError,DivisionByZero,ContractPaused","pause,is_game,unpause,upgrade,add_game,end_game,get_admin,get_epoch,is_paused,set_admin,get_config,get_player,start_game,claim_yield,cycle_epoch,remove_game,__constructor,update_config,select_faction,get_reward_pool,get_epoch_player,is_faction_locked,get_winning_faction,has_claimed_rewards,get_claimable_amount,get_faction_standings","GameAdded,GameEnded,EpochCycled,GameRemoved,GameStarted,AdminChanged,ConfigUpdated,FactionLocked,RewardsClaimed,FactionSelected"
"32b5ff80be2d5d9afc0228472e7cefaab452a7a7fb75efd35b23e5822dd677b3",1,0.0007,"22.0.11#34f7f53ae31e0fd02aab436a9872e79fa671ca02","1.95.0","","","AlreadyInitialized,NotInitialized,RateNotFound,RateExpired,NoRatesConfigured,InvalidRate,Unauthorized","init,admin,version,get_rate,set_rate,remove_rate,is_rate_valid,transfer_admin",""
"32c897f73d8e0551447e61c9a4aae6ac0718a7d1f06842bf91a0cc7078e09d84",1,0.0007,"22.0.11#34f7f53ae31e0fd02aab436a9872e79fa671ca02","1.96.0","","","AlreadyInitialized,NotInitialized,Unauthorized,Paused,VendorNotFound,VendorInactive,VendorAlreadyExists,AssetNotSupported,InvalidAmount,DeadlineExpired,PaymentAlreadyExists,PaymentNotFound,InvalidSignature,FeeTooHigh,InvalidArgument,InsufficientBalance","pause,unpause,get_config,get_vendor,initialize,get_payment,create_payment,transfer_admin,register_vendor,is_vendor_active,set_platform_fee,extend_ttl_vendor,get_payment_count,set_fee_recipient,set_vendor_status,extend_ttl_payment,is_asset_supported,rotate_backend_key,set_supported_asset,update_vendor_wallet,batch_register_vendors,update_vendor_wallet_by_admin",""
"3307f4957aba9ea2c8b2bae81df6eb27c3b8fedef394bbdcf49d3549dac8c6b0",1,0.0007,"20.5.0#9e2c3022b4355b224a7a814e13ba51761eeb14bb","1.83.0","","","NotInitialized,Initialized,Frozen,MinterFrozen,InvalidCollectionInfo,NotNFT,AlreadyMinted,NotAuthorized,MaxTokensReached,InsufficientFunds,InsufficientBalance","initialize,transfer,mint,bulk_mint,freeze_collection,update_token_url,update_collection_info,upgrade,extend_ttl_collection,extend_ttl_item,is_collection_frozen,get_collection_info,get_token_info,get_all_minted_tokens,get_tokens,get_max_token_id,get_tokens_count,version",""
"33e28da428cceaed68e7723f79c10ff74d6e5e9d20d2a8e3c5834b751339f25a",1,0.0007,"26.1.0#175aa41306f383057a8cdfc84b68d931664fc34e","1.95.0","","","NotInitialized,InvalidAmount,DuplicateReceipt,DuplicateRedemption,InvalidSacAdmin,InvalidIssuerAddress,DuplicateInterestCredit,InvalidAmountPrecision,DuplicateClawback,InvalidClawbackId,CannotDeauthorizeController","pause,paused,get_sac,unpause,upgrade,version,clawback,get_owner,__constructor,mint_interest,set_sac_admin,set_authorized,accept_ownership,mint_with_receipt,transfer_ownership,burn_with_redemption","Clawback,Initialized,SacAdminSet,MintInterest,MintWithReceipt,BurnWithRedemption,SacAuthorizationSet,OwnershipTransfer,OwnershipTransferCompleted,Paused,Unpaused"
"3469770ba4faf69f7237b1555f72b2aabb265d9f31278c3ffed56c6825e09aaf",1,0.0007,"25.0.2#59a2e01a26f9330f8d516690911cb2ca87a6f1b3","1.93.0","github:FredericRezeau/xray-games","kyungj.in","NotInitialized,AlreadyInitialized,InvalidSession,BadAuth,InvalidProof,InvalidSeed","end,start,upgrade,set_house,initialize,set_attestor",""
"34793d2958cead393044ec5dcd1fb94231ffe40e6efb1b2fdc6655dd77b3e2cc",0,0.0000,"23.1.0#7456be9d91fe1f4cb070fc2732bac78244ce6c3f","1.91.0","","","GameNotFound,NotPlayer,AlreadyGuessed,BothPlayersNotGuessed,GameAlreadyEnded","upgrade,get_game,get_admin,set_admin,make_guess,start_game,__constructor,reveal_winner,get_blendizzard,set_blendizzard",""
"3482e6e8b0b0c284c19b4fca8896d541db41f5eefe944741961ac4322c416bcc",1,0.0007,"25.3.1#e50d95af029c83196dd122f0154bac3f1302394b","1.95.0","","","InvalidAmount,InvalidBorrow,InvalidInstallment,DuplicateInstallmentPayment,PaymentNotFound,Overflow","pay,get_payment,get_paid_amount,get_payment_for_installment","Pay"
"3501ce63f60937015868c1be897b9185f1aa6f31161685e522a9054516b18c9b",1,0.0007,"23.4.1#e671b396f8bacf1370925f722df158b31c0baae5","1.95.0","","","NotGovernor,NotGovernorOrGuardian,ZeroAddress,InvalidParam,NotSigned,NotAllowed,CampaignDurationBelowHour,CampaignRewardTokenNotWhitelisted,CampaignRewardTooLow,CampaignAlreadyExists,CampaignDoesNotExist,InvalidOverride,InvalidReallocation,OperatorNotAllowed,InvalidLengths,NotUpgradeable,InvalidAccessControlManager,InvalidMigration","migrate,recover,upgrade,set_fees,get_message,set_message,get_campaign,__constructor,get_fee_rebate,campaign_lookup,create_campaign,get_distributor,create_campaigns,get_default_fees,get_message_hash,accept_conditions,get_campaign_list,get_fee_recipient,get_reward_tokens,override_campaign,set_campaign_fees,set_fee_recipient,get_campaign_count,get_user_signature,compute_campaign_id,extend_contract_ttl,get_creator_balance,set_new_distributor,set_user_fee_rebate,get_campaign_operator,get_campaign_override,get_creator_allowance,revoke_upgradeability,decrease_token_balance,increase_token_balance,contract_schema_version,get_valid_reward_tokens,decrease_token_allowance,increase_token_allowance,toggle_campaign_operator,toggle_signing_whitelist,extend_campaign_ttl_batch,get_campaign_reallocation,get_access_control_manager,get_campaign_specific_fees,get_latest_campaign_params,set_access_control_manager,get_reward_token_min_amount,reallocate_campaign_rewards,get_user_signature_whitelist,set_reward_token_min_amounts,get_valid_reward_tokens_paged,get_campaign_list_reallocation,get_upgradeability_deactivated,get_campaign_overrides_timestamp","FeesSet,NewCampaign,FeesRecovered,MessageUpdated,CampaignOverride,FeeRebateUpdated,DistributorUpdated,FeeRecipientUpdated,CampaignReallocation,CreatorBalanceUpdated,TokenBalanceDecreased,TokenBalanceIncreased,UpgradeabilityRevoked,CampaignOperatorToggled,CampaignSpecificFeesSet,CreatorAllowanceUpdated,RewardTokenMinAmountUpdated,UserSigningWhitelistToggled,AccessControlManagerUpdated,SetRoot,SetClaimed,Paused,Unpaused"
"3522b04da9725f0b602b449cd3d700174bd721515e688128feef7853ce452045",4,0.0027,"23.1.1#f4573f94c8f8c1972459a03fe589f116e38c4cf1","1.89.0","github:EquitXCompany/equitx-project","","XAssetDeployFailed,AssetAlreadyDeployed,AssetAdminSetFailed,NoSuchAsset,AssetUpgradeFailed","__constructor,update_xasset_wasm_hash,deploy_asset_contract,get_asset_contract,set_asset_contract,set_existing_asset_contract,upgrade_existing_asset_contract,upgrade",""
"3535a4047f1e98ddb2ce8156ae21b4d3cb8c47adc3901d52aad7935a4e261bfd",1,0.0007,"25.3.1#e50d95af029c83196dd122f0154bac3f1302394b","1.93.0","","","NotInitialized,AlreadyRegistered,DomainExpired,NotOwner,InvalidName,InvalidDuration,InsufficientPayment,DomainNotFound,Unauthorized,SubdomainLimitReached,ProductionLocked,GracePeriodActive,NotExpired,MarketplaceNotSet,BelowFloorPrice,TooManyRecords,NftNotFound,NotApproved,ApprovalExpired","name,renew,symbol,approve,balance,resolve,upgrade,owner_of,register,transfer,get_price,set_admin,token_uri,early_exit,extend_ttl,initialize,set_status,fix_pricing,set_records,get_approved,get_token_id,is_available,nft_transfer,set_base_uri,total_minted,expire_domain,set_subdomain,transfer_from,get_node_count,approve_for_all,reverse_resolve,set_marketplace,get_vault_shares,is_approved_for_all,marketplace_transfer","NftMintEvent,EarlyExitEvent,NftApproveEvent,NftTransferEvent,DomainExpiredEvent,DomainRenewedEvent,RecordUpdatedEvent,StatusChangedEvent,DomainRegisteredEvent,NftApproveForAllEvent,DomainTransferredEvent,MarketplaceTransferEvent"
"353915ad440965ea5f8d92fdb8d93cb2e309fb365e68e6762bca7fd6762b30c7",1,0.0007,"22.0.11#34f7f53ae31e0fd02aab436a9872e79fa671ca02","1.92.0","","","NotInitialized,AlreadyInitialized,RoundNotFound,BidNotFound,CommitClosed,CommitNotClosed,CommitDeadlineAfterReveal,RevealNotOpen,RevealAlreadyOpen,RevealWindowClosed,RevealStillOpen,NotCleared,AlreadyCleared,AlreadySettled,RoundVoided,NotVoidable,WrongStatus,InvalidDrandSignature,HashMismatch,AlreadyRevealed,PayloadTooLarge,InvalidAmount,BidExceedsEscrow,DeadlineInPast,NoValidBids,RoundFull","void,clear,commit,reveal,settle,get_seal,get_round,get_config,get_bidders,open_reveal,create_round,get_bid_state,__constructor",""
"353f6c53acb55091f9fa3cf3c68ac04970334ee5cb930415ec1be446dac5c250",1,0.0007,"21.6.0#f57d2454e520ae11dc9c8d55db610557a24a556e","1.76.0-nightly","","","NotInitialized,Initialized,NotAuthorized,MintAlreadyExist,MintNotFound,MintEnded,MintFailed,MintActive,MintLessThanMin,StakingInvalidAmount,StakingInsufficientBalance,StakingInvalidReward","initialize,change_contract_info,upgrade,burn_leftovers,start_mint,mint,claim_mint_reward,stake,unstake_rewards,unstake,claim_staking_reward,get_mint_info,get_inactivity_fee,get_staking_data,get_current_staking_reward,get_contract_info,version",""
"362901a320a398259effb43ba50116da855239a604b612a43746528a7a0ea49b",10,0.0068,"25.1.1#94c2a3b3a5ded6b9cf9cef0c207bf8804f3eb294","1.93.1","github:AquaToken/soroban-amm","","AnotherActionActive,NoActionActive,ActionNotReadyYet","a,swap,claim,ramp_a,deposit,version,get_info,share_id,withdraw,gauge_add,kill_swap,pool_type,get_gauges,get_tokens,initialize,kill_claim,stop_ramp_a,unkill_swap,gauge_remove,gauges_claim,get_decimals,get_reserves,kill_deposit,unkill_claim,apply_new_fee,apply_upgrade,contract_name,estimate_swap,commit_new_fee,commit_upgrade,initialize_all,revert_upgrade,unkill_deposit,get_pools_plane,get_user_reward,get_user_shares,set_pools_plane,estimate_deposit,get_fee_fraction,get_rewards_info,get_total_shares,init_pools_plane,calc_token_amount,checkpoint_reward,get_protocol_fees,get_rewards_state,get_unused_reward,get_virtual_price,kill_gauges_claim,set_rewards_state,withdraw_one_coin,get_emergency_mode,get_future_address,get_is_killed_swap,set_emergency_mode,set_rewards_config,backfill_plane_data,claim_protocol_fees,get_is_killed_claim,init_config_storage,swap_strict_receive,unkill_gauges_claim,get_privileged_addrs,return_unused_reward,set_privileged_addrs,gauge_schedule_reward,get_is_killed_deposit,revert_new_parameters,calc_withdraw_one_coin,gauges_get_reward_info,admin_set_rewards_state,initialize_boost_config,set_reward_boost_config,apply_transfer_ownership,estimate_working_balance,get_total_claimed_reward,commit_transfer_ownership,get_protocol_fee_fraction,get_total_excluded_shares,initialize_rewards_config,revert_transfer_ownership,set_protocol_fee_fraction,checkpoint_working_balance,remove_liquidity_imbalance,get_total_configured_reward,estimate_swap_strict_receive,get_total_accumulated_reward,adjust_total_accumulated_reward",""
"3633852cab02a763a5add4758619250b1e0c70a476c7924e7d2f68b464112623",1,0.0007,"26.1.0#175aa41306f383057a8cdfc84b68d931664fc34e","1.93.0","","","NotInitialized,Unauthorized,AuctionNotFound,AuctionEnded,AuctionActive,CommitmentExists,InvalidReveal,BelowReserve,NotCommitted,AlreadyRevealed,RevealPeriodActive,NoWinner,ZeroAmount","settle,upgrade,set_admin,commit_bid,extend_ttl,initialize,reveal_bid,get_auction,__constructor,create_auction,get_commitment","BidRevealedEvent,BidCommittedEvent,AuctionCreatedEvent,AuctionSettledEvent"
"3656430ac7cf5e7cf1c26948b46314c37866c2d7e928ea89d7d1f89b8aa0ef3c",1,0.0007,"26.1.0#175aa41306f383057a8cdfc84b68d931664fc34e","1.96.0","github:ackrate/ackrate-protocol-contracts","ackrate.xyz","AlreadyExists,NotFound,MandateExpired,MandateRevoked,BudgetExceeded,MerchantOutOfScope,BadSequence,InvalidAmount,Paused,AssetNotAllowed,MandateTooLong,SequenceExhausted","pause,unpause,upgrade,has_role,role_ids,get_admin,is_paused,grant_role,keep_alive,get_mandate,revoke_role,__constructor,renounce_role,get_role_admin,renounce_admin,revoke_mandate,set_role_admin,execute_payment,get_role_member,is_asset_allowed,register_mandate,validate_mandate,set_asset_allowed,get_existing_roles,get_schema_version,transfer_admin_role,accept_admin_transfer,get_role_member_count","Paused,Unpaused,Upgraded,MandateRevoked,PaymentExecuted,MandateRegistered,AssetPolicyChanged,RoleGranted,RoleRevoked,AdminRenounced,RoleAdminChanged,AdminTransferCompleted,AdminTransferInitiated"
"366d3ae53b335a0e29caee0d85d1c5ca5fc62a2110ad73315f0d9aefcc906c34",1,0.0007,"21.3.0#ee516d12da734cc9ec2f303ce98bd24731c696f8","1.79.0","","","StakeDetailNotExist,PlanNotExist,PlanNotFinished,AlreadyStaked,AmountOutOfRange,Unauthorized","initialize,set_parameters,stake,unstake,set_nft,get_stake_detail,get_all_stake_details,calculate_current_earnings,get_reward_token",""
"3719566093ebbb6afb00d958ac14725e065d147ed9574ba2e2e75fc74a2a9eb8",1,0.0007,"23.4.1#e671b396f8bacf1370925f722df158b31c0baae5","1.95.0","","","NotGovernor,NotGovernorOrGuardian,ZeroAddress,InvalidParam,NotSigned,NotAllowed,CampaignDurationBelowHour,CampaignRewardTokenNotWhitelisted,CampaignRewardTooLow,CampaignAlreadyExists,CampaignDoesNotExist,InvalidOverride,InvalidReallocation,OperatorNotAllowed,InvalidLengths,NotUpgradeable,InvalidAccessControlManager,InvalidMigration","migrate,recover,upgrade,set_fees,get_message,set_message,get_campaign,__constructor,get_fee_rebate,campaign_lookup,create_campaign,get_distributor,create_campaigns,get_default_fees,get_message_hash,accept_conditions,get_campaign_list,get_fee_recipient,get_reward_tokens,override_campaign,set_campaign_fees,set_fee_recipient,get_campaign_count,get_user_signature,compute_campaign_id,extend_contract_ttl,get_creator_balance,set_new_distributor,set_user_fee_rebate,get_campaign_operator,get_campaign_override,get_creator_allowance,revoke_upgradeability,decrease_token_balance,increase_token_balance,contract_schema_version,get_valid_reward_tokens,decrease_token_allowance,increase_token_allowance,toggle_campaign_operator,toggle_signing_whitelist,extend_campaign_ttl_batch,get_campaign_reallocation,get_access_control_manager,get_campaign_specific_fees,get_latest_campaign_params,set_access_control_manager,get_reward_token_min_amount,reallocate_campaign_rewards,get_user_signature_whitelist,set_reward_token_min_amounts,get_valid_reward_tokens_paged,get_campaign_list_reallocation,get_upgradeability_deactivated,get_campaign_overrides_timestamp","FeesSet,NewCampaign,FeesRecovered,MessageUpdated,CampaignOverride,FeeRebateUpdated,DistributorUpdated,FeeRecipientUpdated,CampaignReallocation,CreatorBalanceUpdated,TokenBalanceDecreased,TokenBalanceIncreased,UpgradeabilityRevoked,CampaignOperatorToggled,CampaignSpecificFeesSet,CreatorAllowanceUpdated,RewardTokenMinAmountUpdated,UserSigningWhitelistToggled,AccessControlManagerUpdated,SetRoot,SetClaimed,Paused,Unpaused"
"37833c3260ba9cb7a8d537eb999919d392de9233079f68f644284186510f7656",6,0.0041,"22.0.8#f46e9e0610213bbb72285566f9dd960ff96d03d8","1.86.0","","","AnotherActionActive,NoActionActive,ActionNotReadyYet","__constructor,get_price,set_seconds_before_stale,set_too_volatile_ratio,set_sanitize_clamp_denominator,get_guard_rails,version,contract_name,commit_upgrade,apply_upgrade,revert_upgrade,set_emergency_mode,get_emergency_mode,commit_transfer_ownership,apply_transfer_ownership,revert_transfer_ownership,get_future_address",""
"37e982560066d77568f636e192cfef93135b7eaeada42863c229835936913eed",1,0.0007,"23.4.1#e671b396f8bacf1370925f722df158b31c0baae5","1.94.0","","","AlreadyInitialized,Unauthorized,ReputationContractNotSet","has_role,get_admin,get_streak,grant_role,revoke_role,__constructor,renounce_role,get_role_admin,renounce_admin,set_role_admin,get_role_member,record_donation,transfer_admin_role,accept_admin_transfer,get_role_member_count,set_reputation_contract_address","RoleGranted,RoleRevoked,AdminRenounced,RoleAdminChanged,AdminTransferCompleted,AdminTransferInitiated,OwnershipTransfer,OwnershipRenounced,OwnershipTransferCompleted"
"386cf10839b3b1e6ba5988791de65877cd948833b2fd9f6ab07d3bac9276bf3b",1,0.0007,"23.0.2#a97daf8b07cdf24e9bd45e344db51a21b9ea77d3","1.88.0","","","HexLengthInsufficient,MulDivFailed,InvalidPriceRange,U256ToU128ConversionFailed,TransactionTooOld,AlreadyInitialized,FactoryNotInitialized,XlmAddressNotInitialized,TokenDoesNotExist,NotTokenOwner,Unauthorized,InsufficientBalance,InvalidTickRange,TickNotAligned,TickOutOfBounds,PoolNotFound,MathOverflow,PriceSlippageCheck,NothingToCollect,TokensNotOrdered,LiquidityCalculationFailed,PoolKeyMissing,TokenDescriptorNotSet,NoApprovedAddress,PositionNotCleared","__constructor,get_factory,get_pools_data,get_pools_by_pairs,get_pool_data,get_pools_data_with_bal,get_pool_data_with_bal,init,quote_exact_input_single,quote_exact_input,quote_exact_output_single,quote_exact_output,init_v2,quote_exact_input_v2,quote_exact_output_v2,quote_exact_input_single_v2,quote_exact_output_single_v2,get_populated_ticks_in_word,get_populated_ticks_in_range",""
"3880e526010ebff3a78d9508a8f918a19833c5cf4534d5444b4861a8dbed6e7a",1,0.0007,"23.4.0#673d6c4f2368d282d25da29bda55c21b8be69ca6","1.90.0","","","NotInitialized,InsufficientTokenBalance,ThreadNotFound,ThreadDeleted,NotThreadAuthor,DeletionWindowExpired,InvalidContent,CommentNotFound,CommentDeleted,NotCommentAuthor,NotAdmin,ContentTooLong,RateLimited,ContractPaused","__constructor,set_admin,get_admin,upgrade,set_paused,is_paused,create_thread,post_comment,delete_thread,delete_comment,get_thread,get_comment,get_thread_count,get_comment_count,extend_thread","ThreadCreatedEvent,CommentPostedEvent,ThreadDeletedEvent,CommentDeletedEvent,AdminChangedEvent"
"38941538b964af2110a6fd2fae4c1c3de2ff6585ef0da5d1a59de2ce29edec6a",1,0.0007,"26.1.1#8ac18efb681a1c0b4b85a38c5a380300344e3f39","1.96.0","","","AlreadyExists,NothingHere,AlreadyClaimed,NotExpired,NotSender,BadInput,DropEmpty,AlreadyClaimedThis,Expired,Overflow,NotInitialized,BadExpiry","claim,pause,paused,deposit,reclaim,unpause,upgrade,get_drop,get_pool,get_owner,claim_share,create_drop,reclaim_pool,__constructor,claim_message,accept_ownership,renounce_ownership,transfer_ownership","ClaimEvent,ShareEvent,RepoolEvent,DepositEvent,NewPoolEvent,ReclaimEvent,OwnershipTransfer,OwnershipRenounced,OwnershipTransferCompleted,Paused,Unpaused"
"391d449e041b02d98168c9cddcbfec4213a1b81a4dccc2fcb344c84f1a693325",1,0.0007,"23.0.2#a97daf8b07cdf24e9bd45e344db51a21b9ea77d3","1.88.0","","","HexLengthInsufficient,MulDivFailed,InvalidPriceRange,U256ToU128ConversionFailed,TransactionTooOld,AlreadyInitialized,FactoryNotInitialized,XlmAddressNotInitialized,TokenDoesNotExist,NotTokenOwner,Unauthorized,InsufficientBalance,InvalidTickRange,TickNotAligned,TickOutOfBounds,PoolNotFound,MathOverflow,PriceSlippageCheck,NothingToCollect,TokensNotOrdered,LiquidityCalculationFailed,PoolKeyMissing,TokenDescriptorNotSet,NoApprovedAddress,PositionNotCleared","init,get_native_currency_label,token_uri",""
"397a7769a0a70780c3f66b49f58ba0f7e270ebeccf57f9fa3d04ff18fb483e19",1,0.0007,"26.1.0#175aa41306f383057a8cdfc84b68d931664fc34e","1.92.0","","","InvalidConfiguration,InvalidAmount,InvalidExpiry,InvalidProof,InvalidProofStatement,UnknownRoot,StaleRoot,RootMismatch,DuplicateRoot,DuplicateNullifier,SpentNullifier,DuplicateCommitment,DuplicateAction,InvalidEnvelope,TreeFull,TransferMismatch,InsufficientBacking,DepositsPaused,TooManyItems,Arithmetic,MarketNotRegistered,DuplicateMarket,InvalidEpoch,InvalidPhase,EpochFull,TooEarly,StaleState,InvalidBatch,OrderNotFound,InvalidOrder,AlreadyFinalized,InsufficientRoundingReserve,ExitNotFound,InvalidExit","info,batch,epoch,order,output,deposit,is_spent,withdraw,accounting,extend_ttl,keep_alive,open_epoch,seal_epoch,accept_order,refund_order,registration,submit_batch,__constructor,is_known_root,order_binding,claim_position,context_digest,fund_liquidity,finalize_market,open_next_epoch,register_market,private_transfer,redeem_liquidity,unfund_liquidity,set_deposits_paused,unallocated_balance,match_liquidity_exit,shield_protocol_fees,cancel_liquidity_exit,fund_rounding_reserve,make_epoch_refundable,request_liquidity_exit,recover_execution_change,withdraw_rounding_reserve","EpochSealed,EpochExecuted,NullifierSpent,ShieldedOutput,EpochRefundable,VaultTransition,MarketRegistered,PrivateOrderAccepted,PrivateMarketFinalized"
"39f1e78e3ba94e98344cb1bb23afa3176657156511d1c8e2d06c26310439e0aa",1,0.0007,"22.0.8#f46e9e0610213bbb72285566f9dd960ff96d03d8","1.86.0","","","AnotherActionActive,NoActionActive,ActionNotReadyYet","__constructor,deploy_pair_contract,mint,redeem,redeem_one,get_factory_config,get_pair_contract_wasm,get_all_deployed_pairs,get_total_pair_count,get_pair_by_asset,set_pair_contract_wasm,kill_create,unkill_create,get_is_killed_create,version,contract_name,commit_upgrade,apply_upgrade,revert_upgrade,set_emergency_mode,get_emergency_mode,commit_transfer_ownership,apply_transfer_ownership,revert_transfer_ownership,get_future_address",""
"3a0128950bf931b7d0668bd4f7fca9a1823311f108ac409c97df0180a7aab6fe",0,0.0000,"25.3.1#e50d95af029c83196dd122f0154bac3f1302394b","1.93.0","","","NotInitialized,Unauthorized,InsufficientDeposit,InsufficientShares,ZeroAmount,SplitNotActive,AlreadySplit,BelowMinDeposit,InvalidFeeBps","burn,name,symbol,approve,balance,deposit,upgrade,decimals,transfer,withdraw,allowance,burn_from,set_admin,extend_ttl,initialize,vault_rate,add_deposit,deposit_for,split_yield,withdraw_to,mint_fee_bps,set_mint_fee,set_registry,total_assets,total_shares,transfer_from,public_deposit,get_yield_split,set_ustry_token,set_operator_wallet,set_xld_sac_address","BurnEvent,MintEvent,TopUpEvent,ApproveEvent,TransferEvent,VaultDepositEvent,PublicDepositEvent,VaultWithdrawEvent,VaultWithdrawToEvent,Burn,Mint,Approve,Clawback,Transfer,MintWithAmountOnly,TransferWithAmountOnly"
"3a344136c420be23ecad963f1ce9a2af4270bf934850c9b1636df6802faab11c",0,0.0000,"25.3.1#e50d95af029c83196dd122f0154bac3f1302394b","1.93.0","","","NotInitialized,Unauthorized,InsufficientDeposit,InsufficientShares,ZeroAmount,SplitNotActive,AlreadySplit,BelowMinDeposit,InvalidFeeBps,ExceedsVestedAmount,DepositsPaused,WithdrawalsPaused,ExceedsEmergencyCap,PauseCooldown","burn,name,symbol,approve,balance,deposit,upgrade,decimals,transfer,withdraw,allowance,burn_from,set_admin,extend_ttl,initialize,vault_rate,add_deposit,deposit_for,split_yield,withdraw_to,mint_fee_bps,set_mint_fee,set_registry,total_assets,total_shares,transfer_from,public_deposit,get_yield_split,set_ustry_token,get_pause_status,public_deposit_for,set_pause_deposits,set_operator_wallet,set_xld_sac_address,set_pause_withdrawals,transfer_domain_position","BurnEvent,MintEvent,TopUpEvent,ApproveEvent,TransferEvent,VaultDepositEvent,PublicDepositEvent,VaultWithdrawEvent,VaultWithdrawToEvent,PauseStatusChangedEvent,Burn,Mint,Approve,Clawback,Transfer,MintWithAmountOnly,TransferWithAmountOnly"
"3a35e48573a4aa300de8e417c8e3b01e30123c49ce67e7d67e8752d1850ac729",0,0.0000,"22.0.6#0c47dcfa187069d241f11fb082730f667b55e802","1.84.0","","","AnotherActionActive,NoActionActive,ActionNotReadyYet","init_admin,update,get,version,commit_upgrade,apply_upgrade,revert_upgrade,set_emergency_mode,get_emergency_mode,commit_transfer_ownership,apply_transfer_ownership,revert_transfer_ownership,get_future_address",""
"3a4d6200e8be6e28226efa4655a12523c590f0829532d8876163c84af75b9057",0,0.0000,"21.7.7#5da789c50b18a4c2be53394138212fed56f0dfc4","1.81.0","","","NotInitialized,AlreadyInitialized,ProtocolDisabled,Unfeasible,Unauthorized,InvalidPath","init,enable_protocol,update_contract,strict_send,strict_receive",""
"3a66ffb55bd844d198eafc38f805c8456b5599a998ffc64fbeae8ca13d9ba87c",2,0.0014,"23.3.0#a35990025247146e24cb9e1deda063f17f3e441d","1.91.1","","","AlreadyInitialized,NotInitialized,UnauthorizedLender,UnauthorizedInitiator,InvalidPath,DeadlineExpired,NegativeAmount,BadInstruction,MathOverflow,InsufficientProfit","set_admin,get_config,__constructor,on_flash_loan",""
"3a6d5abf7e6c9a215e8ec9d452d9dd2d3717edfb2a52c2ed7a1f14af01a067b9",1,0.0007,"26.1.0#175aa41306f383057a8cdfc84b68d931664fc34e","1.96.0","","","InvalidDelay,OperationExpired,NotADeployerOperation,GuardianCanOnlyPause,InvalidSelfOperation,InvalidSelfArguments,ReservedSalt,OwnerOperationNotCancellable,OperationDelayNotZero","cancel,execute,upgrade,has_role,schedule,adl_delay,grant_role,execute_adl,revoke_role,execute_self,__constructor,deployer_call,deployer_delay,guardian_pause,operation_tier,standard_delay,sensitive_delay,fee_distribution_delay,owner_schedule_role_change","RoleGranted,RoleRevoked,MinDelayChanged,OperationExecuted,OperationCancelled,OperationScheduled"
"3a8a3209697d26671448ad2de7f069493dcff0abe8bda0abbf2a2fe4735b06d7",1,0.0007,"22.0.8#f46e9e0610213bbb72285566f9dd960ff96d03d8","1.90.0","","","AlreadyInitialized,PartAlreadyExists,PartNotFound,NotAuthorized,InvalidMerkleProof,BadPrevRoot,NotActiveOrg,WrongOrgType,NotSameEvent","initialize,ping,get_part_root,event_leaf_hash_view,recompute_root_from_leaf_view,create_part,get_part,change_merkle_root,update_event_leaf,add_event_leaf,transfer_part,change_status",""
"3a9f7629675e3d2841dee17f82f2009e14d17b0051eaecf47355401561452518",5,0.0034,"22.0.6#0c47dcfa187069d241f11fb082730f667b55e802","1.84.0","","","Unauthorized,PathIsEmpty,OutMinNotSatisfied,InMaxNotSatisfied,FeeFractionTooHigh","__constructor,get_max_swap_fee_fraction,get_router,get_fee_destination,claim_fees,claim_fees_and_swap,swap_chained,swap_chained_strict_receive",""
"3b13dc688381c17aef9c2dcff38a4ff7afd9372518dd1c6494308941d880b62a",1,0.0007,"22.0.8#f46e9e0610213bbb72285566f9dd960ff96d03d8","1.87.0","","","MissingStorage","upgrade,__constructor,mint_from,mint,total_supply,balance,allowance,transfer,transfer_from,approve,decimals,name,symbol,burn,burn_from,has_role,get_role_member_count,get_role_member,get_role_admin,get_admin,grant_role,revoke_role,renounce_role,renounce_admin,transfer_admin_role,accept_admin_transfer,set_role_admin,get_underlying_for_amount,get_amount_for_underlying,deposit,withdraw,set_axelar_config,token_id,get_axelar_its,get_axelar_chain,get_axelar_gas_token,interchain_transfer,get_merkle_epoch,get_banned_amount,set_new_epoch,get_merkle_root,is_claimed,amt_to_claim,sync_balances",""
"3b1c49912affef4aa6e307cdcf4afb29d4209369a83503a5ef608aed30de16e5",1,0.0007,"26.1.0#175aa41306f383057a8cdfc84b68d931664fc34e","1.96.0","","","Paused,ZeroBorrowAmount,ZeroAmount,VenueCreditedBelowMargin,PoolExpired,InvalidTerm,VenueNotConfigured,ConverterNotFound,InvalidDepositAsset,HedgeNotFound,HealthFactorTooLow,NotionalMismatch,MathOverflow,NotMatured,AlreadySettled,EmergencyNotEnabled,FlashCallbackUnauthorized,ConverterSlippage,OpAlreadyPending,AccountWasmNotSet,FlashReceiverNotSet,VenueAlreadySet,UnpauseInEmergency,LeverageNotSupported,MarginExceedsBorrow,MarginBelowFeeBuffer,VammNotSet,AssetNotConfigured,InsufficientBalance,PoolNotMatured,InvalidAprRate,WorstCaseNotSet,StalePrice,InsufficientMargin,PositionNotFound,CannotLiquidate,PositionNotInDebt,DustResidue,VariableTokensNotFullyLiquidated,InvalidWorstCase,InvalidFeeAmount,FeeRootNotSet,InvalidFeeProof,NothingToClaim,FeePoolExhausted,NotEnoughFundsForFee,EsmNotSet,PoolExpired,InsufficientEsmBalance,MathOverflow,PoolNotInitialized,UnwindMadeNoProgress,VammTickUnavailable,InvalidProtocolFeeRate,InsufficientProtocolFees,InvalidDeficitAmount,InvalidAmount,NoDeficit,AdlCandidateNotEligible,DepositMaxReached,Paused,PositionBelowMin,CollateralBelowMin,PoolAlreadyInitialized,InvalidCollateral,InvalidRiskConfig,IsolatedConfigNotCleared,DepositRestricted,RestrictedBonusNonZero,NotionalMaxReached,PoolNotStarted,PoolBlacklisted,PoolAlreadyStarted,IsolatedMarginViolation,PositionMaxReached,Unauthorized,PoolClosing,EsmOpensExposure,AdlCandidateLiquidatable,AdlCoverBelowMinimum,StaleFeeRoot,EarlySettlementBlockedByAdl","vamm,admin,pause,engine,unpause,upgrade,get_hedge,get_venue,hedges_of,is_paused,set_admin,set_venue,repay_debt,set_paused,get_version,settle_hedge,__constructor,get_custodian,next_hedge_id,replace_venue,add_collateral,deposit_margin,get_hedge_by_id,unwind_position,withdraw_margin,enable_emergency,get_position_data,open_borrow_hedge,upgrade_positions,emergency_withdraw,withdraw_collateral,is_emergency_enabled,early_settle_position,open_leveraged_borrow_hedge","AdminSet,PausedSet,DebtRepaid,HedgeSettled,MarketVenueSet,CollateralAdded,MarginDeposited,MarginWithdrawn,PositionUnwound,EmergencyEnabled,BorrowHedgeOpened,CollateralWithdrawn,EmergencyWithdrawal,MarketVenueReplaced,VenuePositionOpened,PositionEarlySettled,LeveragedBorrowHedgeOpened"
"3b65f2f1d0bcafbfee1a870dbeab549655b3d596d4a44fd18083320f5b594c6f",1,0.0007,"25.0.2#59a2e01a26f9330f8d516690911cb2ca87a6f1b3","1.93.0","github:FredericRezeau/xray-games","kyungj.in","NotInitialized,AlreadyInitialized,InvalidSession,BadAuth,InvalidProof,InvalidSeed","end,start,upgrade,set_house,initialize,set_attestor",""
"3b6682171f3f9cd45053245d30a293fd37f6ddfff816c18812a48089369e1f4e",1,0.0007,"25.1.0#86c50a1ea4f87b40add3064ff9df95c7553565c5","1.92.0","","","NotAuthorized,MerkleTreeFull,WrongLevels,NotInitialized","get_root,hash_pair,insert_leaf,update_admin,__constructor,approve,balance,transfer,allowance,transfer_from","LeafAddedEvent"
"3b840333a93f0f27a7418d26d083566a4db99594435c93600bffb8f7ca4dd6dc",3,0.0020,"26.1.0#175aa41306f383057a8cdfc84b68d931664fc34e","1.92.0","","","NotAuthorized,MerkleTreeFull,AlreadyInitialized,WrongLevels,NextIndexNotEven,WrongExtAmount,InvalidProof,UnknownRoot,AlreadySpentNullifier,WrongExtHash,NotInitialized,Overflow,NonCanonicalPublicInput","get_root,transact,update_admin,__constructor,is_known_root,update_asp_membership,get_asp_membership_root,update_asp_non_membership,get_asp_non_membership_root,approve,balance,transfer,allowance,transfer_from","NewNullifierEvent,NewCommitmentEvent"
"3bb76e3c5849a8d09bb080583d25a4882667bf0a83bee391e0ce969ab6d852e9",2,0.0014,"22.0.8#f46e9e0610213bbb72285566f9dd960ff96d03d8","1.91.1","","","NoSettings,RefundRequestNotFound,Unauthorized,NoClient,NoCoinClient,RolesAlreadyInit,AccountNotAllowed,AccountFrozen","burn,mint,name,freeze,symbol,approve,balance,upgrade,decimals,operator,transfer,unfreeze,allowance,burn_from,is_frozen,governance,initialize,init_roles,set_client,send_message,set_metadata,set_operator,create_sender,remove_sender,transfer_from,__constructor,bump_allowlist,is_allowlisted,is_gate_active,set_governance,receive_message,set_gate_active,add_to_allowlist,add_refund_request,create_trusted_addr,remove_trusted_addr,remove_from_allowlist,process_refund_request",""
"3bc7997d8f216e3bfa9311893763b488302de7010970bda70847570753fdf0d1",1,0.0007,"26.1.0#175aa41306f383057a8cdfc84b68d931664fc34e","1.96.0","","","AlreadyInitialized,NotInitialized,InvalidAmount,InsufficientBalance,InsufficientLiquidity,NotEligible,MissingProof,DebtExceeded","repay,debt_of,deposit,upgrade,withdraw,pool_info,deposit_of,initialize,borrow_with_zk",""
"3bfa341dcf6be3190838965cf0045b4bae2a21a777ff63c91b5a9240bc4e38bb",3,0.0020,"22.0.5#25daaf397971f2c15fd2a5fd0a9967020a19cfcb","1.89.0","","","InsufficientCollateralization,CDPAlreadyExists,CDPNotFound,CDPNotInsolvent,CDPNotOpen,InsufficientCollateral,InsufficientBalance,RepaymentExceedsDebt,OutstandingDebt,InvalidMerge,InvalidLiquidation,InvalidWithdrawal,CDPNotOpenOrInsolvent,CDPNotOpenOrInsolventForRepay,StakeAlreadyExists,StakeDoesntExist,InvalidLedgerSequence,OraclePriceFetchFailed,OracleDecimalsFetchFailed,XLMTransferFailed,ClaimRewardsFirst,InsufficientStake,InsufficientInterest,PaymentExceedsInterestDue,InterestMustBePaidFirst,InsufficientXLMForInterest,InsufficientApprovedXLMForInterestRepayment,XLMInvocationFailed,ValueNotPositive,InsufficientAllowance","admin_get,admin_set,redeploy,xlm_contract,xlm_sac,asset_contract,pegged_asset,minimum_collateralization_ratio,lastprice_xlm,lastprice_asset,decimals_xlm_feed,decimals_asset_feed,open_cdp,cdp,freeze_cdp,add_collateral,withdraw_collateral,borrow_xasset,repay_debt,liquidate_cdp,merge_cdps,close_cdp,get_accrued_interest,pay_interest,cdp_init,set_xlm_sac,set_xlm_contract,set_asset_contract,set_pegged_asset,set_min_collat_ratio,set_interest_rate,get_interest_rate,get_total_interest_collected,version,allowance,approve,balance,transfer,transfer_from,burn,burn_from,decimals,name,symbol,increase_allowance,decrease_allowance,spendable_balance,authorized,set_authorized,mint,clawback,set_admin,deposit,withdraw,liquidate,claim_rewards,get_staker_deposit_amount,get_total_xasset,get_total_collateral,stake,unstake,get_available_assets,get_position,get_constants",""
"3c030c6e93ac973cf26e39947176c85a2bf61210e9c1f98ce638b963da948c96",50,0.0341,"22.0.6#0c47dcfa187069d241f11fb082730f667b55e802","1.87.0","AquaToken/soroban-amm","","AnotherActionActive,NoActionActive,ActionNotReadyYet","a,get_virtual_price,calc_token_amount,get_dy,get_dx,remove_liquidity_imbalance,calc_withdraw_one_coin,withdraw_one_coin,set_privileged_addrs,get_privileged_addrs,ramp_a,stop_ramp_a,commit_new_fee,apply_new_fee,revert_new_parameters,kill_deposit,kill_swap,kill_claim,unkill_deposit,unkill_swap,unkill_claim,get_is_killed_deposit,get_is_killed_swap,get_is_killed_claim,set_protocol_fee_fraction,get_protocol_fees,claim_protocol_fees,initialize_all,pool_type,initialize,get_fee_fraction,get_protocol_fee_fraction,share_id,get_total_shares,get_reserves,get_tokens,get_decimals,deposit,swap,estimate_swap,swap_strict_receive,estimate_swap_strict_receive,withdraw,get_info,version,contract_name,commit_upgrade,apply_upgrade,revert_upgrade,set_emergency_mode,get_emergency_mode,initialize_rewards_config,initialize_boost_config,set_reward_boost_config,set_rewards_config,get_unused_reward,return_unused_reward,get_rewards_info,get_user_reward,checkpoint_reward,checkpoint_working_balance,get_total_accumulated_reward,get_total_configured_reward,adjust_total_accumulated_reward,get_total_claimed_reward,claim,gauge_add,gauge_remove,gauge_schedule_reward,kill_gauges_claim,unkill_gauges_claim,get_gauges,gauges_claim,gauges_get_reward_info,init_pools_plane,set_pools_plane,get_pools_plane,backfill_plane_data,commit_transfer_ownership,apply_transfer_ownership,revert_transfer_ownership,get_future_address,init_config_storage",""
"3c5dae1828b213c8615ea93b3430a01be31b8bddb8298663ca4b2a2642b1800c",1,0.0007,"20.4.0#70b12eb8c6af0593888154700f0ef68897521708","1.76.0","","","NotFound,NotEmpty,DIDIncorrectLength,DIDIncorrectScheme,DIDIncorrectMethod","register_did,check_authorize",""
"3cada5183d06291aa8da0628aec9c945a14b55bc909c1a2675c5d0820a3f9f9d",1,0.0007,"22.0.11#34f7f53ae31e0fd02aab436a9872e79fa671ca02","1.95.0","","","NotInitialized,AlreadyInitialized,PoolAlreadyDeployed","get_pool,initialize,deploy_pool",""
"3cbd888c32f0d411b867143c4c78ac30e2f84a3a3b9c1948d869e6ac0bcdfd07",6,0.0041,"23.0.1#510d3feb724c2b01d7e7ab7652f03b9f8efc3f35","1.93.0-nightly","","","NotInitialized,AlreadyInitialized,OnlyManager,AmountZero,AssetNotWhitelisted,SharesZero,InsufficientUserShares,InsufficientShares,RouterNotSet,InvalidFeeBps,UnauthorizedPolicy,InsufficientLiquidity,InvalidBlendPosition,BlendAssetMismatch,InvalidBlendRiskPolicy,BlendOracleStale,BlendHealthFactorTooLow,BlendNavUnavailable,BlendOracleInvalid,CreditMarketNotConfigured,CreditActionNotAllowed,InvalidProtocolFeeBps,InvalidSwapRiskPolicy,SwapVenueNotAllowed,SwapTradeSizeExceeded,SwapOracleNotConfigured,SwapOracleStale,SwapOracleInvalid,SwapPriceImpactExceeded,SwapSlippageExceeded,SwapTwapDeviationExceeded,InvalidBootstrapAdmin,CreditBorrowPolicyNotConfigured,CreditBorrowLimitExceeded,InvalidCreditBorrowPolicy,BlendV2RiskSourceNotConfigured,BlendV2PoolNotVerified,ValuationOracleNotConfigured,ValuationOracleStale,ValuationOracleInvalid,ArithmeticOverflow,ShareAccountingMigrationRequired,ShareAccountingAlreadyMigrated,InvalidShareMigration","nav,fees,init,redeem,router,deposit,manager,upgrade,governor,set_fees,fee_state,rebalance,shares_of,whitelist,blend_lend,set_router,blend_repay,settle_fees,set_manager,share_token,swap_oracle,blend_borrow,credit_repay,denomination,set_governor,total_shares,blend_markets,credit_borrow,credit_supply,set_whitelist,blend_position,blend_withdraw,credit_markets,last_wasm_hash,liquid_balance,rebalance_auto,venue_registry,allowed_routers,blend_positions,bootstrap_admin,credit_position,credit_withdraw,set_share_token,set_swap_oracle,allowed_adapters,credit_positions,credit_protocols,swap_risk_policy,valuation_oracle,blend_risk_policy,protocol_treasury,blend_market_value,credit_risk_policy,set_allowed_venues,set_venue_registry,blend_health_factor,blend_market_assets,blend_market_status,credit_market_value,protocol_fee_policy,set_bootstrap_admin,blend_position_value,blend_v2_risk_source,clear_venue_registry,credit_borrow_policy,credit_health_factor,credit_market_assets,credit_market_config,credit_market_status,set_swap_risk_policy,set_valuation_oracle,blend_position_values,clear_bootstrap_admin,credit_market_configs,credit_position_value,set_blend_risk_policy,bootstrap_admin_active,credit_position_values,preview_fee_settlement,configure_credit_market,reconcile_legacy_shares,set_protocol_fee_policy,migrate_share_accounting,set_blend_v2_risk_source,set_credit_borrow_policy,share_accounting_version,blend_external_diagnostics,bootstrap_admin_expires_at,set_bootstrap_admin_expiry,set_blend_external_diagnostics",""
"3cdffc31a624d29e3279c58660c5fb128e74801734f0590b092a6b3f5922e652",1,0.0007,"23.4.0#673d6c4f2368d282d25da29bda55c21b8be69ca6","1.92.0","","","Unauthorized,PathIsEmpty,TokensNotSorted,DuplicatesNotAllowed,ValueNotInitialized,AlreadyInitialized,UnknownProtocol,OutMinNotSatisfied,InMaxNotSatisfied,FeeFractionTooHigh,RouterInvalidOutput","init,swap,upgrade",""
"3d3c0447351c24e4fadaece14088c724d742e8172a587022d9cd65af9ce9089e",104,0.0710,"22.0.8#f46e9e0610213bbb72285566f9dd960ff96d03d8","1.88.0","","","AlreadyInitialized,NotInitialized,AccountInitializationFailed,StorageEntryNotFound,StorageEntryAlreadyExists,NoSigners,SignerAlreadyExists,SignerNotFound,SignerExpired,CannotRevokeAdminSigner,CannotDowngradeLastAdmin,MatchingSignatureNotFound,SignatureVerificationFailed,InvalidProofType,NoProofsInAuthEntry,InsufficientPermissions,InsufficientPermissionsOnCreation,InvalidPolicy,InvalidTimeRange,InvalidNotAfterTime,PolicyClientInitializationError,PluginNotFound,PluginAlreadyInstalled,PluginInitializationFailed,NotFound","upgrade,__constructor,add_signer,update_signer,revoke_signer,install_plugin,uninstall_plugin,is_deployed,__check_auth",""
"3d3f79e97dbe76b1f8fbe2095ddcd03738ff9988ec74ec9d9fb47bf8c661694f",0,0.0000,"23.4.1#e671b396f8bacf1370925f722df158b31c0baae5","1.92.0","","","NotGovernor,NotGovernorOrGuardian,ZeroAddress,InvalidParam,NotSigned,NotAllowed,CampaignDurationBelowHour,CampaignRewardTokenNotWhitelisted,CampaignRewardTooLow,CampaignAlreadyExists,CampaignDoesNotExist,InvalidOverride,InvalidReallocation,OperatorNotAllowed,InvalidLengths,NotUpgradeable","upgrade,set_fees,get_message,set_message,get_campaign,recover_fees,__constructor,get_fee_rebate,campaign_lookup,create_campaign,get_distributor,create_campaigns,get_default_fees,get_message_hash,accept_conditions,get_campaign_list,get_fee_recipient,get_reward_tokens,override_campaign,set_campaign_fees,set_fee_recipient,get_campaign_count,get_user_signature,compute_campaign_id,extend_contract_ttl,get_creator_balance,set_new_distributor,set_user_fee_rebate,get_campaign_operator,get_campaign_override,get_creator_allowance,revoke_upgradeability,decrease_token_balance,increase_token_balance,get_valid_reward_tokens,decrease_token_allowance,increase_token_allowance,toggle_campaign_operator,toggle_signing_whitelist,extend_campaign_ttl_batch,get_campaign_reallocation,get_access_control_manager,get_campaign_specific_fees,get_reward_token_min_amount,reallocate_campaign_rewards,get_user_signature_whitelist,set_reward_token_min_amounts,get_valid_reward_tokens_paged,get_campaign_list_reallocation,get_upgradeability_deactivated,get_campaign_overrides_timestamp","FeesSet,NewCampaign,MessageUpdated,CampaignOverride,FeeRebateUpdated,DistributorUpdated,FeeRecipientUpdated,CampaignReallocation,CreatorBalanceUpdated,UpgradeabilityRevoked,CampaignOperatorToggled,CampaignSpecificFeesSet,CreatorAllowanceUpdated,RewardTokenMinAmountUpdated,UserSigningWhitelistToggled,AccessControlManagerUpdated,SetRoot,SetClaimed,Paused,Unpaused"
"3d5bdfc11bc3a2602d18c9863471e7c9260534de95b9f5f488dc1dcdbdd6cdb7",1,0.0007,"22.0.11#34f7f53ae31e0fd02aab436a9872e79fa671ca02","1.95.0","github:Afreum/Afreum_Fiat_Mint_Redeem_Contract","afreum.com","AlreadyInitialized,NotInitialized,Unauthorized,InvalidRatesSignature,RatesTooOld,RateMismatch,AssetNotEligible,MissingClaimableBalance,InvalidAmount,AmountExceedsThreshold,AmountExceedsReservePct,ReserveInadequate,RequestNotFound,DuplicateClaimableBalance","init,upgrade,get_init,set_admin,confirm_mint,confirm_redeem,get_base_asset,set_base_asset,set_resolution,get_mint_issuer,set_fee_address,set_mint_issuer,set_fiat_address,get_pending_mints,get_reserve_issuer,set_amount_percent,set_reserve_issuer,cancel_mint_request,get_pending_redeems,get_request_counter,set_reserve_address,submit_mint_request,set_amount_threshold,cancel_redeem_request,get_rates_signing_key,set_rates_signing_key,set_reserve_threshold,submit_redeem_request,get_pending_mints_by_id,get_pending_mints_by_user,get_pending_redeems_by_id,set_loyalty_tier_contract,get_pending_redeems_by_user",""
"3d948995c9aed913ecd8d14752a2e46f68b5c9b24e17bbaf702527363f3aa6b6",1,0.0007,"27.0.2#45d378a6cb4a026d23fc7286b6ee3add9c9dd0b9","1.97.1","","","AlreadyInitialized,NotInitialized,Unauthorized,InvalidAmount,InvalidMaxClaimAmount,ClaimExists,ClaimNotFound,InvalidStatus,InsufficientFunds","release,resolve,get_pool,get_claim,init_pool,contribute,contribution,submit_claim","ClaimReleased,ClaimResolved,ClaimSubmitted,PoolInitialized,ContributionRecorded"
"3da9edcabd7491b2245920551bf7cce020c70114e219216b948ae3dd3af2e49c",2,0.0014,"22.0.6#0c47dcfa187069d241f11fb082730f667b55e802","1.87.0","AquaToken/soroban-amm","","AnotherActionActive,NoActionActive,ActionNotReadyYet","init_admin,update,get,version,contract_name,commit_upgrade,apply_upgrade,revert_upgrade,set_emergency_mode,get_emergency_mode,commit_transfer_ownership,apply_transfer_ownership,revert_transfer_ownership,get_future_address",""
"3e0ef75cbee62cf119eea6e29da01e672010727ea68a88edfd82da98ce8b6bed",0,0.0000,"22.0.7#211569aa49c8d896877dfca1f2eb4fe9071121c8","1.81.0","","","AlreadyInitialized,ListingNotFound,ListingNotAvailable,ListingTypeMismatch,InvalidNftOwner,MissingMarketplaceContractId,AgreementNotFound,AgreementNotActive,AgreementNotOwnedByCaller,StateNotAlreadySet,InsufficientBalance,InsufficientShares,InsufficientSharesForPurchase,CurrencyNotSupported,CannotModifyShareStructure,InvalidSharesDistribution,ListingNotFound,ListingNotAvailable,ListingTypeMismatch,AlreadyInitialized,InvalidNftOwner,MissingMarketplaceContractId,AgreementNotFound,AgreementNotActive,AgreementNotOwnedByCaller,AgreementIsAlreadyActive,StateNotAlreadySet,ListingNotFound,ListingNotAvailable,ListingTypeMismatch,AlreadyInitialized,InvalidNftOwner,MissingMarketplaceContractId,AgreementNotFound,AgreementNotActive,AgreementNotOwnedByCaller,StateNotAlreadySet","initialize,version,upgrade,update_state,set_payment_token,set_currency,create_listing,add_listing_shares,update_listing,get_listing,get_all_listings,get_listing_count,update_listing_count,remove_listing,change_listing_status,get_listing_current_price,get_usdc_amount,get_usdc_price,rent,purchase,purchase_and_confirm,purchase_shares,confirm_receipt,cancel_sale_or_rental,reclaim_or_return",""
"3e5dfde1926cb96428498b72596c2ebbe01e60709ff9fb7556bf17e99743a647",1,0.0007,"20.5.0#9e2c3022b4355b224a7a814e13ba51761eeb14bb","1.79.0","","","AlreadyInitialized,NotInitialized,NotAdmin,PoolExists,NoPool","init_factory,initialize",""
"3e8f372ac26c0ab674c6da7b01bd237d4c6c89f34a3d353b0edbc72644f12364",6,0.0041,"23.5.2#347f71141ddf69ef1873527c94ac98e79215f125","1.91.1","","","NotInitialized,AlreadyInitialized,Unauthorized,ContractLocked,LowShareCount,InvalidShareTotal,NegativeShareAmount,DuplicateShareholder,ZeroTransferAmount,TransferAmountAboveBalance,TransferAmountAboveUnusedBalance,InvalidDistributionRound,RoundNotFound,AlreadyClaimed,NothingToClaim,RoundNotFinalized,InsufficientTokenBalance,TokenMintFailed,TokenBurnFailed,Overflow,DivisionByZero,InvalidCommissionRate,ZeroWithdrawalAmount,WithdrawalAmountAboveAllocation,DistributionTooSoon,ClaimsNotOpenYet,RoundExpired,ScheduleNotConfigured,ScheduleNotEnabled,ScheduleCompleted,ScheduledDistributionNotDue,InvalidScheduleConfig,RoundNotExpired,NothingToReclaim,NoSharesToTransfer,InsufficientSharesToTransfer,CannotTransferToSelf,InvalidShareAmount,InvalidPrice,NoSharesToSell,NoActiveListing,InsufficientSharesInListing,CannotBuyOwnShares,InvalidProof,NotSnapshotRound,ListingAlreadyExists","init,claim,upgrade,claim_all,get_round,get_share,set_admin,buy_shares,get_config,get_listing,get_schedule,set_schedule,get_claimable,lock_contract,update_shares,cancel_listing,get_allocation,init_with_type,transfer_shares,transfer_tokens,claim_with_proof,disable_schedule,is_round_expired,get_active_rounds,is_round_claimable,create_distribution,get_total_claimable,withdraw_allocation,get_require_snapshot,get_unclaimed_amount,list_shares_for_sale,set_require_snapshot,get_commission_config,reclaim_expired_round,get_distribution_config,get_next_scheduled_time,set_buy_commission_rate,set_distribution_config,set_commission_recipient,create_distribution_snapshot,trigger_scheduled_distribution,set_distribution_commission_rate","SetAdmin"
"3e981b3b5170e8e08429813b01b4aae93effef93e9fc4b8d62ecd205279c23ee",0,0.0000,"23.1.0#7456be9d91fe1f4cb070fc2732bac78244ce6c3f","1.91.1","","","GameNotFound,NotPlayer,AlreadyGuessed,BothPlayersNotGuessed,GameAlreadyEnded","upgrade,get_game,get_admin,set_admin,make_guess,start_game,__constructor,reveal_winner,get_blendizzard,set_blendizzard",""
"3ea3cfc5c30efdc08dd505e9ab4df0d5f687f9a371e09dcfe1f00d74efaa4b53",33,0.0225,"22.0.6#0c47dcfa187069d241f11fb082730f667b55e802","1.87.0","","","AnotherActionActive,NoActionActive,ActionNotReadyYet","initialize_all,pool_type,initialize,share_id,get_total_shares,get_tokens,deposit,swap,estimate_swap,swap_strict_receive,estimate_swap_strict_receive,withdraw,get_reserves,get_fee_fraction,get_protocol_fee_fraction,get_info,set_privileged_addrs,get_privileged_addrs,kill_deposit,kill_swap,kill_claim,unkill_deposit,unkill_swap,unkill_claim,get_is_killed_deposit,get_is_killed_swap,get_is_killed_claim,set_protocol_fee_fraction,get_protocol_fees,claim_protocol_fees,version,commit_upgrade,apply_upgrade,revert_upgrade,set_emergency_mode,get_emergency_mode,initialize_rewards_config,initialize_boost_config,set_reward_boost_config,set_rewards_config,get_unused_reward,return_unused_reward,get_rewards_info,get_user_reward,checkpoint_reward,checkpoint_working_balance,get_total_accumulated_reward,get_total_configured_reward,get_total_claimed_reward,claim,gauge_add,gauge_remove,gauge_schedule_reward,kill_gauges_claim,unkill_gauges_claim,get_gauges,gauges_claim,gauges_get_reward_info,init_pools_plane,set_pools_plane,get_pools_plane,backfill_plane_data,commit_transfer_ownership,apply_transfer_ownership,revert_transfer_ownership,get_future_address,init_config_storage",""
"3eb9643f927f5992d68acdf0253d96e0ab56014e5a8200f97e68d271bd7193a2",1,0.0007,"23.4.1#e671b396f8bacf1370925f722df158b31c0baae5","1.94.0","","","AlreadyInitialized,Unauthorized,ReferralAlreadyExists,ReferralNotFound,SelfReferral,ReputationContractNotSet","has_role,get_admin,grant_role,revoke_role,get_referral,__constructor,get_referrals,renounce_role,get_role_admin,mark_onboarded,renounce_admin,set_role_admin,create_referral,get_role_member,record_donation,transfer_admin_role,accept_admin_transfer,get_role_member_count,get_referrer_statistics,set_reputation_contract_address","RoleGranted,RoleRevoked,AdminRenounced,RoleAdminChanged,AdminTransferCompleted,AdminTransferInitiated,OwnershipTransfer,OwnershipRenounced,OwnershipTransferCompleted"
"3f215db3972c59e09cfbf35a35e7c28ec460cec59ffd1ec3dbcefcb9594bfc3e",0,0.0000,"26.1.1#8ac18efb681a1c0b4b85a38c5a380300344e3f39","1.93.0","","","NotAuthorized,Paused,DeadlineExpired,IntentAlreadyExecuted,InsufficientBalance,InvalidAdmin","execute,upgrade,initialize,set_paused,set_swap_router,set_pfp_contract,set_fee_collector,set_deposit_router,add_authorized_caller,set_marketplace_router,remove_authorized_caller",""
"3f2d08f3faf2de0289bb6f12a029bab3766a66fc9531c2b5ce9febf483434240",3,0.0020,"20.4.0#70b12eb8c6af0593888154700f0ef68897521708","1.88.0","","","Unimplemented,Initialized,Uninitialized,Unauthorized,InvalidArg,InvalidChainId,InvalidOtherChainId,GasUsageNotSet,BrokenAddress,NotFound,TokenInsufficientBalance,CastFailed,U256Overflow,ZeroAmount,PoolOverflow,ZeroChanges,ReservesExhausted,InsufficientReceivedAmount,BalanceRatioExceeded,Forbidden,UnauthorizedStopAuthority,SwapProhibited,AmountTooLowForFee,BridgeToTheZeroAddress,EmptyRecipient,SourceNotRegistered,WrongDestinationChain,UnknownAnotherChain,TokensAlreadySent,MessageProcessed,NotEnoughFee,NoMessage,NoReceivePool,NoPool,UnknownAnotherToken,WrongByteLength,HasMessage,InvalidPrimarySignature,InvalidSecondarySignature,NoGasDataForChain","initialize,deposit,withdraw,swap_to_v_usd,swap_from_v_usd,claim_rewards,set_fee_share,adjust_total_lp_amount,set_balance_ratio_min_bp,stop_deposit,start_deposit,stop_withdraw,start_withdraw,set_stop_authority,set_bridge,set_admin,set_admin_fee_share,claim_admin_fee,pending_reward,get_pool,get_admin,get_stop_authority,get_bridge,get_user_deposit,upgrade",""
"3f427b964f842b2a0b024fc00ed668b28e985f291ee4815fbbc4e52d500ba0d7",1,0.0007,"23.0.2#a97daf8b07cdf24e9bd45e344db51a21b9ea77d3","1.89.0","","","AlreadyInitialized,Paused","init,admin,is_paused,get_count,pause,unpause,inc",""
"3ff02d2ccad569cce82f6fb74adf46303d8159cd22c27c18be492e587d364f57",1,0.0007,"23.5.3#d3e1ab2424388b10893b796b0c8e405c5edd03d2","1.94.1","","","AdminNotSet,Unauthorized,InvalidAmount,DepositNotFound,ScheduleNotFound,InsufficientRemainingAmount,NothingToWithdraw,AllPeriodsReleased,TooEarly,InvalidTtlParams,InvalidRange","deposit,upgrade,withdraw,set_admin,get_deposit,get_contract,add_to_deposit,create_contract,extend_paged_ttl,release_from_contract","ReleaseCalculation"
"403a211cdaeb1e5341544a9eabd8e3ddaf0828fa0e013beec04136efba4a1fb0",0,0.0000,"25.1.1#94c2a3b3a5ded6b9cf9cef0c207bf8804f3eb294","1.93.1","github:AquaToken/soroban-amm","","Unauthorized,PathIsEmpty,OutMinNotSatisfied,InMaxNotSatisfied,FeeFractionTooHigh","claim_fees,get_router,swap_chained,__constructor,claim_fees_and_swap,get_fee_destination,get_max_swap_fee_fraction,swap_chained_strict_receive",""
"4041cbdd8d7d1b700e6b24afb0b40a59aef67f36459782dbd32da381e02a63a3",1,0.0007,"22.0.4#1d4afb3b981a4f4b2bbc19f0ce38af85c4ab316a","1.86.0","","","NoSuchContractPublished,NoSuchVersion,AlreadyPublished,NoSuchContractDeployed,AlreadyDeployed,AlreadyClaimed,InitFailed,RedeployDeployedFailed,NoOwnerSet,AdminOnly,VersionMustBeGreaterThanCurrent,InvalidName,InvalidVersion","admin_get,admin_set,upgrade,__constructor,fetch_hash,current_version,publish,publish_hash,deploy,fetch_contract_id,dev_deploy,upgrade_contract",""
"404915c346d9727cddfc32883c171bc0918cff64855d96c7e7705eacdbe05013",0,0.0000,"23.1.0#7456be9d91fe1f4cb070fc2732bac78244ce6c3f","1.91.1","","","MatchNotFound,NotPlayer,AlreadyCommitted,AlreadyRevealed,NotCommitted,WaitingForCommits,InvalidChoice,CommitmentMismatch,MatchAlreadyEnded,SelfPlay,RoundNotComplete,Timeout,AlreadyInQueue,NotInQueue,AlreadyInMatch","commit,reveal,upgrade,get_admin,get_match,get_queue,set_admin,find_match,get_timeout,set_timeout,start_match,cancel_queue,__constructor,claim_timeout,get_blendizzard,set_blendizzard,get_player_match,compute_commitment",""
"40711c87a441dbad21ff82db08c92a2917372ab215c639115228d658aa27684e",1,0.0007,"20.5.0#9e2c3022b4355b224a7a814e13ba51761eeb14bb","1.95.0","","","NotFound,StillLocked,InvalidAmount,InvalidDuration","deposit,withdraw,get_piggy",""
"408a30db145877680f9ca40214c1baf5ec905b7c9675fcab09dffe48c22df141",1,0.0007,"26.1.0#175aa41306f383057a8cdfc84b68d931664fc34e","1.96.0","","","AlreadyInitialized,NotInitialized,InvalidAmount,InsufficientBalance,InsufficientLiquidity,NotEligible,MissingProof,DebtExceeded","repay,debt_of,deposit,withdraw,pool_info,deposit_of,initialize,borrow_with_zk",""
"40b4e26a8a36d05b52971282d058014b07540cd959b7fd7f1d061d31222e7fa5",0,0.0000,"21.6.0#f57d2454e520ae11dc9c8d55db610557a24a556e","1.80.0","","","AnotherActionActive,NoActionActive,ActionNotReadyYet","init_admin,set_pools_plane,get_pools_plane,get_liquidity,version,commit_upgrade,apply_upgrade,revert_upgrade,set_emergency_mode,get_emergency_mode,commit_transfer_ownership,apply_transfer_ownership,revert_transfer_ownership,get_future_address",""
"40b76bc2136e3d31aee9c4208d09e2612786d6c0d3853ca3ef387db89e0a189c",0,0.0000,"26.1.0#175aa41306f383057a8cdfc84b68d931664fc34e","1.96.0","","","NegativeAmount,ZeroAmount,InvalidPrice,MathOverflow","debt,owner,repay,venue,health,upgrade,snapshot,collateral,debt_asset,flash_open,__constructor,collateral_asset,supply_and_borrow,withdraw_collateral",""
"40d2dcfc78c9783bb169efc3b738469503fe4001eb8a8c44ef35246da41d0ac7",1,0.0007,"25.1.0#86c50a1ea4f87b40add3064ff9df95c7553565c5","1.93.0","","","Generic,WithdrawFailed","execute",""
"414e06172b1a83ad55c8b7977e511eb26c4dd51b476d9c2c671f24e286aeb6d8",1,0.0007,"23.0.2#a97daf8b07cdf24e9bd45e344db51a21b9ea77d3","1.97.1","","","NoPailsProvided,NoHarvestablePails,NoFarmersProvided,PlantFailed,Unauthorized,NoWorkRequestsProvided","harvest,upgrade,get_admin,set_admin,batch_work,extend_ttl,batch_plant,__constructor",""
"419dd5f0be5fb08dfe387f76e120d1d722d683a0778f807cf6a2b55efcaa667f",0,0.0000,"21.6.0#f57d2454e520ae11dc9c8d55db610557a24a556e","1.80.0","","","AnotherActionActive,NoActionActive,ActionNotReadyYet","a,get_virtual_price,calc_token_amount,get_dy,remove_liquidity_imbalance,calc_withdraw_one_coin,withdraw_one_coin,set_privileged_addrs,get_privileged_addrs,ramp_a,stop_ramp_a,commit_new_fee,apply_new_fee,revert_new_parameters,kill_deposit,kill_swap,kill_claim,unkill_deposit,unkill_swap,unkill_claim,get_is_killed_deposit,get_is_killed_swap,get_is_killed_claim,initialize_all,pool_type,initialize,get_fee_fraction,share_id,get_total_shares,get_reserves,get_tokens,get_decimals,deposit,swap,estimate_swap,withdraw,get_info,version,commit_upgrade,apply_upgrade,revert_upgrade,set_emergency_mode,get_emergency_mode,upgrade_token_legacy,initialize_rewards_config,set_rewards_config,get_unused_reward,return_unused_reward,get_rewards_info,get_user_reward,checkpoint_reward,get_total_accumulated_reward,get_total_configured_reward,get_total_claimed_reward,claim,init_pools_plane,set_pools_plane,get_pools_plane,backfill_plane_data,commit_transfer_ownership,apply_transfer_ownership,revert_transfer_ownership,get_future_address",""
"41ae735d2312f50975f5b7c70c3f71c2a0785113014dc24e474c3f3688e6224f",1,0.0007,"23.0.2#a97daf8b07cdf24e9bd45e344db51a21b9ea77d3","1.89.0","","","Unauthorized,InvalidTickRange,InvalidLiquidity,InvalidAmount,InvalidSqrtPrice,InvalidFee,InvalidTickSpacing,TickOutOfBounds,PriceOutOfBounds,LiquidityOverflow,LiquidityUnderflow,DivisionByZero,MulDivOverflow,U128Overflow,I128Overflow,U64Overflow,U32Overflow,PoolNotInitialized,PoolAlreadyInitialized,PositionNotFound,InsufficientLiquidity,TickNotInitialized,TickNotSpacedCorrectly,PoolPaused,ObservationTooOld,TickLowerNotLessThanUpper,TickLowerTooLow,TickUpperTooHigh,InvalidPriceLimit,AmountShouldBeGreaterThanZero,NegativeAmount,InsufficientToken0,InsufficientToken1,InvalidFeeProtocol,ZeroPriceNotAllowed,ZeroLiquidityNotAllowed,OverflowInSqrtPriceCalculation,UnderflowInSqrtPriceCalculation,InsufficientRepayment0,InsufficientRepayment1,MustUseFlashExecutor,FlashNotLocked,IdenticalTokens,PoolAlreadyExists,FeeAmountAlreadyEnabled,InvalidFeeAmount,WasmHashNotApproved,PoolNotRegistered,UpgradesFrozen,UpgradesPermanentlyDisabled","__constructor,upgrade,migrate,version,schema_version,get_admin,transfer_admin,revoke_upgradeability,is_upgradeability_revoked,pause,unpause,is_paused,check_ticks,block_timestamp,initialize,swap,swap_prefunded,set_router_authorized,burn,collect,collect_protocol,flash_begin,flash_end,slot0,is_initialized,factory,token0,token1,fee,tick_spacing,flash_executor,get_protocol_fee_0,get_protocol_fee_1,get_tick_bitmap,liquidity,fee_growth_global_0_x128,fee_growth_global_1_x128,protocol_fees,ticks,get_position_fee_data,get_full_pool_state,get_pool_state_with_balances,snapshot_cumulatives_inside,observe_single,observe,poke_oracle,get_oracle_hints,get_checkpoint,get_oracle_status,mint,get_tick_bitmap_public,get_tick_bitmap_range_public,get_ticks_batch,quote_exact_input,quote_exact_output,positions","InitializeEvent,SwapEvent,MintEvent,BurnEvent,CollectEvent,CollectProtocolEvent,FlashBeginEvent,FlashEndEvent,UpgradedEvent,MigratedEvent,AdminTransferredEvent,UpgradeabilityRevokedEvent,PoolPausedEvent,PoolUnpausedEvent"
"421d827454e2f21ba709dca3d26fb1811309dbdb0cbd580f608de1a3691c3021",1,0.0007,"25.1.1#94c2a3b3a5ded6b9cf9cef0c207bf8804f3eb294","1.93.1","github:AquaToken/soroban-amm","","AnotherActionActive,NoActionActive,ActionNotReadyYet","swap,claim,deposit,version,get_info,get_pool,share_id,withdraw,get_plane,get_pools,pool_type,get_tokens,init_admin,remove_pool,get_reserves,swap_chained,apply_upgrade,contract_name,estimate_swap,get_liquidity,set_pool_hash,commit_upgrade,fill_liquidity,revert_upgrade,set_token_hash,get_user_reward,set_pools_plane,get_rewards_info,get_total_shares,set_reward_token,get_emergency_mode,get_future_address,get_rewards_config,init_standard_pool,set_emergency_mode,config_pool_rewards,get_total_liquidity,init_config_storage,get_privileged_addrs,init_stableswap_pool,set_privileged_addrs,config_global_rewards,get_tokens_for_reward,get_tokens_sets_count,set_rewards_gauge_hash,pool_gauge_switch_token,set_reward_boost_config,apply_transfer_ownership,get_liquidity_calculator,get_total_claimed_reward,pool_gauge_token_enabled,set_liquidity_calculator,set_stableswap_pool_hash,commit_transfer_ownership,get_protocol_fee_fraction,revert_transfer_ownership,set_protocol_fee_fraction,get_pools_for_tokens_range,pool_gauge_schedule_reward,configure_init_pool_payment,get_init_pool_payment_token,get_total_configured_reward,pool_gauge_get_min_duration,swap_chained_strict_receive,get_total_accumulated_reward,get_total_outstanding_reward,distribute_outstanding_reward,get_init_pool_payment_address,get_stable_pool_payment_amount,pool_gauge_get_min_daily_amount,get_standard_pool_payment_amount,pool_gauge_set_reward_thresholds",""
"4221b6435438dc3fbc901e19018544fc3ae394fc4f304c4cedcbe53f98df3e00",0,0.0000,"20.4.0#70b12eb8c6af0593888154700f0ef68897521708","1.75.0","","","Unimplemented,Initialized,Uninitialized,Unauthorized,InvalidArg,InvalidChainId,InvalidOtherChainId,GasUsageNotSet,BrokenAddress,NotFound,TokenInsufficientBalance,CastFailed,ZeroAmount,PoolOverflow,ZeroChanges,ReservesExhausted,InsufficientReceivedAmount,BalanceRatioExceeded,Forbidden,UnauthorizedStopAuthority,SwapProhibited,AmountTooLowForFee,BridgeToTheZeroAddress,EmptyRecipient,SourceNotRegistered,WrongDestinationChain,UnknownAnotherChain,TokensAlreadySent,MessageProcessed,NotEnoughFee,NoMessage,NoReceivePool,NoPool,UnknownAnotherToken,WrongByteLength,HasMessage,InvalidPrimarySignature,InvalidSecondarySignature,NoGasDataForChain","initialize,swap_and_bridge,receive_tokens,swap,stop_swap,start_swap,set_gas_oracle,set_stop_authority,set_rebalancer,set_messenger,set_gas_usage,register_bridge,add_bridge_token,remove_bridge_token,add_pool,withdraw_gas_tokens,withdraw_bridging_fee_in_tokens,has_processed_message,has_received_message,get_pool_address,get_config,get_stop_authority,get_transaction_cost,get_gas_usage,get_admin,get_gas_oracle,get_another_bridge,set_admin,upgrade",""
"42a37f1ec10e26d3f79e843dec86238367108a9e37c929aea5b909d2fb011097",1,0.0007,"21.7.7#5da789c50b18a4c2be53394138212fed56f0dfc4","1.88.0","","","Unimplemented,Initialized,Uninitialized,Unauthorized,InvalidArg,BrokenAddress,NotFound,Forbidden,CastFailed,TokenInsufficientBalance,U256Overflow,UnexpectedVecSize,ZeroAmount,PoolOverflow,ZeroChanges,NotEnoughAmount,InsufficientReceivedAmount,Slippage,InvalidFirstDeposit,PoolExist,IdenticalAddresses,MaxPoolsNumReached,InvalidNumberOfTokens","initialize,create_pool,set_admin,pool,pools,get_two_pool_wasm_hash,get_three_pool_wasm_hash,get_admin,update_two_pool_wasm_hash,update_three_pool_wasm_hash,upgrade",""
"42fd6030d6b18aaab193f3eedc0ce12b9df3cccc0de4cc0eb7cbe4afecad70e1",1,0.0007,"23.0.1#510d3feb724c2b01d7e7ab7652f03b9f8efc3f35","1.93.0-nightly","","","ImplNotSet,GovernorNotSet,Unauthorized,InvalidBootstrapAdmin,InvalidSwapRiskPolicy,InvalidValuationOracle","upgrade,get_arkas,create_arka,migrated_to,migrate_arka,set_governor,set_registry,migrated_from,last_wasm_hash,share_token_of,bootstrap_admin,create_and_init,set_creation_fee,get_implementation,set_implementation,set_bootstrap_admin,get_arkas_by_manager,clear_bootstrap_admin,get_protocol_treasury,set_protocol_treasury,bootstrap_admin_active,get_creation_fee_token,get_creation_fee_amount,get_default_swap_oracle,set_default_swap_oracle,set_protocol_fee_splits,clear_default_swap_oracle,get_protocol_mgmt_fee_bps,get_protocol_perf_fee_bps,set_share_impl_controlled,bootstrap_admin_expires_at,get_default_venue_registry,set_default_allowed_venues,set_default_venue_registry,get_default_allowed_routers,clear_default_venue_registry,get_default_allowed_adapters,get_default_swap_risk_policy,get_default_valuation_oracle,set_default_swap_risk_policy,set_default_valuation_oracle,set_implementation_controlled,clear_default_valuation_oracle,get_share_token_implementation,set_share_token_implementation",""
"4312612c5cc1dc46623efc553910096c2c2af9cd83b324cbd6068071ea28fcaf",1,0.0007,"26.0.0#e1bf74ba6c3ddb591593f5eb5dfb85458ff714c1","1.95.0","","","NotFound,NotActive,PeriodNotElapsed,MaxPeriodsReached,Expired,Unauthorized,InvalidConfig,AttesterNotSet,AttestationExpired","get,pause,cancel,charge,create,resume,autocharge,mark_expired,set_attester,__constructor,autocharge_attested",""
"431d7ce8e82945f0679faf9aaa59fd11412e722132429117e129d455e6075ca6",1,0.0007,"22.0.11#34f7f53ae31e0fd02aab436a9872e79fa671ca02","1.89.0","","","AlreadyInitialized,NotInitialized,InvalidAmount","initialize,record_tip,total_given,list_milestones,get_admin,get_token",""
"435fd892707dbc8470e9dd0b0f71ac0688c413a4c10cf2a0d0d70d587804388b",4,0.0027,"22.0.7#211569aa49c8d896877dfca1f2eb4fe9071121c8","1.86.0","","","AnotherActionActive,NoActionActive,ActionNotReadyYet","initialize_all,pool_type,initialize,share_id,get_total_shares,get_tokens,deposit,swap,estimate_swap,swap_strict_receive,estimate_swap_strict_receive,withdraw,get_reserves,get_fee_fraction,get_protocol_fee_fraction,get_info,set_privileged_addrs,get_privileged_addrs,kill_deposit,kill_swap,kill_claim,unkill_deposit,unkill_swap,unkill_claim,get_is_killed_deposit,get_is_killed_swap,get_is_killed_claim,set_protocol_fee_fraction,get_protocol_fees,claim_protocol_fees,version,contract_name,commit_upgrade,apply_upgrade,revert_upgrade,set_emergency_mode,get_emergency_mode,initialize_rewards_config,set_rewards_config,get_unused_reward,return_unused_reward,get_rewards_info,get_user_reward,checkpoint_reward,checkpoint_working_balance,get_total_accumulated_reward,get_total_configured_reward,adjust_total_accumulated_reward,get_total_claimed_reward,claim,gauge_add,gauge_remove,gauge_schedule_reward,kill_gauges_claim,unkill_gauges_claim,get_gauges,gauges_claim,gauges_get_reward_info,init_pools_plane,set_pools_plane,get_pools_plane,backfill_plane_data,commit_transfer_ownership,apply_transfer_ownership,revert_transfer_ownership,get_future_address,init_config_storage",""
"43b83ae4e5ae689f004278f936a8616a2add5e09bb1024e8830c7f266f464963",1,0.0007,"27.0.0#e5cb4b52c3da8e56fc48adfd7b85d85976c1a059","1.93.0","","","AlreadyInitialized,AdminCannotBeZero,FeeAccountCannotBeZero,ProfileContractCannotBeZero,InvalidFeeBps,NotInitialized,Unauthorized,NotAdmin,PendingRotationMismatch,PendingRotationExpired,TokenNotSupported,FeeAccountMissingTrustline,EventNotFound,EventNotActive,InvalidPillar,InvalidReleaseKind,InvalidDistribution,InvalidBudget,TitleTooLong,ApplicantAlreadyApplied,ApplicantNotApplied,SubmissionNotFound,SubmissionAlreadyExists,NoSubmissions,InvalidWinnerPosition,DuplicateWinnerPosition,DistributionMismatch,MilestoneAlreadyClaimed,InvalidMilestone,InsufficientEscrow,WinnersAlreadySelected,BelowMinimumContribution,InvalidContributionAmount,TooManyApplicants,OpAlreadySeen,TooManyContributors,CancellationNotStarted,CancellationAlreadyStarted,CancellationNotFinished,CancellationTotalMissing,UpgradeNotProposed,UpgradeTimelockNotElapsed,UpgradeProposalExpired,MigrationAlreadyApplied,Paused,EventIdOverflow,ProfileCallFailed,PrizeAlreadyClaimed","pause,submit,id_base,migrate,unpause,version,add_funds,get_admin,get_event,is_paused,set_admin,claim_prize,get_fee_bps,get_manager,get_winners,set_fee_bps,accept_admin,create_event,start_cancel,__constructor,apply_upgrade,get_winner_at,accept_manager,get_applicants,get_submission,select_winners,apply_to_bounty,claim_milestone,finalize_cancel,get_fee_account,propose_manager,propose_upgrade,set_fee_account,get_applicant_at,get_contributors,get_winner_count,get_winners_page,get_contributor_at,is_supported_token,supported_token_at,get_applicant_count,get_applicants_page,get_pending_manager,get_pending_upgrade,withdraw_submission,get_profile_contract,process_cancel_batch,set_profile_contract,withdraw_application,get_contributor_count,get_contributors_page,supported_token_count,cancel_pending_manager,cancel_pending_upgrade,get_contributor_amount,get_migrated_to_version,register_supported_token,deregister_supported_token","Paused,Applied,Migrated,Unpaused,Upgraded,Submitted,FundsAdded,WinnerPaid,AdminUpdated,EventCreated,FeeBpsUpdated,EventCancelled,ManagerChanged,UpgradeApplied,ManagerProposed,PendingAdminSet,TokenRegistered,WinnersSelected,MilestoneClaimed,FeeAccountUpdated,TokenDeregistered,ContributorRefunded,SubmissionWithdrawn,ApplicationWithdrawn,OwnerResidualRefunded,PendingUpgradeProposed,ProfileContractUpdated,PendingManagerCancelled,PendingUpgradeCancelled"
"43d8123c74240383636c61189d753c0cfd1980972d5b2126aa5738063bcb6c62",2,0.0014,"20.4.0#70b12eb8c6af0593888154700f0ef68897521708","1.88.0","","","Unimplemented,Initialized,Uninitialized,Unauthorized,InvalidArg,InvalidChainId,InvalidOtherChainId,GasUsageNotSet,BrokenAddress,NotFound,TokenInsufficientBalance,CastFailed,U256Overflow,ZeroAmount,PoolOverflow,ZeroChanges,ReservesExhausted,InsufficientReceivedAmount,BalanceRatioExceeded,Forbidden,UnauthorizedStopAuthority,SwapProhibited,AmountTooLowForFee,BridgeToTheZeroAddress,EmptyRecipient,SourceNotRegistered,WrongDestinationChain,UnknownAnotherChain,TokensAlreadySent,MessageProcessed,NotEnoughFee,NoMessage,NoReceivePool,NoPool,UnknownAnotherToken,WrongByteLength,HasMessage,InvalidPrimarySignature,InvalidSecondarySignature,NoGasDataForChain","initialize,send_message,receive_message,set_gas_usage,add_secondary_validator,remove_secondary_validator,set_primary_validator,set_admin,set_gas_oracle,set_other_chain_ids,withdraw_gas_tokens,get_config,has_sent_message,has_received_message,get_sent_message_sequence,get_gas_usage,get_transaction_cost,get_admin,get_gas_oracle,upgrade",""
"43f848b9d5368c9ea23c06a559357b633487844a3df14fa519ee832e83dbf8aa",1,0.0007,"22.0.8#f46e9e0610213bbb72285566f9dd960ff96d03d8","1.88.0","","","AlreadyInitialized,NotInitialized,StorageEntryNotFound,StorageEntryAlreadyExists,NoSigners,SignerAlreadyExists,SignerNotFound,SignerExpired,CannotRevokeAdminSigner,MatchingSignatureNotFound,SignatureVerificationFailed,InvalidProofType,NoProofsInAuthEntry,InsufficientPermissions,InsufficientPermissionsOnCreation,InvalidPolicy,InvalidTimeRange,InvalidNotAfterTime,NotFound","upgrade,__constructor,add_signer,update_signer,revoke_signer,is_deployed,__check_auth",""
"4435bfab3881f4e660592ee167fd0e6755674341ab371e1a3a36cc2df64a86b2",1,0.0007,"26.1.0#175aa41306f383057a8cdfc84b68d931664fc34e","1.93.0","","","InvalidAmount,InsufficientCredit,InsufficientTreasury,Overflow,ContractPaused","admin,debit,token,paused,balance,collect,deposit,treasury,withdraw,set_admin,set_paused,__constructor",""
"443a6c94e6b90901b66b7059c5b1609fe2a658c1c60fa91f7198bce73e7e2e09",1,0.0007,"23.4.1#e671b396f8bacf1370925f722df158b31c0baae5","1.92.0","","","NotGovernor,NotGovernorOrGuardian,ZeroAddress,InvalidParam,NotSigned,NotAllowed,CampaignDurationBelowHour,CampaignRewardTokenNotWhitelisted,CampaignRewardTooLow,CampaignAlreadyExists,CampaignDoesNotExist,InvalidOverride,InvalidReallocation,OperatorNotAllowed,InvalidLengths,NotUpgradeable","upgrade,set_fees,get_message,set_message,get_campaign,recover_fees,__constructor,get_fee_rebate,campaign_lookup,create_campaign,get_distributor,create_campaigns,get_default_fees,get_message_hash,accept_conditions,get_campaign_list,get_fee_recipient,get_reward_tokens,override_campaign,set_campaign_fees,set_fee_recipient,get_campaign_count,get_user_signature,compute_campaign_id,extend_contract_ttl,get_creator_balance,set_new_distributor,set_user_fee_rebate,get_campaign_operator,get_campaign_override,get_creator_allowance,revoke_upgradeability,decrease_token_balance,increase_token_balance,get_valid_reward_tokens,decrease_token_allowance,increase_token_allowance,toggle_campaign_operator,toggle_signing_whitelist,extend_campaign_ttl_batch,get_campaign_reallocation,get_access_control_manager,get_campaign_specific_fees,get_reward_token_min_amount,reallocate_campaign_rewards,get_user_signature_whitelist,set_reward_token_min_amounts,get_valid_reward_tokens_paged,get_campaign_list_reallocation,get_upgradeability_deactivated,get_campaign_overrides_timestamp","FeesSet,NewCampaign,MessageUpdated,CampaignOverride,FeeRebateUpdated,DistributorUpdated,FeeRecipientUpdated,CampaignReallocation,CreatorBalanceUpdated,UpgradeabilityRevoked,CampaignOperatorToggled,CampaignSpecificFeesSet,CreatorAllowanceUpdated,RewardTokenMinAmountUpdated,UserSigningWhitelistToggled,AccessControlManagerUpdated,SetRoot,SetClaimed,Paused,Unpaused"
"444a7b05af7a6ff2aa04543a028f474459633249de7430063b1ad5b15f6a2608",1,0.0007,"23.0.1#510d3feb724c2b01d7e7ab7652f03b9f8efc3f35","1.93.0-nightly","","","ImplNotSet,GovernorNotSet,Unauthorized,InvalidBootstrapAdmin,InvalidSwapRiskPolicy","upgrade,get_arkas,create_arka,migrated_to,migrate_arka,set_governor,set_registry,migrated_from,last_wasm_hash,share_token_of,bootstrap_admin,create_and_init,set_creation_fee,set_implementation,set_bootstrap_admin,get_arkas_by_manager,clear_bootstrap_admin,get_protocol_treasury,set_protocol_treasury,bootstrap_admin_active,get_creation_fee_token,get_creation_fee_amount,get_default_swap_oracle,set_default_swap_oracle,set_protocol_fee_splits,clear_default_swap_oracle,get_protocol_mgmt_fee_bps,get_protocol_perf_fee_bps,set_share_impl_controlled,bootstrap_admin_expires_at,get_default_venue_registry,set_default_allowed_venues,set_default_venue_registry,get_default_allowed_routers,clear_default_venue_registry,get_default_allowed_adapters,get_default_swap_risk_policy,set_default_swap_risk_policy,set_implementation_controlled,get_share_token_implementation,set_share_token_implementation",""
"444e1de68df8e110fa1b0ae430bcabe9c5f9438b3ce08c32ebd9558926d79a90",1,0.0007,"26.1.0#175aa41306f383057a8cdfc84b68d931664fc34e","1.96.0","","","AlreadyInitialized,NotInitialized,InvalidFee,QuestAlreadyExists,QuestNotFound,InvalidStatus,InvalidReward,InvalidDeadline,InvalidReviewWindow,InvalidQuestId,NavigatorCannotTake,NotQuestScout,CompletionDeadlinePassed,CompletionDeadlineNotPassed,ReviewWindowStillActive,InsufficientFeeBalance,Overflow,ContractPaused","upgrade,version,get_quest,set_admin,get_config,initialize,set_paused,take_quest,cancel_quest,create_quest,submit_proof,claim_expired,withdraw_fees,reopen_expired,get_fee_balance,reject_submission,approve_submission,claim_after_review","QuestTaken,AdminChanged,PauseToggled,QuestCreated,QuestExpired,FeesWithdrawn,QuestReopened,RewardClaimed,ProofSubmitted,QuestCancelled,ContractUpgraded,SubmissionApproved,SubmissionRejected"
"44647fcfe0b51bc742d79dbf8d7e68faf644194087d7b76c158cab5af0d0abfd",0,0.0000,"25.3.1#e50d95af029c83196dd122f0154bac3f1302394b","1.93.0","","","NotInitialized,AlreadyRegistered,DomainExpired,NotOwner,InvalidName,InvalidDuration,InsufficientPayment,DomainNotFound,Unauthorized,SubdomainLimitReached,ProductionLocked,GracePeriodActive,NotExpired,MarketplaceNotSet,BelowFloorPrice,TooManyRecords,NftNotFound,NotApproved,ApprovalExpired,RegistrationsPaused","name,renew,symbol,approve,balance,resolve,upgrade,owner_of,register,transfer,get_price,set_admin,token_uri,early_exit,extend_ttl,gift_renew,initialize,set_status,fix_pricing,set_records,get_approved,get_token_id,is_available,nft_transfer,set_base_uri,total_minted,expire_domain,set_subdomain,transfer_from,get_node_count,approve_for_all,reverse_resolve,set_marketplace,set_ustry_token,get_pause_status,get_vault_shares,set_aquarius_pool,get_operator_wallet,is_approved_for_all,set_aquarius_router,set_operator_wallet,marketplace_transfer,get_domain_attributes,set_pause_registrations","NftMintEvent,EarlyExitEvent,NftApproveEvent,NftTransferEvent,DomainExpiredEvent,DomainRenewedEvent,RecordUpdatedEvent,RegistryPauseEvent,StatusChangedEvent,DomainRegisteredEvent,NftApproveForAllEvent,DomainTransferredEvent,MarketplaceTransferEvent"
"448d2c5e1921a9d3fe349b6e40b93b3ebc9cbf38d427145419e0f787cb71cd4a",2,0.0014,"23.5.2#347f71141ddf69ef1873527c94ac98e79215f125","1.89.0","","","Unauthorized,NotAdmin,AlreadyPinner,NotPinner,PinnerInactive,NoSlotsAvailable,SlotNotActive,SlotExpired,SlotNotExpired,AlreadyClaimed,SlotFilled,NotSlotPublisher,InvalidSlotId,DuplicateCid,AlreadyFlagged,InsufficientPinQty,PinQtyExceedsMax,OfferPriceTooLow,OfferOverflow,InvalidCid,InvalidAmount,InvalidString,InsufficientFunds,TransferFailed,CannotRemoveInitialAdmin","__constructor,create_pin,collect_pin,cancel_pin,clear_expired_slot,force_clear_slot,symbol,pin_fee,join_fee,min_pin_qty,min_offer_price,max_cycles,flag_threshold,pinner_stake_amount,fees_collected,balance,pay_token,get_slot,get_all_slots,has_available_slots,current_epoch,is_slot_expired,add_admin,remove_admin,is_admin,get_admin_list,withdraw_fees,update_pin_fee,update_join_fee,update_min_pin_qty,update_min_offer_price,update_max_cycles,update_flag_threshold,update_pinner_stake,fund_contract,join_as_pinner,update_pinner,leave_as_pinner,remove_pinner,is_pinner,get_pinner,get_pinner_count,flag_pinner",""
"450a59a3452072b688b113ff326f21ef90e2f6b52bd9c07e382e0fb5beb2677c",1,0.0007,"23.5.3#d3e1ab2424388b10893b796b0c8e405c5edd03d2","1.90.0","","","AlreadyInitialized,AdminCannotBeZero,FeeAccountCannotBeZero,ProfileContractCannotBeZero,InvalidFeeBps,NotInitialized,Unauthorized,NotAdmin,PendingAdminMismatch,PendingAdminExpired,TokenNotSupported,FeeAccountMissingTrustline,EventNotFound,EventNotActive,InvalidPillar,InvalidReleaseKind,InvalidDistribution,InvalidBudget,DeadlineRequired,DeadlinePassed,DeadlineMustBeFuture,TitleTooLong,ApplicantAlreadyApplied,ApplicantNotApplied,SubmissionNotFound,SubmissionAlreadyExists,InsufficientCredits,NoSubmissions,InvalidWinnerPosition,DuplicateWinnerPosition,DistributionMismatch,MilestoneAlreadyClaimed,InvalidMilestone,InsufficientEscrow,WinnersAlreadySelected,BelowMinimumContribution,InvalidContributionAmount,TooManyApplicants,OpAlreadySeen,TooManyContributors,CancellationNotStarted,CancellationAlreadyStarted,CancellationNotFinished,UpgradeNotProposed,UpgradeTimelockNotElapsed,UpgradeProposalExpired,MigrationAlreadyApplied,Paused,ProfileCallFailed","__constructor,set_admin,accept_admin,set_fee_bps,set_fee_account,set_profile_contract,pause,unpause,propose_upgrade,apply_upgrade,cancel_pending_upgrade,migrate,register_supported_token,deregister_supported_token,is_supported_token,supported_token_count,supported_token_at,create_event,start_cancel,process_cancel_batch,finalize_cancel,add_funds,apply_to_bounty,withdraw_application,submit,withdraw_submission,select_winners,set_manager,get_manager,claim_milestone,get_event,get_submission,get_applicants,get_applicant_count,get_applicant_at,get_winners,get_winner_count,get_winner_at,get_contributors,get_contributor_count,get_contributor_at,get_contributor_amount,get_admin,get_fee_bps,get_fee_account,get_profile_contract,is_paused,version,get_pending_upgrade,get_migrated_to_version,id_base","EventCreated,EventCancelled,FundsAdded,ContributorRefunded,OwnerResidualRefunded,Applied,ApplicationWithdrawn,Submitted,SubmissionWithdrawn,WinnersSelected,WinnerPaid,MilestoneClaimed,TokenRegistered,TokenDeregistered,AdminUpdated,PendingAdminSet,FeeAccountUpdated,FeeBpsUpdated,ProfileContractUpdated,Paused,Unpaused,Upgraded,PendingUpgradeProposed,PendingUpgradeCancelled,UpgradeApplied,Migrated"
"4536723b074aa9290d5b79a69ff8dff0eb0804183dbb2b340850564b293c9928",44,0.0300,"22.0.8#f46e9e0610213bbb72285566f9dd960ff96d03d8","1.89.0","","","AlreadyInitialized,NotInitialized,AccountInitializationFailed,StorageEntryNotFound,StorageEntryAlreadyExists,NoSigners,SignerAlreadyExists,SignerNotFound,SignerExpired,CannotRevokeAdminSigner,CannotDowngradeLastAdmin,MaxSignersReached,MatchingSignatureNotFound,SignatureVerificationFailed,InvalidProofType,NoProofsInAuthEntry,ClientDataJsonIncorrectChallenge,InvalidWebauthnClientDataJson,InsufficientPermissions,InsufficientPermissionsOnCreation,InvalidPolicy,InvalidTimeRange,InvalidNotAfterTime,PolicyClientInitializationError,PluginNotFound,PluginAlreadyInstalled,PluginInitializationFailed,PluginOnAuthFailed,NotFound","upgrade,__constructor,add_signer,update_signer,revoke_signer,get_signer,has_signer,install_plugin,uninstall_plugin,is_plugin_installed,is_deployed,__check_auth",""
"4543550801aa3abc720fefef77df55d0c04f227aea569e280fefe709bb63bf8a",0,0.0000,"22.0.6#0c47dcfa187069d241f11fb082730f667b55e802","1.87.0","","","AnotherActionActive,NoActionActive,ActionNotReadyYet","a,get_virtual_price,calc_token_amount,get_dy,get_dx,remove_liquidity_imbalance,calc_withdraw_one_coin,withdraw_one_coin,set_privileged_addrs,get_privileged_addrs,ramp_a,stop_ramp_a,commit_new_fee,apply_new_fee,revert_new_parameters,kill_deposit,kill_swap,kill_claim,unkill_deposit,unkill_swap,unkill_claim,get_is_killed_deposit,get_is_killed_swap,get_is_killed_claim,set_protocol_fee_fraction,get_protocol_fees,claim_protocol_fees,initialize_all,pool_type,initialize,get_fee_fraction,get_protocol_fee_fraction,share_id,get_total_shares,get_reserves,get_tokens,get_decimals,deposit,swap,estimate_swap,swap_strict_receive,estimate_swap_strict_receive,withdraw,get_info,version,commit_upgrade,apply_upgrade,revert_upgrade,set_emergency_mode,get_emergency_mode,upgrade_token_legacy,initialize_rewards_config,initialize_boost_config,set_reward_boost_config,set_rewards_config,get_unused_reward,return_unused_reward,get_rewards_info,get_user_reward,checkpoint_reward,checkpoint_working_balance,get_total_accumulated_reward,get_total_configured_reward,get_total_claimed_reward,claim,init_pools_plane,set_pools_plane,get_pools_plane,backfill_plane_data,commit_transfer_ownership,apply_transfer_ownership,revert_transfer_ownership,get_future_address",""
"454f71c4e0210bc28fb470d7f42e47c5de014fc5197759feacd3e53265f87c6a",1,0.0007,"25.3.0#dcbea44513feb7734af6b6c4aced2c4a7a2715d0","1.96.0","","","NotInitialized,RootAlreadySet,InvalidClaimBalance,AlreadyClaimed,InvalidProof,RewardTokenNotWithdrawable","upgrade,set_admin,op_claimed,reward_token,__constructor,claim_op_epoch,op_merkle_root,claim_op_epochs,verify_op_claim,set_reward_token,emergency_withdraw,distribute_op_rewards","Claimed,EmergencyWithdrawn,RewardsDistributed,RewardTokenUpdated"
"45644c8ee251d9188a2c8ec847c8835cf04b24e7be210574c07c681dc580ecd1",1,0.0007,"22.0.11#34f7f53ae31e0fd02aab436a9872e79fa671ca02","1.95.0","","","NotInitialized,AlreadyInitialized,InvoiceNotFound,InvoiceAlreadyPaid,InvoiceExpired,InvoiceCancelled,Unauthorized,InvalidAmount,InvalidExpiry,InsufficientBalance,IdentityNotFound,UsernameAlreadyTaken,InvalidUsername","support,get_stats,initialize,get_invoice,pay_invoice,get_identity,set_identity,cancel_invoice,create_invoice,get_support_payment,get_merchant_balance,get_merchant_invoices,get_received_supports,get_identity_by_username",""
"459b2dbe13afadda4b742d6c3d19bfc0e5fdecd0f12d5bb096685bacf805ef41",1,0.0007,"22.0.5#25daaf397971f2c15fd2a5fd0a9967020a19cfcb","1.84.0","","","NotFound,NotEmpty,DIDIncorrectLength,DIDIncorrectScheme,DIDIncorrectMethod","register_did,check_authorize",""
"45aa1454dbc1deebb3450add5d9eaf91c2f9130acf5e49d7e2ad1933c676e1e4",1,0.0007,"25.3.1#e50d95af029c83196dd122f0154bac3f1302394b","1.91.0","","","AlreadyInitialized,NotInitialized,Unauthorized,Paused,InvalidAmount,InvalidLeverage,InsufficientLiquidity,PositionNotFound,PositionNotOpen,NotLiquidatable,InvalidBatch,InvalidPrice,InvalidEstimate,Slippage,Arithmetic,WithdrawalLocked,MarketNotFound,MarketDisabled,InvalidPool,PoolSwapDisabled,PoolEmergencyMode,PositionTooLarge,SwapAccountingMismatch,RateConfigNotFound,MaxUtilizationExceeded,InvalidClosePercentage,PartialCloseTooSmall,PartialCloseLeavesUnsafePosition,InsufficientPositionEquity,UnsafeMarketMutation,InvalidPositionParameter","upgrade,get_pool,get_risk,open_long,add_margin,get_market,open_short,set_market,set_paused,get_position,__constructor,get_lp_shares,close_position,get_borrow_rate,get_lp_position,preview_position,deposit_liquidity,get_global_config,get_open_position,preview_add_margin,set_market_enabled,withdraw_liquidity,execute_liquidation,get_position_states,get_interest_rate_config,set_interest_rate_config","AddMarginEvent,OpenPositionEvent,ClosePositionEvent,LiquidityDepositEvent,LiquidityWithdrawalEvent,PositionLiquidationEvent"
"45b1cc1238cc3619511ce59e22bfd9fd16878370c44c6e80f34e66f90fd6e3c2",1,0.0007,"23.4.0#673d6c4f2368d282d25da29bda55c21b8be69ca6","1.90.0","","","GameNotFound,NotPlayer,AlreadyCommitted,NotCommitted,AlreadyRevealed,InvalidAllocation,CommitmentMismatch,NotAllCommitted,NotAllRevealed,GameAlreadyEnded,CommitTimeout,RevealTimeout,GameNotReadyToResolve,GameNotOpen,CannotJoinOwnGame,NotGameCreator,InsufficientWager","__constructor,create_game,join_game,cancel_game,get_open_games,commit,reveal,resolve,claim_timeout,get_game,compute_commitment,get_admin,set_admin,get_ohloss,set_ohloss,cleanup_open_games,upgrade",""
"45c3d18dc88545eabb70365c88e0fe542cfcad352dff66cdb43ab4954db434b0",1,0.0007,"25.3.0#dcbea44513feb7734af6b6c4aced2c4a7a2715d0","1.96.0","","","AlreadyInitialized,NotInitialized,OperationNotFound,OperationFinished,OperationNotStarted,OperationAlreadyStarted,OperationCanceled,OperationPaused,PredepositsClosed,TooManyShares,InvalidShares,InvalidAmount,Blacklisted,NonceAlreadyUsed,BatchTooLarge,InvalidBatchLen,OperationNotFinished,AlreadyWithdrawn,NoParticipation,NoOpLendBalance,SelfTargetNotAllowed,OracleNoPrice,OracleInvalidPrice,OracleStalePrice","usdc,gifted,invest,upgrade,blacklist,initialize,operations,predeposit,blacklisted,fiat_invest,predeposits,refund_user,usdc_raised,get_amount_in,get_operation,pause_funding,withdraw_usdc,funding_paused,get_amount_out,gift_op_tokens,usdc_withdrawn,claim_op_tokens,claimable_total,operation_count,set_predeposits,start_operation,cancel_operation,create_operation,funding_progress,predeposits_open,operation_started,oplend_admin_burn,batch_refund_users,operation_canceled,transfer_ownership,set_oplend_wasm_hash,claim_op_tokens_batch,is_operation_finished,oplend_whitelist_user,update_backend_signer,update_oracle_address,usdc_raised_per_client,oplend_update_backend_signer","Gifted,Invested,Refunded,Predeposit,InvestedFiat,ClaimedOpToken,OperationPaused,PredepositsOpen,OperationCreated,OperationResumed,OperationStarted,OperationCanceled,OperationFinished,PredepositsClosed"
"4602c2c29cc61b2a239c45fbf43e12b3d430d765ca33fa298ddab73e99cd3148",2,0.0014,"22.0.11#34f7f53ae31e0fd02aab436a9872e79fa671ca02","1.97.1","","","NotMember,AlreadyMember,AlreadyRequested,NoPendingRequest,AlreadyResolved,AlreadyVoted","settle,top_up,get_pot,has_won,get_phase,get_state,graduates,place_bid,contribute,get_config,get_history,get_members,get_settled,claim_payout,is_completed,request_join,vote_on_join,apply_upgrade,get_claimable,health_factor,__constructor,cancel_upgrade,resolve_period,get_current_bid,lock_collateral,pending_upgrade,propose_upgrade,get_join_request,get_pending_joins,required_collateral,withdraw_collateral,collateral_unlock_at",""
"46d57af43dbdb228a6eea4f2fb5144e240927109dc993e91048e7cab34e3e189",1,0.0007,"22.0.11#34f7f53ae31e0fd02aab436a9872e79fa671ca02","1.95.0","","","NotInitialized,AlreadyInitialized,Unauthorized,InsufficientStake,AlreadyInCircle,CircleNotFound,CircleFull,CircleNotActive,NotInCircle,AlreadyHasActiveLoan,AmountExceedsLimit,LoanNotFound,LoanAlreadyApproved,LoanNotApproved,LoanAlreadyDisbursed,LoanNotDisbursed,LoanAlreadyRepaid,NotBorrower,InsufficientBalance,AccountFrozen,InvalidAmount,InvalidPurpose,InvalidName,LoanNotOverdue","upgrade,withdraw,get_admin,initialize,repay_loan,join_circle,approve_loan,is_demo_mode,request_loan,create_circle,set_demo_mode,get_loan_count,get_user_loans,get_user_stats,get_trust_score,is_loan_overdue,get_circle_count,get_loan_details,penalize_default,unfreeze_account,deposit_liquidity,get_interest_rate,get_circle_details,get_max_loan_amount,get_contract_balance,set_demo_loan_duration,get_circle_average_score",""
"474ff2174f5c88d1a4839b6c6a379432d6b49e6e6794ed670d5ac7e448d0e70c",1,0.0007,"23.4.0#673d6c4f2368d282d25da29bda55c21b8be69ca6","1.92.0","","","Unauthorized,PathIsEmpty,TokensNotSorted,DuplicatesNotAllowed,ValueNotInitialized,AlreadyInitialized,UnknownProtocol,OutMinNotSatisfied,InMaxNotSatisfied,FeeFractionTooHigh,RouterInvalidOutput","init,swap,upgrade,version",""
"48005632b669de43afe4d2634aa870c4ba45a80f5ad321643ae361ad97e9628b",1,0.0007,"26.1.0#175aa41306f383057a8cdfc84b68d931664fc34e","1.96.0","","","AlreadyInitialized,AlreadyRegistered,NotRegistered,InvalidScore","admin,signer,register,get_score,set_signer,__constructor,is_registered,publish_score,get_repayments,record_repayment","Registered,ScorePublished,RepaymentRecorded"
"48203f559ddee678805f2c09ce04fd3fcfa3194494f97defbb569c09a78b7c01",1,0.0007,"21.7.6#c6cca8f8cf75618c24ceb5d9ffdfe735486ae1e9","1.81.0","","","FailedToGetRecord,AddressMismatch,NotImplemented,FailedToPayFee","set_config,upgrade,set,get",""
"486eace687feaf5c54dce048e0992744c75f85881b44839d408332ab3ee7142b",1,0.0007,"26.1.0#175aa41306f383057a8cdfc84b68d931664fc34e","1.96.1","","","AlreadyInitialized,NotInitialized,AuctionNotFound,NotOpen,NotClosed,NotSettled,DeadlinePassed,DeadlineNotReached,AuctionFull,InvalidProof,BadPublicInputs,AlreadyClaimed,InsufficientCollateral,InvalidParams,InvalidSlot","claim,close,count,get_vk,settle,commit_bid,initialize,get_auction,create_auction,verify_clearing",""
"48705b6cc769672cb7690fde75ab8b68a73525cba2c0ec4366d159dda2cdec16",1,0.0007,"23.4.1#e671b396f8bacf1370925f722df158b31c0baae5","1.94.0","","","AlreadyInitialized,Unauthorized,RoundNotFound,OptionNotFound,RoundNotActive,AlreadyVoted,NotEligible,ReputationQueryFailed,OptionNotInRound,EmptyTitle,InvalidLedgerRange,RoundAlreadyEnded,RoundNotYetEnded,ReputationContractNotSet,InvalidFundAmount","get_vote,has_role,cast_vote,get_admin,get_round,add_option,admin_role,get_option,grant_role,close_round,record_vote,revoke_role,create_round,__constructor,recorder_role,renounce_role,get_role_admin,get_voter_tier,renounce_admin,set_role_admin,get_role_member,get_voter_count,get_round_status,get_next_round_id,get_next_option_id,transfer_admin_role,accept_admin_transfer,get_role_member_count,get_reputation_contract,set_reputation_contract","VoteCastEvent,OptionAddedEvent,RoundClosedEvent,RoundCreatedEvent,RoleGranted,RoleRevoked,AdminRenounced,RoleAdminChanged,AdminTransferCompleted,AdminTransferInitiated,OwnershipTransfer,OwnershipRenounced,OwnershipTransferCompleted"
"48b1ba3e9747c46fc155cd841a16faf6a82eabba83503c85827901c3dcd53982",0,0.0000,"23.1.0#7456be9d91fe1f4cb070fc2732bac78244ce6c3f","1.91.0","","","GameNotFound,GameAlreadyStarted,NotPlayer,AlreadyGuessed,BothPlayersNotGuessed,GameAlreadyEnded,NotInitialized,AlreadyInitialized,NotAdmin","upgrade,get_game,make_guess,start_game,__constructor,reveal_winner",""
"48b28121451497952c1c35d58d4556f315a5b468ccde9fcd03f510aefa07c117",54,0.0369,"23.0.2#a97daf8b07cdf24e9bd45e344db51a21b9ea77d3","1.89.0","","","Unauthorized,InvalidTickRange,InvalidLiquidity,InvalidAmount,InvalidSqrtPrice,InvalidFee,InvalidTickSpacing,TickOutOfBounds,PriceOutOfBounds,LiquidityOverflow,LiquidityUnderflow,DivisionByZero,MulDivOverflow,U128Overflow,I128Overflow,U64Overflow,U32Overflow,PoolNotInitialized,PoolAlreadyInitialized,PositionNotFound,InsufficientLiquidity,TickNotInitialized,TickNotSpacedCorrectly,PoolPaused,ObservationTooOld,TickLowerNotLessThanUpper,TickLowerTooLow,TickUpperTooHigh,InvalidPriceLimit,AmountShouldBeGreaterThanZero,NegativeAmount,InsufficientToken0,InsufficientToken1,InvalidFeeProtocol,ZeroPriceNotAllowed,ZeroLiquidityNotAllowed,OverflowInSqrtPriceCalculation,UnderflowInSqrtPriceCalculation,InsufficientRepayment0,InsufficientRepayment1,MustUseFlashExecutor,FlashNotLocked,IdenticalTokens,PoolAlreadyExists,FeeAmountAlreadyEnabled,InvalidFeeAmount,WasmHashNotApproved,PoolNotRegistered,UpgradesFrozen,UpgradesPermanentlyDisabled","__constructor,upgrade,migrate,version,schema_version,get_admin,transfer_admin,revoke_upgradeability,is_upgradeability_revoked,pause,unpause,is_paused,check_ticks,block_timestamp,initialize,swap,swap_prefunded,set_router_authorized,burn,collect,collect_protocol,flash_begin,flash_end,slot0,is_initialized,factory,token0,token1,fee,tick_spacing,flash_executor,get_protocol_fee_0,get_protocol_fee_1,get_tick_bitmap,liquidity,fee_growth_global_0_x128,fee_growth_global_1_x128,protocol_fees,ticks,get_position_fee_data,get_full_pool_state,get_pool_state_with_balances,snapshot_cumulatives_inside,observe_single,observe,poke_oracle,poke_oracle_with_hints,get_oracle_hints,get_checkpoint,get_oracle_status,mint,get_tick_bitmap_public,get_tick_bitmap_range_public,get_ticks_batch,quote_exact_input,quote_exact_output,positions","InitializeEvent,SwapEvent,MintEvent,BurnEvent,CollectEvent,CollectProtocolEvent,FlashBeginEvent,FlashEndEvent,UpgradedEvent,MigratedEvent,AdminTransferredEvent,UpgradeabilityRevokedEvent,PoolPausedEvent,PoolUnpausedEvent"
"48db45d194bd080647920f35fceaf97ef49598f0138c82ca63470c7fa2b5f1c9",0,0.0000,"22.0.6#0c47dcfa187069d241f11fb082730f667b55e802","1.87.0","","","AnotherActionActive,NoActionActive,ActionNotReadyYet","__constructor,set_total_supply,total_supply,set_privileged_addrs,get_privileged_addrs,commit_transfer_ownership,apply_transfer_ownership,revert_transfer_ownership,get_future_address,version,commit_upgrade,apply_upgrade,revert_upgrade,set_emergency_mode,get_emergency_mode",""
"495aedd61bd946908dc481745fc91e58e6ee96796c82196da07ba58be0fd90a2",1,0.0007,"21.7.6#c6cca8f8cf75618c24ceb5d9ffdfe735486ae1e9","1.85.0","","","OwnerOrAdminOnly,ContractNotInitialized,InsufficientBalance,IndexOutOfBound,SameOwner,DataNotFound,AlreadyInitialized,OwnerOnly,NoPendingOwnershipTransfer,ProtocolFeeTooHigh,ReferrerFeeTooHigh","initialize,create_round,get_rounds,upgrade,transfer_ownership,accept_ownership,cancel_ownership_transfer,get_config,owner_set_default_page_size,owner_set_protocol_fee_config,change_kyc_wl_list_id,set_voting_period,set_expected_amount,set_minimum_deposit,set_admins,apply_to_round,review_application,deposit_to_round,vote,get_pairs_to_vote,flag_voters,unflag_voters,get_voting_results_for_round,process_payouts,get_votes_for_round,can_vote,get_round,is_voting_live,is_application_live,get_applications_for_round,get_application,is_payout_done,user_has_vote,add_approved_project,remove_approved_project,whitelist_status,blacklist_status,get_all_pairs_for_round,get_pair_by_index,set_number_of_votes,transfer_round_ownership,admins,unapply_from_round,update_applicant_note,set_applications_config,update_round,delete_round,apply_to_round_batch,get_payouts_for_round,set_payouts,set_round_complete,challenge_payouts,remove_payouts_challenge,update_payouts_challenge,remove_resolved_challenges,get_payouts,get_payout,redistribute_vault,get_deposits_for_round,set_cooldown_config,set_compliance_config,blacklisted_voters,set_redistribution_config,get_my_vote_for_round,get_voted_rounds,get_challenges_payout,flag_project,unflag_project,get_approved_projects",""
"496c8de552f3cf9847df78e89efbd9792cb8868e942b91ed4b04287b45bb8306",1,0.0007,"25.1.1#94c2a3b3a5ded6b9cf9cef0c207bf8804f3eb294","1.93.1","github:AquaToken/soroban-amm","","AnotherActionActive,NoActionActive,ActionNotReadyYet","version,total_supply,__constructor,apply_upgrade,contract_name,commit_upgrade,revert_upgrade,set_total_supply,get_emergency_mode,get_future_address,set_emergency_mode,get_privileged_addrs,set_privileged_addrs,apply_transfer_ownership,commit_transfer_ownership,revert_transfer_ownership",""
"497adb62a98134658ab04edb8a7a4dd9b008432bfa5c0a38f8ec95cc07f5fe83",2,0.0014,"26.0.1#f52b6aad85f18c5e312ff3f60e57cb613274e6bb","1.95.0","","","AlreadyInitialized,NotInitialized,PolicyNotFound,PolicyRevoked,PolicyExpired,AmountExceedsCap,PeriodNotElapsed,AuthContextUnsupported,SignatureInvalid,InvalidConfig,SessionNotFound,SessionRevoked,SessionExpired,WindowCapExceeded,RecipientNotAllowed,EmptyAllowlist,SessionExists,ExceedsAbsoluteCeiling","init,get_policy,__check_auth,__constructor,revoke_policy,install_policy,get_agent_session,revoke_agent_session,install_agent_session",""
"4a1e72b23ea9d6bfcf9d6538d3fb1db7ebbc5585bfaf54694e630339272d4c5e",2,0.0014,"25.3.0#dcbea44513feb7734af6b6c4aced2c4a7a2715d0","1.95.0","github:AquaToken/soroban-amm","","AnotherActionActive,NoActionActive,ActionNotReadyYet","version,init_admin,apply_upgrade,contract_name,get_liquidity,commit_upgrade,revert_upgrade,get_pools_plane,set_pools_plane,get_emergency_mode,get_future_address,set_emergency_mode,apply_transfer_ownership,commit_transfer_ownership,revert_transfer_ownership",""
"4a3329270fc185a84179f85c6f7e3932e78af3dc3d25e6bbb63d0d065f607dd3",1,0.0007,"23.1.0#7456be9d91fe1f4cb070fc2732bac78244ce6c3f","1.91.0","","","GameNotFound,GameAlreadyStarted,NotPlayer,AlreadyGuessed,BothPlayersNotGuessed,GameAlreadyEnded,NotInitialized,AlreadyInitialized,NotAdmin","upgrade,get_game,make_guess,start_game,__constructor,reveal_winner","GuessMadeEvent,GameStartedEvent,WinnerRevealedEvent"
"4a3572f0356a0a498972feebb05ddf58afead367ad4b82468d220f7aa9d5b2a6",1,0.0007,"22.0.11#34f7f53ae31e0fd02aab436a9872e79fa671ca02","1.96.0","","","AlreadyInitialized,NotInitialized,SplitInvariant,Expired","init,usdc,settle,fee_recipient",""
"4a64c8c8502df326f4ce06d98998dc7d8a61575a11d6c0fbd4c60d10dfe28ffa",0,0.0000,"20.2.0#6e198b79a51c48ccc8f22b02dcc4046d8cb7a887","1.74.1","","","AlreadyInitialized,Unauthorized,AssetMissing,AssetAlreadyExists,InvalidConfigVersion,InvalidTimestamp,InvalidUpdateLength,AssetLimitExceeded","base,decimals,resolution,period,assets,last_timestamp,price,lastprice,prices,x_last_price,x_price,x_prices,twap,x_twap,version,admin,config,bump,add_assets,set_period,set_price,update_contract",""
"4a77259bbe07ebf9e018cd5a38820b3b4258a145aae858adac96fa876a7c4b04",1,0.0007,"26.1.0#175aa41306f383057a8cdfc84b68d931664fc34e","1.96.0","","","AlreadyInitialized,NotInitialized,FactoryNotSet,NotAuthorized","record,upgrade,get_score,set_admin,initialize,set_factory,is_authorized,authorize_circle","Recorded,AdminChanged"
"4acb9e28ace562b94a015af39d246e6ae3954ce71d6c16614870bd57366b24f7",0,0.0000,"27.0.6#60926a20d1f9f0a669d5fe551636f42a1302f0c0","1.93.1","","","InvalidBackupTime,InvalidTarget,InvalidMaxAge,InvalidAmount,AlreadyUnlocked,StillLocked,OracleUnavailable,OracleStale,OracleTimestampInvalid,EmptyVault","owner,price,token,oracle,balance,deposit,max_age,withdraw,backup_at,target_price,__constructor,is_unlockable",""
"4c3391edc0e03a736383441e624964f3bf9c5927b2e3e6f183c2ed459fb4ca1d",1,0.0007,"22.0.8#f46e9e0610213bbb72285566f9dd960ff96d03d8","1.92.0","","","NotInitialized,AlreadyInitialized,NotAdmin,NotOwner,CategoryNotFound,CategoryDisabled,ListingNotFound,NotSeller,NotVerifier,NotVerified,InvalidPrice,TransferFailed,MetadataTooLarge,ImageTooLarge,OwnershipVerificationFailed","buy_asset,initialize,get_listing,add_category,add_verifier,get_category,update_price,get_all_sales,cancel_listing,create_listing,verify_listing,get_sale_record,remove_verifier,update_category,update_resolver,update_treasury,get_all_categories,get_asset_metadata,set_asset_metadata,get_active_listings,get_active_with_nft,get_seller_listings,get_listing_with_nft,get_category_listings,get_category_with_nft",""
"4c46701d2486b53421b30a6c6cd9cccd977567e490066306b723cd265a0c5ec3",0,0.0000,"22.0.6#0c47dcfa187069d241f11fb082730f667b55e802","1.87.0","","","AnotherActionActive,NoActionActive,ActionNotReadyYet","pool_type,get_info,get_pool,share_id,get_total_shares,get_reserves,deposit,swap,estimate_swap,withdraw,get_liquidity,get_liquidity_calculator,set_liquidity_calculator,version,commit_upgrade,apply_upgrade,revert_upgrade,set_emergency_mode,get_emergency_mode,init_admin,set_privileged_addrs,get_privileged_addrs,set_token_hash,set_pool_hash,set_stableswap_pool_hash,set_rewards_gauge_hash,configure_init_pool_payment,get_init_pool_payment_token,get_init_pool_payment_address,get_stable_pool_payment_amount,get_standard_pool_payment_amount,set_reward_token,set_reward_boost_config,set_protocol_fee_fraction,get_rewards_config,get_tokens_for_reward,get_total_liquidity,config_global_rewards,fill_liquidity,config_pool_rewards,get_rewards_info,get_user_reward,get_total_accumulated_reward,get_total_configured_reward,get_total_claimed_reward,get_total_outstanding_reward,distribute_outstanding_reward,claim,init_standard_pool,init_stableswap_pool,get_pools,remove_pool,get_tokens_sets_count,get_tokens,get_pools_for_tokens_range,get_protocol_fee_fraction,deploy_rewards_gauge,set_pools_plane,get_plane,swap_chained,swap_chained_strict_receive,commit_transfer_ownership,apply_transfer_ownership,revert_transfer_ownership,get_future_address,init_config_storage",""
"4cc70fcdf4d884becaea2855f0e09ad8afd976afa630ff838de040da5e8935e4",6,0.0041,"20.3.2#1d7f9bd8030f69070634bfb07394339824ceb399","1.76.0","","","DifferentDepositedToken,WrongRepayToken,InsufficientCollateral,SpotRateAlreadyDefined,LiquidatedUser,TimeNotReached,CollateralOnlyCanBeDeposited,WrongStageToSwap,InvalidToken,ContractStillOpen,AlreadyRepaid,Unauthorized,ContractAlreadyInitialized,AllPositionsAreUsed,DepositAmountDoesntMatchPosition","initialize,init_pos,deposit,swap,reclaim,reclaim_col,balance,liquidate,repay,withdraw,spot_rate,admin,near_leg,tokens,set_spot,stage,deposits,users,transfer_admin",""
"4d25e5c50656f6b8be1abf6e2937047c913cb32603eb373d547acbbfd7983a48",1,0.0007,"23.5.3#d3e1ab2424388b10893b796b0c8e405c5edd03d2","1.95.0","","","AlreadyInitialized,NotInitialized,EscrowAlreadyExists,EscrowNotFound,InvalidAmount,InvalidFee,InvalidTimeout,InvalidStatus,BuyerAlreadySet,BuyerMissing,Unauthorized,NotExpired,TradeAlreadyExists,TradeNotFound","get,init,admin,accept,create,refund,release,get_trade,create_auto,fee_address,auto_release,open_dispute,accept_partial,resolve_refund,release_partial,resolve_release,refund_remaining,open_dispute_partial,resolve_refund_partial,resolve_release_partial",""
"4d2f3826eac19ad9d4a9f7db2020d906ef6b29c426f4458690d4b2880b4b2041",0,0.0000,"25.1.0#86c50a1ea4f87b40add3064ff9df95c7553565c5","1.92.0","","","InvalidFillPercent,InsufficientProfit,SlippageExceeded,BadSwapOp,BadCallData,BalanceError,ReserveNotFound","claim,upgrade,get_owner,set_owner,__constructor,fill_bad_debt,fill_interest,fill_liquidation",""
"4d4a06c5d80518842c04d6258a192993328d03e46cfbcbe0972201d760596a68",1,0.0007,"27.0.2#45d378a6cb4a026d23fc7286b6ee3add9c9dd0b9","1.97.1","","","AlreadyInitialized,NotInitialized,DepositExists,DepositNotFound,ClaimNotFound,InvalidParty,InvalidAsset,InvalidAmount,InvalidDeadline,InvalidStatus,ClaimExceedsDeposit,DeadlineNotReached,ClaimAlreadyExists","fund,admin,refund,release,activate,file_claim,initialize,get_deposit,resolve_claim,create_deposit","ClaimFiled,ClaimResolved,DepositFunded,DepositCreated,DepositRefunded,DepositReleased,DepositActivated,DepositInitialized"
"4d5495ed95c074bc14e289098d19c27c6e791bdc187862d90b383c02d5989fb3",0,0.0000,"22.0.7#211569aa49c8d896877dfca1f2eb4fe9071121c8","1.84.0","","","AnotherActionActive,NoActionActive,ActionNotReadyYet","__constructor,get_premium_price_coefficient,get_fee_nominator,estimate_buy,buy,estimate_sell,sell,fee_collected,admin_withdraw_fee,promote_to_amm,claim_premium,get_system_premium_available,get_creator_premium_available,get_distribute_premium_available,get_buyer_premium_available,is_promoted,liquidity_pool,kill_swap,unkill_swap,kill_promote,unkill_promote,get_supply_token,get_supply,get_reserve_token,get_reserve,collected,collected_base,collected_premium,collected_premium_expire_at,collected_threshold,get_is_killed_swap,get_is_killed_promote,get_swap_pool,get_created_at,version,commit_upgrade,apply_upgrade,revert_upgrade",""
"4d70f6b16e4fc25fd20b957323431ade83ce14e2bf653a08aef9c9778cc48da6",1,0.0007,"25.3.1#e50d95af029c83196dd122f0154bac3f1302394b","1.93.0","","","NotInitialized,Unauthorized,AuctionNotFound,AuctionEnded,AuctionActive,CommitmentExists,InvalidReveal,BelowReserve,NotCommitted,AlreadyRevealed,RevealPeriodActive,NoWinner,ZeroAmount","settle,upgrade,set_admin,commit_bid,extend_ttl,initialize,reveal_bid,get_auction,create_auction,get_commitment","BidRevealedEvent,BidCommittedEvent,AuctionCreatedEvent,AuctionSettledEvent"
"4e86f27aa2eb3601e2692dd0ca69fde94dccdde2931e49884e8d5c95a15d8d9f",1,0.0007,"26.1.0#175aa41306f383057a8cdfc84b68d931664fc34e","1.96.0","","","AlreadyInitialized,NotInitialized,NotOwner,AlreadyVerified,NullifierUsed,VerificationFailed,NotVerified,SbtMintFailed,SbtRevokeFailed,InvalidMinAge,CommitmentUsed","revoke,register,initialize,is_verified",""
"4e913acc86907415fe639254153b70db9fa3826ced865a9ab8aee156e77efb37",3,0.0020,"22.0.6#0c47dcfa187069d241f11fb082730f667b55e802","1.87.0","AquaToken/soroban-amm","","Unauthorized,PathIsEmpty,OutMinNotSatisfied,InMaxNotSatisfied,FeeFractionTooHigh","__constructor,get_max_swap_fee_fraction,get_router,get_fee_destination,claim_fees,claim_fees_and_swap,swap_chained,swap_chained_strict_receive",""
"4edc5256afb03e74dc5c4827737262500de51646164363f97c1816052d1ffc96",2,0.0014,"25.3.0#dcbea44513feb7734af6b6c4aced2c4a7a2715d0","1.95.0","github:AquaToken/soroban-amm","","AnotherActionActive,NoActionActive,ActionNotReadyYet","version,get_value,set_value,__constructor,apply_upgrade,contract_name,commit_upgrade,revert_upgrade,get_emergency_mode,get_future_address,set_emergency_mode,get_value_updated_at,apply_transfer_ownership,commit_transfer_ownership,revert_transfer_ownership",""
"4edd745f5fbf4d103edb55041efb8e6c399f66d43c0b6d38b781e63c432b6c8d",1,0.0007,"23.0.2#a97daf8b07cdf24e9bd45e344db51a21b9ea77d3","1.88.0","","","TransactionTooOld,AlreadyInitialized,FactoryNotInitialized,XlmAddressNotInitialized,TokenDoesNotExist,NotTokenOwner,Unauthorized,InsufficientBalance,InvalidTickRange,TickNotAligned,TickOutOfBounds,PoolNotFound,MathOverflow,PriceSlippageCheck,NothingToCollect,TokensNotOrdered,LiquidityCalculationFailed,PoolKeyMissing,TokenDescriptorNotSet,NoApprovedAddress,PositionNotCleared","init_router,swap_exact_input_single,swap_exact_input_single_hints,swap_exact_input,swap_exact_input_hints,swap_exact_output_single,swap_exact_output,quote_exact_input,quote_exact_output,quote_exact_input_single,quote_exact_output_single","InitializedEvent,SwapEvent"
"4ef26df6c7aa3e821842b21ee8012d021b5f94e12682fed2450bdce9c220e36a",0,0.0000,"21.6.0#f57d2454e520ae11dc9c8d55db610557a24a556e","1.80.0","","","AnotherActionActive,NoActionActive,ActionNotReadyYet","pool_type,get_info,get_pool,share_id,get_total_shares,get_reserves,deposit,swap,estimate_swap,withdraw,get_liquidity,get_liquidity_calculator,set_liquidity_calculator,version,commit_upgrade,apply_upgrade,revert_upgrade,set_emergency_mode,get_emergency_mode,init_admin,set_privileged_addrs,get_privileged_addrs,set_token_hash,set_pool_hash,set_stableswap_pool_hash,configure_init_pool_payment,get_init_pool_payment_token,get_init_pool_payment_address,get_stable_pool_payment_amount,get_standard_pool_payment_amount,set_reward_token,get_rewards_config,get_tokens_for_reward,get_total_liquidity,config_global_rewards,fill_liquidity,config_pool_rewards,get_rewards_info,get_user_reward,get_total_accumulated_reward,get_total_configured_reward,get_total_claimed_reward,get_total_outstanding_reward,distribute_outstanding_reward,claim,init_standard_pool,init_stableswap_pool,get_pools,remove_pool,get_tokens_sets_count,get_tokens,get_pools_for_tokens_range,set_pools_plane,get_plane,swap_chained,commit_transfer_ownership,apply_transfer_ownership,revert_transfer_ownership,get_future_address",""
"4f5397f535f1ea4122e6235fa3b4ae5318cc5d6d670e1e584c53c4612ccf353b",1,0.0007,"21.1.0-rc.1#2a5ee0d6bef89b28b8105ac0ce0e9e53d83b5eb7","1.79.0","","","NotInited,NotFound,NotPermitted,AlreadyInited,AlreadyMapped","extend_ttl,init,deploy,add_sig,rm_sig",""
"4f840be85e0667438392a66fe200350bde8f4085c3aef9ecaf3bd552d1533bd1",1,0.0007,"21.7.6#c6cca8f8cf75618c24ceb5d9ffdfe735486ae1e9","1.81.0","","","NotInitialized,AlreadyInitialized","init,deploy",""
"4f8e727fe0e449adcda5dcc384245404a30df08a9695ab01c13d44c89fab06b1",1,0.0007,"27.0.2#45d378a6cb4a026d23fc7286b6ee3add9c9dd0b9","1.97.1","","","AlreadyInitialized,NotInitialized,InvalidParty,InvalidAmount,InvalidDueLedger,PledgeExists,PledgeNotFound,InvalidStatus,DueDateNotReached","fund,admin,asset,cancel,refund,release,get_pledge,initialize,create_pledge","PledgePaid,Initialized,PledgeFunded,PledgeCreated,PledgeRefunded,PledgeCancelled"
"4fc2cb87faa5c119bf5c37c6fc45f80849140cba1fa47ff4ab9b338411d1e078",2,0.0014,"25.3.1#e50d95af029c83196dd122f0154bac3f1302394b","1.96.1","","","AlreadyInitialized,NotInitialized,NotAuthorized,Paused,InvalidAmount,MathOverflow,NoPendingAdmin,NoPendingUpgrade,TimelockNotElapsed,TimelockOutOfBounds,UnexpectedDecimals,PositionNotFound,NotPositionOwner,NotMatured,InsufficientBalance,SolvencyViolation,PositionClosed,MarketMatured,SplitTooSmall,RateOutOfBounds,NoStrategyPosition,WithdrawShortfall,ReceiptNotFound,NotReceiptOwner,VaultNotMatured,ReceiptClosed,InsufficientCapacity,RateNotAllowed,VaultExpired,InsufficientLiquidity,SlippageExceeded,MarketExpired,InsufficientShares,ImbalancedLiquidity,FeeNotAllowed,MaturityMismatch,PtTokenMismatch,UnderlyingMismatch,InsufficientAllowance,SeriesExpired,SeriesNotExpired,NotRegistered,FeeShareTooHigh,MinOutNotMet,DustAmount,DepositCapExceeded","burn,name,admin,pause,redeem,symbol,approve,balance,deposit,unpause,version,decimals,strategy,timelock,transfer,allowance,assets_of,burn_from,code_hash,is_paused,sync_rate,initialize,underlying,bump_holder,deposit_cap,accept_admin,set_timelock,total_assets,total_supply,__constructor,apply_upgrade,exchange_rate,pending_admin,propose_admin,transfer_from,cancel_upgrade,max_redeemable,preview_redeem,redeem_partial,pending_upgrade,preview_deposit,realizable_rate,set_deposit_cap,total_principal,deposit_headroom,realizable_value,schedule_upgrade,cancel_admin_transfer","SrRedeem,Transfer,SrDeposit,RateClamped,DepositCapSet,Upgraded,AdminChanged,AdminProposed,TimelockChanged,UpgradeCancelled,UpgradeScheduled,AdminTransferCancelled"
"502ea4e7bdb3ea99880941f1d35ceb67fb598692c0bb40f842ef9c9f17d58b58",0,0.0000,"27.0.0#e5cb4b52c3da8e56fc48adfd7b85d85976c1a059","1.94.0","","","SignerNotFound,SignerAlreadyExists,SignerExpired,LastAdminSigner,LastSigner,MissingContext,SignatureKeyValueMismatch,ClientDataJsonTooLarge,ClientDataJsonParseError,ClientDataJsonChallengeIncorrect,InvalidWebAuthnType,InvalidAuthenticatorData,UserPresenceRequired,AuthenticatorDataTooLarge","upgrade,add_signer,get_signer,__check_auth,__constructor,remove_signer,update_signer","Upgraded,SignerAdded,SignerRemoved,SignerUpdated"
"509b0364c8cf5c1de604dcbbd51f176514446bc9916d6675ef39d48869aca1d5",1,0.0007,"25.0.2#59a2e01a26f9330f8d516690911cb2ca87a6f1b3","1.93.0","github:FredericRezeau/xray-games","kyungj.in","NotInitialized,AlreadyInitialized,InvalidSession,BadAuth","end,start,upgrade,set_house,initialize",""
"50f8ff6f862dba60af9fe25d729d035f3cd3949c316d1cef6fc58c95d25ebdb7",1,0.0007,"22.0.11#34f7f53ae31e0fd02aab436a9872e79fa671ca02","1.96.0","","","RoundNotFound,RoundClosed,DeadlinePassed,DeadlineInPast,InvalidParams,QuotaFull,SubmissionNotFound,AlreadyAccepted,InsufficientEscrow,NotAccepted,AlreadyClaimed","claim,accept,submit,register,set_docs,get_round,open_round,close_round,round_count,set_curator,journal_meta,__constructor,get_submission,get_submissions",""
"5107c4ca469a73f9ac3df5cc15a924f817da3cbfd9fae5868449a964cd93a982",1,0.0007,"25.1.0#86c50a1ea4f87b40add3064ff9df95c7553565c5","1.93.0","","","MalformedProof,MalformedVk,MalformedPubSignals","verify",""
"517b834574a4befe3390bbcbed1782984d335b2147ce969ae8b7049c8eb1ec44",1,0.0007,"25.3.1#e50d95af029c83196dd122f0154bac3f1302394b","1.93.0","","","NotInitialized,AlreadyRegistered,DomainExpired,NotOwner,InvalidName,InvalidDuration,InsufficientPayment,DomainNotFound,Unauthorized,SubdomainLimitReached,ProductionLocked,GracePeriodActive,NotExpired,MarketplaceNotSet,BelowFloorPrice,TooManyRecords,NftNotFound,NotApproved,ApprovalExpired,RegistrationsPaused,NeedsUpgrade,BlacklistedName,ReservedName","name,renew,symbol,approve,balance,resolve,upgrade,owner_of,register,transfer,get_price,set_admin,token_uri,early_exit,extend_ttl,gift_renew,initialize,set_status,fix_pricing,get_xld_sac,set_records,set_xld_sac,get_approved,get_token_id,is_available,set_base_uri,set_reserved,total_minted,__constructor,admin_reclaim,admin_restore,expire_domain,set_subdomain,transfer_from,get_node_count,set_avatar_nft,upgrade_domain,approve_for_all,reverse_resolve,set_blacklisted,set_marketplace,set_ustry_token,get_pause_status,get_vault_shares,transfer_by_node,get_domain_status,renew_from_router,set_aquarius_pool,set_deposit_router,set_reserved_batch,zap_public_deposit,admin_reclaim_batch,get_operator_wallet,is_approved_for_all,register_with_ustry,set_aquarius_router,set_operator_wallet,get_early_exit_quote,marketplace_transfer,register_from_router,get_domain_attributes,set_blacklisted_batch,set_pause_registrations,set_aquarius_pool_contract","NftMintEvent,EarlyExitEvent,NftApproveEvent,NftTransferEvent,DomainExpiredEvent,DomainRenewedEvent,RecordUpdatedEvent,RegistryPauseEvent,StatusChangedEvent,DomainRegisteredEvent,NftApproveForAllEvent,DomainTransferredEvent,MarketplaceTransferEvent"
"51ea7c8c24e64e42ea36aa84f40d014241ef1916d641ea5d7b80f9d08fd225c8",1,0.0007,"27.0.6#60926a20d1f9f0a669d5fe551636f42a1302f0c0","1.98.1","","","InvalidAmount,InsufficientBalance,AdminRenounced,EmptyBatch","name,admin,token,domain,issuer,symbol,decimals,available,set_admin,distribute,distributed,is_mintable,total_supply,__constructor,renounce_admin,distribute_batch","Distributed,AdminChanged,AdminRenounced"
"51f164c505572622b981496583b65cfd283dbde818ac8aa52de537fd5dfbbfb9",1,0.0007,"22.0.11#34f7f53ae31e0fd02aab436a9872e79fa671ca02","1.85.0","","","NotInitialized,InvalidAmount","__constructor,deposit,payout,destination,usdc_sac",""
"523630b74d575eaa82ce50d2ffad67c719e507578f4819ce182cbd113bdb7cc3",1,0.0007,"22.0.5#25daaf397971f2c15fd2a5fd0a9967020a19cfcb","1.88.0","","","NotAuthorized,AlreadyPaid","initialize,set_is_contract_paused,create_batch,pay_batch,recover_funds,get_initialized,get_admin,get_is_contract_paused,get_batch,get_paid_address,get_paid_addresses,set_fee_receiver,get_fee_receiver,set_fee_percent,get_fee_percent",""
"52c650a38b4b1688a20eccae73f6dabe1457a6fb024dc8e729455d53c320711e",2,0.0014,"23.0.2#a97daf8b07cdf24e9bd45e344db51a21b9ea77d3","1.88.0","","","HexLengthInsufficient,MulDivFailed,InvalidPriceRange,U256ToU128ConversionFailed,TransactionTooOld,AlreadyInitialized,FactoryNotInitialized,XlmAddressNotInitialized,TokenDoesNotExist,NotTokenOwner,Unauthorized,InsufficientBalance,InvalidTickRange,TickNotAligned,TickOutOfBounds,PoolNotFound,MathOverflow,PriceSlippageCheck,NothingToCollect,TokensNotOrdered,LiquidityCalculationFailed,PoolKeyMissing,TokenDescriptorNotSet,NoApprovedAddress,PositionNotCleared","init,positions,mint,increase_liquidity,decrease_liquidity,collect,get_token_descriptor,get_factory,get_xlm_address,owner_of,name,symbol,balance,transfer,approve,get_approved,approve_for_all,is_approved_for_all,transfer_from,exists,token_uri,burn,get_user_token_ids,get_position_with_fees,get_positions_with_fees,get_user_positions_with_fees,position_principal,position_fees,position_total","IncreaseLiquidityEvent,DecreaseLiquidityEvent,CollectEvent,UserAllowed,UserDisallowed,UserBlocked,UserUnblocked,Burn,Deposit,Withdraw,Transfer,Approve,Mint,Burn,ConsecutiveMint,SetDefaultRoyalty,SetTokenRoyalty,RemoveTokenRoyalty,Transfer,Approve,ApproveForAll,Mint,KeyAllowed,KeyRemoved,ClaimRevoked,SignaturesInvalidated,ClaimTopicAdded,ClaimTopicRemoved,TrustedIssuerAdded,TrustedIssuerRemoved,IssuerTopicsUpdated,ModuleAdded,ModuleRemoved,DocumentUpdated,DocumentRemoved,ClaimAdded,ClaimRemoved,ClaimChanged,IdentityStored,IdentityUnstored,IdentityModified,IdentityRecovered,CountryDataAdded,CountryDataRemoved,CountryDataModified,TokenBound,TokenUnbound,TokenOnchainIdUpdated,RecoverySuccess,AddressFrozen,TokensFrozen,TokensUnfrozen,Mint,Burn,ComplianceSet,ClaimTopicsAndIssuersSet,IdentityVerifierSet,SetRoot,SetClaimed,Paused,Unpaused"
"52d91175b20df1dd52081cf5cc17da8c01fb45e5f5d10f254e1bec43edf68853",0,0.0000,"25.0.2#59a2e01a26f9330f8d516690911cb2ca87a6f1b3","1.93.0","","","NotInitialized,AlreadyInitialized,InvalidSession,BadAuth,InvalidProof,InvalidSeed","end,start,upgrade,set_house,initialize,set_attestor",""
"52ec506f82181914a9fd862f291b2210b468afcc0ed2884d5b59bd1eb748f899",2,0.0014,"22.0.8#f46e9e0610213bbb72285566f9dd960ff96d03d8","1.84.0","","","AlreadyInitialized,Unauthorized,AssetMissing,AssetAlreadyExists,InvalidConfigVersion,InvalidTimestamp,InvalidUpdateLength,AssetLimitExceeded,FxLimitExceeded,FxAlreadyExists,StaleFxPrice,FxArrayLengthMismatch,InvalidYieldRate,InvalidFxPrice,FxOracleUnavailable,IntegerOverflow,FxOracleTimestampDrift,YieldRateDecreased,YieldRateDeviationExceeded","base,decimals,resolution,period,assets,last_timestamp,price,lastprice,prices,x_last_price,x_price,x_prices,twap,x_twap,version,admin,config,add_assets,set_period,set_price,update_contract",""
"53bf98c1cc46b2ffe131e83c004048e349252b31cd1c9994e305cd121dc34e6a",2,0.0014,"22.0.11#34f7f53ae31e0fd02aab436a9872e79fa671ca02","1.88.0","","","Math,MathOverflow,MathUnderflow,DivisionByZero,LnOfNegative,Unauthorized,Paused,AlreadyInitialized,NotInitialized,MaturityNotReached,MaturityReached,MarketLockedNearMaturity,InvalidMaturity,InsufficientLiquidity,SlippageExceeded,MinDepositNotMet,OracleStale,OracleRejected,InsufficientBalance,InvalidUnderlying,TvlCapExceeded","__constructor,initialize_minter,name,symbol,decimals,maturity,minter,total_supply,global_yield_index,user_yield_index,accrued_yield,balance,transfer,transfer_from,approve,allowance,mint,burn,push_yield_index,drain_accrued",""
"5402ea4dd52db8575fd82f121b7ccae60cda0ae589d89710655a401be5ceaf3a",1,0.0007,"23.2.1#ab415a33cc1f6bdce20ac4a12f0ddbe41a648949","1.92.0","","","InvalidInput,AccessControlUnauthorized,OperationProcessed,DeadlinePassed,LowDepositAmount,InvalidOutput","swap,deposit,relayer,upgrade,has_role,withdraw,grant_role,denominator,revoke_role,set_relayer,fee_settings,__constructor,renounce_role,integrator_info,deposit_approver,set_fee_settings,deposit_processed,withdraw_processed,extend_instance_ttl,set_integrator_info,set_deposit_approver,calculate_fee_amounts,extend_persistent_ttl,instance_ttl_settings,allbridge_core_address,persistent_ttl_settings,set_instance_ttl_settings,set_persistent_ttl_settings","Swap,Deposit,FeeTaken,Withdraw,RoleGranted,RoleRevoked,FeeSettingsSet,RelayerFeeTaken,IntegratorInfoSet"
"54418215d35ad33d17d7ec4d2bedad1060e06b1c11b9112b69538745bcb6c538",3,0.0020,"22.0.5#25daaf397971f2c15fd2a5fd0a9967020a19cfcb","1.88.0","","","InsufficientCollateralization,CDPAlreadyExists,CDPNotFound,CDPNotInsolvent,CDPNotOpen,InsufficientCollateral,InsufficientBalance,RepaymentExceedsDebt,OutstandingDebt,InvalidMerge,InvalidLiquidation,InvalidWithdrawal,CDPNotOpenOrInsolvent,CDPNotOpenOrInsolventForRepay,StakeAlreadyExists,StakeDoesntExist,InvalidLedgerSequence,OraclePriceFetchFailed,OracleDecimalsFetchFailed,XLMTransferFailed,ClaimRewardsFirst,InsufficientStake,InsufficientInterest,PaymentExceedsInterestDue,InterestMustBePaidFirst,InsufficientXLMForInterest,InsufficientApprovedXLMForInterestRepayment,XLMInvocationFailed,InterestRepaidNotPositive","admin_get,admin_set,redeploy,xlm_contract,xlm_sac,asset_contract,pegged_asset,minimum_collateralization_ratio,lastprice_xlm,lastprice_asset,decimals_xlm_feed,decimals_asset_feed,open_cdp,cdp,freeze_cdp,add_collateral,withdraw_collateral,borrow_xasset,repay_debt,liquidate_cdp,merge_cdps,close_cdp,get_accrued_interest,pay_interest,cdp_init,set_xlm_sac,set_xlm_contract,set_asset_contract,set_pegged_asset,set_min_collat_ratio,set_interest_rate,get_interest_rate,get_total_interest_collected,version,allowance,approve,balance,transfer,transfer_from,burn,burn_from,decimals,name,symbol,increase_allowance,decrease_allowance,spendable_balance,authorized,set_authorized,mint,clawback,set_admin,deposit,withdraw,liquidate,claim_rewards,get_staker_deposit_amount,get_total_xasset,get_total_collateral,stake,unstake,get_available_assets,get_position,get_constants",""
"545f5b8ad2c0c7c7e378d75b7d2d4060c3250259cb02700d53c4fe084d3b3da0",3,0.0020,"25.3.1#e50d95af029c83196dd122f0154bac3f1302394b","1.95.0","","","AlreadyInitialized,NotInitialized,InvalidPercents,DuplicateMember,MemberLimitReached,InvalidAmount,NotAMember,InsufficientBalance,RequestNotFound,MemberNotFound,CannotRemoveAdmin,InvalidEnvelopeNames","init,spend,deposit,upgrade,get_state,set_policy,join_wallet,close_wallet,deny_request,__constructor,remove_member,set_envelopes,approve_request,set_wallet_name,set_envelope_names","Spend,Deposit,MemberJoined,WalletClosed,MemberRemoved,RequestDenied,WalletRenamed,RequestCreated,WalletUpgraded,RequestApproved,EnvelopesRenamed"
"5476e9ddd17811045889f072c6e212886c0f402104013bb97f431622366c059b",1,0.0007,"25.0.2#59a2e01a26f9330f8d516690911cb2ca87a6f1b3","1.93.0","github:FredericRezeau/xray-games","kyungj.in","NotInitialized,AlreadyInitialized,InvalidSession,BadAuth","end,start,upgrade,set_house,initialize",""
"55827b34ba16ff3054796645e0bd31a50e87194cc123dcdd8e0f22e7a2cc9d98",0,0.0000,"21.6.0#f57d2454e520ae11dc9c8d55db610557a24a556e","1.80.0","","","AnotherActionActive,NoActionActive,ActionNotReadyYet","init_admin,update,get,version,commit_upgrade,apply_upgrade,revert_upgrade,set_emergency_mode,get_emergency_mode,commit_transfer_ownership,apply_transfer_ownership,revert_transfer_ownership,get_future_address",""
"56049f9b5e0172a1c9eb294913df4d4254323a6ee6f6d3569968f83af93f1092",1,0.0007,"25.3.1#e50d95af029c83196dd122f0154bac3f1302394b","1.94.1","","","AlreadyAttested,NotAuthorized,AttestationNotFound,AttestationExpired,InvalidProof,AttestorNotRegistered,AttestorRevoked,ModelDeprecated,InvalidInputs,KycNotVerified,CommitmentConflict,AlreadyInGroup,UnauthorizedAttestor,Risc0ImageNotSet,StaleAttestation,NullifierAlreadyBound","bind_kyc,leave_group,__constructor,is_kyc_verified,register_wallet,set_identity_vk,update_group_score,get_group_attestation,set_attestor_registry","AttestationWritten"
"563208213b3fc7a3fae7b0cdfa4072fafe80d1a6bcf4317a4cc012e6736a152a",1,0.0007,"22.0.8#f46e9e0610213bbb72285566f9dd960ff96d03d8","1.88.0","","","NotInited,AlreadyInited,InvalidWasmHash,Unauthorized","extend_ttl,init,update_wasm_hash,get_wasm_hash,get_wasm_hash_history,get_owner,transfer_ownership,get_deployed_contract,get_all_deployed_contracts,get_deployment_count,deploy",""
"5666c90818e5ad5f59c700f70212ff9fef512a6e5ba06330f97172bcf62915df",1,0.0007,"25.3.1#e50d95af029c83196dd122f0154bac3f1302394b","1.93.0","","","NotInitialized,Unauthorized,InsufficientDeposit,InsufficientShares,ZeroAmount,SplitNotActive,AlreadySplit,BelowMinDeposit,InvalidFeeBps,ExceedsVestedAmount,DepositsPaused,WithdrawalsPaused,ExceedsEmergencyCap,PauseCooldown","burn,name,symbol,approve,balance,deposit,upgrade,decimals,transfer,withdraw,allowance,burn_from,set_admin,extend_ttl,initialize,vault_rate,add_deposit,deposit_for,split_yield,withdraw_to,mint_fee_bps,set_mint_fee,set_registry,total_assets,total_shares,transfer_from,public_deposit,get_yield_split,set_ustry_token,get_pause_status,public_deposit_for,set_pause_deposits,set_operator_wallet,set_xld_sac_address,get_max_withdrawable,set_pause_withdrawals,transfer_domain_position","BurnEvent,MintEvent,TopUpEvent,ApproveEvent,TransferEvent,VaultDepositEvent,PublicDepositEvent,VaultWithdrawEvent,VaultWithdrawToEvent,PauseStatusChangedEvent,Burn,Mint,Approve,Clawback,Transfer,MintWithAmountOnly,TransferWithAmountOnly"
"567e85fd61a4be34bd1f5a1a5be43958c1649c662db0a6493de54ec389151346",5,0.0034,"26.1.0#175aa41306f383057a8cdfc84b68d931664fc34e","1.92.0","","","NotInitialized,InvalidParams,InsufficientShares,Unauthorized,AlreadyResolved,NotResolved,Undersolvent,MarketClosed,TooEarlyToResolve,ResolverLocked,ConfigurationLocked,AlreadySettled,StaleState","buy,cost,fund,sell,void,admin,redeem,status,batcher,outcome,resolve,resolver,fee_state,get_state,price_yes,quote_buy,shares_of,collateral,extend_ttl,quote_sell,apply_batch,market_info,quote_batch,set_batcher,set_resolver,__constructor,state_version,private_config,scenario_state,activate_private,required_funding,settle_liquidity,record_vested_fees,apply_private_batch,quote_private_batch,unallocated_balance,apply_private_batch_received","Buy,Fund,Sell,Batch,Redeem,Voided,Created,Resolved,FeesVested,PrivateBatch,LiquiditySettled,PrivateActivated"
"56f4d14606620b989483735b8622171cbfe90d849706534dd67c101b852112d6",1,0.0007,"22.0.11#34f7f53ae31e0fd02aab436a9872e79fa671ca02","1.89.0","","","AlreadyInitialized,NotInitialized,NotAuthorized,Paused,InvalidAmount,InvalidShares,InvalidDeadline,BillNotFound,BillNotOpen,Expired,NotYetExpired,AlreadyFunded,NotFunded,NothingToRefund,Overfunded","initialize,open_bill,pay_share,release,cancel,refund,get_bill,get_contribution,total_bills,is_paused,get_admin,get_token,pause,unpause,set_admin,upgrade",""
"57691ae9931d9d124abe3749b00b3700ac3524162e0e147c1bced9fb2e0fb579",1,0.0007,"23.0.1#510d3feb724c2b01d7e7ab7652f03b9f8efc3f35","1.93.0-nightly","","","ImplNotSet,GovernorNotSet,Unauthorized,InvalidBootstrapAdmin,InvalidSwapRiskPolicy","upgrade,get_arkas,create_arka,migrated_to,migrate_arka,set_governor,set_registry,migrated_from,last_wasm_hash,share_token_of,bootstrap_admin,create_and_init,set_creation_fee,set_implementation,set_bootstrap_admin,get_arkas_by_manager,clear_bootstrap_admin,get_protocol_treasury,set_protocol_treasury,bootstrap_admin_active,get_creation_fee_token,get_creation_fee_amount,get_default_swap_oracle,set_default_swap_oracle,set_protocol_fee_splits,clear_default_swap_oracle,get_protocol_mgmt_fee_bps,get_protocol_perf_fee_bps,set_share_impl_controlled,bootstrap_admin_expires_at,get_default_venue_registry,set_default_allowed_venues,set_default_venue_registry,get_default_allowed_routers,clear_default_venue_registry,get_default_allowed_adapters,get_default_swap_risk_policy,set_default_swap_risk_policy,set_implementation_controlled,get_share_token_implementation,set_share_token_implementation",""
"579fc1235e3a3d5db5726ab6cb4a5d2f64c90702a404309265b4bdef9a06b663",0,0.0000,"25.0.2#59a2e01a26f9330f8d516690911cb2ca87a6f1b3","1.93.0","","","NotInitialized,AlreadyInitialized,InvalidSession,BadAuth,InvalidProof,InvalidSeed","end,start,upgrade,set_house,initialize,set_attestor",""
"57ab5aaf06f3fa0647ef1dd293a595588f1e5d5c091b92cedd9752d0a9483502",1,0.0007,"22.0.2#31b2892ef4d20538004e52713cb81e4895a8de9a","1.83.0","","","AlreadyInit,QtyBelowOne","healthcheck,initialize,is_admin,total_dist,usr_dist,unq_user,dist_map",""
"57e51099494c8c87313ddb86da34c855d642313877cf4222415e7f7844721878",2,0.0014,"25.3.0#dcbea44513feb7734af6b6c4aced2c4a7a2715d0","1.95.0","github:AquaToken/soroban-amm","","AnotherActionActive,NoActionActive,ActionNotReadyYet","get,update,version,init_admin,apply_upgrade,contract_name,commit_upgrade,revert_upgrade,get_emergency_mode,get_future_address,set_emergency_mode,apply_transfer_ownership,commit_transfer_ownership,revert_transfer_ownership",""
"58066c524143bd31394c86343ceb2b8ff9890375f1c2c8572a925d41884e789e",1,0.0007,"26.1.0#175aa41306f383057a8cdfc84b68d931664fc34e","1.93.0","","","NotInitialized,Unauthorized,AuctionNotFound,AuctionEnded,AuctionActive,CommitmentExists,InvalidReveal,BelowReserve,NotCommitted,AlreadyRevealed,RevealPeriodActive,NoWinner,ZeroAmount","settle,upgrade,set_admin,commit_bid,extend_ttl,initialize,reveal_bid,get_auction,__constructor,set_xld_token,create_auction,get_commitment,set_vault_contract,settle_from_router,set_operator_wallet","BidRevealedEvent,BidCommittedEvent,AuctionCreatedEvent,AuctionSettledEvent"
"581a6401e17ec217988954ef107b58ef09c3e6e9b3141712c2f33394191cc6dc",1,0.0007,"20.5.0#9e2c3022b4355b224a7a814e13ba51761eeb14bb","1.81.0","","","AlreadyInitialized,NotInitialized,NotAdmin,PoolExists,NoPool","init_factory,initialize",""
"583db66d58f32cd59925ca731ccef2f78143d3a744ae8d4c6f63ee8b16e91950",1,0.0007,"25.3.1#e50d95af029c83196dd122f0154bac3f1302394b","1.93.0","","","NotInitialized,AlreadyRegistered,DomainExpired,NotOwner,InvalidName,InvalidDuration,InsufficientPayment,DomainNotFound,Unauthorized,SubdomainLimitReached,ProductionLocked,GracePeriodActive,NotExpired,MarketplaceNotSet,BelowFloorPrice,TooManyRecords,NftNotFound,NotApproved,ApprovalExpired,RegistrationsPaused","name,renew,symbol,approve,balance,resolve,upgrade,owner_of,register,transfer,get_price,set_admin,token_uri,early_exit,extend_ttl,gift_renew,initialize,set_status,fix_pricing,set_records,get_approved,get_token_id,is_available,nft_transfer,set_base_uri,total_minted,expire_domain,set_subdomain,transfer_from,get_node_count,approve_for_all,reverse_resolve,set_marketplace,set_ustry_token,get_pause_status,get_vault_shares,set_aquarius_pool,zap_public_deposit,get_operator_wallet,is_approved_for_all,register_with_ustry,set_aquarius_router,set_operator_wallet,marketplace_transfer,get_domain_attributes,set_pause_registrations,set_aquarius_pool_contract","NftMintEvent,EarlyExitEvent,NftApproveEvent,NftTransferEvent,DomainExpiredEvent,DomainRenewedEvent,RecordUpdatedEvent,RegistryPauseEvent,StatusChangedEvent,DomainRegisteredEvent,NftApproveForAllEvent,DomainTransferredEvent,MarketplaceTransferEvent"
"5902a2ea98fdfbff45995ac186f3cfaf62f4a0c0233f4bb813f4dcbf9fb054f8",1,0.0007,"22.0.11#34f7f53ae31e0fd02aab436a9872e79fa671ca02","1.95.0","","","InvalidTimeWindow,InvalidOptionCount,PollNotFound,PollNotActive,PollNotStarted,PollEnded,InvalidOption,AlreadyVoted,Unauthorized,VoteNotFound,PollAlreadyClosed","vote,get_poll,get_vote,has_voted,close_poll,create_poll,get_results",""
"5902f488eb7fb2d7105b8c89367aa85f5a5b738741f73d7bc6cd5280c771f5ab",1,0.0007,"26.1.0#175aa41306f383057a8cdfc84b68d931664fc34e","1.95.0","","","EmptyBatch,EmptyPath,InvalidAmount,BrokenTokenChain,SlippageExceeded,ZeroOutput,IntegerOverflow,ZeroSplitPpm,SplitPpmMismatch,InvalidRouteXdr,NotAdmin,FeeTooHigh,ReferralNotFound,SameToken","admin,upgrade,referral,get_owner,add_referral,__constructor,sweep_balance,is_whitelisted,set_static_fee,static_fee_bps,accept_ownership,add_to_whitelist,claim_admin_fees,execute_strategy,referral_counter,set_referral_fee,admin_fee_balance,renounce_ownership,set_referral_owner,transfer_ownership,whitelisted_tokens,claim_referral_fees,set_referral_active,referral_fee_balance,remove_from_whitelist","OwnershipTransfer,OwnershipRenounced,OwnershipTransferCompleted"
"5919709af7d577d04d9500a01c4e407cbb9d194fd535079f874f2ead11355f3b",1,0.0007,"25.3.1#e50d95af029c83196dd122f0154bac3f1302394b","1.94.1","","","Unknown,MathOverflow,InvalidLiquidation,LiquidationAmountTooHigh,InvalidAmount,InsufficientSwapOut,PriceOracleNotFound,NoDebtOfRequestedType","validate",""
"59323fdd0bcc2b41d2a0f962b5f2e10cf8a69784fa0e4d1784639630e66c9ff7",1,0.0007,"20.5.0#9e2c3022b4355b224a7a814e13ba51761eeb14bb","1.78.0","","","AlreadyInitialize,NotInitialize,NotAdmin,NotFoundBadge","initialize,get_state,publish_badge,claim_to_user,add_white_list",""
"595c713623b2da4adc688e40ee03264a229d21fe3d77d7d1e35cf424185d17eb",2,0.0014,"23.5.3#d3e1ab2424388b10893b796b0c8e405c5edd03d2","1.97.1","github:Dobprotocol/stellar-distribution-contracts","dobprotocol.com","NotInitialized,AlreadyInitialized,Unauthorized,CampaignNotActive,CampaignAlreadyFinalized,DeadlineNotReached,CampaignNotSucceeded,CampaignNotFailed,CampaignAlreadyActivated,InvalidSharesAmount,HardCapReached,NothingToRefund,InvalidPrice,InvalidCap,InvalidDeadline,Overflow,NoPendingActivation,ActivationTimelockPending,SplitterMismatch,InvalidSplitter,ActivationWindowExpired,ActivationWindowStillOpen,NoticePeriodOver,InvalidPayoutMode","init,refund,opt_out,upgrade,activate,finalize,contribute,get_config,get_status,get_splitter,get_contribution,get_total_raised,cancel_activation,expire_activation,propose_activation,get_pending_activation",""
"59ec54411399933846ee969249f904e46ef9740d955dfe419f01f524e3ba2304",1,0.0007,"25.1.0#86c50a1ea4f87b40add3064ff9df95c7553565c5","1.92.0","","","InvalidFillPercent,InsufficientProfit,SlippageExceeded,BadSwapOp,BadCallData,BalanceError,ReserveNotFound","claim,upgrade,get_owner,set_owner,__constructor,fill_bad_debt,fill_interest,fill_liquidation",""
"5b6736aca439c26c8e40ba28aae249f1bf175987624dafa2a804e89468c9618e",1,0.0007,"27.0.5#ea54f95d3f2f49e0487b29fd1a9f469638f09aba","1.96.0","","","NotInitialized,InvalidRecipientCount,InvalidAmount,InvalidLimit,InvalidMerkleRoot,InvalidAudience,TokenTransferMismatch,MerkleRootAlreadyUsed,InvalidDeadline,InvalidCampaignMode","verifier,get_campaign,jwk_registry,recipient_id,__constructor,get_deployment,create_campaign,get_deployments,protocol_version,airdrop_wasm_hash,get_campaign_info,vesting_wasm_hash,get_campaign_count,get_campaign_infos,get_owner_campaign,get_deployment_info,keep_alive_campaign,get_deployment_count,get_deployment_infos,get_owner_deployment,vesting_metadata_cid,get_owner_deployments,get_owner_airdrop_count,get_owner_airdrop_infos,get_owner_campaign_info,predict_airdrop_address,predict_vesting_address,get_owner_campaign_count,get_owner_campaign_infos,get_owner_deployment_info,get_owner_deployment_count,get_owner_deployment_infos,get_campaign_info_by_address","CampaignCreated"
"5b90ff32336f9c7d0b32f8e2a09b134b541712b8edd980ef88190edc4754d59e",1,0.0007,"26.1.0#175aa41306f383057a8cdfc84b68d931664fc34e","1.96.0","","","AlreadyInitialized,NotInitialized,InvalidParams","upgrade,get_admin,set_admin,initialize,list_circles,create_circle,get_circle_wasm,set_circle_wasm,get_circle_count","AdminChanged,CircleCreated,CircleWasmChanged"
"5bada0b968da7c3efab713f90f8f2daf3e1e4c800a3b69d584d6f722a930c380",1,0.0007,"25.1.1#94c2a3b3a5ded6b9cf9cef0c207bf8804f3eb294","1.93.1","github:AquaToken/soroban-amm","","AnotherActionActive,NoActionActive,ActionNotReadyYet","version,__constructor,apply_upgrade,contract_name,commit_upgrade,revert_upgrade,get_emergency_mode,get_future_address,set_emergency_mode,apply_transfer_ownership,deploy_swap_fee_contract,commit_transfer_ownership,revert_transfer_ownership,set_swap_fee_contract_wasm",""
"5be88647e2a91247121cc271cfd3563e68a0d2543372f89cfcea85b5f545a33f",1,0.0007,"22.0.6#0c47dcfa187069d241f11fb082730f667b55e802","1.87.0","","","AnotherActionActive,NoActionActive,ActionNotReadyYet","init_admin,set_pools_plane,get_pools_plane,get_liquidity,version,commit_upgrade,apply_upgrade,revert_upgrade,set_emergency_mode,get_emergency_mode,commit_transfer_ownership,apply_transfer_ownership,revert_transfer_ownership,get_future_address",""
"5bf2134aef24c2b04dc54e5a8b139c619494adb5591154f687d00042921d4399",1,0.0007,"27.0.2#45d378a6cb4a026d23fc7286b6ee3add9c9dd0b9","1.97.1","","","InvalidAmount,InvalidPeriod,PlanExists,PlanNotFound,PlanInactive,SubscriptionExists,SubscriptionNotFound,InvalidStatus,NotDue,ChargeAlreadyProcessed","cancel,charge,get_plan,subscribe,create_plan,get_subscription","PlanCreated,SubscriptionCharged,SubscriptionStarted,SubscriptionCancelled"
"5c798833a48a2705c81c5961f619527f20ab7a05f930aef8192a395a269c4811",16,0.0109,"26.1.0#175aa41306f383057a8cdfc84b68d931664fc34e","1.92.0","","","NotAuthorized,MerkleTreeFull,WrongLevels,NotInitialized,Overflow","get_root,hash_pair,insert_leaf,update_admin,__constructor,set_admin_insert_only,approve,balance,transfer,allowance,transfer_from","LeafAddedEvent"
"5ca9b826f047752261fec6e79e1f81c2d22fc16a43498b9cf64b872c785682fb",1,0.0007,"25.3.0#dcbea44513feb7734af6b6c4aced2c4a7a2715d0","1.92.0","","","AlreadyInitialized,InvalidAmount,LockNotExpiredYet,WithdrawOldTokensFirst,UnlockTimeInPast,VotingLockMax,NotImplemented,InvalidUnlockTime,TooManyPositions,SplitAmountTooLarge,MergeEndMismatch,MergeMigratedMismatch,PositionEmpty,CbAlreadyMigrated,MutationOfMigratedPosition,MigrateHorizonExceeded,PositionIdCollision,SupplyHistoryUnavailable,TooManyProxies,LockTooShort,AnotherActionActive,NoActionActive,ActionNotReadyYet","burn,name,symbol,approve,balance,version,decimals,get_lock,transfer,withdraw,allowance,burn_from,balance_at,checkpoint,create_lock,get_wallets,get_lock_end,get_operator,get_position,list_proxies,migrate_lock,set_operator,total_supply,__constructor,apply_upgrade,contract_name,get_positions,transfer_from,commit_upgrade,is_cb_migrated,register_proxy,revert_upgrade,create_lock_for,increase_amount,total_supply_at,get_lock_summary,unregister_proxy,get_position_data,get_user_schedule,get_wallets_count,get_emergency_mode,get_future_address,get_position_count,set_emergency_mode,increase_amount_for,migrate_locks_batch,increase_unlock_time,get_wallets_last_page,admin_withdraw_migrated,apply_transfer_ownership,commit_transfer_ownership,revert_transfer_ownership","LockCreated,SetOperator,LockWithdrawn,LockTimeExtended,LockAmountIncreased,SetPrivilegedAddrs,EnableEmergencyMode,DisableEmergencyMode,ApplyTransferOwnership,CommitTransferOwnership,RevertTransferOwnership,ApplyUpgrade,CommitUpgrade,RevertUpgrade"
"5ceafa31a0f6b15f21bc83d6fe90069fe7b92847da064d809db129563597e03f",0,0.0000,"25.1.1#94c2a3b3a5ded6b9cf9cef0c207bf8804f3eb294","1.93.1","github:AquaToken/soroban-amm","","Unauthorized,PathIsEmpty,OutMinNotSatisfied,InMaxNotSatisfied,FeeFractionTooHigh","claim_fees,get_router,swap_chained,__constructor,claim_fees_and_swap,get_fee_destination,get_max_swap_fee_fraction,swap_chained_strict_receive",""
"5cf08bfafba6ea47a0fc68afe998d42e0a25070d780c86fceed0f2f99106df28",1,0.0007,"27.0.6#60926a20d1f9f0a669d5fe551636f42a1302f0c0","1.96.0","","","AlreadyInitialized,NotInitialized,InvalidMaturity,InvalidAmount,InsufficientBalance,InsufficientAllowance,MathOverflow,InvalidExpiration","burn,mint,name,config,symbol,approve,balance,decimals,maturity,transfer,allowance,burn_from,initialize,is_matured,total_supply,transfer_from","Burn,Mint,Transfer"
"5d7e3d16c78437f14fc032d0d08962e9fb0a4ec426b9deb7ff38b081ff283d57",0,0.0000,"22.0.8#f46e9e0610213bbb72285566f9dd960ff96d03d8","1.87.0","","","MissingStorage","upgrade,__constructor,mint_from,mint,total_supply,balance,allowance,transfer,transfer_from,approve,decimals,name,symbol,burn,burn_from,has_role,get_role_member_count,get_role_member,get_role_admin,get_admin,grant_role,revoke_role,renounce_role,renounce_admin,transfer_admin_role,accept_admin_transfer,set_role_admin,get_underlying_for_amount,get_amount_for_underlying,deposit,withdraw,set_axelar_config,token_id,get_axelar_its,get_axelar_chain,get_axelar_gas_token,interchain_transfer,get_merkle_epoch,get_banned_amount,set_new_epoch,get_merkle_root,is_claimed,amt_to_claim,sync_balances",""
"5d934aedc1ab9ff882ad807586bd9da87996ecb040b661d2b7810f9193ce3d75",1,0.0007,"26.1.0#175aa41306f383057a8cdfc84b68d931664fc34e","1.92.0","","","NotAuthorized,KeyNotFound,KeyAlreadyExists,InvalidProof,NotInitialized,Overflow,InvalidFieldElement","find_key,get_root,delete_leaf,insert_leaf,update_leaf,update_admin,__constructor,verify_non_membership,approve,balance,transfer,allowance,transfer_from","LeafDeletedEvent,LeafUpdatedEvent,LeafInsertedEvent"
"5d9afb4e7c44a1cd0f5d232012c9109b917ab005ff34a5299cc7c76e8c08a851",1,0.0007,"25.3.1#e50d95af029c83196dd122f0154bac3f1302394b","1.93.0","","","NotInitialized,Unauthorized,InsufficientDeposit,InsufficientShares,ZeroAmount,SplitNotActive,AlreadySplit,BelowMinDeposit,InvalidFeeBps,ExceedsVestedAmount,DepositsPaused,WithdrawalsPaused,ExceedsEmergencyCap,PauseCooldown","burn,name,symbol,approve,balance,deposit,upgrade,decimals,transfer,withdraw,allowance,burn_from,set_admin,extend_ttl,initialize,vault_rate,add_deposit,deposit_for,split_yield,withdraw_to,mint_fee_bps,set_mint_fee,set_registry,total_assets,total_shares,__constructor,transfer_from,public_deposit,get_yield_split,set_ustry_token,get_pause_status,public_deposit_for,set_pause_deposits,set_operator_wallet,set_xld_sac_address,get_max_withdrawable,set_pause_withdrawals,transfer_domain_position","BurnEvent,MintEvent,TopUpEvent,ApproveEvent,TransferEvent,VaultDepositEvent,PublicDepositEvent,VaultWithdrawEvent,VaultWithdrawToEvent,PauseStatusChangedEvent,Burn,Mint,Approve,Clawback,Transfer,MintWithAmountOnly,TransferWithAmountOnly"
"5dabc6595d37b9fdcfb7cb245753e1c9ff58a41884ee6913446093d97aa0f233",1,0.0007,"25.3.0#dcbea44513feb7734af6b6c4aced2c4a7a2715d0","1.93.1","","","Unauthorized,PathIsEmpty,OutMinNotSatisfied,InMaxNotSatisfied,FeeFractionTooHigh","claim_fees,get_router,swap_chained,__constructor,swap_chained_to,claim_fees_and_swap,get_fee_destination,get_max_swap_fee_fraction,swap_chained_strict_receive,swap_chained_strict_receive_to",""
"5e1ba8a63ba026ffb8616e329987bbe744f51a930809ff9f1c15b66b7a2f2353",1,0.0007,"23.4.0#673d6c4f2368d282d25da29bda55c21b8be69ca6","1.93.1","","","Unauthorized,PathIsEmpty,TokensNotSorted,DuplicatesNotAllowed,ValueNotInitialized,AlreadyInitialized,UnknownProtocol,OutMinNotSatisfied,InMaxNotSatisfied,FeeFractionTooHigh,RouterInvalidOutput","init,swap,upgrade,version",""
"5e39f2786c2fc54422cf981d7123c098b94f1a1d744e5d9455a3feec6330bb97",1,0.0007,"25.3.0#dcbea44513feb7734af6b6c4aced2c4a7a2715d0","1.93.1","","","AlreadyInitialized,InvalidVkLength,InvalidRequestType,InvalidProofLength,MissingLbxToken,MissingFeeAmount,MissingAdmin,MissingVk,InvalidProofOrVkLength,InvalidProofEncoding,InvalidVkEncoding,InvalidProof,MissingIdentityVk,InvalidIdentityActionType,InvalidIdentityPayloadLength,IdentitySignalExpired,IdentityReplayDetected,MissingStealthVk,InvalidFeeAmount,InvalidHostnameLength,IdentitySignalExpiryTooFar,MissingIdentityFeeAmount,MissingDistributor,InvalidEcosystemBindingExpiry,MissingEcosystemBinding","init,upgrade,update_vk,set_stealth_vk,migrate_distributor,get_ecosystem_binding,set_ecosystem_binding,get_distributor_address,set_verify_diag_enabled,set_identity_config,request_identity_signal,request_tracking",""
"5e5ef70cfb649d69e8b11104a454bf65d8d932a59dbd166c5e1091c12899729a",1,0.0007,"23.1.0#7456be9d91fe1f4cb070fc2732bac78244ce6c3f","1.91.0","","","NotAdmin,AlreadyInitialized,InsufficientBalance,InsufficientFactionPoints,InvalidAmount,InvalidFaction,FactionAlreadyLocked,PlayerNotFound,FactionNotSelected,GameNotWhitelisted,SessionNotFound,SessionAlreadyExists,InvalidSessionState,InvalidGameOutcome,ProofVerificationFailed,GameExpired,EpochNotFinalized,EpochAlreadyFinalized,EpochNotReady,NoRewardsAvailable,RewardAlreadyClaimed,NotWinningFaction,FeeVaultError,SwapError,TokenTransferError,OverflowError,DivisionByZero,ContractPaused","pause,is_game,unpause,upgrade,add_game,end_game,get_admin,get_epoch,is_paused,set_admin,get_config,get_player,start_game,cycle_epoch,remove_game,__constructor,update_config,migrate_player,select_faction,get_epoch_player,claim_epoch_reward,migrate_epoch_player","GameAdded,GameEnded,EpochCycled,GameRemoved,GameStarted,AdminChanged,ConfigUpdated,FactionLocked,RewardsClaimed,FactionSelected"
"5ecd9779a93a4d2286d35654eeb3d12989ceba746530c413e1cb5189e33992cc",2,0.0014,"22.0.11#34f7f53ae31e0fd02aab436a9872e79fa671ca02","1.88.0","","","Math,MathOverflow,MathUnderflow,DivisionByZero,LnOfNegative,Unauthorized,Paused,AlreadyInitialized,NotInitialized,MaturityNotReached,MaturityReached,MarketLockedNearMaturity,InvalidMaturity,InsufficientLiquidity,SlippageExceeded,MinDepositNotMet,OracleStale,OracleRejected,InsufficientBalance,InvalidUnderlying,TvlCapExceeded","__constructor,sync_rate,update_observation,get_rate,get_twap,latest_observation,is_frozen,is_paused,pause,propose_unpause,execute_unpause,reattest,cancel_reattest,execute_reattest,config,admin,cached_rate_raw,observation_count",""
"5f26c824d48b1e6bd55bc790fd3e3d1c96b41f6233a7814f3e76313fae080d5b",1,0.0007,"26.1.0#175aa41306f383057a8cdfc84b68d931664fc34e","1.96.0","","","NotInitialized,Paused,NotKyc,InvalidAmount,CapExceeded,Overflow,NoPendingAdmin,TimelockNotElapsed,InvalidFee,NoPrice,StalePrice,NotDistributor,NoPendingUpgrade,UpgradeTimelockNotElapsed,UpgradePending,UnknownAsset,AssetExists,PriceOutOfBand,UpgradeHashMismatch,MaxBelowMinted","burn,mint,admin,pause,price,kyc_ok,minted,resume,fee_bps,kyc_set,set_fee,clawback,is_paused,set_price,distribute,is_settled,max_supply,set_frozen,kyc_manager,accept_admin,__constructor,is_registered,propose_admin,redeem_escrow,cancel_upgrade,gated_transfer,is_distributor,register_asset,set_asset_usdc,set_max_supply,execute_upgrade,propose_upgrade,set_distributor,set_kyc_manager,distribute_batch,transfer_sac_admin,get_pending_upgrade","Kyc,Burn,Mint,Xfer,Frozen,Paused,SetFee,Upgraded,Distribute,RedeemEscrow,SetAssetUsdc,SetMaxSupply,SetKycManager,SetDistributor,AssetRegistered,UpgradeProposed,UpgradeCancelled"
"5f7bc3f7da81fcaaf721d192bd69377a241fca674f056734ca06295953de5946",1,0.0007,"23.0.2#a97daf8b07cdf24e9bd45e344db51a21b9ea77d3","1.88.0","","","HexLengthInsufficient,MulDivFailed,InvalidPriceRange,U256ToU128ConversionFailed,TransactionTooOld,AlreadyInitialized,FactoryNotInitialized,XlmAddressNotInitialized,TokenDoesNotExist,NotTokenOwner,Unauthorized,InsufficientBalance,InvalidTickRange,TickNotAligned,TickOutOfBounds,PoolNotFound,MathOverflow,PriceSlippageCheck,NothingToCollect,TokensNotOrdered,LiquidityCalculationFailed,PoolKeyMissing,TokenDescriptorNotSet,NoApprovedAddress,PositionNotCleared","init,zap_in,zap_out,quote_zap_in,quote_zap_out,get_factory,get_xlm_address,get_position_manager,is_initialized","ZapInitializedEvent,ZapInEvent,ZapOutEvent"
"5f7d2d3b842ed82de5d15c530495ffd9f501869286dc8144c4fa058d84141806",1,0.0007,"22.0.8#f46e9e0610213bbb72285566f9dd960ff96d03d8","1.91.0-nightly","","","NotFound","close,open",""
"5f855f42baa51a549871658e773f88e565daaa412db72717016c774ddd5ce9fd",1,0.0007,"23.1.0#7456be9d91fe1f4cb070fc2732bac78244ce6c3f","1.91.0","","","NotAdmin,AlreadyInitialized,InsufficientBalance,InsufficientFactionPoints,InvalidAmount,InvalidFaction,FactionAlreadyLocked,UserNotFound,FactionNotSelected,GameNotWhitelisted,SessionNotFound,SessionAlreadyExists,InvalidSessionState,InvalidGameOutcome,ProofVerificationFailed,GameExpired,EpochNotFinalized,EpochAlreadyFinalized,EpochNotReady,NoRewardsAvailable,RewardAlreadyClaimed,NotWinningFaction,FeeVaultError,SwapError,TokenTransferError,OverflowError,DivisionByZero,ContractPaused","pause,is_game,unpause,upgrade,add_game,end_game,get_admin,get_epoch,is_paused,set_admin,get_config,get_player,start_game,cycle_epoch,remove_game,__constructor,migration_1__,update_config,select_faction,get_reward_pool,get_epoch_player,is_faction_locked,claim_epoch_reward,get_winning_faction,has_claimed_rewards,get_claimable_amount,get_faction_standings","GameAdded,GameEnded,EpochCycled,GameRemoved,GameStarted,AdminChanged,ConfigUpdated,FactionLocked,RewardsClaimed,FactionSelected"
"5f8f8c8c0e3d2f7b5700d5a5d0eb2412f69a2a96b91c4d6096caa773bb9b9d5f",1,0.0007,"23.1.0#7456be9d91fe1f4cb070fc2732bac78244ce6c3f","1.91.0","","","NotAdmin,AlreadyInitialized,InsufficientBalance,InsufficientFactionPoints,InvalidAmount,InvalidFaction,FactionAlreadyLocked,UserNotFound,GameNotWhitelisted,SessionNotFound,SessionAlreadyExists,InvalidSessionState,InvalidGameOutcome,ProofVerificationFailed,GameExpired,EpochNotFinalized,EpochAlreadyFinalized,EpochNotReady,NoRewardsAvailable,RewardAlreadyClaimed,NotWinningFaction,FeeVaultError,SwapError,TokenTransferError,OverflowError,DivisionByZero,ContractPaused","pause,is_game,unpause,upgrade,add_game,end_game,get_admin,get_epoch,is_paused,set_admin,get_config,get_player,start_game,claim_yield,cycle_epoch,remove_game,__constructor,update_config,select_faction,get_reward_pool,get_epoch_player,is_faction_locked,get_winning_faction,has_claimed_rewards,get_claimable_amount,get_faction_standings","GameAdded,GameEnded,EpochCycled,GameRemoved,GameStarted,AdminChanged,ConfigUpdated,FactionLocked,RewardsClaimed,FactionSelected"
"5f9633178daff14efa7f6a1684abff25ea57cbe50be77fae739af5023acc1b4d",0,0.0000,"22.0.6#0c47dcfa187069d241f11fb082730f667b55e802","1.84.0","","","AnotherActionActive,NoActionActive,ActionNotReadyYet","init_admin,version,commit_upgrade,apply_upgrade,revert_upgrade,set_emergency_mode,get_emergency_mode,commit_transfer_ownership,apply_transfer_ownership,revert_transfer_ownership,get_future_address",""
"604de02c83c390d740cfda02703ba50321c593610dbc9641ab6760310f26f623",1,0.0007,"22.0.6#0c47dcfa187069d241f11fb082730f667b55e802","1.84.0","","","AnotherActionActive,NoActionActive,ActionNotReadyYet","__constructor,set_swap_fee_contract_wasm,deploy_swap_fee_contract,version,commit_upgrade,apply_upgrade,revert_upgrade,set_emergency_mode,get_emergency_mode,commit_transfer_ownership,apply_transfer_ownership,revert_transfer_ownership,get_future_address",""
"61079ef75168714c8472d492313197c7b8f8375832f060c0e186d140b13c5c6b",1,0.0007,"20.3.2#1d7f9bd8030f69070634bfb07394339824ceb399","1.74.1","","","AlreadyInitialized,Uninitialized,NoPriceFeed,Paused,NoReserveExistForAsset,NoActiveReserve,ReserveFrozen,ReservesMaxCapacityExceeded,NoPriceForAsset,ReserveAlreadyInitialized,InvalidAssetPrice,BaseAssetNotInitialized,InitialHealthNotInitialized,LiquidationOrderMustBeUnique,NotFungible,UserConfigInvalidIndex,NotEnoughAvailableUserBalance,UserConfigNotExists,MustHaveDebt,MustNotHaveDebt,BorrowingNotEnabled,BelowInitialHealth,BadPosition,GoodPosition,InvalidAmount,ValidateBorrowMathError,CalcAccountDataMathError,LiquidateMathError,MustNotBeInCollateralAsset,UtilizationCapExceeded,LiqCapExceeded,FlashLoanReceiverError,MathOverflowError,MustBeLtePercentageFactor,MustBeLtPercentageFactor,MustBeGtPercentageFactor,MustBePositive,AccruedRateMathError,CollateralCoeffMathError,DebtCoeffMathError","initialize,upgrade,upgrade_s_token,upgrade_debt_token,version,init_reserve,set_reserve_status,set_ir_params,reserve_timestamp_window,set_reserve_timestamp_window,ir_params,enable_borrowing_on_reserve,configure_as_collateral,get_reserve,collat_coeff,debt_coeff,base_asset,set_base_asset,initial_health,set_initial_health,set_price_feeds,price_feeds,deposit,repay,finalize_transfer,withdraw,borrow,set_pause,paused,treasury,account_position,liquidate,set_as_collateral,user_configuration,stoken_underlying_balance,token_balance,token_total_supply,set_flash_loan_fee,flash_loan_fee,flash_loan,twap_median_price,balance",""
"6157296d6d43c9a66d1be3d9c20439a1aa98a34ba9cd9e62177709aecd79a56e",1,0.0007,"21.7.7#5da789c50b18a4c2be53394138212fed56f0dfc4","1.81.0","","","AlreadyInitialized,NotInitialized,InvalidAmount,InvalidAddress,SwapFailed","initialize,get_expected_amount,swap,get_config,version,upgrade",""
"617e436d99269ef361e2dbcce398a4fffc6b170a5d110ef84fbd99716504239b",0,0.0000,"22.0.6#0c47dcfa187069d241f11fb082730f667b55e802","1.87.0","AquaToken/soroban-amm","","AnotherActionActive,NoActionActive,ActionNotReadyYet","initialize_all,pool_type,initialize,share_id,get_total_shares,get_tokens,deposit,swap,estimate_swap,swap_strict_receive,estimate_swap_strict_receive,withdraw,get_reserves,get_fee_fraction,get_protocol_fee_fraction,get_info,set_privileged_addrs,get_privileged_addrs,kill_deposit,kill_swap,kill_claim,unkill_deposit,unkill_swap,unkill_claim,get_is_killed_deposit,get_is_killed_swap,get_is_killed_claim,set_protocol_fee_fraction,get_protocol_fees,claim_protocol_fees,version,contract_name,commit_upgrade,apply_upgrade,revert_upgrade,set_emergency_mode,get_emergency_mode,initialize_rewards_config,initialize_boost_config,set_reward_boost_config,set_rewards_config,get_unused_reward,return_unused_reward,get_rewards_info,get_user_reward,checkpoint_reward,checkpoint_working_balance,get_total_accumulated_reward,get_total_configured_reward,get_total_claimed_reward,claim,gauge_add,gauge_remove,gauge_schedule_reward,kill_gauges_claim,unkill_gauges_claim,get_gauges,gauges_claim,gauges_get_reward_info,init_pools_plane,set_pools_plane,get_pools_plane,backfill_plane_data,commit_transfer_ownership,apply_transfer_ownership,revert_transfer_ownership,get_future_address,init_config_storage",""
"61b3a195cffcaa12b74442b7392f3a08bc00427c84c96f04a75c576821befb7d",1,0.0007,"23.3.0#a35990025247146e24cb9e1deda063f17f3e441d","1.93.0-nightly","","","GameNotFound,NotPlayer,AlreadyStuck,GameAlreadyEnded,PlayerBusted,BothPlayersNotStuck,OpponentNotStuck","hit,stick,upgrade,get_game,get_admin,set_admin,start_game,__constructor,reveal_winner,get_hand_value,get_blendizzard,set_blendizzard",""
"61e1fc5401a7b22418c2bd3bc5bd2c07241e4dae098c587c89f3f666aca12e37",135,0.0922,"23.0.2#a97daf8b07cdf24e9bd45e344db51a21b9ea77d3","1.89.0","","","ErrFinalized,ErrNegative,ErrMinFee,ErrMaxFee,ErrNotController,ErrInvalidVectorLen,AlreadyInitialized,ErrIsBound,ErrNotBound,ErrMaxTokens,ErrMinWeight,ErrMaxWeight,ErrMinBalance,ErrFreezeOnlyWithdrawals,ErrMinTokens,ErrSwapFee,ErrMaxInRatio,ErrMathApprox,ErrLimitIn,ErrLimitOut,ErrMaxOutRatio,ErrBadLimitPrice,ErrLimitPrice,ErrTotalWeight,ErrTokenAmountIsNegative,ErrNotAuthorizedByAdmin,ErrInsufficientAllowance,ErrDeauthorized,ErrInsufficientBalance,ErrAddOverflow,ErrSubUnderflow,ErrDivInternal,ErrMulOverflow,ErrCPowBaseTooLow,ErrCPowBaseTooHigh,ErrInvalidExpirationLedger,ErrNegativeOrZero,ErrTokenInvalid,ErrInvalidFeeRecipient,ErrFeeRecipientCapExceeded,ErrFeeRecipientDuplicate,ErrFeeRecipientPercent,ErrFeeRecipientSum,ErrFeeAssetNotBound,ErrFeeRuleNotConfigured,ErrFeeRuleUnsupportedToken,ErrFeeDistribution,ErrMuxedAddress,ErrSameTokenSwap","__constructor,gulp,join_pool,exit_pool,swap_exact_amount_in,swap_exact_amount_out,dep_tokn_amt_in_get_lp_tokns_out,dep_lp_tokn_amt_out_get_tokn_in,wdr_tokn_amt_in_get_lp_tokns_out,wdr_tokn_amt_out_get_lp_tokns_in,set_controller,set_freeze_status,replace_fee_rule,clear_fee_rule,get_total_supply,get_controller,get_tokens,get_balance,get_normalized_weight,get_spot_price,get_swap_fee,get_swap_fee_config,get_fee_rule,get_spot_price_sans_fee,allowance,approve,balance,transfer,transfer_from,burn,burn_from,decimals,name,symbol","SwapEvent,JoinEvent,ExitEvent,DepositEvent,WithdrawEvent,Approve,TransferWithAmountOnly,Transfer,Burn,MintWithAmountOnly,Mint,Clawback"
"62028851ed2b4bb1d038c283895f61fc95f7e06ec9b246bbf378a61a94b79482",0,0.0000,"25.1.1#94c2a3b3a5ded6b9cf9cef0c207bf8804f3eb294","1.94.0","github:AquaToken/soroban-amm","","AnotherActionActive,NoActionActive,ActionNotReadyYet","swap,claim,deposit,version,get_info,get_pool,share_id,withdraw,get_plane,get_pools,pool_type,get_tokens,init_admin,remove_pool,get_reserves,swap_chained,apply_upgrade,contract_name,estimate_swap,get_liquidity,set_pool_hash,commit_upgrade,fill_liquidity,revert_upgrade,set_token_hash,get_user_reward,set_pools_plane,get_rewards_info,get_total_shares,set_reward_token,get_emergency_mode,get_future_address,get_rewards_config,init_standard_pool,set_emergency_mode,config_pool_rewards,get_total_liquidity,init_config_storage,get_privileged_addrs,init_stableswap_pool,set_privileged_addrs,config_global_rewards,get_tokens_for_reward,get_tokens_sets_count,set_rewards_gauge_hash,pool_gauge_switch_token,set_reward_boost_config,apply_transfer_ownership,get_liquidity_calculator,get_total_claimed_reward,pool_gauge_token_enabled,set_liquidity_calculator,set_stableswap_pool_hash,commit_transfer_ownership,get_protocol_fee_fraction,revert_transfer_ownership,set_protocol_fee_fraction,get_pools_for_tokens_range,pool_gauge_schedule_reward,configure_init_pool_payment,get_init_pool_payment_token,get_total_configured_reward,pool_gauge_get_min_duration,swap_chained_strict_receive,get_total_accumulated_reward,get_total_outstanding_reward,distribute_outstanding_reward,get_init_pool_payment_address,get_stable_pool_payment_amount,pool_gauge_get_min_daily_amount,get_standard_pool_payment_amount,pool_gauge_set_reward_thresholds",""
"62182cd72e7d7552346d8946680ed09a283ee951c7b5f32aeb19477e0fdfe8c0",2,0.0014,"23.0.2#a97daf8b07cdf24e9bd45e344db51a21b9ea77d3","1.88.0","","","HexLengthInsufficient,MulDivFailed,InvalidPriceRange,U256ToU128ConversionFailed,TransactionTooOld,AlreadyInitialized,FactoryNotInitialized,XlmAddressNotInitialized,TokenDoesNotExist,NotTokenOwner,Unauthorized,InsufficientBalance,InvalidTickRange,TickNotAligned,TickOutOfBounds,PoolNotFound,MathOverflow,PriceSlippageCheck,NothingToCollect,TokensNotOrdered,LiquidityCalculationFailed,PoolKeyMissing,TokenDescriptorNotSet,NoApprovedAddress,PositionNotCleared","init,get_native_currency_label,token_uri",""
"62725bc1eca1a53f9120caff6590a6f354ea7d7fe7bb0877318111085eefd982",1,0.0007,"25.0.2#59a2e01a26f9330f8d516690911cb2ca87a6f1b3","1.93.0","","","NotInitialized,AlreadyInitialized,InvalidSession","end,start,upgrade,set_house,initialize",""
"6273b6eee1ca533dc40ed557e90dd81825d15ed0a79317bceea79940ade0acaa",1,0.0007,"23.4.0#673d6c4f2368d282d25da29bda55c21b8be69ca6","1.92.0","","","AlreadyInitialized,InvalidAddress,InvalidSupply","release,upgrade,initialize",""
"628be106fe3b32209cfdebd06b527c523d1df6f0516cb4eff58692e4b580eaef",0,0.0000,"21.7.4#f67b4bf2d2de04d87d28225a99027fd40b7da914","1.81.0","","","NotInitialized,AlreadyInitialized,ProtocolDisabled,Unfeasible,Unauthorized,InvalidPath","init,enable_protocol,update_contract,strict_send",""
"62c282b9c9afd504c8f3d0120de1ebf999acd812ecc2ba45bf171f3f4512a673",1,0.0007,"22.0.11#34f7f53ae31e0fd02aab436a9872e79fa671ca02","1.97.0","","","AlreadyInit,NotOwner,NotRelayer,Reentrant,Expired,NonceUsed,FeeTooHigh,BadRecipient,AssetNotVerified,VenueNotAllowed,ProceedsTooLow,FeeEatsPayment,BelowSweep,AlreadyStable,ProtocolFeeHigh,NoPull,ZeroAddress","init,pay_any,get_owner,set_owner,set_stable,set_relayer,set_soroswap,is_nonce_used,set_fee_vault,set_min_sweep,set_swap_venue,sweep_to_stable,is_verified_asset,get_pending_profit,set_permissionless,set_verified_asset,set_protocol_fee_bps",""
"62e6f978082b327d89dba563a673e2c9626187dbaff9dc580f85ace48b34226b",2,0.0014,"22.0.6#0c47dcfa187069d241f11fb082730f667b55e802","1.84.0","","","Unauthorized,PathIsEmpty,OutMinNotSatisfied,InMaxNotSatisfied","__constructor,get_swap_fee_fraction,get_router,set_swap_fee_fraction,claim_fees,claim_fees_and_swap,swap_chained,swap_chained_strict_receive",""
"631f2c5fde38ba13ccf06c3d6ed4ca9c4d9c23cb64e0959f57247b215c1273db",1,0.0007,"26.1.0#175aa41306f383057a8cdfc84b68d931664fc34e","1.96.0","","","NegativeAmount,InsufficientBalance,InsufficientAllowance,BadExpiration,ZeroShares,RateUnavailable,MathOverflow,BurnDisabled","burn,name,pool,admin,asset,redeem,symbol,approve,balance,deposit,upgrade,decimals,transfer,allowance,burn_from,get_admin,set_admin,underlying,get_version,share_token,set_metadata,__constructor,transfer_from,assets_per_share_wad",""
"63a0f2a7d1b44b029cbfffffdedaf5d0466f7666f5e122eadc20d902c2f1a0f8",12,0.0082,"25.1.1#94c2a3b3a5ded6b9cf9cef0c207bf8804f3eb294","1.93.1","github:AquaToken/soroban-amm","","AnotherActionActive,NoActionActive,ActionNotReadyYet","a,swap,claim,ramp_a,deposit,version,get_info,share_id,withdraw,gauge_add,kill_swap,pool_type,get_gauges,get_tokens,initialize,kill_claim,stop_ramp_a,unkill_swap,gauge_remove,gauges_claim,get_decimals,get_reserves,kill_deposit,unkill_claim,apply_new_fee,apply_upgrade,contract_name,estimate_swap,commit_new_fee,commit_upgrade,initialize_all,revert_upgrade,unkill_deposit,get_pools_plane,get_user_reward,get_user_shares,set_pools_plane,estimate_deposit,get_fee_fraction,get_rewards_info,get_total_shares,init_pools_plane,calc_token_amount,checkpoint_reward,get_protocol_fees,get_rewards_state,get_unused_reward,get_virtual_price,kill_gauges_claim,set_rewards_state,withdraw_one_coin,get_emergency_mode,get_future_address,get_is_killed_swap,set_emergency_mode,set_rewards_config,backfill_plane_data,claim_protocol_fees,get_is_killed_claim,init_config_storage,swap_strict_receive,unkill_gauges_claim,get_privileged_addrs,return_unused_reward,set_privileged_addrs,gauge_schedule_reward,get_is_killed_deposit,revert_new_parameters,calc_withdraw_one_coin,gauges_get_reward_info,admin_set_rewards_state,initialize_boost_config,set_reward_boost_config,apply_transfer_ownership,estimate_working_balance,get_total_claimed_reward,commit_transfer_ownership,get_protocol_fee_fraction,get_total_excluded_shares,initialize_rewards_config,revert_transfer_ownership,set_protocol_fee_fraction,checkpoint_working_balance,remove_liquidity_imbalance,get_total_configured_reward,estimate_swap_strict_receive,get_total_accumulated_reward,adjust_total_accumulated_reward",""
"646a683963fcf14d4bfd0e11ba7f1e07a790d446b06c87d34af69f0ba06361a5",1,0.0007,"22.0.7#211569aa49c8d896877dfca1f2eb4fe9071121c8","1.85.0","","","TokenPaused,AddressIsNotInWhitelist","__constructor,is_token_registered,is_doc_registered,is_paused,change_owner,decimals,name,symbol,total_supply,balance,transfer,allowance,transfer_from,approve,pause,unpause,mint,mint_to,burn,burn_from,grant_kyc,revoke_kyc,update_all_docs,register_doc,unregister_doc,register_token,unregister_token",""
"64ec785c3de749f5c6c5c0ac2de036beae42b460d778107e1f3552e95db672d6",1,0.0007,"22.0.5#25daaf397971f2c15fd2a5fd0a9967020a19cfcb","1.81.0","","","NotFound,NotEmpty,NotAuthorized,NotPermitted,NotOwned,AmountTooMuch,InvalidContract,InvalidArgs,VCStringTooLong,VCListCapacityReached,SplitLimitReached,SplitAmountTooLow","__constructor,admin,set_admin,set_loan_contract,set_loan_status,amount,parent,owner,vc,loan_status,get_all_owned,is_disabled,transfer,mint_original,burn,split,redeem,set_external_token_provider,check_paid,check_expired,recipient,sign_off,reject,pay_off,add_vc",""
"64ef0bc6962f06546c0e00a11877c869d78c08043f79d50ee2c09cb1b837c477",0,0.0000,"21.6.0#f57d2454e520ae11dc9c8d55db610557a24a556e","1.80.0","","","AnotherActionActive,NoActionActive,ActionNotReadyYet","a,get_virtual_price,calc_token_amount,get_dy,remove_liquidity_imbalance,calc_withdraw_one_coin,withdraw_one_coin,set_privileged_addrs,get_privileged_addrs,ramp_a,stop_ramp_a,commit_new_fee,apply_new_fee,revert_new_parameters,kill_deposit,kill_swap,kill_claim,unkill_deposit,unkill_swap,unkill_claim,get_is_killed_deposit,get_is_killed_swap,get_is_killed_claim,initialize_all,pool_type,initialize,get_fee_fraction,share_id,get_total_shares,get_reserves,get_tokens,get_decimals,deposit,swap,estimate_swap,withdraw,get_info,version,commit_upgrade,apply_upgrade,revert_upgrade,set_emergency_mode,get_emergency_mode,upgrade_token_legacy,initialize_rewards_config,set_rewards_config,get_unused_reward,return_unused_reward,get_rewards_info,get_user_reward,checkpoint_reward,get_total_accumulated_reward,get_total_configured_reward,get_total_claimed_reward,claim,init_pools_plane,set_pools_plane,get_pools_plane,backfill_plane_data,commit_transfer_ownership,apply_transfer_ownership,revert_transfer_ownership,get_future_address",""
"651c5f70fed3d115833e450b8fcfae65263353d203b6a04e67f5e053bfb788aa",2,0.0014,"21.7.7#5da789c50b18a4c2be53394138212fed56f0dfc4","1.96.0","","","NotOwner,StillLocked,AlreadyWithdrawn,ShortenForbidden,VaultNotFound,InvalidAmount,InvalidTimestamp,InvalidToken,WrongVaultKind,WithdrawalNotInitiated,CoolingOffPending,InvalidVestingWindow,AmountExceedsUnlocked,NoBackupAddress,NotBackupAddress,DeadlineNotPassed,AlreadyClaimedByBackup,SelfReferentialBackup","ping,deposit,withdraw,get_vault,list_owned,extend_lock,create_vault,backup_withdraw,withdraw_vested,cancel_withdrawal,get_unlocked_amount,initiate_withdrawal,create_vesting_vault,create_cooling_off_vault,create_dead_man_switch_vault",""
"65439367ed8ea2deb96c3b90386873a7a705be93b26f399a9739657bac9e39f0",1,0.0007,"26.1.0#175aa41306f383057a8cdfc84b68d931664fc34e","1.93.0","","","NotInitialized,Unauthorized,NotOwner,AlreadyListed,NotListed,BelowFloorPrice,ListingExpired,SelfTrade,ProposalExpired,InvalidSignature,ProductionDomain,SlippageExceeded","buy,list,cancel,buy_nft,upgrade,list_nft,get_offer,set_admin,cancel_nft,extend_ttl,initialize,get_listing,total_volume,__constructor,set_xld_token,execute_intent,buy_from_router,execute_nft_intent,buy_nft_from_router,set_operator_wallet,execute_listing_intent,exec_listing_by_operator,execute_priv_nft_listing,exec_nft_list_by_operator,execute_nft_listing_intent,exec_priv_listing_by_operator,exec_priv_nft_list_by_operator,execute_private_listing_intent","NftSoldEvent,NftListedEvent,OfferMadeEvent,DomainSoldEvent,DomainListedEvent,NftCancelledEvent,PrivateTradeEvent,OfferAcceptedEvent,ListingCancelledEvent"
"65b5f4a19eed8f6a6a3c802b4e06bcefbe8182d9687acc820faca8734637e4d9",1,0.0007,"23.0.1#510d3feb724c2b01d7e7ab7652f03b9f8efc3f35","1.93.0-nightly","","","AlreadyInitialized,NotInitialized,Unauthorized,InvalidAmount,InvalidSchedule,GrantMissing,GrantNotRevocable,GrantAlreadyCanceled,InvalidBootstrapAdmin","init,admin,claim,grant,token,revoke,upgrade,governor,claimable,claim_all,grant_ids,set_admin,create_grant,set_governor,vested_amount,last_wasm_hash,bootstrap_admin_active,bootstrap_admin_expires_at,set_bootstrap_admin_expiry,clear_bootstrap_admin_expiry",""
"65f90efcee29dbcb1b2824aaa86d3a530f440bc7df4878ba70271655e8386abf",0,0.0000,"23.0.1#510d3feb724c2b01d7e7ab7652f03b9f8efc3f35","1.93.0-nightly","","","AlreadyInitialized,NotInitialized,Unauthorized,InvalidLockBps,AmountZero,InsufficientBalance,LockViolation,InvalidBootstrapAdmin","init,token,balance,deposit,manager,upgrade,governor,lock_bps,withdraw,claim_payout,set_governor,set_lock_bps,claims_manager,claim_capacity,last_wasm_hash,bootstrap_admin,max_withdrawable,set_claims_manager,set_bootstrap_admin,clear_bootstrap_admin,bootstrap_admin_active,bootstrap_admin_expires_at",""
"6618ab96636a9b0ae1b65c9b1f6e63012e841f861d5f56e21048ffd56c164b14",1,0.0007,"22.0.11#34f7f53ae31e0fd02aab436a9872e79fa671ca02","1.89.0","","","AlreadyInitialized,NotInitialized,InvalidAmount,EnvelopeExists,EnvelopeNotFound,NotOwner,InsufficientBalance","initialize,create_envelope,allocate,spend,balance,get_envelope,get_token,get_admin",""
"663350a90dc668a16f3ff923929756a8724e42d7b09955d338a2e2203121bd8a",5,0.0034,"22.0.8#f46e9e0610213bbb72285566f9dd960ff96d03d8","1.86.0","","","AnotherActionActive,NoActionActive,ActionNotReadyYet","__constructor,mint,redeem,redeem_one,sync_collateral,get_tokens,get_price_bounds,get_user_token_balances,get_total_token_supplies,get_collateral_info,get_summary,get_status,set_calculator,set_oracle,kill_mint,kill_redeem,unkill_mint,unkill_redeem,get_is_killed_mint,get_is_killed_redeem,get_price,get_scaled_price,version,contract_name,commit_upgrade,apply_upgrade,revert_upgrade,set_emergency_mode,get_emergency_mode,commit_transfer_ownership,apply_transfer_ownership,revert_transfer_ownership,get_future_address",""
"663c25947926c532d634a25fa8de7fc3ea09acceb82cc87b98a5f2a0382d4d16",1,0.0007,"22.0.8#f46e9e0610213bbb72285566f9dd960ff96d03d8","1.87.0","","","NotAllowed,AlreadySponsored,InvalidArguments,DailySponsorshipLimitReached,ContactNotFound","policy__",""
"66951f718a7bea5e52fe51e630190029805d5b43e7c80d56ebdd045671230582",6,0.0041,"22.0.8#f46e9e0610213bbb72285566f9dd960ff96d03d8","1.86.0","","","AnotherActionActive,NoActionActive,ActionNotReadyYet","__constructor,get_oracle_price,get_price,get_guard_rails,update_price,set_seconds_before_stale,set_too_volatile_ratio,set_sanitize_clamp_denominator,version,contract_name,commit_upgrade,apply_upgrade,revert_upgrade,set_emergency_mode,get_emergency_mode,commit_transfer_ownership,apply_transfer_ownership,revert_transfer_ownership,get_future_address",""
"66bf900137ba37d11b69eb7b7213564f5016508176c224f8340b077c4a9ef2b5",0,0.0000,"22.0.6#0c47dcfa187069d241f11fb082730f667b55e802","1.87.0","","","AnotherActionActive,NoActionActive,ActionNotReadyYet","__constructor,set_swap_fee_contract_wasm,deploy_swap_fee_contract,version,commit_upgrade,apply_upgrade,revert_upgrade,set_emergency_mode,get_emergency_mode,commit_transfer_ownership,apply_transfer_ownership,revert_transfer_ownership,get_future_address",""
"66d27fbdd4477eecd2a8d60752b19e3c78056e4216afcf4ba9446243941b75a8",0,0.0000,"25.3.1#e50d95af029c83196dd122f0154bac3f1302394b","1.93.0","","","NotInitialized,AlreadyRegistered,DomainExpired,NotOwner,InvalidName,InvalidDuration,InsufficientPayment,DomainNotFound,Unauthorized,SubdomainLimitReached,ProductionLocked,GracePeriodActive,NotExpired,MarketplaceNotSet,BelowFloorPrice,TooManyRecords,NftNotFound,NotApproved,ApprovalExpired,RegistrationsPaused","name,renew,symbol,approve,balance,resolve,upgrade,owner_of,register,transfer,get_price,set_admin,token_uri,early_exit,extend_ttl,gift_renew,initialize,set_status,fix_pricing,set_records,get_approved,get_token_id,is_available,nft_transfer,set_base_uri,total_minted,expire_domain,set_subdomain,transfer_from,get_node_count,approve_for_all,reverse_resolve,set_marketplace,set_ustry_token,get_pause_status,get_vault_shares,is_approved_for_all,set_aquarius_router,marketplace_transfer,get_domain_attributes,set_pause_registrations","NftMintEvent,EarlyExitEvent,NftApproveEvent,NftTransferEvent,DomainExpiredEvent,DomainRenewedEvent,RecordUpdatedEvent,RegistryPauseEvent,StatusChangedEvent,DomainRegisteredEvent,NftApproveForAllEvent,DomainTransferredEvent,MarketplaceTransferEvent"
"66ef2e49157eebe509bf949afd3014bd3bf135cdb29ea8f0f483b7c41f67d836",1,0.0007,"23.2.1#ab415a33cc1f6bdce20ac4a12f0ddbe41a648949","1.92.0","","","AlreadyInitialized,NotInitialized,ZeroAmount,EmptyInstructions,TotalFeeBpsTooHigh,TargetNotWhitelisted,BpsOverflow","admin,execute,set_admin,__constructor,is_whitelisted,add_to_whitelist,remove_from_whitelist",""
"6707ac183cbb34eb8186a5a22e71fec95d2dcf3f3a4ee9fc01e07a924f1c3320",1,0.0007,"25.1.1#94c2a3b3a5ded6b9cf9cef0c207bf8804f3eb294","1.93.1","github:AquaToken/soroban-amm","","AnotherActionActive,NoActionActive,ActionNotReadyYet","version,init_admin,apply_upgrade,contract_name,commit_upgrade,revert_upgrade,get_emergency_mode,get_future_address,set_emergency_mode,apply_transfer_ownership,commit_transfer_ownership,revert_transfer_ownership",""
"676b4c9260b694aaf448639f581de3bd4dc71b4553d03fc457b63fbc9a9d55fb",1,0.0007,"20.3.2#1d7f9bd8030f69070634bfb07394339824ceb399","1.74.0","","","NoAdmin,AlreadyInitialized,InvalidPoolTable","insertcoin,play,initialize,withdraw",""
"67848b7ab5a32ea5b0410d16393b5d4e79f68266571272a3aff4edf5ec67483c",34,0.0232,"23.4.0#673d6c4f2368d282d25da29bda55c21b8be69ca6","1.92.0","","","NotInitialized,AlreadyInitialized,Unauthorized,ContractLocked,LowShareCount,InvalidShareTotal,ZeroTransferAmount,TransferAmountAboveBalance,TransferAmountAboveUnusedBalance,ZeroWithdrawalAmount,WithdrawalAmountAboveAllocation,NoSharesToSell,NoActiveListing,InsufficientSharesInListing,InvalidPrice,InvalidShareAmount,CannotBuyOwnShares,NoSharesToTransfer,InsufficientSharesToTransfer,CannotTransferToSelf,Overflow,NegativeShareAmount,DuplicateShareholder,InvalidCommissionRate","init,get_share,buy_shares,get_config,get_listing,list_shares,lock_contract,update_shares,cancel_listing,get_allocation,list_all_sales,transfer_shares,transfer_tokens,distribute_tokens,withdraw_allocation,list_shares_for_sale,get_commission_config,set_buy_commission_rate,set_commission_recipient,set_distribution_commission_rate",""
"67cee179a2bff4f3f536cfc340e42e9f284b64759513a0c716d6405bb27cc33f",0,0.0000,"22.0.11#34f7f53ae31e0fd02aab436a9872e79fa671ca02","1.94.0","","","AlreadyInitialized,NotInitialized,Unauthorized,InvalidSignature,RatesTooOld,LoyaltyTierNotFound,EmptyTiers,NoCatchAllTier","init,update,get_init,get_tiers,set_admin,set_decimals,set_resolution,get_loyalty_tier,set_loyalty_tiers,get_allowed_issuers,set_allowed_issuers,set_rates_signing_key",""
"67d066d9daf1fa6e33191548a61068d1e20f5427482ae923d4a7c8b0d51efaf2",2,0.0014,"20.5.0#9e2c3022b4355b224a7a814e13ba51761eeb14bb","1.94.1","","","Dummy","subscribe,initialize,set_oracle,claim_payout,get_lp_shares,verify_farmer,is_initialized,deposit_subsidy,get_farm_policy,is_mainnet_mode,get_farmer_farms,set_single_oracle,get_weather_report,is_farmer_verified,deposit_reinsurance,get_subsidy_balance,set_quorum_threshold,withdraw_reinsurance,submit_weather_report,get_total_reinsurance_shares,get_consensus_damage_percentage,get_total_reinsurance_deposited",""
"67d9f757d67b18605c38d62e1e8c54f3749755080d44b6f498d9e13efa86a541",1,0.0007,"25.3.1#e50d95af029c83196dd122f0154bac3f1302394b","1.95.0","","","InvalidAmount,InvalidInterest,InvalidTerm,InvalidInstallment,Overflow,PositionNotFound,PositionClosed,InsufficientAvailable","cancel,deposit,release,complete,get_position","Cancel,Deposit,Release,Complete"
"67ecf7d6f9d349dbdef9c3fe57ecf8bdeffc6a5dc67ff7b64874302441037817",1,0.0007,"27.0.2#45d378a6cb4a026d23fc7286b6ee3add9c9dd0b9","1.92.0","","","NotInitialized,AlreadyInitialized,Unauthorized,InvalidLimit,PerCallLimitExceeded,DailyLimitExceeded,NegativeAmount,NotAllowed,HistoryCapacityExceeded,CategoryDailyLimitExceeded,InvalidTreasuryBand,InvalidRoles,Paused","get_status,initialize,set_limits,set_paused,check_spend,set_treasury_band,set_category_limits",""
"684580d7c3c2f2f7e2d85072ad695be32787570be0e3aaccee9f19c8b1756c48",1,0.0007,"22.0.7#211569aa49c8d896877dfca1f2eb4fe9071121c8","1.81.0","","","ListingNotFound,ListingNotAvailable,ListingTypeMismatch,AlreadyInitialized,InvalidNftOwner,MissingMarketplaceContractId,AgreementNotFound,AgreementNotActive,AgreementNotOwnedByCaller,AgreementIsAlreadyActive,StateNotAlreadySet,ListingNotFound,ListingNotAvailable,ListingTypeMismatch,AlreadyInitialized,InvalidNftOwner,MissingMarketplaceContractId,AgreementNotFound,AgreementNotActive,AgreementNotOwnedByCaller,StateNotAlreadySet","initialize,version,upgrade,update_state,name,symbol,mint,transfer,transfer_shares,burn_shares,is_sole_owner,merge_shares,grant_temporary_control,revoke_temporary_control,has_control,balance_of,total_supply,get_all_owners,token_uri,set_token_uri,exists,get_metadata,owners_of,tokens_of_owner",""
"6941bcc7ece66828be93d2d4156926813ab091bb58efede1e6ee900f5783fe20",1,0.0007,"22.0.6#0c47dcfa187069d241f11fb082730f667b55e802","1.87.0","AquaToken/soroban-amm","","AnotherActionActive,NoActionActive,ActionNotReadyYet","__constructor,set_value,get_value,get_value_updated_at,commit_transfer_ownership,apply_transfer_ownership,revert_transfer_ownership,get_future_address,version,contract_name,commit_upgrade,apply_upgrade,revert_upgrade,set_emergency_mode,get_emergency_mode",""
"695da0050d5481fe1a1dc0edc94792223b4a152b80f8a1e360ec05a773c06196",0,0.0000,"20.5.0#9e2c3022b4355b224a7a814e13ba51761eeb14bb","1.80.0","","","DifferentDepositedToken,InvalidToken,ContractStillOpen,Unauthorized,ContractAlreadyInitialized,MintMoreThanTotalSupply,InsufficientFunds,CustomerNotFound,TokenNotFound,NotEnoughGoldForStableToken,NotEnoughStableTokenForGold,ProjectsWalletNotFound,RecoveryWalletNotFound,MineOwnerWalletNotFound,NationWalletNotFound,AlternunWalletNotFound,NativeAssetNotFound,NegativeValue,AlternunFeeWalletNotFound,BalanceError","initialize,buy,change_token_admin,set_disbursment_wallets,disburse,increase_total_supply,set_admin",""
"69cbcb5afa568e10fa3a11547372f7f8a983af0ebf2bc0a768f095782f372637",2,0.0014,"27.0.2#45d378a6cb4a026d23fc7286b6ee3add9c9dd0b9","1.97.1","","","AlreadyInitialized,NotInitialized,PaymentExists,PaymentNotFound,InvalidParty,InvalidAsset,InvalidAmount,InvalidExpiry,InvalidStatus,Expired","initialize,get_payment,cancel_payment,create_payment,expire_payment,confirm_payment","Initialized,PaymentCreated,PaymentExpired,PaymentSettled,PaymentCancelled"
"6a2feb8065c1858db5e767139f71b75cf5f6ae1c157141377411e02f2a98ff6c",1,0.0007,"20.3.2#1d7f9bd8030f69070634bfb07394339824ceb399","1.76.0-nightly","","","NotInitialized,Initialized,NotAuthorized","initialize,deploy_whitelist,deploy_vending,deploy_open_edition,deploy_collection,update_data,bump,upgrade,withdraw,get_factory_data,version",""
"6a4e054cac529c7049803bf751394a06fe9b60e13e9031dff454c56eefe307a6",1,0.0007,"26.1.0#175aa41306f383057a8cdfc84b68d931664fc34e","1.93.0","","","NotInitialized,Unauthorized,AuctionNotFound,AuctionEnded,AuctionActive,CommitmentExists,InvalidReveal,BelowReserve,NotCommitted,AlreadyRevealed,RevealPeriodActive,NoWinner,ZeroAmount","settle,upgrade,set_admin,commit_bid,extend_ttl,initialize,reveal_bid,get_auction,__constructor,set_xld_token,create_auction,get_commitment,set_vault_contract,settle_from_router","BidRevealedEvent,BidCommittedEvent,AuctionCreatedEvent,AuctionSettledEvent"
"6a87a672730e37dd863b74282167d513b4b30987f9eed9ff8eed4423ac6e9906",0,0.0000,"25.1.1#94c2a3b3a5ded6b9cf9cef0c207bf8804f3eb294","1.93.1","github:AquaToken/soroban-amm","","Unauthorized,PathIsEmpty,OutMinNotSatisfied,InMaxNotSatisfied,FeeFractionTooHigh","claim_fees,get_router,swap_chained,__constructor,claim_fees_and_swap,get_fee_destination,get_max_swap_fee_fraction,swap_chained_strict_receive",""
"6a87d738c5b1b5234dd81d33ccf7a7fe657e5c8c80fa8883a90856cd44d7888e",1,0.0007,"23.0.2#a97daf8b07cdf24e9bd45e344db51a21b9ea77d3","1.88.0","","","HexLengthInsufficient,MulDivFailed,InvalidPriceRange,U256ToU128ConversionFailed,TransactionTooOld,AlreadyInitialized,FactoryNotInitialized,XlmAddressNotInitialized,TokenDoesNotExist,NotTokenOwner,Unauthorized,InsufficientBalance,InvalidTickRange,TickNotAligned,TickOutOfBounds,PoolNotFound,MathOverflow,PriceSlippageCheck,NothingToCollect,TokensNotOrdered,LiquidityCalculationFailed,PoolKeyMissing,TokenDescriptorNotSet,NoApprovedAddress,PositionNotCleared","init,zap_in,zap_out,quote_zap_in,quote_zap_out,get_factory,get_xlm_address,get_position_manager,is_initialized","ZapInitializedEvent,ZapInEvent,ZapOutEvent"
"6abac53e2306b09a13f6eb60649953305159ba293f8f97a2ab0720c6a26ad9af",1,0.0007,"22.0.11#34f7f53ae31e0fd02aab436a9872e79fa671ca02","1.96.0","","","DocumentAlreadyExists,DocumentNotFound,NodeNotFound","get_node,get_document,set_node_status,update_document,register_document",""
"6b1454e7837d2b3abd654fa65ba0f8b09dcf0a47b4587aeb330099ee41549f8f",1,0.0007,"20.5.0#9e2c3022b4355b224a7a814e13ba51761eeb14bb","1.80.0","","","AlreadyInitialized,Unauthorized,RepoMissing,RepoAlreadyExists,RepoLimitExceeded","config,version,admin,add_repos,remove_repos,get_repos,update_contract",""
"6b4804920a4068dfdcaaa711fac6390850e0a92f4b5ed4e46259694b61cbae12",1,0.0007,"27.0.0#e5cb4b52c3da8e56fc48adfd7b85d85976c1a059","1.93.0","","","AlreadyInitialized,AdminCannotBeZero,EventsContractNotConfigured,Unauthorized,NotAdmin,PendingAdminMismatch,PendingAdminExpired,NotInitialized,EventsContractAlreadyConfigured,PendingEventsContractMismatch,PendingEventsContractExpired,PendingEventsContractTimelock,ProfileNotFound,InvalidAmount,ReasonRequired,OpAlreadySeen,EarningsOverflow,Paused,UpgradeNotProposed,UpgradeTimelockNotElapsed,UpgradeProposalExpired,MigrationAlreadyApplied","pause,migrate,unpause,version,bootstrap,get_admin,is_paused,set_admin,get_profile,accept_admin,get_earnings,__constructor,apply_upgrade,bootstrap_self,bump_reputation,propose_upgrade,slash_reputation,register_earnings,get_events_contract,get_pending_upgrade,set_events_contract,accept_events_contract,admin_slash_reputation,cancel_pending_upgrade,get_migrated_to_version,propose_events_contract,get_pending_events_contract,cancel_pending_events_contract","Paused,Migrated,Unpaused,Upgraded,AdminUpdated,UpgradeApplied,PendingAdminSet,ReputationBumped,ReputationSlashed,EarningsRegistered,ProfileBootstrapped,EventsContractUpdated,AdminReputationSlashed,PendingUpgradeProposed,EventsRotationCancelled,PendingUpgradeCancelled,PendingEventsContractSet"
"6b6df6a300d9bb17fa68a2d66a7f64de01048dc5bfc6b6aa2c4e61544408a166",5,0.0034,"22.0.8#f46e9e0610213bbb72285566f9dd960ff96d03d8","1.91.1","","","Unprofitable,Unauthorized,InvalidPath,InsufficientBalance,SwapFailed,PathTooLong","withdraw,get_admin,execute_cycle,__constructor,receive_flash_loan",""
"6b870017bca9322c8121ff0ac65f7175f7b18ff0f0a702902ebb938ab1ea12f8",1,0.0007,"26.1.0#175aa41306f383057a8cdfc84b68d931664fc34e","1.93.0","","","NotInitialized,AlreadyRegistered,DomainExpired,NotOwner,InvalidName,InvalidDuration,InsufficientPayment,DomainNotFound,Unauthorized,SubdomainLimitReached,ProductionLocked,GracePeriodActive,NotExpired,MarketplaceNotSet,BelowFloorPrice,TooManyRecords,NftNotFound,NotApproved,ApprovalExpired,RegistrationsPaused,NeedsUpgrade,BlacklistedName,ReservedName,ActiveHostingTransferBlocked","name,renew,symbol,approve,balance,resolve,upgrade,owner_of,register,transfer,get_price,set_admin,token_uri,early_exit,extend_ttl,gift_renew,initialize,set_status,fix_pricing,get_xld_sac,set_records,set_xld_sac,get_approved,get_token_id,is_available,set_base_uri,set_reserved,total_minted,__constructor,admin_reclaim,admin_restore,expire_domain,set_subdomain,transfer_from,get_node_count,set_avatar_nft,set_signer_key,upgrade_domain,approve_for_all,get_price_split,reverse_resolve,set_blacklisted,set_marketplace,set_ustry_token,get_pause_status,get_vault_shares,transfer_by_node,get_domain_status,renew_from_router,set_aquarius_pool,set_deposit_router,set_reserved_batch,zap_public_deposit,admin_reclaim_batch,get_operator_wallet,is_approved_for_all,register_with_ustry,set_aquarius_router,set_operator_wallet,get_early_exit_quote,marketplace_transfer,register_from_router,get_domain_attributes,set_blacklisted_batch,set_pause_registrations,set_aquarius_pool_contract","NftMintEvent,EarlyExitEvent,NftApproveEvent,NftTransferEvent,DomainExpiredEvent,DomainRenewedEvent,RecordUpdatedEvent,RegistryPauseEvent,StatusChangedEvent,DomainRegisteredEvent,NftApproveForAllEvent,DomainTransferredEvent,MarketplaceTransferEvent"
"6bcd873c62564c2872dc60e833fb90b49882e76a4e31161b6314744b81c6d3de",1,0.0007,"26.1.0#175aa41306f383057a8cdfc84b68d931664fc34e","1.96.0","","","InvalidCoinCount,InvalidCoinIndex,SameCoin,DivisionByZero,Arithmetic,ZeroBalance,InvalidFee,InvalidAmplification,NotConverged,SlippageExceeded,ZeroAmount,InsufficientBalance,ZeroBurn,ConversionOutOfRange,NotInitialized,AlreadyInitialized,InvalidAdminFee,InvalidOffpegFeeMultiplier,Unreachable,LpSupplyDrift,NotImplemented,Unauthorized,InvalidRampTime,InvalidRampTarget","a,fee,name,coins,get_p,config,get_dx,get_dy,ramp_a,symbol,approve,balance,balances,d_oracle,decimals,exchange,reserves,transfer,a_precise,admin_fee,allowance,ema_price,initialize,last_price,dynamic_fee,set_new_fee,stop_ramp_a,get_balances,price_oracle,stored_rates,total_supply,add_liquidity,transfer_from,admin_balances,set_ma_exp_time,remove_liquidity,calc_token_amount,exchange_received,get_virtual_price,withdraw_admin_fees,offpeg_fee_multiplier,calc_withdraw_one_coin,remove_liquidity_one_coin,remove_liquidity_imbalance","RampAEvent,ExchangeEvent,StopRampAEvent,AddLiquidityEvent,RemoveLiquidityEvent,RemoveLiquidityOneEvent,RemoveLiquidityImbalanceEvent,Burn,Mint,Approve,Transfer,MuxedTransfer"
"6bd075a1f2449ee957a00bf9020fec4e6d9a9c15a73799283f9afa5fbf8748f3",1,0.0007,"21.7.6#c6cca8f8cf75618c24ceb5d9ffdfe735486ae1e9","1.82.0","","","ReadyTwice,NotFound","sum,sum_bkp,sub,mul,div,add_task,xxx,get_op2,get_op,get_op_teste,all_op,add_last_op,last_op,yyy",""
"6c4367a3bbc9948917b0f2d1aeaa6cf325442577531bf977e7f866629802bf0d",0,0.0000,"22.0.11#34f7f53ae31e0fd02aab436a9872e79fa671ca02","1.91.0","","","AlreadyInitialized,NotInitialized,Unauthorized,Paused,InvalidAmount,InvalidLeverage,InsufficientLiquidity,PositionNotFound,PositionNotOpen,NotLiquidatable,InvalidBatch,InvalidPrice,InvalidEstimate,Slippage,Arithmetic,WithdrawalLocked,MarketNotFound,MarketDisabled,InvalidPool,PoolSwapDisabled,PoolEmergencyMode,PositionTooLarge,SwapAccountingMismatch,RateConfigNotFound,MaxUtilizationExceeded,InvalidClosePercentage,PartialCloseTooSmall,PartialCloseLeavesUnsafePosition,InsufficientPositionEquity,UnsafeMarketMutation","upgrade,get_pool,get_risk,open_long,get_market,open_short,set_market,set_paused,get_position,process_ready,__constructor,close_position,get_borrow_rate,preview_position,deposit_liquidity,get_global_config,set_market_enabled,withdraw_liquidity,refresh_action_queue,get_interest_rate_config,set_interest_rate_config",""
"6ccb1974a315d4c0474b69508fbbe762e303d0de202cf5ebd690553fbd6147d1",1,0.0007,"27.0.2#45d378a6cb4a026d23fc7286b6ee3add9c9dd0b9","1.97.1","","","AlreadyInitialized,NotInitialized,InvalidAmount,BatchExists,BatchNotFound,InvalidStatus,InsufficientFunds","cancel,approve,deposit,get_pool,withdraw,get_batch,initialize,create_batch","Initialized,BatchCreated,BatchApproved,BatchCancelled,BatchDeposited,BatchWithdrawn"
"6ce358737803c08f60e02bb95d1377bf14412e4378d702ed137e6bbf189c6b66",1,0.0007,"21.7.7#5da789c50b18a4c2be53394138212fed56f0dfc4","1.90.0","","","AlreadyInitialized,NotInitialized,NotAuthorized,Paused,MarketNotFound,InvalidTimes,InvalidAmount,TradingLocked,TradingNotLocked,WrongState,TooEarlyToPropose,AlreadyProposed,NothingProposed,DisputeWindowOpen,DisputeWindowClosed,AlreadyDisputed,NotDisputed,NotResolved,NothingToClaim,SlippageExceeded,PositionCapExceeded,InsufficientShares,InsufficientLiquidity,BondTooSmall,FeeTooHigh,Overflow,SelfDispute,InvalidOutcome","initialize,set_paused,set_arbiter,set_fees,withdraw_protocol_fees,create_market,add_liquidity,remove_liquidity,buy,sell,propose,dispute,finalize,arbiter_resolve,claim,claim_lp,get_market,get_user_position,get_user_lp,yes_price_bps,market_count",""
"6d0bfb4b5743b4c7355022d34fe71bad4e5694136304801bbe613d6bb564f706",0,0.0000,"25.1.1#94c2a3b3a5ded6b9cf9cef0c207bf8804f3eb294","1.94.0","github:AquaToken/soroban-amm","","Unauthorized,PathIsEmpty,OutMinNotSatisfied,InMaxNotSatisfied,FeeFractionTooHigh","claim_fees,get_router,swap_chained,__constructor,claim_fees_and_swap,get_fee_destination,get_max_swap_fee_fraction,swap_chained_strict_receive",""
"6d171978671ae95faabb7ec0df6d4988323e0686a5b81ab7a6ce9b18b33d5a7d",1,0.0007,"26.1.0#175aa41306f383057a8cdfc84b68d931664fc34e","1.97.1","","","NotOwner,NotKeeper,NotAdmin,Unauthorized,AlreadyDeployed,Paused,ZeroAmount,WeightsInvalid,EmptyAllocations,VaultNotWhitelisted,SwapRequired,UnexpectedSwap,InsufficientBalance,SlippageExceeded,DeadlineExceeded,SwapFailed,BadSwapPath,PositionNotFound,NothingToWithdraw,TooManyVaults,AdapterError,UnsupportedProtocol,Math,UnsupportedOutput,InactiveVault,FeeTooHigh,TreasuryUnset,BadNonce,NothingToSwap,NothingToDeposit,MultiAssetVault,TooManyStrategies,SweepNotAllowed,InvalidReason,VaultShapeChanged,SwapAssetNotAllowed,PositionNotEmpty","admin,upgrade,set_admin,owner_slots,strategy_at,strategy_of,__constructor,strategy_wasm,strategy_count,deploy_strategy,predict_address,deploy_and_invest,set_strategy_wasm,strategy_by_index,strategy_count_of","Paused,Rescued,Upgraded,VaultSet,Deposited,IdleSwept,KeeperSet,RouterSet,Withdrawn,AdminChanged,FeeConfigSet,SwapAssetSet,RebalanceNoOp,PositionClosed,WithdrawAllDone,ContractUpgraded,KeeperEnabledSet,RebalanceSwapped,RebalanceToggled,StrategyDeployed,RebalanceDeposited,RebalanceWithdrawn,AdminTransferProposed"
"6d6567610a6e51124707b379b7dbe14f2a60fb81669321272a203140dc4674ec",1,0.0007,"25.3.1#e50d95af029c83196dd122f0154bac3f1302394b","1.94.1","","","NotInitialized,AlreadyInitialized,Unauthorized,InvalidAmount,SwapFailed","get_quote,get_router,initialize,set_router,set_factory,execute_swap,get_trusted_caller,set_trusted_caller",""
"6dc8364ea810034cf172fba2dc3899690e85159452868f3d3d2237408285961c",1,0.0007,"22.0.11#34f7f53ae31e0fd02aab436a9872e79fa671ca02","1.95.0","","","NotFound,Unauthorized,AlreadyRegistered,NotInitialized,AlreadyInitialized","get_maker,is_active,initialize,update_signer,get_signer_key,register_maker,is_valid_signer,get_pool_address,set_maker_active",""
"6de3a2c1a0172a2396ed379e98284e3e30c421c16c9f11460c53b0036fc7c6c0",0,0.0000,"23.4.0#673d6c4f2368d282d25da29bda55c21b8be69ca6","1.93.1","","","Unauthorized,PathIsEmpty,TokensNotSorted,DuplicatesNotAllowed,ValueNotInitialized,AlreadyInitialized,UnknownProtocol,OutMinNotSatisfied,InMaxNotSatisfied,FeeFractionTooHigh,RouterInvalidOutput","init,swap,upgrade,version",""
"6e6f87b920cb63e6115cdcd414b5afc752e3abded1b44b34754e834f4c6a6030",1,0.0007,"23.2.1#ab415a33cc1f6bdce20ac4a12f0ddbe41a648949","1.92.0","","","InvalidInput,AccessControlUnauthorized,OperationProcessed,DeadlinePassed,LowDepositAmount,InvalidOutput","swap,deposit,relayer,upgrade,has_role,withdraw,grant_role,denominator,revoke_role,set_relayer,fee_settings,__constructor,renounce_role,integrator_info,deposit_approver,set_fee_settings,deposit_processed,withdraw_processed,extend_instance_ttl,set_integrator_info,set_deposit_approver,calculate_fee_amounts,extend_persistent_ttl,instance_ttl_settings,allbridge_core_address,persistent_ttl_settings,set_instance_ttl_settings,set_persistent_ttl_settings","Swap,Deposit,FeeTaken,Withdraw,RoleGranted,RoleRevoked,FeeSettingsSet,RelayerFeeTaken,IntegratorInfoSet"
"6e77fa78ced14f4910d89009aef5a744ccf242a63f9eeed7629ed224ff72b4b4",1,0.0007,"27.0.6#60926a20d1f9f0a669d5fe551636f42a1302f0c0","1.93.1","","","InvalidUnlockTime,InvalidAmount,AlreadyUnlocked,StillLocked,EmptyVault","owner,token,balance,deposit,withdraw,unlock_at,__constructor,is_unlockable",""
"6e7d317f22a482e80ca04b53e28d468330d85d4db953dd29c93c495add0146ab",2,0.0014,"26.1.0#175aa41306f383057a8cdfc84b68d931664fc34e","1.96.0","","","AlreadyInitialized,NotInitialized,NotOwner,AlreadyVerified,NullifierUsed,VerificationFailed,NotVerified,SbtMintFailed,SbtRevokeFailed,InvalidMinAge,CommitmentUsed,InvalidOracles","revoke,register,initialize,is_verified",""
"6e91a60695667097fee08491f9a4ddce5c7464fa851acdf5026391eae8f4a3e6",1,0.0007,"23.4.0#673d6c4f2368d282d25da29bda55c21b8be69ca6","1.92.0","","","Unauthorized,PathIsEmpty,TokensNotSorted,DuplicatesNotAllowed,ValueNotInitialized,AlreadyInitialized,UnknownProtocol,OutMinNotSatisfied,InMaxNotSatisfied,FeeFractionTooHigh,RouterInvalidOutput","init,swap,upgrade",""
"6e92cf3881626f2390343b37ac74eeb2abffec72459b274e68c4f8de2cfed793",0,0.0000,"25.3.1#e50d95af029c83196dd122f0154bac3f1302394b","1.96.0","","","FailedToTransferReward,InsufficientRewardFunds,InvalidGuess","admin,guess,__constructor",""
"6eb010fb5779d83a858e6fc6a42679936c93e1c6aa243425eb32257231d63b8a",1,0.0007,"26.0.0#e1bf74ba6c3ddb591593f5eb5dfb85458ff714c1","1.92.0","","","NotAuthorized,KeyNotFound,KeyAlreadyExists,InvalidProof,NotInitialized,Overflow","find_key,get_root,delete_leaf,insert_leaf,update_admin,__constructor,verify_non_membership,approve,balance,transfer,allowance,transfer_from","LeafDeletedEvent,LeafInsertedEvent"
"6eb64c060e8d6b5f7b34bb261e1fcde8fc374c7c0f117eeec3f2eefe6fbe0bba",1,0.0007,"26.0.0#e1bf74ba6c3ddb591593f5eb5dfb85458ff714c1","1.95.0","","","NotFound,NotActive,PeriodNotElapsed,MaxPeriodsReached,Expired,Unauthorized,InvalidConfig,AttesterNotSet,AttestationExpired,AttesterRequired","get,pause,cancel,charge,create,resume,autocharge,mark_expired,set_attester,__constructor,autocharge_attested",""
"6eb77143bed4d5cca8def5d4fa96997e67d48520285ac7cd79cde97d13d8be3d",1,0.0007,"27.0.2#45d378a6cb4a026d23fc7286b6ee3add9c9dd0b9","1.97.1","","","InvalidAmount,InvalidFee","settle","Settle"
"6ebcc98aa39d6a40f5e8b61087fbe2c78033278e8def8a6feaa3c966f59d436f",1,0.0007,"23.1.0#7456be9d91fe1f4cb070fc2732bac78244ce6c3f","1.91.1","","","GameNotFound,NotPlayer,AlreadyGuessed,BothPlayersNotGuessed,GameAlreadyEnded","upgrade,get_game,get_admin,set_admin,make_guess,start_game,__constructor,reveal_winner,get_blendizzard,set_blendizzard",""
"6edb49620c7bb90745dac6645f17f2adb6b03ab00359897d8bcb93da58980479",1,0.0007,"21.5.1#47f91dcb6310067dd74bc64ad41173b2de31e11f","1.80.1","","","NotEnoughBalance,CurrenciesDoNotMatch,UnknownOrder,OrderAlreadyClosed,OrderTypesDoNotMatch,FacilitiesDoNotMatch,NotAuthorized,FacilityIsNotActive,FacilityIsAlreadyActive,Timelock,FeeExceedsMax,ZeroValue,UnknownFacility,Overflow,PricesDoNotMatch,BothMarketOrders,AssetIsNotSupported,TooManyActiveFacilities,TooManyOpenOrders,CancelBeforeDelay","initialize,set_owner,accept_ownership,get_admin,write_asset_support,check_asset_support,set_execution_facility,disable_execution_facility,reactivate_execution_facility,get_active_facilities,get_execution_facility,is_execution_facility,set_facility_fee,get_facility_fee,set_facility_receiver,get_facility_receiver,set_facility_admin,get_facility_admin,buy_limit,sell_limit,buy_otc,sell_otc,buy_market,sell_market,cur_order,get_order,get_opened,fill,match_and_fill,cancel_order",""
"6efaaec6bd80c0ba207bcff03d8ee47008e9e5c46170774ceb38a6b8f084e898",1,0.0007,"26.1.0#175aa41306f383057a8cdfc84b68d931664fc34e","1.95.0","","","AlreadyInitialized,NotInitialized,NotAuthorized,ScheduleMissing,ScheduleInactive,InvalidAmount,InvalidCap,InvalidPeriod,InvalidTimeWindow,OutsideScheduleWindow,CapExceeded,ScheduleExists,Paused,NoPendingAdmin,InvalidVendor,AmountAboveCap,MathOverflow","upgrade,available,get_spend,get_config,set_paused,accept_admin,get_schedule,set_operator,__constructor,propose_admin,cancel_schedule,create_schedule,execute_payment,extend_schedule","Upgraded,AdminChanged,AdminProposed,PausedChanged,OperatorChanged,PaymentExecuted,ScheduleCreated,ScheduleCancelled"
"6f4c17b3a2b3e0baa9694da40b3c4adc00e1c8a9667f3f07d409a09c9385e992",1,0.0007,"22.0.7#211569aa49c8d896877dfca1f2eb4fe9071121c8","1.86.0","","","AnotherActionActive,NoActionActive,ActionNotReadyYet","init_admin,update,get,version,contract_name,commit_upgrade,apply_upgrade,revert_upgrade,set_emergency_mode,get_emergency_mode,commit_transfer_ownership,apply_transfer_ownership,revert_transfer_ownership,get_future_address",""
"6f6514d775b00c37af674b80e9c8f54505c631f10366a95c5a2c33c43517080c",1,0.0007,"25.3.1#e50d95af029c83196dd122f0154bac3f1302394b","1.93.0","","","NotInitialized,AlreadyRegistered,DomainExpired,NotOwner,InvalidName,InvalidDuration,InsufficientPayment,DomainNotFound,Unauthorized,SubdomainLimitReached,ProductionLocked,GracePeriodActive,NotExpired,MarketplaceNotSet,BelowFloorPrice,TooManyRecords,NftNotFound,NotApproved,ApprovalExpired,RegistrationsPaused,NeedsUpgrade,BlacklistedName,ReservedName","name,renew,symbol,approve,balance,resolve,upgrade,owner_of,register,transfer,get_price,set_admin,token_uri,early_exit,extend_ttl,gift_renew,initialize,set_status,fix_pricing,set_records,get_approved,get_token_id,is_available,set_base_uri,set_reserved,total_minted,__constructor,expire_domain,set_subdomain,transfer_from,get_node_count,set_avatar_nft,upgrade_domain,approve_for_all,reverse_resolve,set_blacklisted,set_marketplace,set_ustry_token,get_pause_status,get_vault_shares,transfer_by_node,set_aquarius_pool,zap_public_deposit,get_operator_wallet,is_approved_for_all,register_with_ustry,set_aquarius_router,set_operator_wallet,marketplace_transfer,get_domain_attributes,set_pause_registrations,set_aquarius_pool_contract","NftMintEvent,EarlyExitEvent,NftApproveEvent,NftTransferEvent,DomainExpiredEvent,DomainRenewedEvent,RecordUpdatedEvent,RegistryPauseEvent,StatusChangedEvent,DomainRegisteredEvent,NftApproveForAllEvent,DomainTransferredEvent,MarketplaceTransferEvent"
"6f7a2515350982679b9118868368e78e579c1832cd95a5142fa020c152f75690",1,0.0007,"26.1.0#175aa41306f383057a8cdfc84b68d931664fc34e","1.95.0","","","AlreadyInitialized,NotInitialized,NotAuthorized,PolicyMissing,PolicyInactive,InvalidAmount,InvalidTotalLimit,InvalidPaymentLimit,InvalidTimeWindow,OutsidePolicyWindow,TotalLimitExceeded,PolicyExists,Paused,NoPendingAdmin,InvalidMerchant,AmountAbovePaymentLimit,MathOverflow,PolicyTooLong,EmptyAssetAllowlist,EmptyMerchantAllowlist,AssetNotAllowed,MerchantNotAllowed,PaymentAlreadyUsed,TransactionCountExceeded,InvalidPaymentWindow,PaymentNonceAlreadyUsed","deposit,upgrade,withdraw,available,get_config,get_policy,set_paused,accept_admin,__constructor,create_policy,extend_policy,propose_admin,revoke_policy,execute_payment,is_payment_used,remaining_transactions","Upgraded,AdminChanged,AdminProposed,PausedChanged,PolicyCreated,PolicyRevoked,FundsDeposited,FundsWithdrawn,PaymentExecuted"
"6f90cb9a0ee81cff03ef4aec7dbbea75eb065e79e6718d9ec27830459531e396",1,0.0007,"22.0.11#34f7f53ae31e0fd02aab436a9872e79fa671ca02","1.85.0","","","BadTier,ProjectInactive,ProjectNotFound,NoStake,Unauthorized","initialize,stake_for_minting,withdraw_stake,create_environmental_project,complete_project,distribute_monthly_rewards,get_stake_position,get_project,get_staking_stats,update_fobxx_attestation",""
"6f9ffff186d9a15c293a08355dd576d9ad3198aa8f0f2c8bbbeaf3e522882c30",1,0.0007,"25.3.1#e50d95af029c83196dd122f0154bac3f1302394b","1.95.0","","","NotInitialized,AlreadyInitialized,LockboxNotFound,AlreadyRegistered,AlreadySettled,Unauthorized,InvalidAmount","settle,initialize,get_lockbox,report_leakage,register_invoice","LeakageReported,InvoiceRegistered,SettlementCompleted"
"6fbc2d8b83e0bea2e99aae9f8b3ece23826f85ced036b5205f152fefb895ced2",1,0.0007,"22.0.2#31b2892ef4d20538004e52713cb81e4895a8de9a","1.88.0","","","AlreadyExists,NotFound,InvalidStatus,InvalidAmount,TooEarly","create_escrow,approve,release,cancel_escrow,get_escrow,seconds_until_release",""
"6fc60b2769573c789f99bf217702eeca6dd9c897b90af0e7b63c4a8e181ad5e4",2,0.0014,"25.0.0-rc.2#acffbbd45be6a0a551146eebfc268d6f95078246","1.96.0","","","VkParseError,ProofParseError,VerificationFailed,VkNotSet","verify_proof,__constructor",""
"6fff095baadc5f6ca597dceea6a5a866ae2b00955f8ad75b66a6f6691beedbbb",1,0.0007,"22.0.11#34f7f53ae31e0fd02aab436a9872e79fa671ca02","1.96.0","","","NotFound,AlreadyExists","add_step,get_batch,get_steps,register_batch",""
"701026cce8d7f6fed4166eefc934be7dc104ed5a4c6d063064e68d3ef6ea93a2",1,0.0007,"20.3.2#1d7f9bd8030f69070634bfb07394339824ceb399","1.76.0-nightly","","","NotInitialized,Initialized,NotAuthorized,NotTradable,MaxAuctionDurationLimitExceeded,AuctionNotExists,AuctionHasBid,TooLowBid,AuctionEnded,AuctionNotEnded,AuctionExists","initialize,update_contract_info,upgrade,create_auction,remove_auction,new_bid,settle_auction,get_contract_info,get_auction,version",""
"70136467ec2a84c642f6b84447b3b7601117e0e3cbe3e81157b417aee8a0f660",3,0.0020,"22.0.8#f46e9e0610213bbb72285566f9dd960ff96d03d8","1.87.0","","","CampaignAlreadyInitialized,CampaignStartDateInThePast,NegativeRewardAmount,RewardAmountExceedsTotalCampaignReward,TotalRewardWouldExceedCampaignLimit,CampaignNotInitialized,CampaignNotStarted,CampaignNotProperlyInitialized,InvalidTaskId","extend_ttl,init,claim_reward,get_task_reward,get_remaining_reward,campaign_data",""
"703fc35c4823b3becf7ae010e2951da1e4a259d5ec46dd2b85edc7b0151b71c5",5,0.0034,"21.7.7#5da789c50b18a4c2be53394138212fed56f0dfc4","1.97.1","","","NotOwner,NotCoSigner,StillLocked,AlreadyWithdrawn,ShortenForbidden,VaultNotFound,InvalidAmount,InvalidTimestamp,NoPendingRequest,AlreadyApproved,NotApproved,NotAuthorized","claim,deposit,get_vault,initialize,extend_lock,cancel_withdrawal,approve_withdrawal,request_withdrawal,get_withdrawal_request",""
"705684fd0ec0c9de4a8dd4355c1e658d3fe7bd32904679bd067025fadc3ed0d5",1,0.0007,"22.0.7#211569aa49c8d896877dfca1f2eb4fe9071121c8","1.87.0","","","InvalidArgs,HashFail,WrongPhase,WrongSubphase,NotFound,Unauthorized,AlreadyExists,LobbyNotJoinable,WrongSecurityMode","init,extend_lobby_ttl,create_entry,upgrade,make_lobby,leave_lobby,join_lobby,commit_setup,commit_move,commit_move_and_prove_move,prove_move,prove_move_and_prove_rank,prove_rank,redeem_win,archive_lobby,simulate_collisions",""
"7086ee641b3e5ffc0259d95eb560f0c540dbeb13ea05892eb2af6f0236785ebf",2,0.0014,"20.5.0#9e2c3022b4355b224a7a814e13ba51761eeb14bb","1.78.0","","","DeadlineShouldBeFuture,CampaignNotExist,AmountMustNonZero,TargetReached,AmountExceedTargetLimit,CampaignAlreadyExist,IdCampaignMustNonZero,LowAmountForSplitter","initialize,create_campaign,get_campaigns,get_campaign,donate_to_campaign,get_donators,get_dev_acc,get_launchpad_acc,get_admin",""
"70b2cde07dfa8638a6ed3013c50acb8b9eb74a72be92556c1f38dfc7d5bede7f",0,0.0000,"21.7.4#f67b4bf2d2de04d87d28225a99027fd40b7da914","1.81.0","","","NotInitialized,AlreadyInitialized,ProtocolDisabled,Unfeasible,Unauthorized,InvalidPath","init,enable_protocol,update_contract,strict_send",""
"70fe44694c9fe6b0abc69a6da4858fc2aaba04fa10492a466a1d426d04ca8560",1,0.0007,"22.0.7#211569aa49c8d896877dfca1f2eb4fe9071121c8","1.85.1","","","NoPailsProvided,NoHarvestablePails","__constructor,harvest",""
"711d045cec39bfd1e697ec9170f46213d59703e8fb241333f1eac41c20f22d64",1,0.0007,"22.0.8#f46e9e0610213bbb72285566f9dd960ff96d03d8","1.91.1","","","NoSettings,RelayerAlreadyExists,NoCustomRelayerFound,ChainAlreadyExists,NoChainFound,InsufficientFunds,Unauthorized,AlreadyInitialized","admin,upgrade,set_admin,initialize,create_chain,send_message,update_chain,__constructor,get_chain_type,resend_message,set_initializer,update_settings,transfer_message,create_custom_relayer,update_custom_relayer,transfer_sending_result",""
"7146c4dc1c65423e25ee2ac12bcfb891553e89c1497889b933434ef6ed4f8898",1,0.0007,"25.3.1#e50d95af029c83196dd122f0154bac3f1302394b","1.95.0","","","Unauthorized,NotFound,AlreadyExists","get,seal,exists,set_sealer,__constructor",""
"718cdb86a1fc7371720032795f849a28223478e08e5405896aaa63d59ce0eacf",5,0.0034,"20.3.2#1d7f9bd8030f69070634bfb07394339824ceb399","1.74.1","","","NotInitialized,Initialized,InvalidLaunchpadInfo,InvalidStage,NotWhitelisted,MaxPerAddressLimitExceeded,NotStarted,Started,InvalidNumTokens,SoldOut,AlreadyMinted,PendingClaimLimitExceeded,NotAuthorized,InvalidTokenId,Ended,MaxAdminMintsExceeded","initialize,mint,mint_to,mint_for,claim_tokens,claim_token,burn_remaining,update_admin,get_launchpad_info,get_tokens_to_claim,get_total_minted,get_mint_list,get_tokens_range,version",""
"71c274fd6c0855c1a151f7cd0a00c4f37171ea7cc4a560b24d659db4b02383bc",1,0.0007,"22.0.8#f46e9e0610213bbb72285566f9dd960ff96d03d8","1.89.0","","","NotEnoughBalance,InvalidAction,NotEnoughAid,InvalidContext,ExpiredAid,ShelterGuarded,ShelterSealed","__constructor,update_release_key,open,guard,seal,release_key,steward,update_steward,bound_aid,unbound_aid,aid_of,assigned_aid_of,available_aid_of,__check_auth",""
"71dce837c7f53131d16c744a78705bb5794bfe13da2954f8e8cb41ee8526a77b",0,0.0000,"25.0.2#59a2e01a26f9330f8d516690911cb2ca87a6f1b3","1.93.0","","","NotInitialized,AlreadyInitialized,InvalidSession,BadAuth,InvalidProof,InvalidSeed","end,start,upgrade,set_house,initialize,set_attestor",""
"723386432efd572798e7d5a74a6d309446047600088870a88be6203ff83ab61a",1,0.0007,"26.1.0#175aa41306f383057a8cdfc84b68d931664fc34e","1.95.0","","","AlreadyInitialized,AdminOnly,AssocExists,AssocNotFound,AssocInactive,AssocAlreadyClaimed,LotExists,LotNotFound","admin,writer,get_lot,set_status,set_writer,append_event,register_lot,__constructor,get_association,claim_association,register_association,set_association_active",""
"727192d1a0dd42342cd1aa7a2f8832688a578d28a8d486c01b715d7a48a76008",3,0.0020,"22.0.8#f46e9e0610213bbb72285566f9dd960ff96d03d8","1.91.1","","","NoSettings,RefundRequestNotFound,Unauthorized,NoClient,NoCoinClient","burn,mint,name,admin,symbol,approve,balance,upgrade,decimals,transfer,allowance,burn_from,set_admin,initialize,set_client,send_message,create_sender,remove_sender,transfer_from,__constructor,receive_message,add_refund_request,create_trusted_addr,remove_trusted_addr,process_refund_request",""
"72f44d4aad0f61804a0e2d285a37c04acb82858f37c50fd736709de21a61b255",1,0.0007,"26.1.0#175aa41306f383057a8cdfc84b68d931664fc34e","1.95.0","","","AlreadyInitialized,NotInitialized,NotAuthorized,PolicyMissing,PolicyInactive,InvalidAmount,InvalidTotalLimit,InvalidPaymentLimit,InvalidTimeWindow,OutsidePolicyWindow,TotalLimitExceeded,PolicyExists,Paused,NoPendingAdmin,InvalidMerchant,AmountAbovePaymentLimit,MathOverflow,PolicyTooLong,EmptyAssetAllowlist,EmptyMerchantAllowlist,AssetNotAllowed,MerchantNotAllowed,PaymentAlreadyUsed,TransactionCountExceeded,InvalidPaymentWindow,PaymentNonceAlreadyUsed,InsufficientPolicyBalance","deposit,upgrade,withdraw,available,get_config,get_policy,set_paused,accept_admin,__constructor,create_policy,extend_policy,propose_admin,revoke_policy,policy_balance,execute_payment,is_payment_used,remaining_transactions","Upgraded,AdminChanged,AdminProposed,PausedChanged,PolicyCreated,PolicyRevoked,FundsDeposited,FundsWithdrawn,PaymentExecuted"
"731fc757bf5347dc28bc6abca60fe403bb23767daeb58a50995d555051d834b5",1,0.0007,"22.0.6#0c47dcfa187069d241f11fb082730f667b55e802","1.87.0","","","AnotherActionActive,NoActionActive,ActionNotReadyYet","init_admin,set_pools_plane,get_pools_plane,get_liquidity,version,commit_upgrade,apply_upgrade,revert_upgrade,set_emergency_mode,get_emergency_mode,commit_transfer_ownership,apply_transfer_ownership,revert_transfer_ownership,get_future_address",""
"734c059cb0afc73f39be84492ba74cca3c7110e0f881c3176e9d273c4137418b",1,0.0007,"23.0.3#6aa930b08eabfd578b7824a0d5de473cbd958282","1.90.0","","","NoFarmersProvided,BatchTooLarge,MismatchedArrays,FarmNotInitialized,PlantFailed,WorkFailed,HarvestFailed,InvalidBatchSize","__constructor,batch_plant,batch_work,batch_harvest,get_farm,max_batch_size",""
"73cb2ed6ab42eaf7d57304adee75962623084269d9daa6c15cf322b5489d6788",0,0.0000,"25.3.1#e50d95af029c83196dd122f0154bac3f1302394b","1.93.0","","","NotInitialized,AlreadyRegistered,DomainExpired,NotOwner,InvalidName,InvalidDuration,InsufficientPayment,DomainNotFound,Unauthorized,SubdomainLimitReached,ProductionLocked,GracePeriodActive,NotExpired,MarketplaceNotSet,BelowFloorPrice,TooManyRecords,NftNotFound,NotApproved,ApprovalExpired,RegistrationsPaused,NeedsUpgrade,BlacklistedName,ReservedName","name,renew,symbol,approve,balance,resolve,upgrade,owner_of,register,transfer,get_price,set_admin,token_uri,early_exit,extend_ttl,gift_renew,initialize,set_status,fix_pricing,get_xld_sac,set_records,set_xld_sac,get_approved,get_token_id,is_available,set_base_uri,set_reserved,total_minted,__constructor,admin_reclaim,expire_domain,set_subdomain,transfer_from,get_node_count,set_avatar_nft,upgrade_domain,approve_for_all,reverse_resolve,set_blacklisted,set_marketplace,set_ustry_token,get_pause_status,get_vault_shares,transfer_by_node,get_domain_status,set_aquarius_pool,set_reserved_batch,zap_public_deposit,admin_reclaim_batch,get_operator_wallet,is_approved_for_all,register_with_ustry,set_aquarius_router,set_operator_wallet,get_early_exit_quote,marketplace_transfer,get_domain_attributes,set_blacklisted_batch,set_pause_registrations,set_aquarius_pool_contract","NftMintEvent,EarlyExitEvent,NftApproveEvent,NftTransferEvent,DomainExpiredEvent,DomainRenewedEvent,RecordUpdatedEvent,RegistryPauseEvent,StatusChangedEvent,DomainRegisteredEvent,NftApproveForAllEvent,DomainTransferredEvent,MarketplaceTransferEvent"
"740429b5bb4cb5af66533bcef7484c38285d222ca45df8d2834b6ad45f9421bf",0,0.0000,"21.5.0#d40bd031c14fbd3d75cf4473486ef7ef15af3364","1.80.0","","","CannotSwapReward,CannotQuoteDeposit,NotSupportedYet,NotGreaterThan0,TooMuchLostWithDeposit","upgrade,init,keeper,claim_fee,deposit,balance,withdraw",""
"742695db871af29ec35c2d85e76dfcfbd40180a705cfb815feb9c29975dc8b03",5,0.0034,"26.1.0#175aa41306f383057a8cdfc84b68d931664fc34e","1.92.0","","","InvalidConfiguration,InvalidAmount,WrongController,WrongFactory,WrongMarket,InvalidPhase,StaleState,DeadlinePassed,TooEarly,FullyFunded,DuplicateCommitment,InsufficientShares,TransferMismatch,DuplicateExit,ExitNotFound,InvalidExit,MarketStateMismatch,StaleMarketState,InvalidTerminalAssets,Arithmetic","exit,fund,info,cancel,unfund,activate,extend_ttl,match_exit,cancel_exit,exit_intent,request_exit,__constructor,fund_received,state_version,market_snapshot,record_terminal,redeem_terminal,sync_market_state,unallocated_balance","LpFunded,LpTerminal,LpActivated,LpExitUpdated"
"742b08c1f93bc0bf2dfe0476465ae7e8971f5fc72dd591db84b660b2bf444670",1,0.0007,"27.0.0#e5cb4b52c3da8e56fc48adfd7b85d85976c1a059","1.97.0","","","ProfileAlreadyExists,ProfileNotFound,InvalidAvatarId,NotAuthorized","mint_tier,initialize,get_profile,__check_auth,consume_quota,create_profile,update_profile",""
"74689c7fd0d43a91de41473a1a95977d67726826f052cd891fc4f7b8451b6caf",1,0.0007,"23.0.0#717595da8e7ca090a326116bfffb6aa4d4c74004","1.95.0","","","Unauthorized,InsufficientBalance,AlreadyInitialized,ContractPaused,AccountLocked,RiskThresholdExceeded,InvalidAmount,MintDisabled,BurnDisabled,Reentrancy,InvalidThreshold,NotInitialized","burn,init,lock,paused,symbol,unlock,balance,clawback,transfer,is_locked,set_pause,balance_of,mint_guarded,total_supply,risk_threshold,set_burn_enabled,set_mint_enabled,set_risk_threshold","BurnEvent,InitEvent,LockEvent,MintEvent,UnlockEvent,ClawbackEvent,SetPauseEvent,TransferEvent"
"74b7964d0690bc2665ad8d5b3486d6b3f718ed47e321fe04274c2b445b81f5d3",1,0.0007,"26.1.0#175aa41306f383057a8cdfc84b68d931664fc34e","1.96.0","","","NotOwner,NotKeeper,NotAdmin,Unauthorized,AlreadyDeployed,Paused,ZeroAmount,WeightsInvalid,EmptyAllocations,VaultNotWhitelisted,SwapRequired,UnexpectedSwap,InsufficientBalance,SlippageExceeded,DeadlineExceeded,SwapFailed,BadSwapPath,PositionNotFound,NothingToWithdraw,TooManyVaults,AdapterError,UnsupportedProtocol,Math,UnsupportedOutput,InactiveVault,FeeTooHigh,TreasuryUnset,BadNonce,NothingToSwap,NothingToDeposit","admin,set_admin,strategy_of,__constructor,strategy_wasm,strategy_count,deploy_strategy,predict_address,deploy_and_invest,set_strategy_wasm,strategy_by_index","Paused,Rescued,Upgraded,VaultSet,Deposited,IdleSwept,KeeperSet,RouterSet,Withdrawn,FeeConfigSet,RebalanceNoOp,WithdrawAllDone,KeeperEnabledSet,RebalanceSwapped,RebalanceToggled,StrategyDeployed,RebalanceDeposited,RebalanceWithdrawn"
"755211d95479113cc13cc1ef6d043ac3403bc4a65ad3cbb4f1c6d458e39df509",1,0.0007,"26.1.0#175aa41306f383057a8cdfc84b68d931664fc34e","1.96.0","","","AlreadyInitialized,NotInitialized,InvalidMaturity,InvalidAmount,InvalidExchangeRate,ExchangeRateRegression,InsufficientBalance,InsufficientAllowance,MathOverflow,InvalidExpiration,ConsumeExceedsBanked","burn,mint,name,config,settle,symbol,approve,balance,consume,decimals,maturity,transfer,allowance,burn_from,checkpoint,initialize,burn_settled,total_supply,accrued_yield,transfer_from,preview_claim_yield",""
"7581085085b5775ea14da8d8d81b9f85b0896f18291f92303aaf86b3da293ee6",1,0.0007,"22.0.11#34f7f53ae31e0fd02aab436a9872e79fa671ca02","1.95.0","","","AlreadyInitialized,NotInitialized,RateNotFound,RateExpired,NoRatesConfigured,InvalidRate,Unauthorized","init,admin,version,get_rate,set_rate,remove_rate,is_rate_valid,transfer_admin",""
"75cad181d24899cff20b7cc3e2fea4af830f63e4c96a96285d3f6cb9960cabf4",1,0.0007,"26.1.1#8ac18efb681a1c0b4b85a38c5a380300344e3f39","1.93.0","","","NotInitialized,AlreadyRegistered,DomainExpired,NotOwner,InvalidName,InvalidDuration,InsufficientPayment,DomainNotFound,Unauthorized,SubdomainLimitReached,ProductionLocked,GracePeriodActive,NotExpired,MarketplaceNotSet,BelowFloorPrice,TooManyRecords,NftNotFound,NotApproved,ApprovalExpired,RegistrationsPaused,NeedsUpgrade,BlacklistedName,ReservedName,ActiveHostingTransferBlocked","name,renew,symbol,approve,balance,resolve,upgrade,owner_of,register,transfer,get_price,set_admin,token_uri,early_exit,extend_ttl,gift_renew,initialize,set_status,fix_pricing,get_xld_sac,set_records,set_xld_sac,get_approved,get_token_id,is_available,set_base_uri,set_reserved,total_minted,__constructor,admin_reclaim,admin_restore,expire_domain,set_subdomain,transfer_from,get_node_count,set_avatar_nft,set_signer_key,upgrade_domain,approve_for_all,get_price_split,reverse_resolve,set_blacklisted,set_marketplace,set_ustry_token,get_pause_status,get_vault_shares,transfer_by_node,get_domain_status,renew_from_router,set_aquarius_pool,set_deposit_router,set_reserved_batch,zap_public_deposit,admin_reclaim_batch,get_operator_wallet,is_approved_for_all,register_with_ustry,set_aquarius_router,set_operator_wallet,get_early_exit_quote,marketplace_transfer,register_from_router,get_domain_attributes,set_blacklisted_batch,set_pause_registrations,set_aquarius_pool_contract","NftMintEvent,EarlyExitEvent,NftApproveEvent,NftTransferEvent,DomainExpiredEvent,DomainRenewedEvent,RecordUpdatedEvent,RegistryPauseEvent,StatusChangedEvent,DomainRegisteredEvent,NftApproveForAllEvent,DomainTransferredEvent,MarketplaceTransferEvent"
"75de44fc7f75f26d9fcc25c5e3fe15822afc94ad0074b6c35998a7b703ad153b",2,0.0014,"23.0.2#a97daf8b07cdf24e9bd45e344db51a21b9ea77d3","1.90.0","","","AlreadyInitialized,Uninitialized,Paused,BellowMinValue,ExceededMaxValue,GracePeriod,NoActiveReserve,ReservesMaxCapacityExceeded,NoPriceForAsset,InvalidAssetPrice,LiquidationOrderMustBeUnique,NotFungible,NotEnoughAvailableUserBalance,DebtError,BorrowingDisabled,GoodPosition,InvalidAmount,ValidateBorrowMathError,CalcAccountDataMathError,LiquidateMathError,MustNotBeInCollateralAsset,FlashLoanReceiverError,MathOverflowError,MustBeLtePercentageFactor,MustBeLtPercentageFactor,MustBeGtPercentageFactor,MustBeNonNegative,AccruedRateMathError,CollateralCoeffMathError,DebtCoeffMathError","initialize,upgrade,upgrade_token,version,init_reserve,set_reserve_status,enable_borrowing_on_reserve,configure_as_collateral,get_reserve,collat_coeff,debt_coeff,set_pool_configuration,pool_configuration,set_price_feeds,price_feeds,deposit,repay,finalize_transfer,withdraw,borrow,set_pause,pause_info,account_position,liquidate,set_as_collateral,user_configuration,token_balance,token_total_supply,flash_loan,twap_median_price,protocol_fee,claim_protocol_fee","InitializedEvent,ReserveUsedAsCollEnabledEvent,ReserveUsedAsCollDisabledEvent,DepositEvent,WithdrawEvent,BorrowEvent,RepayEvent,CollatConfigChangeEvent,BorrowingEnabledEvent,BorrowingDisabledEvent,ReserveStatusChangedEvent,LiquidationEvent,FlashLoanEvent"
"75fae87d8eb058c51098d5a05c2b4e73e63c44c10930280ab9c53d9539e12701",5,0.0034,"23.0.1#510d3feb724c2b01d7e7ab7652f03b9f8efc3f35","1.93.0-nightly","","","NotInitialized,AlreadyInitialized,OnlyManager,AmountZero,AssetNotWhitelisted,SharesZero,InsufficientUserShares,InsufficientShares,RouterNotSet,InvalidFeeBps,UnauthorizedPolicy,InsufficientLiquidity,InvalidBlendPosition,BlendAssetMismatch,InvalidBlendRiskPolicy,BlendOracleStale,BlendHealthFactorTooLow,BlendNavUnavailable,BlendOracleInvalid,CreditMarketNotConfigured,CreditActionNotAllowed,InvalidProtocolFeeBps,InvalidSwapRiskPolicy,SwapVenueNotAllowed,SwapTradeSizeExceeded,SwapOracleNotConfigured,SwapOracleStale,SwapOracleInvalid,SwapPriceImpactExceeded,SwapSlippageExceeded,SwapTwapDeviationExceeded,InvalidBootstrapAdmin","nav,fees,init,redeem,router,deposit,manager,upgrade,governor,set_fees,fee_state,rebalance,shares_of,whitelist,blend_lend,set_router,blend_repay,settle_fees,set_manager,share_token,swap_oracle,blend_borrow,credit_repay,denomination,set_governor,blend_markets,credit_borrow,credit_supply,set_whitelist,blend_position,blend_withdraw,credit_markets,last_wasm_hash,liquid_balance,venue_registry,allowed_routers,blend_positions,bootstrap_admin,credit_position,credit_withdraw,set_share_token,set_swap_oracle,allowed_adapters,credit_positions,credit_protocols,swap_risk_policy,blend_risk_policy,protocol_treasury,blend_market_value,credit_risk_policy,set_allowed_venues,set_venue_registry,blend_health_factor,blend_market_assets,blend_market_status,credit_market_value,protocol_fee_policy,set_bootstrap_admin,blend_position_value,clear_venue_registry,credit_health_factor,credit_market_assets,credit_market_config,credit_market_status,set_swap_risk_policy,blend_position_values,clear_bootstrap_admin,credit_market_configs,credit_position_value,set_blend_risk_policy,bootstrap_admin_active,credit_position_values,preview_fee_settlement,configure_credit_market,set_protocol_fee_policy,blend_external_diagnostics,bootstrap_admin_expires_at,set_bootstrap_admin_expiry,set_blend_external_diagnostics",""
"76091ba9a4f21b80612ca1befdd8c9c0886bbb660e713b8df7ea042ca3df8ced",2,0.0014,"25.3.0#dcbea44513feb7734af6b6c4aced2c4a7a2715d0","1.95.0","github:AquaToken/soroban-amm","","AnotherActionActive,NoActionActive,ActionNotReadyYet","version,__constructor,apply_upgrade,contract_name,commit_upgrade,revert_upgrade,get_emergency_mode,get_future_address,set_emergency_mode,apply_transfer_ownership,deploy_swap_fee_contract,commit_transfer_ownership,revert_transfer_ownership,set_swap_fee_contract_wasm",""
"76878ecb4511b8a700d2f2d388714aa12445db672d0e50d979fe11e2232d1496",1,0.0007,"25.3.1#e50d95af029c83196dd122f0154bac3f1302394b","1.95.0","","","Unauthorized,NotFound,AlreadyExists,InvalidScore,InvalidConfidence","get,admin,issue,exists,issuer,milestones,set_issuer,__constructor,append_milestone,borrower_address,set_borrower_address",""
"76b45b8d7663517ebdf4946107ed63de72673cb3b23321d707f1c27a717e6c5b",0,0.0000,"25.1.1#94c2a3b3a5ded6b9cf9cef0c207bf8804f3eb294","1.94.0","github:AquaToken/soroban-amm","","AnotherActionActive,NoActionActive,ActionNotReadyYet","get,update,version,init_admin,apply_upgrade,contract_name,commit_upgrade,revert_upgrade,get_emergency_mode,get_future_address,set_emergency_mode,apply_transfer_ownership,commit_transfer_ownership,revert_transfer_ownership",""
"76ba0b652289305b69e5f212401829a07448e8657710aee5f6ca1efd8dc60fe5",2,0.0014,"21.7.7#5da789c50b18a4c2be53394138212fed56f0dfc4","1.81.0","","","AlreadyInitialized,NotInitialized,InvalidAmount,InvalidAddress,SwapFailed","initialize,get_expected_amount,swap,get_config,version,upgrade",""
"76d2ba826c1b5a7b6cc0aaebe058cc3ffc373c2171f90d63ebb7481a28f577bd",442,0.3018,"22.0.8#f46e9e0610213bbb72285566f9dd960ff96d03d8","1.90.0","","","AlreadyInitialized,NotInitialized,AccountInitializationFailed,StorageEntryNotFound,StorageEntryAlreadyExists,NoSigners,SignerAlreadyExists,SignerNotFound,SignerExpired,CannotRevokeAdminSigner,CannotDowngradeLastAdmin,MaxSignersReached,MatchingSignatureNotFound,SignatureVerificationFailed,InvalidProofType,NoProofsInAuthEntry,ClientDataJsonIncorrectChallenge,InvalidWebauthnClientDataJson,InsufficientPermissions,InsufficientPermissionsOnCreation,InvalidPolicy,InvalidTimeRange,InvalidNotAfterTime,PolicyClientInitializationError,PluginNotFound,PluginAlreadyInstalled,PluginInitializationFailed,PluginOnAuthFailed,NotFound","upgrade,__constructor,add_signer,update_signer,revoke_signer,get_signer,has_signer,install_plugin,uninstall_plugin,is_plugin_installed,is_deployed,__check_auth",""
"77408ed3aa3ba863faa2863bd82a5c019b3f8c67f2da08e10781e074e0a9eae3",1,0.0007,"25.0.2#59a2e01a26f9330f8d516690911cb2ca87a6f1b3","1.93.0","github:FredericRezeau/xray-games","kyungj.in","NotInitialized,AlreadyInitialized,InvalidSession,BadAuth","end,start,upgrade,set_house,initialize",""
"774c890e2a39e074140296054eb222a14c0f8d3ca830b41cff13c4e9f597f6b2",0,0.0000,"21.7.7#5da789c50b18a4c2be53394138212fed56f0dfc4","1.81.0","","","NotInitialized,AlreadyInitialized,ProtocolDisabled,Unfeasible,Unauthorized,InvalidPath","init,enable_protocol,update_contract,strict_send,strict_receive",""
"77bd198231c6d3eeb4c1390d550e15f09a31c5db51403b10641d4b8a0339844b",1,0.0007,"20.4.0#70b12eb8c6af0593888154700f0ef68897521708","1.76.0","","","OfferEmpty,OfferExist,OfferChanged,AdminExist,NotAuthorized","initialize,create_offer,expire_offer,get_offer,accept_offer",""
"77bf6fb1eafa6ff1f05dcfc9a39e1ed8f60e4ee1535525bd0aac0b85beee60d9",1,0.0007,"22.0.7#211569aa49c8d896877dfca1f2eb4fe9071121c8","1.86.0","","","AnotherActionActive,NoActionActive,ActionNotReadyYet","init_admin,set_pools_plane,get_pools_plane,get_liquidity,version,contract_name,commit_upgrade,apply_upgrade,revert_upgrade,set_emergency_mode,get_emergency_mode,commit_transfer_ownership,apply_transfer_ownership,revert_transfer_ownership,get_future_address",""
"77c7eb8b1da402d9cc1acb85cf54e8e5d6cdc626bf2ff67d7a3f274873729d55",2,0.0014,"22.0.6#0c47dcfa187069d241f11fb082730f667b55e802","1.87.0","AquaToken/soroban-amm","","AnotherActionActive,NoActionActive,ActionNotReadyYet","init_admin,set_pools_plane,get_pools_plane,get_liquidity,version,contract_name,commit_upgrade,apply_upgrade,revert_upgrade,set_emergency_mode,get_emergency_mode,commit_transfer_ownership,apply_transfer_ownership,revert_transfer_ownership,get_future_address",""
"77d958b25ecfd622a04236ffdb7b47905232baaca8f41624c6c83b17a7872e1a",1,0.0007,"22.0.5#25daaf397971f2c15fd2a5fd0a9967020a19cfcb","1.81.0","","","ArgumentLengthMismatch","deploy_contract",""
"78077e9f7f35c62b6ef5b3223e0f03150b537fe273e60edc8cdf6b92291b0526",0,0.0000,"23.0.1#510d3feb724c2b01d7e7ab7652f03b9f8efc3f35","1.93.0-nightly","","","NotInitialized,AlreadyInitialized,OnlyManager,AmountZero,AssetNotWhitelisted,SharesZero,InsufficientUserShares,InsufficientShares,RouterNotSet,InvalidFeeBps,UnauthorizedPolicy,InsufficientLiquidity,InvalidBlendPosition,BlendAssetMismatch,InvalidBlendRiskPolicy,BlendOracleStale,BlendHealthFactorTooLow,BlendNavUnavailable,BlendOracleInvalid,CreditMarketNotConfigured,CreditActionNotAllowed,InvalidProtocolFeeBps,InvalidSwapRiskPolicy,SwapVenueNotAllowed,SwapTradeSizeExceeded,SwapOracleNotConfigured,SwapOracleStale,SwapOracleInvalid,SwapPriceImpactExceeded,SwapSlippageExceeded,SwapTwapDeviationExceeded,InvalidBootstrapAdmin,CreditBorrowPolicyNotConfigured,CreditBorrowLimitExceeded,InvalidCreditBorrowPolicy,BlendV2RiskSourceNotConfigured,BlendV2PoolNotVerified","nav,fees,init,redeem,router,deposit,manager,upgrade,governor,set_fees,fee_state,rebalance,shares_of,whitelist,blend_lend,set_router,blend_repay,settle_fees,set_manager,share_token,swap_oracle,blend_borrow,credit_repay,denomination,set_governor,blend_markets,credit_borrow,credit_supply,set_whitelist,blend_position,blend_withdraw,credit_markets,last_wasm_hash,liquid_balance,rebalance_auto,venue_registry,allowed_routers,blend_positions,bootstrap_admin,credit_position,credit_withdraw,set_share_token,set_swap_oracle,allowed_adapters,credit_positions,credit_protocols,swap_risk_policy,blend_risk_policy,protocol_treasury,blend_market_value,credit_risk_policy,set_allowed_venues,set_venue_registry,blend_health_factor,blend_market_assets,blend_market_status,credit_market_value,protocol_fee_policy,set_bootstrap_admin,blend_position_value,blend_v2_risk_source,clear_venue_registry,credit_borrow_policy,credit_health_factor,credit_market_assets,credit_market_config,credit_market_status,set_swap_risk_policy,blend_position_values,clear_bootstrap_admin,credit_market_configs,credit_position_value,set_blend_risk_policy,bootstrap_admin_active,credit_position_values,preview_fee_settlement,configure_credit_market,set_protocol_fee_policy,set_blend_v2_risk_source,set_credit_borrow_policy,blend_external_diagnostics,bootstrap_admin_expires_at,set_bootstrap_admin_expiry,set_blend_external_diagnostics",""
"781e2616387a68e4f90f96011f72574862fdbf96edcc8f8661970b921b47ccfe",1,0.0007,"22.0.11#34f7f53ae31e0fd02aab436a9872e79fa671ca02","1.89.0","","","AlreadyInitialized,NotInitialized,NotAuthorized,InvalidPrice,InvalidCapacity,InvalidTime,EventNotFound,EventInactive,SoldOut,TicketNotFound,AlreadyUsed,AlreadyRefunded,EventStarted,NothingToSettle","initialize,create_event,buy,check_in,refund,cancel_event,get_event,get_ticket,total_events,total_tickets,get_admin,get_token",""
"787af105229e019296b875254869f89441f3a9c58fc8909be3bc11c9d7ab8d52",1,0.0007,"22.0.7#211569aa49c8d896877dfca1f2eb4fe9071121c8","1.86.0","","","AnotherActionActive,NoActionActive,ActionNotReadyYet","pool_type,get_info,get_pool,share_id,get_total_shares,get_reserves,deposit,swap,estimate_swap,withdraw,get_liquidity,get_liquidity_calculator,set_liquidity_calculator,version,contract_name,commit_upgrade,apply_upgrade,revert_upgrade,set_emergency_mode,get_emergency_mode,init_admin,set_privileged_addrs,get_privileged_addrs,set_token_hash,set_pool_hash,set_elastic_pool_hash,set_rewards_gauge_hash,set_reward_token,set_protocol_fee_fraction,get_rewards_config,get_tokens_for_reward,get_total_liquidity,config_global_rewards,fill_liquidity,config_pool_rewards,get_rewards_info,get_user_reward,get_total_accumulated_reward,get_total_configured_reward,get_total_claimed_reward,get_total_outstanding_reward,distribute_outstanding_reward,claim,init_standard_pool,init_elastic_pool,get_pools,remove_pool,get_tokens_sets_count,get_tokens,get_pools_for_tokens_range,get_protocol_fee_fraction,pool_gauge_set_reward_thresholds,pool_gauge_get_min_daily_amount,pool_gauge_get_min_duration,pool_gauge_switch_token,pool_gauge_token_enabled,pool_gauge_schedule_reward,set_pools_plane,get_plane,commit_transfer_ownership,apply_transfer_ownership,revert_transfer_ownership,get_future_address,init_config_storage",""
"7907c6338e67c2f9ceae6f2367cfa1d4d8e0096adb06d35c3da885763d341a77",1,0.0007,"23.5.3#d3e1ab2424388b10893b796b0c8e405c5edd03d2","1.93.1","","","NotInitialised,StillLocked,NoBalance","ping,owner,token,balance,withdraw,__constructor,unlock_ledger",""
"791dd565aa471f8c36f2318efb8c95b7e1e4be8a7067e612599d540536d42324",1,0.0007,"27.0.2#45d378a6cb4a026d23fc7286b6ee3add9c9dd0b9","1.97.1","","","AlreadyInitialized,NotInitialized,CircleExists,CircleNotFound,InvalidAmount,InvalidRoundCount,InvalidStatus,MemberExists,MemberNotFound,ContributionExists,ContributionMissing,PayoutAlreadyMade,InsufficientMembers,InvalidRecipient","join,admin,asset,payout,contribute,get_circle,initialize,create_circle","PayoutMade,MemberJoined,CircleCreated,ContributionReceived,RotatingSavingsInitialized"
"791feb3519e92dd8d234a0b95ebeccd232025da85040c0feb13f686237933a35",1,0.0007,"25.3.1#e50d95af029c83196dd122f0154bac3f1302394b","1.93.0","","","NotInitialized,AlreadyRegistered,DomainExpired,NotOwner,InvalidName,InvalidDuration,InsufficientPayment,DomainNotFound,Unauthorized,SubdomainLimitReached,ProductionLocked,GracePeriodActive,NotExpired,MarketplaceNotSet,BelowFloorPrice,TooManyRecords,NftNotFound,NotApproved,ApprovalExpired,RegistrationsPaused,NeedsUpgrade,BlacklistedName,ReservedName","name,renew,symbol,approve,balance,resolve,upgrade,owner_of,register,transfer,get_price,set_admin,token_uri,early_exit,extend_ttl,gift_renew,initialize,set_status,fix_pricing,get_xld_sac,set_records,set_xld_sac,get_approved,get_token_id,is_available,set_base_uri,set_reserved,total_minted,__constructor,admin_reclaim,admin_restore,expire_domain,set_subdomain,transfer_from,get_node_count,set_avatar_nft,upgrade_domain,approve_for_all,reverse_resolve,set_blacklisted,set_marketplace,set_ustry_token,get_pause_status,get_vault_shares,transfer_by_node,get_domain_status,set_aquarius_pool,set_reserved_batch,zap_public_deposit,admin_reclaim_batch,get_operator_wallet,is_approved_for_all,register_with_ustry,set_aquarius_router,set_operator_wallet,get_early_exit_quote,marketplace_transfer,get_domain_attributes,set_blacklisted_batch,set_pause_registrations,set_aquarius_pool_contract","NftMintEvent,EarlyExitEvent,NftApproveEvent,NftTransferEvent,DomainExpiredEvent,DomainRenewedEvent,RecordUpdatedEvent,RegistryPauseEvent,StatusChangedEvent,DomainRegisteredEvent,NftApproveForAllEvent,DomainTransferredEvent,MarketplaceTransferEvent"
"794057dabcdbcf57e9aad859c45cb07bade68d8dbce4aa5355abb47f73dc141f",0,0.0000,"25.3.1#e50d95af029c83196dd122f0154bac3f1302394b","1.93.0","","","NotInitialized,Unauthorized,InsufficientDeposit,InsufficientShares,ZeroAmount,SplitNotActive,AlreadySplit,BelowMinDeposit,InvalidFeeBps,ExceedsVestedAmount,DepositsPaused,WithdrawalsPaused,ExceedsEmergencyCap,PauseCooldown","burn,name,symbol,approve,balance,deposit,upgrade,decimals,transfer,withdraw,allowance,burn_from,set_admin,extend_ttl,initialize,vault_rate,add_deposit,deposit_for,split_yield,withdraw_to,mint_fee_bps,set_mint_fee,set_registry,total_assets,total_shares,transfer_from,public_deposit,get_yield_split,set_ustry_token,get_pause_status,public_deposit_for,set_pause_deposits,set_operator_wallet,set_xld_sac_address,set_pause_withdrawals,transfer_domain_position","BurnEvent,MintEvent,TopUpEvent,ApproveEvent,TransferEvent,VaultDepositEvent,PublicDepositEvent,VaultWithdrawEvent,VaultWithdrawToEvent,PauseStatusChangedEvent,Burn,Mint,Approve,Clawback,Transfer,MintWithAmountOnly,TransferWithAmountOnly"
"7944a96d512f6e51532687811cc0c932505b0c051be9d351f5332739d70f753c",3,0.0020,"25.3.0#dcbea44513feb7734af6b6c4aced2c4a7a2715d0","1.94.0","github:reflector-network/reflector-contract","","AlreadyInitialized,Unauthorized,AssetMissing,AssetAlreadyExists,InvalidConfig,InvalidTimestamp,AssetLimitExceeded,InvalidAmount,InvalidPricesUpdate","base,admin,price,assets,config,prices,expires,version,decimals,lastprice,set_price,add_assets,cache_size,fee_config,resolution,last_timestamp,set_cache_size,set_fee_config,update_contract,extend_asset_ttl,estimate_retention_cost,history_retention_period,set_history_retention_period","UpdateEvent"
"794714cd62578e33a337a394f9f41ef9b65816df52611934e0bbac7ca37436e2",1,0.0007,"25.3.1#e50d95af029c83196dd122f0154bac3f1302394b","1.93.0","","","NotInitialized,Unauthorized,NotOwner,AlreadyListed,NotListed,BelowFloorPrice,ListingExpired,SelfTrade,ProposalExpired,InvalidSignature,ProductionDomain","buy,list,cancel,buy_nft,upgrade,list_nft,get_offer,set_admin,cancel_nft,extend_ttl,initialize,make_offer,get_listing,accept_offer,total_volume,__constructor,set_operator_wallet,accept_private_trade","NftSoldEvent,NftListedEvent,OfferMadeEvent,DomainSoldEvent,DomainListedEvent,NftCancelledEvent,PrivateTradeEvent,OfferAcceptedEvent,ListingCancelledEvent"
"79831b8519c34d0217d66c12f2731a6cf56f64d0f78a6f5ddefc0b8d582dc3f7",1,0.0007,"25.3.1#e50d95af029c83196dd122f0154bac3f1302394b","1.95.0","","","Unauthorized,NotFound,AlreadyExists,Inactive","get,admin,list_ids,owner_of,register,set_active,update_price,__constructor",""
"79ddb90c9086aee548ef6f55ff207a380a25e3c43217a047863c16061da5853d",1,0.0007,"23.4.0#673d6c4f2368d282d25da29bda55c21b8be69ca6","1.93.1","","","NotAuthorized,NotWhitelisted,ContractPaused,InvalidAmount,InvalidMerchantContract,NonZeroBalance,InsufficientBalance,IdempotencyKeyAlreadyUsed,AlreadyInitialized,NotInitialized,CreditsMathOverflow,UnexpectedMerchantBehavior,UnexpectedUsdcPayerBehavior,UsdcMathOverflow,MerchantContractCannotBeUsdc,MerchantSpentMoreThanAuthorized,InvalidRecipients,MathOverflow,CreditSeedTooLong","pause,unpause,upgrade,get_admin,is_paused,set_admin,initialize,code_version,add_whitelist,mint_and_burn,is_whitelisted,mint_and_redeem,get_usdc_address,remove_whitelist,set_usdc_address,get_credits_balance,get_whitelist_count,get_upgrade_authority,set_upgrade_authority,get_whitelisted_entries,is_idempotency_key_used","AdminUpdated,CreditsBurned,CreditsMinted,ContractPaused,WhitelistAdded,CreditsRedeemed,ContractUnpaused,ContractUpgraded,WhitelistRemoved,IdempotencyKeyUsed,UsdcAddressUpdated,ContractInitialized,UpgradeAuthorityUpdated"
"79ebca40c46bc2de32537e597e595bae9e0142af16ec26ae5e19310d9f2fc361",1,0.0007,"22.0.11#34f7f53ae31e0fd02aab436a9872e79fa671ca02","1.94.0","","","NotAuthorized,TargetNotAllowed,SpendLimitExceeded,TimeRestrictionActive,InvalidTerms,AmountDecodeFailed,FunctionNotAllowed","after_all,after_hook,before_all,before_hook,__constructor",""
"7a03b6c17aceeb8329725a517ec2322b11387abdce2694e92bc710a061a6d04e",1,0.0007,"26.1.0#175aa41306f383057a8cdfc84b68d931664fc34e","1.95.0","","","NotInitialized,AlreadyInitialized,NotAdmin,NoVerificationKey,InvalidProof,StaleRoot,BadLeafIndex,UnknownRoot,NullifierUsed,RecipientMismatch","init,deposit,set_vks,is_spent,withdraw,leaf_count,current_root",""
"7a6fdfb8c8be0c4a7a70613ca68db27d3d83b4abfc1d6930655a0b320d2aeb72",1,0.0007,"25.3.1#e50d95af029c83196dd122f0154bac3f1302394b","1.93.0","","","NotInitialized,Unauthorized,NotOwner,AlreadyListed,NotListed,BelowFloorPrice,ListingExpired,SelfTrade,ProposalExpired,InvalidSignature,ProductionDomain","buy,list,cancel,upgrade,get_offer,set_admin,extend_ttl,initialize,make_offer,get_listing,accept_offer,total_volume,accept_private_trade","OfferMadeEvent,DomainSoldEvent,DomainListedEvent,PrivateTradeEvent,OfferAcceptedEvent,ListingCancelledEvent"
"7abce6486a24abde33fefb962c957e328c3975b59afd5aaaf20c383306d7d1b0",1,0.0007,"25.0.2#59a2e01a26f9330f8d516690911cb2ca87a6f1b3","1.93.0","","","NotInitialized,AlreadyInitialized,InvalidSession,InvalidProof,InvalidSeed","end,start,upgrade,set_house,initialize,set_attestor",""
"7ae002f14b115d7ebf9a58030eb5dcfe64501cff0cdfb0529f1943d3b519d526",1,0.0007,"22.0.5#25daaf397971f2c15fd2a5fd0a9967020a19cfcb","1.79.0","","","AdminRoleNotSet,NoPendingAdmin,MissingRole,InsufficientAllowance,InvalidExpirationLedger,ExpectedPause,EnforcedPause","__constructor,get_total_rebase_shares,get_total_fixed_shares,get_before_multiplier,get_after_multiplier,get_mult_incr_time,get_rebase_period,get_max_rebase_rate,get_active_multiplier,get_total_supply,get_rebase_shares,get_fixed_shares,is_addr_blocked,is_addr_blocked_from_receiving,mint,set_rebase_period,set_max_rebase_rate,set_next_multiplier,increase_rebase_multiplier,block_addrs,block_addrs_from_receiving,unblock_addrs,unblock_addrs_from_receiving,wipe_blocked_addr,upgrade,allowance,approve,balance,transfer,transfer_from,burn,burn_from,decimals,name,symbol,admin,pending_admin,grant_role,revoke_role,has_role,start_admin_transfer,accept_admin_transfer,pause,unpause,is_paused",""
"7b1193d7d4a05bf01c4949b73be003094c0d91fec77a4e0b50224c07f8848b80",1,0.0007,"23.5.3#d3e1ab2424388b10893b796b0c8e405c5edd03d2","1.88.0","","","AlreadyInitialized,NotInitialized,InvalidAmount","init,send,admin",""
"7bbf4f8fc227467136bfde2ddc63dd0de9527ca79d55a219a3558ce414a7b30c",1,0.0007,"22.0.8#f46e9e0610213bbb72285566f9dd960ff96d03d8","1.90.0","","","AlreadyRegistered,NotRegistered","register_org,set_active,is_active,get_org_type",""
"7bed311b8c372d2da6bc60dbaaede1368439d09a1ddec4392edc515dbfb5757b",1,0.0007,"26.1.0#175aa41306f383057a8cdfc84b68d931664fc34e","1.96.0","","","InputCoinCountOutOfRange,InputCoinIndexOutOfRange,InputDuplicateCoinIndex,InputAmountsLengthMismatch,InputZeroAmount,InputNegativeAmount,InputFeeOutOfRange,InputAdminFeeOutOfRange,InputOffpegMultiplierOutOfRange,InputAmpOutOfRange,InputRampDurationTooShort,InputTooManyDecimals,InputNotImplemented,PolicyNotFactoryAdmin,StateNotInitialized,StateLpSupplyEmpty,StateReserveEmpty,StateRampTooSoon,StateAmpChangeTooLarge,MarketSlippageExceeded,MarketLpRoundsToZero,MarketBurnExceedsSupply,MarketInsufficientLpBalance,MarketReceivedShortfall,MarketInsufficientLiquidity,ExtTokenPullFailed,ExtTokenPushFailed,ExtTokenPanicked,ExtTokenBadMetadata,ExtFactoryUnavailable,MathNotConverged,MathArithmetic,InternalBug,InternalReservesMalformed,InternalStoredParamsInvalid,InternalLpSupplyDrift,InternalValueUnrepresentable","a,fee,name,coins,get_p,config,get_dx,get_dy,ramp_a,symbol,approve,balance,factory,balances,d_oracle,decimals,exchange,reserves,transfer,a_precise,admin_fee,allowance,ema_price,last_price,dynamic_fee,set_new_fee,stop_ramp_a,get_balances,price_oracle,stored_rates,total_supply,__constructor,add_liquidity,transfer_from,admin_balances,set_ma_exp_time,remove_liquidity,calc_token_amount,exchange_received,get_virtual_price,withdraw_admin_fees,offpeg_fee_multiplier,calc_withdraw_one_coin,remove_liquidity_one_coin,remove_liquidity_imbalance","RampAEvent,ExchangeEvent,StopRampAEvent,AddLiquidityEvent,RemoveLiquidityEvent,RemoveLiquidityOneEvent,RemoveLiquidityImbalanceEvent,Burn,Mint,Approve,Transfer,MuxedTransfer"
"7c1f5e00a32b50c460a8592ea4cac8f42ad4ac2234ecbdd3093a334b6df21506",2,0.0014,"22.0.6#0c47dcfa187069d241f11fb082730f667b55e802","1.87.0","AquaToken/soroban-amm","","AnotherActionActive,NoActionActive,ActionNotReadyYet","init_admin,version,contract_name,commit_upgrade,apply_upgrade,revert_upgrade,set_emergency_mode,get_emergency_mode,commit_transfer_ownership,apply_transfer_ownership,revert_transfer_ownership,get_future_address",""
"7c9f30e225969cf451c4bc450ecf68ed17a5bd9bd32f5763869fe7682861c8d5",1,0.0007,"25.3.0#dcbea44513feb7734af6b6c4aced2c4a7a2715d0","1.94.1","github:AquaToken/soroban-amm","","AnotherActionActive,NoActionActive,ActionNotReadyYet","version,__constructor,apply_upgrade,contract_name,commit_upgrade,revert_upgrade,get_emergency_mode,get_future_address,set_emergency_mode,apply_transfer_ownership,deploy_swap_fee_contract,commit_transfer_ownership,revert_transfer_ownership,set_swap_fee_contract_wasm",""
"7d19940b2c8e697048bd2df0ad1dc3782b94897d79ef0beb7f97aaf96ef04c86",1,0.0007,"25.3.0#dcbea44513feb7734af6b6c4aced2c4a7a2715d0","1.93.0","","","NotAdmin,GameNotRegistered,InvalidProof,ScoreNotFound,InvalidArcadeId,AlreadyRegistered,NotInitialized","migrate,upgrade,version,get_admin,get_score,set_admin,submit_score,__constructor,register_game,get_leaderboard,get_player_scores",""
"7d41b2b48b58c03c31c580a2f6791aae7ea602a699711e8d2009300bd4815667",1,0.0007,"20.3.2#1d7f9bd8030f69070634bfb07394339824ceb399","1.76.0-nightly","","","NotInitialized,Initialized,NotAuthorized","initialize,update_admin,upgrade,transfer,withdraw,get_balance,get_balances,version",""
"7d5e1ef91b4c0f2899f0f10cca01469002acc77744e1206a10a415cc268f1664",1,0.0007,"23.0.1#510d3feb724c2b01d7e7ab7652f03b9f8efc3f35","1.93.0-nightly","","","AlreadyInitialized,NotInitialized,Unauthorized,AmountZero,InsufficientStake,InvalidBps,InvalidPolicy,VaultNotCovered,CoverageLimitExceeded,MissingTreasury,InsufficientReserve,InvalidBootstrapAdmin","init,claim,stake,metrics,unstake,upgrade,governor,stake_of,treasury,claim_all,set_admin,add_rewards,covered_nav,pay_premium,set_governor,set_treasury,total_staked,quote_premium,reserve_token,claims_manager,claim_capacity,last_wasm_hash,pending_reward,pending_rewards,stake_shares_of,set_claims_manager,total_stake_shares,claim_from_community,claim_reserve_reward,covered_vault_policy,remove_covered_vault,set_economics_policy,bootstrap_admin_active,bootstrap_reward_token,claim_bootstrap_reward,fund_bootstrap_rewards,pending_reserve_reward,premiums_paid_by_vault,pending_bootstrap_reward,set_covered_vault_policy,bootstrap_admin_expires_at,set_bootstrap_admin_expiry,clear_bootstrap_admin_expiry",""
"7d705f58e42623fd89136374d9a7aab6aa79bec8ca54d51eaf3090238cb2ebbe",2,0.0014,"25.1.1#94c2a3b3a5ded6b9cf9cef0c207bf8804f3eb294","1.93.1","","","Unprofitable","a,__constructor",""
"7d7de8c0ae5278c878a861fc9501a6cb8907b02f6ebb471d61064bc0037922b7",1,0.0007,"22.0.8#f46e9e0610213bbb72285566f9dd960ff96d03d8","1.85.0","","","TransactionAlreadyExecuted,UnauthorizedMinting,AssetCodeMismatch","uno_mint",""
"7df10f0fa98aef7c78e00f5d2b8cb5a5bb2f44a021d2eb8617aba00b031a2f49",0,0.0000,"22.0.11#34f7f53ae31e0fd02aab436a9872e79fa671ca02","1.94.0","","","AlreadyInitialized,NotInitialized,Unauthorized,InvalidRatesSignature,RatesTooOld,RateMismatch,AssetNotEligible,MissingClaimableBalance,InvalidAmount,AmountExceedsThreshold,AmountExceedsReservePct,ReserveInadequate,RequestNotFound,DuplicateClaimableBalance","init,upgrade,get_init,set_admin,confirm_mint,confirm_redeem,get_base_asset,set_base_asset,set_resolution,get_mint_issuer,set_fee_address,set_mint_issuer,set_fiat_address,get_pending_mints,get_reserve_issuer,set_amount_percent,set_reserve_issuer,cancel_mint_request,get_pending_redeems,get_request_counter,set_reserve_address,submit_mint_request,set_amount_threshold,cancel_redeem_request,get_rates_signing_key,set_rates_signing_key,set_reserve_threshold,submit_redeem_request,get_pending_mints_by_id,get_pending_mints_by_user,get_pending_redeems_by_id,set_loyalty_tier_contract,get_pending_redeems_by_user",""
"7e571e814399d52bde9bb4667d54c801ff8750f518731094139419019da2340e",1,0.0007,"21.7.6#c6cca8f8cf75618c24ceb5d9ffdfe735486ae1e9","1.81.0","","","OwnerOrAdminOnly,ContractNotInitialized,InsufficientBalance,IndexOutOfBound,SameOwner,DataNotFound,AlreadyInitialized,OwnerOnly,NoPendingOwnershipTransfer,ProtocolFeeTooHigh,ReferrerFeeTooHigh","initialize,create_round,get_rounds,upgrade,transfer_ownership,accept_ownership,cancel_ownership_transfer,get_config,owner_set_default_page_size,owner_set_protocol_fee_config,change_kyc_wl_list_id,set_voting_period,set_expected_amount,set_minimum_deposit,set_admins,apply_to_round,review_application,deposit_to_round,vote,get_pairs_to_vote,flag_voters,unflag_voters,get_voting_results_for_round,process_payouts,get_votes_for_round,can_vote,get_round,is_voting_live,is_application_live,get_applications_for_round,get_application,is_payout_done,user_has_vote,add_approved_project,remove_approved_project,whitelist_status,blacklist_status,get_all_pairs_for_round,get_pair_by_index,set_number_of_votes,transfer_round_ownership,admins,unapply_from_round,update_applicant_note,set_applications_config,update_round,delete_round,apply_to_round_batch,get_payouts_for_round,set_payouts,set_round_complete,challenge_payouts,remove_payouts_challenge,update_payouts_challenge,remove_resolved_challenges,get_payouts,get_payout,redistribute_vault,get_deposits_for_round,set_cooldown_config,set_compliance_config,blacklisted_voters,set_redistribution_config,get_my_vote_for_round,get_voted_rounds,get_challenges_payout,flag_project,unflag_project,get_approved_projects",""
"7e5e4a6bf2517b01ab6606462b15efebc4051d14cd43dbdc36b9d1b0c85042a3",1,0.0007,"25.3.1#e50d95af029c83196dd122f0154bac3f1302394b","1.93.0","","","AlreadyInitialized,NotInitialized,NotAuthorized,Paused,InvalidAmount,MathOverflow,NoPendingAdmin,NoPendingUpgrade,TimelockNotElapsed,TimelockOutOfBounds,UnexpectedDecimals,PositionNotFound,NotPositionOwner,NotMatured,InsufficientBalance,SolvencyViolation,PositionClosed,RateOutOfBounds,NoStrategyPosition,WithdrawShortfall,ReceiptNotFound,NotReceiptOwner,VaultNotMatured,ReceiptClosed,InsufficientCapacity,RateNotAllowed,VaultExpired,InsufficientLiquidity,SlippageExceeded,MarketExpired,InsufficientShares,ImbalancedLiquidity,FeeNotAllowed","seed,admin,pause,quote,stats,redeem,deposit,harvest,unpause,version,maturity,pt_token,rate_bps,set_rate,timelock,yt_token,code_hash,is_paused,initialize,get_receipt,accept_admin,bump_receipt,set_timelock,__constructor,apply_upgrade,pending_admin,propose_admin,cancel_upgrade,pending_upgrade,schedule_upgrade,cancel_admin_transfer","Seed,Redeem,Deposit,Harvest,RateSet,Initialized,PausedEvent,Upgraded,AdminChanged,AdminProposed,TimelockChanged,UpgradeCancelled,UpgradeScheduled,AdminTransferCancelled"
"7ee622f3933b24069ffd417d6e5283ddf612697893a38d1e9ded95e196176ef9",1,0.0007,"22.0.11#34f7f53ae31e0fd02aab436a9872e79fa671ca02","1.95.0","","","NotInitialized,AlreadyInitialized,NoFeesToWithdraw","get_fees,initialize,withdraw_fees",""
"7eeb82d38958ec23d757ba760dde66a3d7f92cc48f59f316f75c8c2a8e261035",3,0.0020,"22.0.7#211569aa49c8d896877dfca1f2eb4fe9071121c8","1.84.0","","","AnotherActionActive,NoActionActive,ActionNotReadyYet","__constructor,get_premium_price_coefficient,get_fee_nominator,estimate_buy,buy,estimate_sell,sell,fee_collected,admin_withdraw_fee,promote_to_amm,claim_premium,get_system_premium_available,get_creator_premium_available,get_distribute_premium_available,get_buyer_premium_available,is_promoted,liquidity_pool,kill_swap,unkill_swap,kill_promote,unkill_promote,get_supply_token,get_supply,get_reserve_token,get_reserve,collected,collected_base,collected_premium,get_creator_premium_on_promote,get_creator_premium_no_promote,get_buyer_premium_no_promote,collected_premium_expire_at,collected_threshold,get_is_killed_swap,get_is_killed_promote,get_swap_pool,get_created_at,version,commit_upgrade,apply_upgrade,revert_upgrade",""
"7ef1e9297a7c5f9b3583f053c7f3f45aaabe0083ab066866f6662baab257fd3b",0,0.0000,"27.0.1#19a2d480fffa003e739db7cbee0249111dbfd05c","1.97.1","","","MissingAdmin,MissingController,MissingCertifier,InvalidHash,InvalidValidityWindow,CardRevisionConflict,CredentialAlreadyBound,CertificationNotFound,CertificationNotActive,InvalidFee,DuplicateFeeRecipient,MissingLbxSac,MissingFeeRecipients,MissingCertificationFee,RenewalCardMismatch","renew,revoke,certify,lbx_sac,upgrade,certifier,controller,__constructor,certification,fee_recipients,certification_fee,certification_revision","IdentityRevoked,IdentityCertified,AccountInitialized"
"7f33cf1ee21f1021ed923bab93b94662c7e1fcdab18f2072d8685ca4aeb3abde",1,0.0007,"23.1.0#7456be9d91fe1f4cb070fc2732bac78244ce6c3f","1.91.1","","","InsufficientFactionPoints,InvalidAmount,InvalidFaction,FactionAlreadyLocked,PlayerNotFound,FactionNotSelected,GameNotWhitelisted,SessionNotFound,SessionAlreadyExists,InvalidSessionState,InvalidGameOutcome,GameExpired,EpochNotFinalized,EpochAlreadyFinalized,EpochNotReady,NoRewardsAvailable,RewardAlreadyClaimed,NotWinningFaction,DepositRequiredToClaim,SwapError,OverflowError,DivisionByZero,ContractPaused,GameNotRegistered,GameNoContributions,DevRewardAlreadyClaimed,NotGameDeveloper","pause,is_game,unpause,upgrade,add_game,end_game,get_admin,get_epoch,is_paused,set_admin,get_config,get_player,start_game,cycle_epoch,remove_game,__check_auth,__constructor,update_config,select_faction,claim_dev_reward,get_epoch_player,get_current_epoch,claim_epoch_reward","GameAdded,GameEnded,EpochCycled,GameRemoved,GameStarted,AdminChanged,ConfigUpdated,ContractPaused,RewardsClaimed,FactionSelected,ContractUnpaused,DevRewardClaimed,TimeMultiplierReset"
"7f66d7891fc20dafe27d7922875db09e0ceca9d41464eba66e11b10dfb797f1e",0,0.0000,"25.1.1#94c2a3b3a5ded6b9cf9cef0c207bf8804f3eb294","1.94.0","github:AquaToken/soroban-amm","","AnotherActionActive,NoActionActive,ActionNotReadyYet","version,init_admin,apply_upgrade,contract_name,commit_upgrade,revert_upgrade,get_emergency_mode,get_future_address,set_emergency_mode,apply_transfer_ownership,commit_transfer_ownership,revert_transfer_ownership",""
"7fb80059088d523730858e6ab8b90c5de8066b4bb369672c87d514cc36e695c2",1,0.0007,"27.0.0#e5cb4b52c3da8e56fc48adfd7b85d85976c1a059","1.96.0","","","InvalidAmount,NotInitialized,NotActive,Unauthorized,NotMatured","init,terms,status,claim_default,release_funds",""
"7fc16c1803de4182d54f04c07023da722c0065a6039746c72fa0b51b9a2a4e13",1,0.0007,"25.1.0#86c50a1ea4f87b40add3064ff9df95c7553565c5","1.92.0","","","InvalidFillPercent,InsufficientProfit,SlippageExceeded,BadSwapOp,BadCallData,BalanceError,ReserveNotFound","claim,upgrade,get_owner,set_owner,__constructor,fill_bad_debt,fill_interest,fill_liquidation",""
"7ff2ddfd6762fa777e25f23303a036de44f2ec71f4d6fdbe13cfaf93e4a3957c",1,0.0007,"25.3.1#e50d95af029c83196dd122f0154bac3f1302394b","1.93.0","","","NotInitialized,AlreadyRegistered,DomainExpired,NotOwner,InvalidName,InvalidDuration,InsufficientPayment,DomainNotFound,Unauthorized,SubdomainLimitReached,ProductionLocked,GracePeriodActive,NotExpired,MarketplaceNotSet,BelowFloorPrice,TooManyRecords,NftNotFound,NotApproved,ApprovalExpired,RegistrationsPaused,NeedsUpgrade,BlacklistedName,ReservedName","name,renew,symbol,approve,balance,resolve,upgrade,owner_of,register,transfer,get_price,set_admin,token_uri,early_exit,extend_ttl,gift_renew,initialize,set_status,fix_pricing,set_records,get_approved,get_token_id,is_available,set_base_uri,set_reserved,total_minted,expire_domain,set_subdomain,transfer_from,get_node_count,set_avatar_nft,upgrade_domain,approve_for_all,reverse_resolve,set_blacklisted,set_marketplace,set_ustry_token,get_pause_status,get_vault_shares,transfer_by_node,set_aquarius_pool,zap_public_deposit,get_operator_wallet,is_approved_for_all,register_with_ustry,set_aquarius_router,set_operator_wallet,marketplace_transfer,get_domain_attributes,set_pause_registrations,set_aquarius_pool_contract","NftMintEvent,EarlyExitEvent,NftApproveEvent,NftTransferEvent,DomainExpiredEvent,DomainRenewedEvent,RecordUpdatedEvent,RegistryPauseEvent,StatusChangedEvent,DomainRegisteredEvent,NftApproveForAllEvent,DomainTransferredEvent,MarketplaceTransferEvent"
"800c5441a63701438301f08125ea0f3c0f0656cbaaa3f6b954f50c09a878a9ac",1,0.0007,"23.0.2#a97daf8b07cdf24e9bd45e344db51a21b9ea77d3","1.88.0","","","TransactionTooOld,AlreadyInitialized,FactoryNotInitialized,XlmAddressNotInitialized,TokenDoesNotExist,NotTokenOwner,Unauthorized,InsufficientBalance,InvalidTickRange,TickNotAligned,TickOutOfBounds,PoolNotFound,MathOverflow,PriceSlippageCheck,NothingToCollect,TokensNotOrdered,LiquidityCalculationFailed,PoolKeyMissing,TokenDescriptorNotSet,NoApprovedAddress,PositionNotCleared","init_router,swap_exact_input_single,swap_exact_input,swap_exact_output_single,swap_exact_output,quote_exact_input,quote_exact_output,quote_exact_input_single,quote_exact_output_single","InitializedEvent,SwapEvent"
"801b68fabf9f8746b10bfbc6d3da1b41462db0a38364ab8139d32dec3676ef39",0,0.0000,"27.0.0#e5cb4b52c3da8e56fc48adfd7b85d85976c1a059","1.94.0","","","SignerNotFound,SignerAlreadyExists,SignerExpired,LastAdminSigner,LastSigner,MissingContext,SignatureKeyValueMismatch,ClientDataJsonTooLarge,ClientDataJsonParseError,ClientDataJsonChallengeIncorrect,InvalidWebAuthnType,InvalidAuthenticatorData,UserPresenceRequired,AuthenticatorDataTooLarge","install,policy__,uninstall","Upgraded,SignerAdded,SignerRemoved,SignerUpdated"
"8026a2600dc3e706351b30ac99efe834ef3919471c3630f79fdd18f55980d12e",2,0.0014,"25.1.0#86c50a1ea4f87b40add3064ff9df95c7553565c5","1.93.0","","","NullifierUsed,ProofFailed,InsufficientBalance","deposit,transfer,withdraw,get_admin,initialize,get_balance,get_nullifiers,get_commitments,get_merkle_root,get_recent_roots",""
"806e7de085560e1bb29adc8de32536b541afe4d8ab1b5176661cc430ba362d33",1,0.0007,"25.3.1#e50d95af029c83196dd122f0154bac3f1302394b","1.93.0","","","NotInitialized,AlreadyRegistered,DomainExpired,NotOwner,InvalidName,InvalidDuration,InsufficientPayment,DomainNotFound,Unauthorized,SubdomainLimitReached,ProductionLocked,GracePeriodActive,NotExpired,MarketplaceNotSet,BelowFloorPrice,TooManyRecords,NftNotFound,NotApproved,ApprovalExpired,RegistrationsPaused,NeedsUpgrade,BlacklistedName,ReservedName","name,symbol,approve,balance,resolve,upgrade,owner_of,transfer,get_price,set_admin,token_uri,early_exit,extend_ttl,initialize,set_status,fix_pricing,get_xld_sac,set_records,set_xld_sac,get_approved,get_token_id,is_available,set_base_uri,set_reserved,total_minted,__constructor,admin_reclaim,admin_restore,expire_domain,set_subdomain,transfer_from,get_node_count,set_avatar_nft,upgrade_domain,approve_for_all,reverse_resolve,set_blacklisted,set_marketplace,set_ustry_token,get_pause_status,get_vault_shares,transfer_by_node,get_domain_status,set_aquarius_pool,set_reserved_batch,zap_public_deposit,admin_reclaim_batch,get_operator_wallet,is_approved_for_all,register_with_ustry,set_aquarius_router,set_operator_wallet,get_early_exit_quote,marketplace_transfer,get_domain_attributes,set_blacklisted_batch,set_pause_registrations,set_aquarius_pool_contract","NftMintEvent,EarlyExitEvent,NftApproveEvent,NftTransferEvent,DomainExpiredEvent,DomainRenewedEvent,RecordUpdatedEvent,RegistryPauseEvent,StatusChangedEvent,DomainRegisteredEvent,NftApproveForAllEvent,DomainTransferredEvent,MarketplaceTransferEvent"
"80baa838de7f753d460e2407ff6f3692bd6d1b529929bb283db1c4ddcdda837f",1,0.0007,"21.7.3#1f8101942d52a6a93226df840876e6308808c0f4","1.81.0","","","NotInitialized,AlreadyInitialized","init,deploy",""
"8102312a3412b5df4a23761bbec7b83bfe6c4eb553b5593bf5083d0c8c185268",1,0.0007,"27.0.6#60926a20d1f9f0a669d5fe551636f42a1302f0c0","1.93.1","","","InvalidBpsSum,ZeroBps,DuplicateRecipient,NoBalance,MathOverflow","config,withdraw,__constructor","Withdraw"
"8110634bc9c8d95f0d852f0dd3fea6951a92140fb2b23c41fbced507a5125c9d",1,0.0007,"25.3.1#e50d95af029c83196dd122f0154bac3f1302394b","1.94.0","","","Unauthorized,InvalidToken,BeneficiaryNotAssigned,CollateralNotSupported,DepositAmountInvalid,InsufficientCollateralBalance,RedemptionPending,RedemptionAmountInvalid,InsufficientTokenBalance,RedemptionNotFound,Paused,SwapAmountInvalid,VersionMismatch,CollateralMustBeDisabled,InvalidFeeBps,NoTrustedSigners,UntrustedSigner,AttestationNotYetValid,AttestationExpired,OutputAmountTooSmall,CombinedFeeExceedsMaximum,AttestationNotTrustedSigner,PermitSourceMismatch,PermitRecipientMismatch,PermitCollateralMismatch,PermitUsdmMismatch,PermitAmountMismatch,DepositPermitReplay,DepositPermitNotTrustedSigner,RedeemPermitReplay,RedeemPermitNotTrustedSigner,PermitTokenMismatch,StaleTimestamp,TokenNotSet,CollateralAlreadyExists,CollateralAlreadyDisabled,CollateralAlreadyEnabled,TrustedSignerAlreadyExists,TrustedSignerNotFound,MathOverflow,InvalidRedemptionLimit,RedemptionLimitsNotConfigured,QueueRedemptionPermitNotTrustedSigner,IncorrectData,InvalidQuoteId,PriceTokenMismatch,PriceDirectionMismatch,InvalidPriceIndex,SwapPermitReplay,SwapPermitNotTrustedSigner,NoPendingAdministrator,PendingAdministratorMismatch,NoPendingUsdmTokenAdmin,PendingUsdmTokenAdminMismatch,DeprecatedControl","swap_tokens,pause,sweep,unpause,upgrade,get_usdm0,get_usdm1,is_paused,get_config,assign_usdm0,assign_usdm1,__constructor,migrate_to_v2,set_base_fees,add_collateral,compute_feed_id,get_beneficiary,get_collaterals,verify_signature,enable_collateral,get_administrator,is_trusted_signer,remove_collateral,add_trusted_signer,assign_beneficiary,disable_collateral,get_trusted_signers,set_collateral_fees,accept_administrator,get_contract_version,get_redemption_limit,rotate_administrator,set_redemption_limit,get_collateral_config,remove_trusted_signer,clear_redemption_limit,reset_usdm_token_admin,accept_usdm_token_admin,assert_contract_version,redemption_pool_balance,set_collateral_disabled,build_swap_permit_digest,get_base_deposit_fee_bps,build_redeem_permit_digest,effective_redemption_limit,build_deposit_permit_digest,get_base_redemption_fee_bps,build_queue_redemption_digest,get_default_redemption_limits,set_default_redemption_limits,build_price_attestation_digest,build_queue_redeem_permit_digest,remaining_daily_redemption_limit,redeem,get_redemption,queue_redemption,cancel_redemption,process_redemption,get_pending_redemption_id,deposit","Swept,Paused,SwapV2,Deposit,Unpaused,Upgraded,Redemption,AdminRotated,Usdm0Assigned,Usdm1Assigned,CollateralAdded,RedemptionQueued,CollateralEnabled,CollateralRemoved,CollateralDisabled,PriceQuoteConsumed,TrustedSignerAdded,BeneficiaryAssigned,RedemptionCancelled,RedemptionProcessed,AdminRotationStarted,TrustedSignerRemoved,UsdmTokenAdminTransferred,UsdmTokenAdminTransferStarted"
"811068a1be14c83ef55fa0fb6597ddb7dda40bd5141adb2e42d73229a73d98cb",1,0.0007,"25.1.1#94c2a3b3a5ded6b9cf9cef0c207bf8804f3eb294","1.91.1","","","NotInitialized,AlreadyInitialized,Unauthorized,InsufficientCollateral,PositionAlreadyOpen,NoOpenPosition,UnsupportedCollateral,InsufficientPool","initialize,lp_deposit,lp_withdraw,get_lp_share,get_position,close_position,get_pool_balance,deposit_collateral,withdraw_collateral,add_collateral_token,get_collateral_balance,open_synthetic_position",""
"81169e69f9dfe3ffdf387b36c30d7134b9560af3fb8d8d5d7c4286e72828eb42",1,0.0007,"26.1.0#175aa41306f383057a8cdfc84b68d931664fc34e","1.93.0","","","NotInitialized,Unauthorized,NotOwner,AlreadyListed,NotListed,BelowFloorPrice,ListingExpired,SelfTrade,ProposalExpired,InvalidSignature,ProductionDomain","buy,list,cancel,buy_nft,upgrade,list_nft,get_offer,set_admin,cancel_nft,extend_ttl,initialize,get_listing,total_volume,__constructor,set_xld_token,execute_intent,set_operator_wallet","NftSoldEvent,NftListedEvent,OfferMadeEvent,DomainSoldEvent,DomainListedEvent,NftCancelledEvent,PrivateTradeEvent,OfferAcceptedEvent,ListingCancelledEvent"
"816413c82e152a87ea9c83dcab201df380561d56936780b3a527f89b468be3fc",1,0.0007,"25.3.1#e50d95af029c83196dd122f0154bac3f1302394b","1.93.0","","","NotInitialized,AlreadyRegistered,DomainExpired,NotOwner,InvalidName,InvalidDuration,InsufficientPayment,DomainNotFound,Unauthorized,SubdomainLimitReached,ProductionLocked,GracePeriodActive,NotExpired,MarketplaceNotSet,BelowFloorPrice,TooManyRecords,NftNotFound,NotApproved,ApprovalExpired,RegistrationsPaused","name,renew,symbol,approve,balance,resolve,upgrade,owner_of,register,transfer,get_price,set_admin,token_uri,early_exit,extend_ttl,gift_renew,initialize,set_status,fix_pricing,set_records,get_approved,get_token_id,is_available,nft_transfer,set_base_uri,total_minted,expire_domain,set_subdomain,transfer_from,get_node_count,approve_for_all,reverse_resolve,set_marketplace,set_ustry_token,get_pause_status,get_vault_shares,set_aquarius_pool,get_operator_wallet,is_approved_for_all,set_aquarius_router,set_operator_wallet,marketplace_transfer,get_domain_attributes,set_pause_registrations,set_aquarius_pool_contract","NftMintEvent,EarlyExitEvent,NftApproveEvent,NftTransferEvent,DomainExpiredEvent,DomainRenewedEvent,RecordUpdatedEvent,RegistryPauseEvent,StatusChangedEvent,DomainRegisteredEvent,NftApproveForAllEvent,DomainTransferredEvent,MarketplaceTransferEvent"
"81cd1d5b51ab4678883b0aec3573e89f7c9c9a43d8e4e2507e2813d880853149",1,0.0007,"22.0.11#34f7f53ae31e0fd02aab436a9872e79fa671ca02","1.94.0","","","AlreadyInitialized,NotInitialized,Unauthorized,CompletionAlreadyRecorded,InvalidRating,InvalidAmount,ArithmeticOverflow","initialize,get_completion,has_completion,is_initialized,record_completion,get_freelancer_stats,get_authorized_escrow_contract",""
"81e56c99872069a8cd7d97b9f678db343ecb4ac76c2e95e8da0ab78a2a2b9b29",1,0.0007,"26.1.0#175aa41306f383057a8cdfc84b68d931664fc34e","1.93.0","","","AlreadyInitialized,NotInitialized,Paused,OutOfBounds,StepTooLarge,InvalidConfig","upgrade,lastprice,get_config,initialize,set_bounds,set_paused,publish_rate,set_publisher",""
"825473d128ce20a794f155777caefd1b5126939492ac7e1527dde15068f45bef",4,0.0027,"22.0.8#f46e9e0610213bbb72285566f9dd960ff96d03d8","1.87.0","","","MissingStorage","upgrade,__constructor,mint_from,mint,total_supply,balance,allowance,transfer,transfer_from,approve,decimals,name,symbol,burn,burn_from,has_role,get_role_member_count,get_role_member,get_role_admin,get_admin,grant_role,revoke_role,renounce_role,renounce_admin,transfer_admin_role,accept_admin_transfer,set_role_admin,get_underlying_for_amount,get_amount_for_underlying,deposit,withdraw,set_axelar_config,token_id,get_axelar_its,get_axelar_chain,get_axelar_gas_token,interchain_transfer,get_merkle_epoch,set_new_epoch,get_merkle_root,is_claimed,amt_to_claim,sync_balances",""
"825fc7d7bbae72607000a78126464c817c47ff9acf43e7d6faa96334efbc6e4d",2,0.0014,"25.3.0#dcbea44513feb7734af6b6c4aced2c4a7a2715d0","1.95.0","github:AquaToken/soroban-amm","","AnotherActionActive,NoActionActive,ActionNotReadyYet","version,total_supply,__constructor,apply_upgrade,contract_name,commit_upgrade,revert_upgrade,set_total_supply,get_emergency_mode,get_future_address,set_emergency_mode,get_privileged_addrs,set_privileged_addrs,apply_transfer_ownership,commit_transfer_ownership,revert_transfer_ownership",""
"82fffa61fd1e78e7537b3405a8ef339e9d013a8435162dc92ee9a802793b8d26",1,0.0007,"20.5.0#9e2c3022b4355b224a7a814e13ba51761eeb14bb","1.84.1","","","AlreadyInitialized,NotInitialized,NotAuthorized,EscrowNotMatured,InvalidAmount,ReceiverNotFound,TooManyReceivers","initialize,release,get_receiver_state,get_all_receivers",""
"8304bb89d3fe8a916b0784bd829d95a1caba8a4cd60c8e91ad250fc035be9062",0,0.0000,"23.0.2#a97daf8b07cdf24e9bd45e344db51a21b9ea77d3","1.97.1","","","NoPailsProvided,NoHarvestablePails,NoFarmersProvided,PlantFailed,Unauthorized,NoWorkRequestsProvided","harvest,upgrade,get_admin,set_admin,batch_work,extend_ttl,batch_plant,__constructor",""
"830f160eb13886e348a5687835313cdc041ee398931ac53259aab7031e585adf",3,0.0020,"20.3.2#1d7f9bd8030f69070634bfb07394339824ceb399","1.74.1","","","AlreadyInitialized,Uninitialized,NoPriceFeed,Paused,NoReserveExistForAsset,NoActiveReserve,ReserveFrozen,ReservesMaxCapacityExceeded,NoPriceForAsset,ReserveAlreadyInitialized,InvalidAssetPrice,BaseAssetNotInitialized,InitialHealthNotInitialized,LiquidationOrderMustBeUnique,NotFungible,UserConfigInvalidIndex,NotEnoughAvailableUserBalance,UserConfigNotExists,MustHaveDebt,MustNotHaveDebt,BorrowingNotEnabled,BelowInitialHealth,BadPosition,GoodPosition,InvalidAmount,ValidateBorrowMathError,CalcAccountDataMathError,LiquidateMathError,MustNotBeInCollateralAsset,UtilizationCapExceeded,LiqCapExceeded,FlashLoanReceiverError,MathOverflowError,MustBeLtePercentageFactor,MustBeLtPercentageFactor,MustBeGtPercentageFactor,MustBePositive,AccruedRateMathError,CollateralCoeffMathError,DebtCoeffMathError","initialize,upgrade,version,allowance,approve,balance,spendable_balance,authorized,transfer,transfer_from,burn_from,clawback,set_authorized,mint,burn,decimals,name,symbol,total_supply,transfer_on_liquidation,transfer_underlying_to,underlying_asset,pool",""
"834fa4e38447f18908c206f35faa25f132d7a676a14a57689493065c5d4ed5c1",2,0.0014,"26.1.0#175aa41306f383057a8cdfc84b68d931664fc34e","1.97.1","","","NotOwner,NotKeeper,NotAdmin,Unauthorized,AlreadyDeployed,Paused,ZeroAmount,WeightsInvalid,EmptyAllocations,VaultNotWhitelisted,SwapRequired,UnexpectedSwap,InsufficientBalance,SlippageExceeded,DeadlineExceeded,SwapFailed,BadSwapPath,PositionNotFound,NothingToWithdraw,TooManyVaults,AdapterError,UnsupportedProtocol,Math,UnsupportedOutput,InactiveVault,FeeTooHigh,TreasuryUnset,BadNonce,NothingToSwap,NothingToDeposit,MultiAssetVault,TooManyStrategies,SweepNotAllowed,InvalidReason,VaultShapeChanged,SwapAssetNotAllowed,PositionNotEmpty","admin,owner,pause,invest,rescue,unpause,upgrade,withdraw,is_paused,positions,accept_admin,withdraw_all,__constructor,auto_rebalance,close_position,rebalance_swap,transfer_admin,note_no_rebalance,rebalance_deposit,rebalance_withdraw,enable_auto_rebalance,disable_auto_rebalance","Paused,Rescued,Upgraded,VaultSet,Deposited,IdleSwept,KeeperSet,RouterSet,Withdrawn,AdminChanged,FeeConfigSet,SwapAssetSet,RebalanceNoOp,PositionClosed,WithdrawAllDone,ContractUpgraded,KeeperEnabledSet,RebalanceSwapped,RebalanceToggled,StrategyDeployed,RebalanceDeposited,RebalanceWithdrawn,AdminTransferProposed"
"83585b55fa9db740e526bacd0097bbceda580c1ab72752ac10527d9a49307dd7",1,0.0007,"25.1.1#94c2a3b3a5ded6b9cf9cef0c207bf8804f3eb294","1.93.1","github:AquaToken/soroban-amm","","AnotherActionActive,NoActionActive,ActionNotReadyYet","swap,claim,deposit,version,get_info,get_pool,share_id,withdraw,get_plane,get_pools,pool_type,get_tokens,init_admin,remove_pool,get_reserves,swap_chained,apply_upgrade,contract_name,estimate_swap,get_liquidity,set_pool_hash,commit_upgrade,fill_liquidity,revert_upgrade,set_token_hash,get_user_reward,set_pools_plane,get_rewards_info,get_total_shares,set_reward_token,get_emergency_mode,get_future_address,get_rewards_config,init_standard_pool,set_emergency_mode,config_pool_rewards,get_total_liquidity,init_config_storage,get_privileged_addrs,init_stableswap_pool,set_privileged_addrs,config_global_rewards,get_tokens_for_reward,get_tokens_sets_count,set_rewards_gauge_hash,pool_gauge_switch_token,set_reward_boost_config,apply_transfer_ownership,get_liquidity_calculator,get_total_claimed_reward,pool_gauge_token_enabled,set_liquidity_calculator,set_stableswap_pool_hash,commit_transfer_ownership,get_protocol_fee_fraction,revert_transfer_ownership,set_protocol_fee_fraction,get_pools_for_tokens_range,pool_gauge_schedule_reward,configure_init_pool_payment,get_init_pool_payment_token,get_total_configured_reward,pool_gauge_get_min_duration,swap_chained_strict_receive,get_total_accumulated_reward,get_total_outstanding_reward,distribute_outstanding_reward,get_init_pool_payment_address,get_stable_pool_payment_amount,pool_gauge_get_min_daily_amount,get_standard_pool_payment_amount,pool_gauge_set_reward_thresholds",""
"835e707baa30ccaaf0fabd634365196e11d23464f1e64cf049f260f51bac1749",1,0.0007,"22.0.6#0c47dcfa187069d241f11fb082730f667b55e802","1.87.0","","","AnotherActionActive,NoActionActive,ActionNotReadyYet","__constructor,set_total_supply,total_supply,set_privileged_addrs,get_privileged_addrs,commit_transfer_ownership,apply_transfer_ownership,revert_transfer_ownership,get_future_address,version,commit_upgrade,apply_upgrade,revert_upgrade,set_emergency_mode,get_emergency_mode",""
"8387f754401c20c448e51e4ce5fdc097f6dfb4b439041ee17e9edca1d3c0e8ee",1,0.0007,"25.0.2#59a2e01a26f9330f8d516690911cb2ca87a6f1b3","1.93.0","","","NotInitialized,AlreadyInitialized,InvalidSession,BadAuth,InvalidProof,InvalidSeed","end,start,upgrade,set_house,initialize,set_attestor",""
"83c15f0ad44edd0fd9710301e718857752ae17bb796223d9f40c6b60781e367e",1,0.0007,"22.0.11#34f7f53ae31e0fd02aab436a9872e79fa671ca02","1.89.0","","","AlreadyInitialized,NotInitialized,NotAuthorized,Paused,InvalidAmount,InvalidSplit,AlreadyPaid,ReceiptNotFound","initialize,pay_split,get_receipt,is_paid,total_paid,total_splits,is_paused,get_admin,get_token,pause,unpause,set_admin,upgrade",""
"83dcc7b69e6c86ab24d7a63f8255da0f4bf2cd9043d039903d07ea38436f1fbd",1,0.0007,"25.0.2#59a2e01a26f9330f8d516690911cb2ca87a6f1b3","1.93.0","","","NotInitialized,AlreadyInitialized,InvalidSession,BadAuth,InvalidProof,InvalidSeed","end,start,upgrade,set_house,initialize,set_attestor",""
"83e66d8727055a6de7b1d70d5c267763be3cf0e0be0e25d843b5b88e39b98d4c",1,0.0007,"25.1.1#94c2a3b3a5ded6b9cf9cef0c207bf8804f3eb294","1.90.0","","","Unauthorized,Math_DivisionByZero,Math_NegativeInput,Calc_DivisionByZero,Calc_NegativeInput,Aborted,UnknownError","safe_div_with,safe_div_with_calc,error_panic",""
"8405d0b547da8bc9b7ddb6b140507555e8a14be13b170998548994f99e839d36",0,0.0000,"21.7.4#f67b4bf2d2de04d87d28225a99027fd40b7da914","1.81.0","","","NotInitialized,AlreadyInitialized,ProtocolDisabled,Unfeasible,Unauthorized,InvalidPath","init,enable_protocol,update_contract,strict_send",""
"842c28f0f4db756cfbe259553993fd1045c0df32966b4bebff9d94720490e5e0",1,0.0007,"27.0.0#e5cb4b52c3da8e56fc48adfd7b85d85976c1a059","1.97.1","","","NotInitialized,Unauthorized,SessionExpired,SessionRevoked,SessionMissing,BadPolicy,InvalidContext,CapExceeded,BadAmount,BadSignature","owner,native_sac,add_session,get_session,__check_auth,__constructor,revoke_session",""
"842c5d41cf057b60d32511da67f739348c540175ff1a50a261d87fb1759b7c2e",1,0.0007,"23.0.1#510d3feb724c2b01d7e7ab7652f03b9f8efc3f35","1.93.0-nightly","","","AlreadyInitialized,Unauthorized,InvalidBootstrapAdmin,InvalidVenueStatus,VenueNotConfigured","init,venues,upgrade,governor,guardian,is_allowed,set_governor,set_guardian,venue_config,disable_venue,is_configured,last_wasm_hash,bootstrap_admin,is_auto_allowed,set_venue_status,set_bootstrap_admin,clear_bootstrap_admin,bootstrap_admin_active,bootstrap_admin_expires_at",""
"843050da1fca69abae6e0e57a6fab625f8723c8ef0b6650ef2f4e2abc350bff2",1,0.0007,"21.7.6#c6cca8f8cf75618c24ceb5d9ffdfe735486ae1e9","1.81.0","","","NameCannotBeEmpty,DescriptionTooLong,CoverImageUrlTooLong,InvalidListId,AlreadyUpvoted,NotUpvoted,ContractOwnerOnly,AdminNotFound,ListNotFound,AdminAlreadyExists,AdminDoesNotExist,NoteRequired,RegistrationsRequired,RegistrationNotFound,AdminOrOwnerOnly,AlreadyInitialized,InvalidRegistrationId,AlreadyRegistered,RegistrationListMismatch","initialize,create_list,update_list,delete_list,upvote,remove_upvote,transfer_ownership,add_admins,remove_admins,clear_admins,register_batch,unregister,update_registration,get_list,get_lists,get_lists_for_owner,get_lists_for_registrant,get_upvotes_for_list,get_upvoted_lists_for_account,get_registration,get_registrations_for_list,get_registrations_for_registrant,is_registered,owner,upgrade,admins",""
"84430ac8cd15731d4608e0335561b20c452c07f95dfe02a5ae4e1217a3b785e7",0,0.0000,"21.6.0#f57d2454e520ae11dc9c8d55db610557a24a556e","1.80.0","","","AnotherActionActive,NoActionActive,ActionNotReadyYet","initialize_all,pool_type,initialize,share_id,get_total_shares,get_tokens,deposit,swap,estimate_swap,withdraw,get_reserves,get_fee_fraction,get_info,set_privileged_addrs,get_privileged_addrs,kill_deposit,kill_swap,kill_claim,unkill_deposit,unkill_swap,unkill_claim,get_is_killed_deposit,get_is_killed_swap,get_is_killed_claim,version,commit_upgrade,apply_upgrade,revert_upgrade,set_emergency_mode,get_emergency_mode,upgrade_token_legacy,initialize_rewards_config,set_rewards_config,get_unused_reward,return_unused_reward,get_rewards_info,get_user_reward,checkpoint_reward,get_total_accumulated_reward,get_total_configured_reward,get_total_claimed_reward,claim,init_pools_plane,set_pools_plane,get_pools_plane,backfill_plane_data,commit_transfer_ownership,apply_transfer_ownership,revert_transfer_ownership,get_future_address",""
"8448c356f2c8bf9c2e2b81edd2758a970d9211e090a5c8c84f87ce5388b40e41",1,0.0007,"26.1.0#175aa41306f383057a8cdfc84b68d931664fc34e","1.96.1","","","AlreadyInitialized,NotInitialized,InvalidRate,InvalidDeposit,InvalidDuration,TitleTooLong,InsufficientDeposit,StreamNotFound,NotSender,NotRecipient,WrongStatus,NothingToWithdraw,Overflow,HistoryFull,InvalidCheckpointCount,DurationNotDivisible,InvalidCapPercent,InvalidTimeout,IndexOutOfRange,CheckpointNotSubmitted,CheckpointAlreadyFinalized,InvalidRequestId,InvalidAmount,AmountExceedsWithdrawable,WithdrawalNotFound,WithdrawalAlreadyExists,WithdrawalNotApproved,WithdrawalDisputed,WithdrawalApprovalRequired,NotAdmin,SenderMatchesRecipient,InvalidActiveDuration,PaymentMismatch,OutstandingWithdrawals","init,get_stream,pause_stream,cancel_stream,create_stream,resume_stream,compute_earned,get_withdrawal,compute_available,withdraw_approved,approve_withdrawal,dispute_withdrawal,get_sender_streams,request_withdrawal,get_recipient_streams","StreamPaused,StreamCreated,StreamResumed,StreamCancelled,StreamWithdrawn,WithdrawalApproved,WithdrawalDisputed,WithdrawalRequested"
"847fb4e590c727f947b5620f22cfa864e1278a2b47af029bb4319ea5feae6607",1,0.0007,"22.0.11#34f7f53ae31e0fd02aab436a9872e79fa671ca02","1.96.1","","","NotAuthorized","init,sweep,phase1,phase2",""
"84b9619686ac136540a417a69a71bdf8bdcf68b37935b8be372adcbacc5594fd",0,0.0000,"21.6.0#f57d2454e520ae11dc9c8d55db610557a24a556e","1.80.0","","","AnotherActionActive,NoActionActive,ActionNotReadyYet","pool_type,get_info,get_pool,share_id,get_total_shares,get_reserves,deposit,swap,estimate_swap,withdraw,get_liquidity,get_liquidity_calculator,set_liquidity_calculator,version,commit_upgrade,apply_upgrade,revert_upgrade,set_emergency_mode,get_emergency_mode,init_admin,set_privileged_addrs,get_privileged_addrs,set_token_hash,set_pool_hash,set_stableswap_pool_hash,configure_init_pool_payment,get_init_pool_payment_token,get_init_pool_payment_address,get_stable_pool_payment_amount,get_standard_pool_payment_amount,set_reward_token,get_rewards_config,get_tokens_for_reward,get_total_liquidity,config_global_rewards,fill_liquidity,config_pool_rewards,get_rewards_info,get_user_reward,get_total_accumulated_reward,get_total_configured_reward,get_total_claimed_reward,get_total_outstanding_reward,distribute_outstanding_reward,claim,init_standard_pool,init_stableswap_pool,get_pools,remove_pool,get_tokens_sets_count,get_tokens,get_pools_for_tokens_range,set_pools_plane,get_plane,swap_chained,commit_transfer_ownership,apply_transfer_ownership,revert_transfer_ownership,get_future_address",""
"84d7f91a09d004a5f2c014a98cc292123d297e6839497ff26ae7df5e93b15746",1,0.0007,"20.5.0#9e2c3022b4355b224a7a814e13ba51761eeb14bb","1.90.0","","","AlreadyInitialized,NotInitialized,NotAdmin,PoolExists,NoPool","init_factory,initialize",""
"84e7919fefc959120fa8fce7f3415759d7dc01847c582459467fec12992b6cbc",4,0.0027,"22.0.7#211569aa49c8d896877dfca1f2eb4fe9071121c8","1.84.0","","","AnotherActionActive,NoActionActive,ActionNotReadyYet","__constructor,set_privileged_addrs,get_address,get_address_safe,get_addresses,address_has_role,assert_address_has_role,version,commit_upgrade,apply_upgrade,revert_upgrade,set_emergency_mode,get_emergency_mode,commit_transfer_ownership,apply_transfer_ownership,revert_transfer_ownership,get_future_address",""
"84ed7461286d7a7176ab28fc3db3b165efef2e1249ded0c190b3e39c02e94674",0,0.0000,"23.5.3#d3e1ab2424388b10893b796b0c8e405c5edd03d2","1.96.0","github:Dobprotocol/stellar-distribution-contracts","dobprotocol.com","NotInitialized,AlreadyInitialized,Unauthorized,ContractLocked,LowShareCount,InvalidShareTotal,NegativeShareAmount,DuplicateShareholder,ZeroTransferAmount,TransferAmountAboveBalance,TransferAmountAboveUnusedBalance,InvalidDistributionRound,RoundNotFound,AlreadyClaimed,NothingToClaim,RoundNotFinalized,InsufficientTokenBalance,TokenMintFailed,TokenBurnFailed,Overflow,DivisionByZero,InvalidCommissionRate,ZeroWithdrawalAmount,WithdrawalAmountAboveAllocation,DistributionTooSoon,ClaimsNotOpenYet,RoundExpired,ScheduleNotConfigured,ScheduleNotEnabled,ScheduleCompleted,ScheduledDistributionNotDue,InvalidScheduleConfig,RoundNotExpired,NothingToReclaim,NoSharesToTransfer,InsufficientSharesToTransfer,CannotTransferToSelf,InvalidShareAmount,InvalidPrice,NoSharesToSell,NoActiveListing,InsufficientSharesInListing,CannotBuyOwnShares,InvalidProof,NotSnapshotRound","init,claim,upgrade,claim_all,get_round,get_share,set_admin,get_config,get_schedule,set_schedule,get_claimable,lock_contract,update_shares,get_allocation,init_with_type,transfer_shares,transfer_tokens,claim_with_proof,disable_schedule,is_round_expired,get_active_rounds,is_round_claimable,create_distribution,get_total_claimable,withdraw_allocation,get_unclaimed_amount,get_commission_config,reclaim_expired_round,get_distribution_config,get_next_scheduled_time,set_buy_commission_rate,set_distribution_config,set_commission_recipient,create_distribution_snapshot,trigger_scheduled_distribution,set_distribution_commission_rate","SetAdmin"
"8597229abf161531166aefab43afd654d2659e7c9cc0a75274fec2239817f99a",1,0.0007,"20.4.0#70b12eb8c6af0593888154700f0ef68897521708","1.75.0","","","Unimplemented,Initialized,Uninitialized,Unauthorized,InvalidArg,InvalidChainId,InvalidOtherChainId,GasUsageNotSet,BrokenAddress,NotFound,TokenInsufficientBalance,CastFailed,ZeroAmount,PoolOverflow,ZeroChanges,ReservesExhausted,InsufficientReceivedAmount,BalanceRatioExceeded,Forbidden,UnauthorizedStopAuthority,SwapProhibited,AmountTooLowForFee,BridgeToTheZeroAddress,EmptyRecipient,SourceNotRegistered,WrongDestinationChain,UnknownAnotherChain,TokensAlreadySent,MessageProcessed,NotEnoughFee,NoMessage,NoReceivePool,NoPool,UnknownAnotherToken,WrongByteLength,HasMessage,InvalidPrimarySignature,InvalidSecondarySignature,NoGasDataForChain","initialize,deposit,withdraw,swap_to_v_usd,swap_from_v_usd,claim_rewards,claim_balance,set_fee_share,adjust_total_lp_amount,set_balance_ratio_min_bp,stop_deposit,start_deposit,stop_withdraw,start_withdraw,set_stop_authority,set_bridge,set_admin,set_admin_fee_share,claim_admin_fee,pending_reward,get_pool,get_admin,get_stop_authority,get_bridge,get_user_deposit,get_claimable_balance,upgrade",""
"85d4a95d66af0589f4645cc2f4a37dd90c483d52721ecc5167846029e7d2cd48",0,0.0000,"22.0.11#34f7f53ae31e0fd02aab436a9872e79fa671ca02","1.96.0","","","NotInitialized,AlreadyInitialized,NotAuthorized,VouchNotFound,AlreadyClaimed,SelfVouch,Overflow,BadSecret,DailyCapReached,NotExpired,InsufficientStake","init,upgrade,award_xp,get_score,get_vouch,get_earned,mint_vouch,claim_vouch,get_profile,is_attester,is_verified,add_attester,expire_vouch,get_attestation,remove_attester",""
"85e92535a4c29a0f2cafd1a821035ee11926aa63b1ecd045962a399e39b8b5ec",0,0.0000,"22.0.6#0c47dcfa187069d241f11fb082730f667b55e802","1.84.0","","","AnotherActionActive,NoActionActive,ActionNotReadyYet","__constructor,set_total_supply,total_supply,set_privileged_addrs,get_privileged_addrs,commit_transfer_ownership,apply_transfer_ownership,revert_transfer_ownership,get_future_address,version,commit_upgrade,apply_upgrade,revert_upgrade,set_emergency_mode,get_emergency_mode",""
"8684ae2e788670d572b0c969308773b536c4c90cc909a4f2f1255db06c3e23b2",1,0.0007,"21.7.6#c6cca8f8cf75618c24ceb5d9ffdfe735486ae1e9","1.81.0","","","AlreadyInitialized,NotInitialized,InvalidCharity","init,update,deploy,donate",""
"868a26642dddbc9e8d676749b9ed27acfc4dd6b396b57686a84131882b65fb90",1,0.0007,"23.0.1#510d3feb724c2b01d7e7ab7652f03b9f8efc3f35","1.93.0-nightly","","","AlreadyInitialized,Unauthorized,InvalidDelay,EmptyBatch,OperationExists,OperationMissing,OperationNotReady,OperationExpired,OperationAlreadyExecuted,OperationCancelled,NotInitialized,InvalidBootstrapAdmin","init,cancel,config,execute,upgrade,is_ready,schedule,operation,set_admin,set_governor,set_min_delay,last_wasm_hash,set_grace_period,bootstrap_admin_active,current_operation_status,bootstrap_admin_expires_at,set_bootstrap_admin_expiry,clear_bootstrap_admin_expiry",""
"86c1e7cae3b2067bfd6f1b5632c2a750d6daec0df7601ffe99572012ff6ef456",1,0.0007,"27.0.1#19a2d480fffa003e739db7cbee0249111dbfd05c","1.93.1","","","AlreadyInitialized,NotInitialized,Unauthorized,InvalidAmount,InvalidExpiry,BalanceNotFound,BalanceNotExpired,BalanceAlreadyExists,InvalidDenomination,ExpiryTooFar,TooManyPending","claim_b,upgrade,create_b,expire_b,get_balance,list_pending,__constructor,get_denominations,set_denominations",""
"8747e3387e0483b35ef2ae295c6ea8b6969918d96dd9e0cdaf85052f4354fa91",0,0.0000,"23.3.0#a35990025247146e24cb9e1deda063f17f3e441d","1.91.1","","","AlreadyInitialized,NotInitialized,UnauthorizedLender,UnauthorizedInitiator,InvalidPath,DeadlineExpired,NegativeAmount,BadInstruction,MathOverflow,InsufficientProfit,MissingPlan","exec_op,set_admin,get_config,set_lender,__constructor,on_flash_loan,set_blend_plan",""
"87c0a7386ce794a340215af660401f53d8590a50c246f15179b1ac34632afe7c",1,0.0007,"26.1.0#175aa41306f383057a8cdfc84b68d931664fc34e","1.95.0","","","NotAuthorizedSigner,InvalidPrice,InvalidThreshold,SignerAlreadyRegistered,SignerNotRegistered,CannotRemoveBelowThreshold,NoDataForFeed,StaleData,PriceOutOfRange,LengthMismatch,FutureTimestamp,FeedAlreadyMapped,FeedNotMapped,FeedNotKnown,InvalidSubmissionAge,StaleSubmission,FeedAlreadyRegistered,InvalidRelativeSkew","upgrade,get_owner,__constructor,accept_ownership,renounce_ownership,transfer_ownership,add_feed,add_signer,purge_feed,remove_feed,register_feed,remove_signer,set_threshold,set_resolution,set_max_stale_seconds,set_max_relative_skew_seconds,set_max_submission_age_seconds,base,price,assets,prices,decimals,lastprice,resolution,read_price_data,max_stale_seconds,read_price_history,read_price_data_for_feed,max_relative_skew_seconds,max_submission_age_seconds,submit_price,submit_prices","OwnershipTransfer,OwnershipRenounced,OwnershipTransferCompleted"
"8802df0b43b7ee2832de9a67da87eab68911f0a056f9608eaa5a81776bfaa686",1,0.0007,"26.1.0#175aa41306f383057a8cdfc84b68d931664fc34e","1.92.0","","","InvalidConfiguration,Unauthorized,RouteNotFound,RouteDisabled,PendingExists,NoPendingRoute,TooEarly,StaleRevision,Arithmetic","route,config,extend_ttl,is_current,active_route,cancel_route,__constructor,execute_route,pending_route,propose_route","RouteExecuted,RouteProposed,RouteCancelled"
"88058a06b01086d571e2bf54c6195691a40d22fa9a805dce49c040d3d2bb22de",0,0.0000,"25.3.1#e50d95af029c83196dd122f0154bac3f1302394b","1.93.0","","","NotInitialized,Unauthorized,InsufficientDeposit,InsufficientShares,ZeroAmount,SplitNotActive,AlreadySplit,BelowMinDeposit,InvalidFeeBps,ExceedsVestedAmount,DepositsPaused,WithdrawalsPaused,ExceedsEmergencyCap,PauseCooldown","burn,name,symbol,approve,balance,deposit,upgrade,decimals,transfer,withdraw,allowance,burn_from,set_admin,extend_ttl,initialize,vault_rate,add_deposit,deposit_for,split_yield,withdraw_to,mint_fee_bps,set_mint_fee,set_registry,total_assets,total_shares,transfer_from,public_deposit,get_yield_split,set_ustry_token,get_pause_status,public_deposit_for,set_pause_deposits,set_operator_wallet,set_xld_sac_address,get_max_withdrawable,set_pause_withdrawals,transfer_domain_position","BurnEvent,MintEvent,TopUpEvent,ApproveEvent,TransferEvent,VaultDepositEvent,PublicDepositEvent,VaultWithdrawEvent,VaultWithdrawToEvent,PauseStatusChangedEvent,Burn,Mint,Approve,Clawback,Transfer,MintWithAmountOnly,TransferWithAmountOnly"
"8844a760cf16788117b2a5a91d736794b3869c302aee47f8fbbcd0cc1a1096fd",2,0.0014,"22.0.6#0c47dcfa187069d241f11fb082730f667b55e802","1.87.0","AquaToken/soroban-amm","","AnotherActionActive,NoActionActive,ActionNotReadyYet","pool_type,get_info,get_pool,share_id,get_total_shares,get_reserves,deposit,swap,estimate_swap,withdraw,get_liquidity,get_liquidity_calculator,set_liquidity_calculator,version,contract_name,commit_upgrade,apply_upgrade,revert_upgrade,set_emergency_mode,get_emergency_mode,init_admin,set_privileged_addrs,get_privileged_addrs,set_token_hash,set_pool_hash,set_stableswap_pool_hash,set_rewards_gauge_hash,configure_init_pool_payment,get_init_pool_payment_token,get_init_pool_payment_address,get_stable_pool_payment_amount,get_standard_pool_payment_amount,set_reward_token,set_reward_boost_config,set_protocol_fee_fraction,get_rewards_config,get_tokens_for_reward,get_total_liquidity,config_global_rewards,fill_liquidity,config_pool_rewards,get_rewards_info,get_user_reward,get_total_accumulated_reward,get_total_configured_reward,get_total_claimed_reward,get_total_outstanding_reward,distribute_outstanding_reward,claim,init_standard_pool,init_stableswap_pool,get_pools,remove_pool,get_tokens_sets_count,get_tokens,get_pools_for_tokens_range,get_protocol_fee_fraction,pool_gauge_set_reward_thresholds,pool_gauge_get_min_daily_amount,pool_gauge_get_min_duration,pool_gauge_switch_token,pool_gauge_token_enabled,pool_gauge_schedule_reward,set_pools_plane,get_plane,swap_chained,swap_chained_strict_receive,commit_transfer_ownership,apply_transfer_ownership,revert_transfer_ownership,get_future_address,init_config_storage",""
"8875f0c770fb26d3053648856732a649936aed5db246845fa209f9032001b208",20,0.0137,"25.3.0#dcbea44513feb7734af6b6c4aced2c4a7a2715d0","1.95.0","github:AquaToken/soroban-amm","","AnotherActionActive,NoActionActive,ActionNotReadyYet","get_tick,get_slot0,get_position,get_tick_bounds,get_ticks_batch,deposit_position,get_chunk_bitmap,get_tick_spacing,get_position_fees,tick_from_amounts,withdraw_position,claim_position_fees,get_active_liquidity,get_all_position_fees,get_chunk_bitmap_batch,claim_all_position_fees,get_total_raw_liquidity,estimate_deposit_position,estimate_withdraw_position,get_user_position_snapshot,get_fee_growth_global_0_x128,get_fee_growth_global_1_x128,get_total_weighted_liquidity,version,apply_upgrade,contract_name,commit_upgrade,revert_upgrade,get_emergency_mode,set_emergency_mode,claim,get_user_reward,get_rewards_info,get_rewards_state,get_unused_reward,set_rewards_state,set_rewards_config,return_unused_reward,admin_set_rewards_state,initialize_boost_config,set_reward_boost_config,estimate_working_balance,get_total_claimed_reward,initialize_rewards_config,get_total_configured_reward,get_total_accumulated_reward,adjust_total_accumulated_reward,get_future_address,apply_transfer_ownership,commit_transfer_ownership,revert_transfer_ownership,gauge_add,get_gauges,gauge_remove,gauges_claim,kill_gauges_claim,unkill_gauges_claim,gauge_schedule_reward,gauges_get_reward_info,swap,deposit,get_info,share_id,withdraw,pool_type,get_tokens,initialize,get_reserves,estimate_swap,get_user_shares,estimate_deposit,get_fee_fraction,get_total_shares,swap_strict_receive,get_protocol_fee_fraction,get_total_excluded_shares,estimate_swap_strict_receive,kill_swap,kill_claim,unkill_swap,kill_deposit,unkill_claim,unkill_deposit,get_protocol_fees,get_is_killed_swap,claim_protocol_fees,get_is_killed_claim,get_privileged_addrs,set_privileged_addrs,get_is_killed_deposit,set_protocol_fee_fraction,get_pools_plane,set_pools_plane,init_pools_plane,backfill_plane_data,initialize_all","ClaimFees"
"88f4e94243ff87627125e8f65853b581d82851346bdbbc72f53271776806ec55",1,0.0007,"21.7.6#c6cca8f8cf75618c24ceb5d9ffdfe735486ae1e9","1.76.0-nightly","","","NotInitialized,Initialized,TokenLockNotExist,TokenLockKeyExist,TokenLockInProgress,TokenVestingNotExist,TokenVestingKeyExist,SPInvalidShareAmount,SPInsufficientBalance,SPInvalidLockPeriod,StakingCampaignInvalid,StakingCampaignNotExist,StakingCampaignKeyExist,StakingCampaignMaxTiersLimit,StakingCampaignPaidTierRequired,StakingCampaignInvalidTier,StakingCampaignInvalidUpdateInterval,StakingCampaignNotStarted,StakingCampaignEnded,StakingCampaignActive,StakingCampaignInvalidReferralData,StakingDataInvalid,StakingDataNotExist,StakingDataExist,StakingDataMaxTierUnlockLimit,StakingDataMaxPriceLimit,StakingDataMinStakeLimit,StakingDataInvalidUnstakeAmount,AirdropCampaignInvalid,AirdropCampaignNotExist,AirdropCampaignKeyExist,AirdropCampaignNotStarted,AirdropCampaignEnded,AirdropCampaignActive","initialize,upgrade,version,get_user,lock_tokens,unlock_tokens,claim_vested,sp_stake,sp_unstake,sp_lock_shares,staking_new_campaign,staking_change_tier_price,staking_unlock_tier,staking_extend_tier,staking_stake,staking_unstake,staking_claim,staking_claim_remaining_rewards,staking_get_campaign,airdrop_new_campaign,airdrop_participate,airdrop_claim,airdrop_get_campaign",""
"890cd68e74e2ffc079c637a9191e8951a1d79d616244fccdcc0be1139348cfd8",1,0.0007,"23.4.0#673d6c4f2368d282d25da29bda55c21b8be69ca6","1.90.0","","","GameNotFound,NotPlayer,AlreadyCommitted,NotCommitted,AlreadyRevealed,InvalidAllocation,CommitmentMismatch,NotAllCommitted,NotAllRevealed,GameAlreadyEnded,CommitTimeout,RevealTimeout,GameNotReadyToResolve,GameNotOpen,CannotJoinOwnGame,NotGameCreator,InsufficientWager","__constructor,create_game,join_game,cancel_game,store_join_auth,get_join_auth,get_open_games,commit,commit_with_auth,reveal,commit_and_reveal,resolve,claim_timeout,get_game,compute_commitment,get_completed_game,get_completed_games,get_completed_game_ids,get_admin,set_admin,get_ohloss,set_ohloss,cleanup_open_games,upgrade",""
"893b5ca2a0038bb7d6bbc1b16582520acb6485b57ac441239fead410323767dd",1,0.0007,"25.3.1#e50d95af029c83196dd122f0154bac3f1302394b","1.93.0","","","NotInitialized,Unauthorized,NotOwner,AlreadyListed,NotListed,BelowFloorPrice,ListingExpired,SelfTrade,ProposalExpired,InvalidSignature,ProductionDomain","buy,list,cancel,buy_nft,upgrade,list_nft,get_offer,set_admin,cancel_nft,extend_ttl,initialize,make_offer,get_listing,accept_offer,total_volume,__constructor,accept_private_trade","NftSoldEvent,NftListedEvent,OfferMadeEvent,DomainSoldEvent,DomainListedEvent,NftCancelledEvent,PrivateTradeEvent,OfferAcceptedEvent,ListingCancelledEvent"
"894971627dd1e537f12efa9965ff196cdd080c013bf9cc4b66f90198d14162c4",1,0.0007,"25.3.1#e50d95af029c83196dd122f0154bac3f1302394b","1.95.0","","","TotalNotPositive,PctNotHundred,EscrowAmountNotPos,FamilyEqualsStore,InsufficientGroc,EscrowNotFound,EscrowAlreadyReleased,ArithmeticOverflow","lock_escrow,get_balances,release_escrow,deposit_and_split",""
"89a049787cc9cfa4537c5cf1413574e0690668b0522751181dd32194288a967b",1,0.0007,"20.4.0#70b12eb8c6af0593888154700f0ef68897521708","1.76.0","","","Unimplemented,Initialized,Uninitialized,Unauthorized,InvalidArg,InvalidChainId,InvalidOtherChainId,GasUsageNotSet,BrokenAddress,NotFound,TokenInsufficientBalance,CastFailed,ZeroAmount,PoolOverflow,ZeroChanges,ReservesExhausted,InsufficientReceivedAmount,BalanceRatioExceeded,Forbidden,UnauthorizedStopAuthority,SwapProhibited,AmountTooLowForFee,BridgeToTheZeroAddress,EmptyRecipient,SourceNotRegistered,WrongDestinationChain,UnknownAnotherChain,TokensAlreadySent,MessageProcessed,NotEnoughFee,NoMessage,NoReceivePool,NoPool,UnknownAnotherToken,WrongByteLength,HasMessage,InvalidPrimarySignature,InvalidSecondarySignature,NoGasDataForChain","initialize,swap_and_bridge,receive_tokens,swap,stop_swap,start_swap,set_gas_oracle,set_stop_authority,set_rebalancer,set_messenger,set_gas_usage,register_bridge,add_bridge_token,remove_bridge_token,add_pool,withdraw_gas_tokens,withdraw_bridging_fee_in_tokens,has_processed_message,has_received_message,get_pool_address,get_config,get_stop_authority,get_transaction_cost,get_gas_usage,get_admin,get_gas_oracle,get_another_bridge,set_admin,upgrade",""
"89a1ae9313b9abd1a93c5bf42b2982474dac263593a73a1ee5cd7dd0d8240b63",1,0.0007,"26.1.0#175aa41306f383057a8cdfc84b68d931664fc34e","1.96.0","","","PoolExpired,PoolNotInitialized,PoolAlreadyExists,Unauthorized,IsolatedMarginViolation,ZeroAmount,TickSpacingOutOfBounds,SqrtPriceOutOfBounds,ZeroPrice,FeeRangeInvalid,InvalidTerm,TickRange,ZeroNotional,InvalidPriceLimit,InvalidAprRate,PriceNotSet,PriceAlreadySet,ZeroSwapOutput,PartialSwapFill,MathOverflow,MathDivByZero,MathOutOfRange,VammNotSet,AssetNotConfigured,InsufficientBalance,PoolNotMatured,InvalidAprRate,WorstCaseNotSet,StalePrice,InsufficientMargin,PositionNotFound,CannotLiquidate,PositionNotInDebt,DustResidue,VariableTokensNotFullyLiquidated,InvalidWorstCase,InvalidFeeAmount,FeeRootNotSet,InvalidFeeProof,NothingToClaim,FeePoolExhausted,NotEnoughFundsForFee,EsmNotSet,PoolExpired,InsufficientEsmBalance,MathOverflow,PoolNotInitialized,UnwindMadeNoProgress,VammTickUnavailable,InvalidProtocolFeeRate,InsufficientProtocolFees,InvalidDeficitAmount,InvalidAmount,NoDeficit,AdlCandidateNotEligible,DepositMaxReached,Paused,PositionBelowMin,CollateralBelowMin,PoolAlreadyInitialized,InvalidCollateral,InvalidRiskConfig,IsolatedConfigNotCleared,DepositRestricted,RestrictedBonusNonZero,NotionalMaxReached,PoolNotStarted,PoolBlacklisted,PoolAlreadyStarted,IsolatedMarginViolation,PositionMaxReached,Unauthorized,PoolClosing,EsmOpensExposure,AdlCandidateLiquidatable,AdlCoverBelowMinimum,StaleFeeRoot,EarlySettlementBlockedByAdl","burn,mint,swap,admin,pool_id,upgrade,get_admin,set_admin,list_pools,pool_count,create_pool,get_version,pool_exists,get_pool_key,__constructor,get_vamm_state,list_pools_page,notional_to_close,get_pool_apr_oracle,burn_for_liquidation,swap_for_liquidation,compute_growth_inside","Burn,Mint,Swap,PoolInitialized"
"89bb628dba0b34a05f82354e91f30af99d1802a4fafcc1d54c72b86426fc044b",1,0.0007,"20.4.0#70b12eb8c6af0593888154700f0ef68897521708","1.76.0","","","AlreadyInitialized,ArgumentLengthMismatch","initialize,deploy_contract",""
"89f1487e1484cfc11bf83b460ee9eea57fc909693428f0fb5f12f1b26c97de99",0,0.0000,"25.3.0#dcbea44513feb7734af6b6c4aced2c4a7a2715d0","1.94.1","github:AquaToken/soroban-amm","","Unauthorized,PathIsEmpty,OutMinNotSatisfied,InMaxNotSatisfied,FeeFractionTooHigh","claim_fees,get_router,swap_chained,__constructor,claim_fees_and_swap,get_fee_destination,get_max_swap_fee_fraction,swap_chained_strict_receive",""
"8a339bce6c59b2aa97b8e8efd2db061a7d65b8f5583ddcc4b3ec29a27f27930c",1,0.0007,"22.0.8#f46e9e0610213bbb72285566f9dd960ff96d03d8","1.87.0","","","MissingStorage","upgrade,__constructor,mint_from,mint,total_supply,balance,allowance,transfer,transfer_from,approve,decimals,name,symbol,burn,burn_from,has_role,get_role_member_count,get_role_member,get_role_admin,get_admin,grant_role,revoke_role,renounce_role,renounce_admin,transfer_admin_role,accept_admin_transfer,set_role_admin,get_underlying_for_amount,get_amount_for_underlying,deposit,withdraw,set_axelar_config,token_id,get_axelar_its,get_axelar_chain,get_axelar_gas_token,interchain_transfer,get_merkle_epoch,set_new_epoch,get_merkle_root,is_claimed,amt_to_claim,sync_balances",""
"8a87707d8c197418dfccf6de25f33b389a10589cfc6230b99db29569d41e1e5f",2,0.0014,"20.3.2#1d7f9bd8030f69070634bfb07394339824ceb399","1.74.1","","","NotInitialized,Initialized,InvalidLaunchpadInfo,InvalidStage,NotWhitelisted,MaxPerAddressLimitExceeded,NotStarted,Started,InvalidNumTokens,AlreadyMinted,PendingClaimLimitExceeded,NotAuthorized,Ended","initialize,mint,mint_to,claim_tokens,claim_token,update_admin,get_launchpad_info,get_tokens_to_claim,get_total_minted,version",""
"8abc28913035c07411ed5d134e6bfeab4723d97ddd4d1a22a0605d35c94d1a36",2,0.0014,"20.5.0#9e2c3022b4355b224a7a814e13ba51761eeb14bb","1.77.2","","","ErrFinalized,ErrNegative,ErrMinFee,ErrMaxFee,ErrNotController,ErrInvalidVectorLen,AlreadyInitialized,ErrIsBound,ErrNotBound,ErrMaxTokens,ErrMinWeight,ErrMaxWeight,ErrMinBalance,ErrFreezeOnlyWithdrawals,ErrMinTokens,ErrSwapFee,ErrMaxInRatio,ErrMathApprox,ErrLimitIn,ErrLimitOut,ErrMaxOutRatio,ErrBadLimitPrice,ErrLimitPrice,ErrTotalWeight,ErrTokenAmountIsNegative,ErrNotAuthorizedByAdmin,ErrInsufficientAllowance,ErrDeauthorized,ErrInsufficientBalance,ErrAddOverflow,ErrSubUnderflow,ErrDivInternal,ErrMulOverflow,ErrCPowBaseTooLow,ErrCPowBaseTooHigh,ErrInvalidExpirationLedger,ErrNegativeOrZero,ErrTokenInvalid","init,gulp,join_pool,exit_pool,swap_exact_amount_in,swap_exact_amount_out,dep_tokn_amt_in_get_lp_tokns_out,dep_lp_tokn_amt_out_get_tokn_in,wdr_tokn_amt_in_get_lp_tokns_out,wdr_tokn_amt_out_get_lp_tokns_in,set_controller,set_freeze_status,get_total_supply,get_controller,get_tokens,get_balance,get_normalized_weight,get_spot_price,get_swap_fee,get_spot_price_sans_fee,allowance,approve,balance,transfer,transfer_from,burn,burn_from,decimals,name,symbol",""
"8b6b5fb297091300fa303a22475bef0de2611fde33ad73765d61212115d2d96e",1,0.0007,"20.4.0#70b12eb8c6af0593888154700f0ef68897521708","1.79.0","","","VCNotFound,VCNotEmpty,IssuerNotFound,DIDRegistryError","upload_vc,set_revoke,get_vc",""
"8b7b2120f8d6abeb99683ae12dbe38ccd43cd60b8094806ee550e62ed7309e35",1,0.0007,"26.1.0#175aa41306f383057a8cdfc84b68d931664fc34e","1.95.0","","","NotInitialized,AlreadyInitialized,NotMatured,InsufficientPt,InsufficientYt,BadAmount,IndexWentDown,NoLiquidity,VaultClosed","sync,buy_pt,combine,deposit,sell_pt,pt_price,redeem_pt,fixed_rate,initialize,pt_balance,vault_info,yt_balance,claim_yield,market_info,transfer_pt,transfer_yt,vault_claim,quote_buy_pt,vault_invest,vault_settle,vault_shares,add_liquidity,pending_yield,time_progress,vault_deposit,implied_fixed_rate",""
"8b87435a8980f2830588a8837afba398c07e1b708654e347c91c091df9da85d5",1,0.0007,"22.0.6#0c47dcfa187069d241f11fb082730f667b55e802","1.87.0","","","AnotherActionActive,NoActionActive,ActionNotReadyYet","init_admin,update,get,version,commit_upgrade,apply_upgrade,revert_upgrade,set_emergency_mode,get_emergency_mode,commit_transfer_ownership,apply_transfer_ownership,revert_transfer_ownership,get_future_address",""
"8b9263f8205eaad2c36dae6e40bd86bc780212532949ba452cdfa08f02b4f357",1,0.0007,"26.1.0#175aa41306f383057a8cdfc84b68d931664fc34e","1.96.0","","","AlreadyInitialized,NotInitialized,MalformedProof","initialize,verify_proof,verification_key",""
"8bde0ad41dcced57f6aee10f4d8c6490bf4c5e900cdccf3f5b091122f9c35211",3,0.0020,"23.3.0#a35990025247146e24cb9e1deda063f17f3e441d","1.91.1","","","AlreadyInitialized,NotInitialized,UnauthorizedLender,UnauthorizedInitiator,InvalidPath,DeadlineExpired,NegativeAmount,BadInstruction,MathOverflow,InsufficientProfit,MissingPlan","exec_op,set_admin,get_config,set_lender,__constructor,on_flash_loan,set_blend_plan",""
"8c248cdf5a6363e6c45d1adf8c337d4b55b91916a55253c99a3124cf6cb2058d",1,0.0007,"22.0.11#34f7f53ae31e0fd02aab436a9872e79fa671ca02","1.94.0","","","AlreadyInit,NotInit,Paused,BadCoupon,Replay,ZeroPrice","init,upgrade,admin_wd,is_active,subscribe,expires_at,price_usdc,admin_pause,admin_unpause,admin_set_price",""
"8c51e655921047d90375c2f822a53991fe04ee577e6aa648074f6a5bf1ab9eb9",1,0.0007,"26.1.0#175aa41306f383057a8cdfc84b68d931664fc34e","1.96.0","","","AlreadyInitialized,NotInitialized,InvalidAmount,InvalidExchangeRate,InsufficientBalance,MathOverflow,InsufficientAllowance,InvalidExpiration,ReadOnlyExchangeRate,InvalidBlendReserve,BlendWithdrawalFailed,NotAuthorized","name,config,redeem,symbol,approve,balance,deposit,decimals,transfer,allowance,initialize,underlying,total_shares,total_supply,accrued_yield,exchange_rate,share_balance,transfer_from,initialize_blend,set_exchange_rate,migrate_reserve_index","ReserveMigrated"
"8c6a3dcb1643984f4336120d8034428ca97230af550ed869d52787be7ea8e754",0,0.0000,"21.7.7#5da789c50b18a4c2be53394138212fed56f0dfc4","1.88.0","","","Unimplemented,Initialized,Uninitialized,Unauthorized,InvalidArg,BrokenAddress,NotFound,Forbidden,CastFailed,TokenInsufficientBalance,U256Overflow,UnexpectedVecSize,ZeroAmount,PoolOverflow,ZeroChanges,NotEnoughAmount,InsufficientReceivedAmount,Slippage,InvalidFirstDeposit,PoolExist,IdenticalAddresses,MaxPoolsNumReached,InvalidNumberOfTokens","initialize,deposit,withdraw,swap,claim_rewards,claim_admin_fee,set_admin,set_admin_fee_share,set_fee_share,pending_reward,get_pool,get_user_deposit,get_d,get_receive_amount,get_send_amount,get_withdraw_amount,get_deposit_amount,get_admin,upgrade",""
"8ca45a64725ca9c5ff599abbcabea49939106ba9d0312bf9586514079a65a86e",2,0.0014,"20.5.0#9e2c3022b4355b224a7a814e13ba51761eeb14bb","1.75.0","","","AlreadyInitialized,NotInitialized,InvalidConfig,UnauthorizedOperator,WrongRole,WrongPhase,StateChanged,FlashAlreadyArmed,FlashNotArmed,CallbackMismatch,InsufficientCapital,SeedTooSmall,ProfitTooLow,ResidualTooHigh,Arithmetic","initialize_launcher,initialize_receiver,plan,launcher_targets,receiver_targets,status,flash_seed,arm,exec_op,collect_seed,advance_desync,advance_mint,finish,abort,rescue_blnd,rescue_usdc",""
"8cbb77f6549092faf1434da34d4d6ba62c02554c90273f06c5f3e417c8178f31",1,0.0007,"20.4.0#70b12eb8c6af0593888154700f0ef68897521708","1.79.0","","","NotFound,NotEmpty,DIDIncorrectLength,DIDIncorrectScheme,DIDIncorrectMethod","register_did,check_authorize",""
"8cf10d1439a9ed1f8d27606cadcdae7555851c40ef0e6e4bb1ffe2f8ebcd7658",0,0.0000,"22.0.6#0c47dcfa187069d241f11fb082730f667b55e802","1.84.0","","","AnotherActionActive,NoActionActive,ActionNotReadyYet","pool_type,get_info,get_pool,share_id,get_total_shares,get_reserves,deposit,swap,estimate_swap,withdraw,get_liquidity,get_liquidity_calculator,set_liquidity_calculator,version,commit_upgrade,apply_upgrade,revert_upgrade,set_emergency_mode,get_emergency_mode,init_admin,set_privileged_addrs,get_privileged_addrs,set_token_hash,set_pool_hash,set_stableswap_pool_hash,configure_init_pool_payment,get_init_pool_payment_token,get_init_pool_payment_address,get_stable_pool_payment_amount,get_standard_pool_payment_amount,set_reward_token,set_reward_boost_config,get_rewards_config,get_tokens_for_reward,get_total_liquidity,config_global_rewards,fill_liquidity,config_pool_rewards,get_rewards_info,get_user_reward,get_total_accumulated_reward,get_total_configured_reward,get_total_claimed_reward,get_total_outstanding_reward,distribute_outstanding_reward,claim,init_standard_pool,init_stableswap_pool,get_pools,remove_pool,get_tokens_sets_count,get_tokens,get_pools_for_tokens_range,set_pools_plane,get_plane,swap_chained,swap_chained_strict_receive,commit_transfer_ownership,apply_transfer_ownership,revert_transfer_ownership,get_future_address",""
"8d26318b3c2baed9d4569c099177b16f5a7ef629d52dbb9ddc027125d5eb2e45",1,0.0007,"26.0.0#e1bf74ba6c3ddb591593f5eb5dfb85458ff714c1","1.95.0","","","Uninitialized,Unauthorized,InvalidArgument,Overflow,PendingAdminMissing,NotFound,SwapNotRegistered,TokenMessengerNotRegistered,RelayerNotRegistered,DestinationTokenDisabled,MessageAlreadyUsed,MessageNotReceived,FeeTooHigh,InsufficientWithdrawableAmount,OracleNotConfigured,ReceiptLowerThanPayout,OracleChainNotConfigured,InsufficientGasAmount,DomainNotRegistered,RemoteRouterNotSet,RemoteMessengerNotSet,OnlyRouter,MessageAlreadyReceived,UnknownSourceDomain,InvalidRemoteSender,InvalidDestinationCaller,InvalidMintRecipient,UnsupportedCctpVersion,MessageTooShort,AmountOutOfRange,WithdrawExceedsAvailable,MessageTransmitterRejected,SwapSlippageExceeded,SwapUnknownPair","admin,token,router,withdraw,gas_oracle,accept_admin,native_token,send_message,__constructor,max_fee_share,pending_admin,propose_admin,remote_router,set_gas_oracle,chain_gas_usage,chain_for_domain,domain_for_chain,set_max_fee_share,set_remote_router,set_domain_mapping,is_message_received,message_transmitter,set_chain_gas_usage,receive_cctp_message,received_token_amount,min_finality_threshold,remote_token_messenger,token_messenger_minter,set_min_finality_threshold,set_remote_token_messenger,get_transaction_fee_in_native","Withdrawn,MessageSent,AdminAccepted,AdminProposed,MessageReceived"
"8d3a30572618b43c442380bfa41d5894e152fd2e75c749a80627643b7cc8984b",0,0.0000,"25.3.1#e50d95af029c83196dd122f0154bac3f1302394b","1.93.0","","","NotInitialized,AlreadyRegistered,DomainExpired,NotOwner,InvalidName,InvalidDuration,InsufficientPayment,DomainNotFound,Unauthorized,SubdomainLimitReached,ProductionLocked,GracePeriodActive,NotExpired,MarketplaceNotSet,BelowFloorPrice,TooManyRecords,NftNotFound,NotApproved,ApprovalExpired,RegistrationsPaused","name,renew,symbol,approve,balance,resolve,upgrade,owner_of,register,transfer,get_price,set_admin,token_uri,early_exit,extend_ttl,gift_renew,initialize,set_status,fix_pricing,set_records,get_approved,get_token_id,is_available,nft_transfer,set_base_uri,total_minted,expire_domain,set_subdomain,transfer_from,get_node_count,approve_for_all,reverse_resolve,set_marketplace,set_ustry_token,get_pause_status,get_vault_shares,set_aquarius_pool,get_operator_wallet,is_approved_for_all,set_aquarius_router,set_operator_wallet,marketplace_transfer,get_domain_attributes,set_pause_registrations,set_aquarius_pool_contract","NftMintEvent,EarlyExitEvent,NftApproveEvent,NftTransferEvent,DomainExpiredEvent,DomainRenewedEvent,RecordUpdatedEvent,RegistryPauseEvent,StatusChangedEvent,DomainRegisteredEvent,NftApproveForAllEvent,DomainTransferredEvent,MarketplaceTransferEvent"
"8d58bbc589739888a61a804090215ec387e642a367dc01b34d7c9d13fe341604",1,0.0007,"27.0.6#60926a20d1f9f0a669d5fe551636f42a1302f0c0","1.95.0","","","EmptyBatch,InvalidAmount,BrokenTokenChain,SlippageExceeded,ZeroOutput,IntegerOverflow,ZeroSplitPpm,SplitPpmMismatch,InvalidRouteXdr,NotAdmin,FeeTooHigh,ReferralNotFound,SameToken,LpTokenMismatch,MinSharesNotMet,MinAmountsNotMet,ExcessiveResidual,InternalInvariant","admin,upgrade,referral,get_owner,add_referral,__constructor,sweep_balance,is_whitelisted,set_static_fee,static_fee_bps,accept_ownership,add_to_whitelist,claim_admin_fees,execute_strategy,referral_counter,set_referral_fee,admin_fee_balance,renounce_ownership,set_referral_owner,transfer_ownership,whitelisted_tokens,claim_referral_fees,set_referral_active,referral_fee_balance,remove_from_whitelist","OwnershipTransfer,OwnershipRenounced,OwnershipTransferCompleted"
"8dc3b09f4fb0ce22def70b4fe9b8b472c27c4106d79301ed77c4d388b0867f7b",0,0.0000,"21.7.6#c6cca8f8cf75618c24ceb5d9ffdfe735486ae1e9","1.76.0-nightly","","","NotInitialized,Initialized,TokenLockNotExist,TokenLockKeyExist,TokenLockInProgress,TokenVestingNotExist,TokenVestingKeyExist,SPInvalidShareAmount,SPInsufficientBalance,SPInvalidLockPeriod,StakingCampaignInvalid,StakingCampaignNotExist,StakingCampaignKeyExist,StakingCampaignMaxTiersLimit,StakingCampaignPaidTierRequired,StakingCampaignInvalidTier,StakingCampaignInvalidUpdateInterval,StakingCampaignNotStarted,StakingCampaignEnded,StakingCampaignActive,StakingCampaignInvalidReferralData,StakingDataInvalid,StakingDataNotExist,StakingDataExist,StakingDataMaxTierUnlockLimit,StakingDataMaxPriceLimit,StakingDataMinStakeLimit,StakingDataInvalidUnstakeAmount,AirdropCampaignInvalid,AirdropCampaignNotExist,AirdropCampaignKeyExist,AirdropCampaignNotStarted,AirdropCampaignEnded,AirdropCampaignActive","initialize,upgrade,version,get_user,unlock_tokens,claim_vested,sp_stake,sp_unstake,sp_lock_shares,staking_new_campaign,staking_change_tier_price,staking_unlock_tier,staking_extend_tier,staking_stake,staking_unstake,staking_claim,staking_claim_remaining_rewards,staking_get_campaign,airdrop_new_campaign,airdrop_participate,airdrop_claim,airdrop_get_campaign",""
"8dfad874ba76c252a4afc1a2afbb5d8429942d1b26b408252fe222e9671be388",0,0.0000,"25.3.1#e50d95af029c83196dd122f0154bac3f1302394b","1.93.0","","","NotInitialized,AlreadyRegistered,DomainExpired,NotOwner,InvalidName,InvalidDuration,InsufficientPayment,DomainNotFound,Unauthorized,SubdomainLimitReached,ProductionLocked,GracePeriodActive,NotExpired,MarketplaceNotSet,BelowFloorPrice,TooManyRecords,NftNotFound,NotApproved,ApprovalExpired","name,renew,symbol,approve,balance,resolve,upgrade,owner_of,register,transfer,get_price,set_admin,token_uri,early_exit,extend_ttl,initialize,set_status,fix_pricing,set_records,get_approved,get_token_id,is_available,nft_transfer,set_base_uri,expire_domain,set_subdomain,transfer_from,get_node_count,approve_for_all,reverse_resolve,set_marketplace,get_vault_shares,is_approved_for_all,marketplace_transfer","NftMintEvent,EarlyExitEvent,NftApproveEvent,NftTransferEvent,DomainExpiredEvent,DomainRenewedEvent,RecordUpdatedEvent,StatusChangedEvent,DomainRegisteredEvent,NftApproveForAllEvent,DomainTransferredEvent,MarketplaceTransferEvent"
"8e06ddce5078661808355f630d47b65772dc2fda4ac1af3c901aa41c9291ba04",3,0.0020,"22.0.7#211569aa49c8d896877dfca1f2eb4fe9071121c8","1.86.0","","","AnotherActionActive,NoActionActive,ActionNotReadyYet","initialize_all,pool_type,initialize,share_id,get_total_shares,get_tokens,deposit,swap,estimate_swap,swap_strict_receive,estimate_swap_strict_receive,withdraw,get_reserves,get_fee_fraction,get_protocol_fee_fraction,get_info,set_privileged_addrs,get_privileged_addrs,set_oracle_guard_rails,get_oracle_guard_rails,kill_deposit,kill_swap,kill_claim,kill_tax,kill_bonus,unkill_deposit,unkill_swap,unkill_claim,unkill_tax,unkill_bonus,get_is_killed_deposit,get_is_killed_swap,get_is_killed_claim,get_is_killed_tax,get_is_killed_bonus,set_protocol_fee_fraction,get_protocol_fees,claim_protocol_fees,set_fee_rebate_fraction,set_base_tax_fraction,set_tax_incline,set_max_tax_fraction,get_tax_config,claim_protocol_tax,version,contract_name,commit_upgrade,apply_upgrade,revert_upgrade,set_emergency_mode,get_emergency_mode,initialize_rewards_config,set_rewards_config,get_unused_reward,return_unused_reward,get_rewards_info,get_user_reward,checkpoint_reward,checkpoint_working_balance,get_total_accumulated_reward,get_total_configured_reward,adjust_total_accumulated_reward,get_total_claimed_reward,claim,gauge_add,gauge_remove,gauge_schedule_reward,kill_gauges_claim,unkill_gauges_claim,get_gauges,gauges_claim,gauges_get_reward_info,init_pools_plane,set_pools_plane,get_pools_plane,backfill_plane_data,commit_transfer_ownership,apply_transfer_ownership,revert_transfer_ownership,get_future_address,init_config_storage",""
"8e37b9149063338d2606522e375aa7bdc133bc7cf17e6aedc10305a270cda304",1,0.0007,"21.1.1#648cbcb799858b9ba9f240c82c0babcf621050bc","1.79.0","","","NotFound,NotEmpty,NotAuthorized,NotPermitted,MissingWidth,MissingId,MissingAddress,MissingBuy,NotInitialized","initialize,update,upgrade,colors_mine,colors_transfer,color_balance,glyph_mint,glyph_transfer,glyph_scrape,glyph_get,offer_post,offer_delete,offers_get",""
"8e7da85c75c8483c857742d41614fde556a3a0ca98e8cc3c8b58e7c67d5abaa7",0,0.0000,"21.7.4#f67b4bf2d2de04d87d28225a99027fd40b7da914","1.81.0","","","NotInitialized,AlreadyInitialized,ProtocolDisabled,Unfeasible,Unauthorized,InvalidPath","init,enable_protocol,update_contract,strict_send",""
"8e9b6760c249d5a67c3e6c4ff7cedcd5dfd7f5049f1c5956a52480fbf7bf447f",96,0.0656,"26.0.1#f52b6aad85f18c5e312ff3f60e57cb613274e6bb","1.95.0","","","AlreadyInitialized,NotInitialized,PolicyNotFound,PolicyRevoked,PolicyExpired,AmountExceedsCap,PeriodNotElapsed,AuthContextUnsupported,SignatureInvalid,InvalidConfig,SessionNotFound,SessionRevoked,SessionExpired,WindowCapExceeded,RecipientNotAllowed,EmptyAllowlist,SessionExists,ExceedsAbsoluteCeiling","init,get_policy,__check_auth,__constructor,revoke_policy,install_policy,get_agent_session,revoke_agent_session,install_agent_session",""
"8ecd1857496df2c15aaab4d18d2d7689542a62814245e9b2c613c609b86bd11c",3,0.0020,"27.0.2#45d378a6cb4a026d23fc7286b6ee3add9c9dd0b9","1.97.1","github:reflector-network/reflector-contract","","AlreadyInitialized,Unauthorized,AssetMissing,AssetAlreadyExists,InvalidConfig,InvalidTimestamp,AssetLimitExceeded,InvalidAmount,InvalidPricesUpdate","base,admin,price,assets,config,prices,expires,version,decimals,lastprice,set_price,add_assets,cache_size,fee_config,resolution,last_timestamp,set_cache_size,set_fee_config,update_contract,extend_asset_ttl,estimate_retention_cost,history_retention_period,set_history_retention_period","UpdateEvent"
"8efd5b82f10f0ba88d2983821d56587837479e7e1a6b47bd79dec7b133781fd6",1,0.0007,"26.0.0#e1bf74ba6c3ddb591593f5eb5dfb85458ff714c1","1.93.1","","","AlreadyInitialized,InvalidVkLength,InvalidRequestType,InvalidProofLength,MissingLbxToken,MissingFeeAmount,MissingAdmin,MissingVk,InvalidProofOrVkLength,InvalidProofEncoding,InvalidVkEncoding,InvalidProof,MissingIdentityVk,InvalidIdentityActionType,InvalidIdentityPayloadLength,IdentitySignalExpired,IdentityReplayDetected,MissingStealthVk,InvalidFeeAmount,InvalidHostnameLength,IdentitySignalExpiryTooFar,MissingIdentityFeeAmount,MissingDistributor,InvalidEcosystemBindingExpiry,MissingEcosystemBinding","init,upgrade,update_vk,set_stealth_vk,migrate_distributor,get_ecosystem_binding,set_ecosystem_binding,get_distributor_address,set_verify_diag_enabled,set_identity_config,request_identity_signal,request_tracking,request_stealth_tracking",""
"8f9c953a4d2c77685e17e7e9e6b6da3088e5edf2ed4b9105922f249235a3d669",1,0.0007,"25.1.1#94c2a3b3a5ded6b9cf9cef0c207bf8804f3eb294","1.93.1","github:AquaToken/soroban-amm","","AnotherActionActive,NoActionActive,ActionNotReadyYet","version,init_admin,apply_upgrade,contract_name,get_liquidity,commit_upgrade,revert_upgrade,get_pools_plane,set_pools_plane,get_emergency_mode,get_future_address,set_emergency_mode,apply_transfer_ownership,commit_transfer_ownership,revert_transfer_ownership",""
"8fc3a0a8d9438c8bcfc030dae0e5b12e5aeb3d6d656f79d1364e9082246ea777",1,0.0007,"26.1.0#175aa41306f383057a8cdfc84b68d931664fc34e","1.93.0","","","NotInitialized,Unauthorized,NotOwner,AlreadyListed,NotListed,BelowFloorPrice,ListingExpired,SelfTrade,ProposalExpired,InvalidSignature,ProductionDomain,SlippageExceeded","buy,list,cancel,buy_nft,upgrade,list_nft,get_offer,set_admin,cancel_nft,extend_ttl,initialize,get_listing,total_volume,__constructor,set_xld_token,execute_intent,buy_from_router,buy_nft_from_router,set_operator_wallet","NftSoldEvent,NftListedEvent,OfferMadeEvent,DomainSoldEvent,DomainListedEvent,NftCancelledEvent,PrivateTradeEvent,OfferAcceptedEvent,ListingCancelledEvent"
"8fcbe728309356fdf3947bbea206fe1f4af93fa8be913c83f61765f30186903a",1,0.0007,"22.0.11#34f7f53ae31e0fd02aab436a9872e79fa671ca02","1.89.0","","","AlreadyInitialized,NotInitialized,Paused,InvalidAmount,InvalidSchedule,StreamNotFound,StreamNotActive,NothingToWithdraw,NothingToReclaim","initialize,create_stream,withdraw,stop,get_stream,vested_amount,withdrawable,total_streams,is_paused,get_admin,get_token,pause,unpause,set_admin,upgrade",""
"8fe8af0476ec2f270bb65bb88b4cebdaa336904a7fff93b3d1551958d742baa0",3,0.0020,"26.1.0#175aa41306f383057a8cdfc84b68d931664fc34e","1.96.0","","","NotOwner,NotKeeper,NotAdmin,Unauthorized,AlreadyDeployed,Paused,ZeroAmount,WeightsInvalid,EmptyAllocations,VaultNotWhitelisted,SwapRequired,UnexpectedSwap,InsufficientBalance,SlippageExceeded,DeadlineExceeded,SwapFailed,BadSwapPath,PositionNotFound,NothingToWithdraw,TooManyVaults,AdapterError,UnsupportedProtocol,Math,UnsupportedOutput,InactiveVault,FeeTooHigh,TreasuryUnset,BadNonce,NothingToSwap,NothingToDeposit","admin,owner,pause,invest,rescue,unpause,upgrade,withdraw,is_paused,positions,withdraw_all,__constructor,auto_rebalance,rebalance_swap,note_no_rebalance,rebalance_deposit,rebalance_withdraw,enable_auto_rebalance,disable_auto_rebalance","Paused,Rescued,Upgraded,VaultSet,Deposited,IdleSwept,KeeperSet,RouterSet,Withdrawn,FeeConfigSet,RebalanceNoOp,WithdrawAllDone,KeeperEnabledSet,RebalanceSwapped,RebalanceToggled,StrategyDeployed,RebalanceDeposited,RebalanceWithdrawn"
"9011a61f9abfe61961383a846a5acf42e7b0be562a9942f11ab80ab8c8050a33",0,0.0000,"25.3.1#e50d95af029c83196dd122f0154bac3f1302394b","1.93.0","","","NotInitialized,AlreadyRegistered,DomainExpired,NotOwner,InvalidName,InvalidDuration,InsufficientPayment,DomainNotFound,Unauthorized,SubdomainLimitReached,ProductionLocked,GracePeriodActive,NotExpired,MarketplaceNotSet,BelowFloorPrice,TooManyRecords,NftNotFound,NotApproved,ApprovalExpired,RegistrationsPaused,NeedsUpgrade,BlacklistedName,ReservedName","name,renew,symbol,approve,balance,resolve,upgrade,owner_of,register,transfer,get_price,set_admin,token_uri,early_exit,extend_ttl,gift_renew,initialize,set_status,fix_pricing,set_records,get_approved,get_token_id,is_available,set_base_uri,set_reserved,total_minted,expire_domain,set_subdomain,transfer_from,get_node_count,set_avatar_nft,upgrade_domain,approve_for_all,reverse_resolve,set_blacklisted,set_marketplace,set_ustry_token,get_pause_status,get_vault_shares,transfer_by_node,set_aquarius_pool,zap_public_deposit,get_operator_wallet,is_approved_for_all,register_with_ustry,set_aquarius_router,set_operator_wallet,marketplace_transfer,get_domain_attributes,set_pause_registrations,set_aquarius_pool_contract","NftMintEvent,EarlyExitEvent,NftApproveEvent,NftTransferEvent,DomainExpiredEvent,DomainRenewedEvent,RecordUpdatedEvent,RegistryPauseEvent,StatusChangedEvent,DomainRegisteredEvent,NftApproveForAllEvent,DomainTransferredEvent,MarketplaceTransferEvent"
"903bf59c7c6a9733543282e98136806dd4f5a9c775132ff5a42e9fcb4ddb6f2a",3,0.0020,"23.0.2#a97daf8b07cdf24e9bd45e344db51a21b9ea77d3","1.90.0","","","AlreadyInitialized,Uninitialized,Paused,BellowMinValue,ExceededMaxValue,GracePeriod,NoActiveReserve,ReservesMaxCapacityExceeded,NoPriceForAsset,InvalidAssetPrice,LiquidationOrderMustBeUnique,NotFungible,NotEnoughAvailableUserBalance,DebtError,BorrowingDisabled,GoodPosition,InvalidAmount,ValidateBorrowMathError,CalcAccountDataMathError,LiquidateMathError,MustNotBeInCollateralAsset,FlashLoanReceiverError,MathOverflowError,MustBeLtePercentageFactor,MustBeLtPercentageFactor,MustBeGtPercentageFactor,MustBeNonNegative,AccruedRateMathError,CollateralCoeffMathError,DebtCoeffMathError","initialize,upgrade,version,allowance,approve,balance,spendable_balance,authorized,transfer,transfer_from,burn_from,clawback,set_authorized,mint,burn,decimals,name,symbol,total_supply,transfer_on_liquidation,transfer_underlying_to,underlying_asset,pool","ApproveEvent,TransferEvent,MintEvent,ClawbackEvent,SetAuthorizedEvent,BurnEvent,InitializedEvent,Approve,TransferWithAmountOnly,Transfer,Burn,MintWithAmountOnly,Mint,Clawback"
"90697c8a5551539b87a74c0cd928d1574d2cc224e32c5c227a970959d76b6bb5",1,0.0007,"22.0.11#34f7f53ae31e0fd02aab436a9872e79fa671ca02","1.94.1","","","AlreadyInitialized,NotInitialized,InvalidTierLimits,TierOrderInvalid,InvalidTier,NonTransferable","get_tier,set_tier,transfer,get_score,initialize,get_metrics,revoke_tier,update_score,compute_score,transfer_from,get_tier_limit,update_metrics,is_tier_current,get_kyc_verified,set_kyc_verified,update_metrics_raw,get_active_tier_and_limit",""
"90d65279b7c21648875949c4885bd5c588ca547e343027f130b3d0ee34640336",2,0.0014,"22.0.8#f46e9e0610213bbb72285566f9dd960ff96d03d8","1.87.0","","","MissingStorage","upgrade,__constructor,mint_from,mint,total_supply,balance,allowance,transfer,transfer_from,approve,decimals,name,symbol,burn,burn_from,has_role,get_role_member_count,get_role_member,get_role_admin,get_admin,grant_role,revoke_role,renounce_role,renounce_admin,transfer_admin_role,accept_admin_transfer,set_role_admin,get_underlying_for_amount,get_amount_for_underlying,deposit,withdraw,get_merkle_epoch,set_new_epoch,get_merkle_root,is_claimed,amt_to_claim,sync_balances",""
"90ea0c2e20538e273c738019a38d9f250f430b10382a5708a17ba325128ef668",1,0.0007,"25.3.0#dcbea44513feb7734af6b6c4aced2c4a7a2715d0","1.93.1","","","AlreadyInitialized,InvalidVkLength,InvalidRequestType,InvalidProofLength,MissingLbxToken,MissingFeeAmount,MissingAdmin,MissingVk,InvalidProofOrVkLength,InvalidProofEncoding,InvalidVkEncoding,InvalidProof,MissingIdentityVk,InvalidIdentityActionType,InvalidIdentityPayloadLength,IdentitySignalExpired,IdentityReplayDetected,MissingStealthVk,InvalidFeeAmount,InvalidHostnameLength,IdentitySignalExpiryTooFar","init,update_vk,set_stealth_vk,request_tracking,set_identity_config,request_identity_signal,set_verify_diag_enabled",""
"91acbf2ee24b5ac4d51c7f470e9c0560799003f55699c464e2a7d364c4d4bef3",1,0.0007,"22.0.4#1d4afb3b981a4f4b2bbc19f0ce38af85c4ab316a","1.86.0","","","AccountBanned,AccountAlreadyAuthorized,FailedToAuthorizeWithSAC,ContractPaused,FailedToSetAdmin,FailedToTransferWithSAC,NoSuchRedemptionRequest,RedemptionRequestMustBePositive,FailedToClawbackWithSAC,ConversionError,CannotAuthorizeAdminContract,AlreadyInitialized,TooManyAccounts,NoTrustline","admin_get,admin_set,upgrade,__constructor,init,add_banned_accounts,remove_banned_accounts,authorize_trustline,deauthorize_trustline,pause,unpause,batch_pause,batch_unpause,clawback,mint_to_account,freeze_accounts,unfreeze_accounts",""
"9206e3d29bf8b8a095d7ac1216b3624ed1bc4e74de8ad5c3f179672200c485df",2,0.0014,"23.0.1#510d3feb724c2b01d7e7ab7652f03b9f8efc3f35","1.93.0-nightly","","","NotInitialized,AlreadyInitialized,OnlyManager,AmountZero,AssetNotWhitelisted,SharesZero,InsufficientUserShares,InsufficientShares,RouterNotSet,InvalidFeeBps,UnauthorizedPolicy,InsufficientLiquidity,InvalidBlendPosition,BlendAssetMismatch,InvalidBlendRiskPolicy,BlendOracleStale,BlendHealthFactorTooLow,BlendNavUnavailable,BlendOracleInvalid,CreditMarketNotConfigured,CreditActionNotAllowed,InvalidProtocolFeeBps,InvalidSwapRiskPolicy,SwapVenueNotAllowed,SwapTradeSizeExceeded,SwapOracleNotConfigured,SwapOracleStale,SwapOracleInvalid,SwapPriceImpactExceeded,SwapSlippageExceeded,SwapTwapDeviationExceeded,InvalidBootstrapAdmin,CreditBorrowPolicyNotConfigured,CreditBorrowLimitExceeded,InvalidCreditBorrowPolicy,BlendV2RiskSourceNotConfigured,BlendV2PoolNotVerified","nav,fees,init,redeem,router,deposit,manager,upgrade,governor,set_fees,fee_state,rebalance,shares_of,whitelist,blend_lend,set_router,blend_repay,settle_fees,set_manager,share_token,swap_oracle,blend_borrow,credit_repay,denomination,set_governor,blend_markets,credit_borrow,credit_supply,set_whitelist,blend_position,blend_withdraw,credit_markets,last_wasm_hash,liquid_balance,rebalance_auto,venue_registry,allowed_routers,blend_positions,bootstrap_admin,credit_position,credit_withdraw,set_share_token,set_swap_oracle,allowed_adapters,credit_positions,credit_protocols,swap_risk_policy,blend_risk_policy,protocol_treasury,blend_market_value,credit_risk_policy,set_allowed_venues,set_venue_registry,blend_health_factor,blend_market_assets,blend_market_status,credit_market_value,protocol_fee_policy,set_bootstrap_admin,blend_position_value,blend_v2_risk_source,clear_venue_registry,credit_borrow_policy,credit_health_factor,credit_market_assets,credit_market_config,credit_market_status,set_swap_risk_policy,blend_position_values,clear_bootstrap_admin,credit_market_configs,credit_position_value,set_blend_risk_policy,bootstrap_admin_active,credit_position_values,preview_fee_settlement,configure_credit_market,set_protocol_fee_policy,set_blend_v2_risk_source,set_credit_borrow_policy,blend_external_diagnostics,bootstrap_admin_expires_at,set_bootstrap_admin_expiry,set_blend_external_diagnostics",""
"9300128650d6ac0387c5a98cb697637c5e0e5432694e6993d5276fac9b507cda",0,0.0000,"25.3.1#e50d95af029c83196dd122f0154bac3f1302394b","1.93.0","","","NotInitialized,AlreadyRegistered,DomainExpired,NotOwner,InvalidName,InvalidDuration,InsufficientPayment,DomainNotFound,Unauthorized,SubdomainLimitReached,ProductionLocked,GracePeriodActive,NotExpired,MarketplaceNotSet,BelowFloorPrice,TooManyRecords,NftNotFound,NotApproved,ApprovalExpired","name,renew,symbol,approve,balance,resolve,upgrade,owner_of,register,transfer,get_price,set_admin,token_uri,early_exit,extend_ttl,gift_renew,initialize,set_status,fix_pricing,set_records,get_approved,get_token_id,is_available,nft_transfer,set_base_uri,total_minted,expire_domain,set_subdomain,transfer_from,get_node_count,approve_for_all,reverse_resolve,set_marketplace,set_ustry_token,get_vault_shares,is_approved_for_all,set_aquarius_router,marketplace_transfer,get_domain_attributes","NftMintEvent,EarlyExitEvent,NftApproveEvent,NftTransferEvent,DomainExpiredEvent,DomainRenewedEvent,RecordUpdatedEvent,StatusChangedEvent,DomainRegisteredEvent,NftApproveForAllEvent,DomainTransferredEvent,MarketplaceTransferEvent"
"930fd583290d0bceea3c89adc7111278288ae9cf6c2b320295563a17ce206f08",1,0.0007,"23.0.2#a97daf8b07cdf24e9bd45e344db51a21b9ea77d3","1.88.0","","","HexLengthInsufficient,MulDivFailed,InvalidPriceRange,U256ToU128ConversionFailed,TransactionTooOld,AlreadyInitialized,FactoryNotInitialized,XlmAddressNotInitialized,TokenDoesNotExist,NotTokenOwner,Unauthorized,InsufficientBalance,InvalidTickRange,TickNotAligned,TickOutOfBounds,PoolNotFound,MathOverflow,PriceSlippageCheck,NothingToCollect,TokensNotOrdered,LiquidityCalculationFailed,PoolKeyMissing,TokenDescriptorNotSet,NoApprovedAddress,PositionNotCleared","init,zap_in,zap_out,quote_zap_in,quote_zap_out,get_factory,get_xlm_address,get_position_manager,get_swap_router,is_initialized","ZapInitializedEvent,ZapInEvent,ZapOutEvent"
"931f5d79888f6328e0b7c64038d7d2a5dcc00e6a3decbc31cdbdbf978adbee99",1,0.0007,"20.5.0#9e2c3022b4355b224a7a814e13ba51761eeb14bb","1.78.0","","","NotAuthor,NotFoundStory,NotFoundStoryNft,StoryNftSoldOut,NotFoundStoryTask,StoryTaskDone,NotFoundTaskSubmit","publish_story,update_story,publish_nft,mint_nft,claim_author_reserved_nft,create_task,update_task,cancel_task,create_task_submit,withdraw_task_submit,mark_task_done,get_state",""
"939b5e6da8c39c0d993825488eb97c0efa793dd0a8bf690853bcf65da0dee2b2",2,0.0014,"23.4.1#e671b396f8bacf1370925f722df158b31c0baae5","1.91.0-nightly","","","Unknown,MathOverflow,InvalidLiquidation,LiquidationAmountTooHigh,InvalidAmount,InsufficientSwapOut,PriceOracleNotFound,NoDebtOfRequestedType","validate",""
"93c05940680e9d119928276087876d5ec3cfa5063489477d884c4781860fbc59",1,0.0007,"25.3.1#e50d95af029c83196dd122f0154bac3f1302394b","1.93.0","","","NotInitialized,Unauthorized,InsufficientDeposit,InsufficientShares,ZeroAmount,SplitNotActive,AlreadySplit,BelowMinDeposit,InvalidFeeBps,ExceedsVestedAmount,DepositsPaused,WithdrawalsPaused,ExceedsEmergencyCap,PauseCooldown","burn,name,symbol,approve,balance,deposit,upgrade,decimals,transfer,withdraw,allowance,burn_from,set_admin,extend_ttl,initialize,vault_rate,add_deposit,deposit_for,split_yield,withdraw_to,mint_fee_bps,set_mint_fee,set_registry,total_assets,total_shares,transfer_from,public_deposit,get_yield_split,set_ustry_token,get_pause_status,set_pause_deposits,set_operator_wallet,set_xld_sac_address,set_pause_withdrawals,transfer_domain_position","BurnEvent,MintEvent,TopUpEvent,ApproveEvent,TransferEvent,VaultDepositEvent,PublicDepositEvent,VaultWithdrawEvent,VaultWithdrawToEvent,PauseStatusChangedEvent,Burn,Mint,Approve,Clawback,Transfer,MintWithAmountOnly,TransferWithAmountOnly"
"94131a01d894797658615651bb7bf5a3fac4cc6032411b219bafaaafd77754fe",1,0.0007,"25.3.1#e50d95af029c83196dd122f0154bac3f1302394b","1.94.1","","","AlreadyAttested,NotAuthorized,AttestationNotFound,AttestationExpired,InvalidProof,AttestorNotRegistered,AttestorRevoked,ModelDeprecated,InvalidInputs,KycNotVerified,CommitmentConflict,AlreadyInGroup,UnauthorizedAttestor,Risc0ImageNotSet,StaleAttestation,NullifierAlreadyBound","__constructor,get_attestation,attest_with_hash,attest_with_proof,attest_with_risc0,set_risc0_image_id,set_wallet_identity,set_attestor_registry,register_verification_key","AttestationWritten"
"94b3c032a5701c727281c82ede3ec446c7b452bf0387a47daa2606fbcd68f361",1,0.0007,"25.3.1#e50d95af029c83196dd122f0154bac3f1302394b","1.93.0","","","AlreadyInitialized,NotInitialized,NotAuthorized,Paused,InvalidAmount,MathOverflow,NoPendingAdmin,NoPendingUpgrade,TimelockNotElapsed,TimelockOutOfBounds,UnexpectedDecimals,PositionNotFound,NotPositionOwner,NotMatured,InsufficientBalance,SolvencyViolation,PositionClosed,RateOutOfBounds,NoStrategyPosition,WithdrawShortfall,ReceiptNotFound,NotReceiptOwner,VaultNotMatured,ReceiptClosed,InsufficientCapacity,RateNotAllowed,VaultExpired,InsufficientLiquidity,SlippageExceeded,MarketExpired,InsufficientShares,ImbalancedLiquidity,FeeNotAllowed","mint,admin,pause,unpause,version,maturity,pt_token,solvency,timelock,yt_token,code_hash,is_paused,redeem_pt,initialize,underlying,claim_yield,accept_admin,get_position,set_timelock,__constructor,apply_upgrade,bump_position,pending_admin,propose_admin,cancel_upgrade,position_value,pending_upgrade,schedule_upgrade,transfer_position,combine_and_redeem,cancel_admin_transfer","Mint,Claim,Combine,RedeemPt,Initialized,PausedEvent,TransferPosition,Upgraded,AdminChanged,AdminProposed,TimelockChanged,UpgradeCancelled,UpgradeScheduled,AdminTransferCancelled"
"9535c94da0062c3a88fa39ebca4f877d9c663a6b5dd800354fdb9c97ccd83152",1,0.0007,"22.0.5#25daaf397971f2c15fd2a5fd0a9967020a19cfcb","1.88.0","","","ContractNotInitalized,XAssetDeployFailed,AssetAlreadyDeployed,AssetAdminSetFailed,NoSuchAsset","admin_get,admin_set,redeploy,init,deploy_asset_contract,get_asset_contract,set_asset_contract,set_existing_asset_contract",""
"95468d6baff19b53e54ecac4b9b544ff7eb8f2a19366ff99ca55423c8ed187f2",0,0.0000,"25.3.1#e50d95af029c83196dd122f0154bac3f1302394b","1.93.0","","","NotInitialized,AlreadyRegistered,DomainExpired,NotOwner,InvalidName,InvalidDuration,InsufficientPayment,DomainNotFound,Unauthorized,SubdomainLimitReached,ProductionLocked,GracePeriodActive,NotExpired,MarketplaceNotSet,BelowFloorPrice,TooManyRecords,NftNotFound,NotApproved,ApprovalExpired,RegistrationsPaused","name,renew,symbol,approve,balance,resolve,upgrade,owner_of,register,transfer,get_price,set_admin,token_uri,early_exit,extend_ttl,gift_renew,initialize,set_status,fix_pricing,set_records,get_approved,get_token_id,is_available,nft_transfer,set_base_uri,total_minted,expire_domain,set_subdomain,transfer_from,get_node_count,approve_for_all,reverse_resolve,set_marketplace,set_ustry_token,get_pause_status,get_vault_shares,set_aquarius_pool,get_operator_wallet,is_approved_for_all,set_aquarius_router,set_operator_wallet,marketplace_transfer,get_domain_attributes,set_pause_registrations,set_aquarius_pool_contract","NftMintEvent,EarlyExitEvent,NftApproveEvent,NftTransferEvent,DomainExpiredEvent,DomainRenewedEvent,RecordUpdatedEvent,RegistryPauseEvent,StatusChangedEvent,DomainRegisteredEvent,NftApproveForAllEvent,DomainTransferredEvent,MarketplaceTransferEvent"
"956aa4ea680c004ce1efb97dd5d147d6d2eada11e11d5bfef6bbf1cf9facff9d",1,0.0007,"21.7.7#5da789c50b18a4c2be53394138212fed56f0dfc4","1.91.1","","","Unprofitable,Unauthorized,InvalidPath,InsufficientBalance,SwapFailed,PathTooLong","withdraw,get_admin,initialize,execute_cycle,receive_flash_loan",""
"958b7c4fea1f8d23c0fe44cec9c88cee7d1d08933e71e560789f51690ecaff79",1,0.0007,"22.0.5#25daaf397971f2c15fd2a5fd0a9967020a19cfcb","1.81.0","","","NotAuthorized,AlreadyPaid","initialize,set_is_contract_paused,set_usd_address,create_batch,pay_batch,recover_funds,get_initialized,get_admin,get_is_contract_paused,get_usd_address,get_batch,get_paid_address,get_paid_addresses,set_fee_receiver,get_fee_receiver,set_fee_percent,get_fee_percent",""
"95a8e0018530226701ef8d31c7d4c2fe20ed9d7c303a14a70c3d96848ca4fa54",61,0.0417,"23.0.2#a97daf8b07cdf24e9bd45e344db51a21b9ea77d3","1.89.0","","","Unauthorized,InvalidTickRange,InvalidLiquidity,InvalidAmount,InvalidSqrtPrice,InvalidFee,InvalidTickSpacing,TickOutOfBounds,PriceOutOfBounds,LiquidityOverflow,LiquidityUnderflow,DivisionByZero,MulDivOverflow,U128Overflow,I128Overflow,U64Overflow,U32Overflow,PoolNotInitialized,PoolAlreadyInitialized,PositionNotFound,InsufficientLiquidity,TickNotInitialized,TickNotSpacedCorrectly,OracleNotInitialized,InvalidObservation,ObservationTooOld,NotInitialized,AlreadyInitialized,TickLowerNotLessThanUpper,TickLowerTooLow,TickUpperTooHigh,InvalidPriceLimit,AmountShouldBeGreaterThanZero,NegativeAmount,InsufficientToken0,InsufficientToken1,InvalidFeeProtocol,ZeroPriceNotAllowed,ZeroLiquidityNotAllowed,OverflowInSqrtPriceCalculation,UnderflowInSqrtPriceCalculation,InsufficientRepayment0,InsufficientRepayment1,MustUseFlashExecutor,FlashNotLocked,IdenticalTokens,PoolAlreadyExists,FeeAmountAlreadyEnabled,InvalidFeeAmount","__constructor,check_ticks,block_timestamp,initialize,swap,swap_prefunded,set_router_authorized,burn,collect,collect_protocol,flash_begin,flash_end,slot0,is_initialized,factory,token0,token1,fee,tick_spacing,flash_executor,get_protocol_fee_0,get_protocol_fee_1,get_tick_bitmap,liquidity,fee_growth_global_0_x128,fee_growth_global_1_x128,protocol_fees,ticks,get_position_fee_data,get_full_pool_state,get_pool_state_with_balances,snapshot_cumulatives_inside,observe_single,observe,poke_oracle,get_oracle_hints,get_oracle_status,mint,get_tick_bitmap_public,get_tick_bitmap_range_public,get_ticks_batch,quote_exact_input,quote_exact_output,positions","InitializeEvent,SwapEvent,MintEvent,BurnEvent,CollectEvent,CollectProtocolEvent,FlashBeginEvent,FlashEndEvent"
"9677074ae7fce0e8c41747377da02ebf4e1cf06902c60c4fe64ea0ee6aab4545",1,0.0007,"23.0.2#a97daf8b07cdf24e9bd45e344db51a21b9ea77d3","1.88.0","","","TransactionTooOld,AlreadyInitialized,FactoryNotInitialized,XlmAddressNotInitialized,TokenDoesNotExist,NotTokenOwner,Unauthorized,InsufficientBalance,InvalidTickRange,TickNotAligned,TickOutOfBounds,PoolNotFound,MathOverflow,PriceSlippageCheck,NothingToCollect,TokensNotOrdered,LiquidityCalculationFailed,PoolKeyMissing,TokenDescriptorNotSet,NoApprovedAddress,PositionNotCleared","init_router,swap_exact_input_single,swap_exact_input,swap_exact_output_single,swap_exact_output,quote_exact_input,quote_exact_output,quote_exact_input_single,quote_exact_output_single","InitializedEvent,SwapEvent"
"968eb0db459a2b610a32079b0b5c66b9fc768747474b704c0a8bf339cee79334",1,0.0007,"22.0.11#34f7f53ae31e0fd02aab436a9872e79fa671ca02","1.90.0","","","AlreadyInitialized,NotInitialized,InvalidProof,UnknownRoot,NullifierAlreadySpent,InvalidAmount,TreeFull,RecipientMismatch,NotPending","__constructor,shield,withdraw,transfer,claim_insert,current_root,is_spent,next_index,verify",""
"9698e2a22ac5d5a7e688344dfcb350cacfce088b7e906748ba1e3d731523961e",1,0.0007,"23.5.3#d3e1ab2424388b10893b796b0c8e405c5edd03d2","1.95.0","","","AlreadyInitialized,NotInitialized,EscrowAlreadyExists,EscrowNotFound,InvalidAmount,InvalidFee,InvalidTimeout,InvalidStatus,BuyerAlreadySet,BuyerMissing,Unauthorized,NotExpired,TradeAlreadyExists,TradeNotFound,InvalidSecret,ConfirmationRequired,AlreadyConfirmed,InvalidParticipants,ConfirmedRemittanceCannotRefund","get,init,admin,accept,create,redeem,refund,release,get_trade,mark_ready,create_auto,fee_address,auto_release,open_dispute,create_redeem,accept_partial,create_service,resolve_refund,timeout_refund,release_partial,resolve_release,contract_version,refund_remaining,create_remittance,create_service_v4,finalize_remittance,open_dispute_partial,remittance_recipient,resolve_refund_partial,resolve_release_partial,confirm_remittance_received,received_confirmation_ledger",""
"96b5d72f52cf749ea77671f22e2543b8e5d4b850cd39d61a4f1b831eb14eb848",1,0.0007,"22.0.8#f46e9e0610213bbb72285566f9dd960ff96d03d8","1.86.0","","","AnotherActionActive,NoActionActive,ActionNotReadyYet","__constructor,deposit,withdraw,get_config,get_prices,get_balances,get_total_shares,get_user_shares,get_fee_config,get_summary,get_user_with_summary,estimate_trade,buy_long,sell_long,buy_short,sell_short,admin_shutdown,set_privileged_addrs,get_privileged_addrs,add_pair,set_fee_config,set_risk_parameters,set_usdc_floor,get_protocol_fees,claim_protocol_fees,kill_deposit,kill_withdraw,kill_trade,kill_withdraw_floor,unkill_deposit,unkill_withdraw,unkill_trade,unkill_withdraw_floor,get_is_killed_deposit,get_is_killed_withdraw,get_is_killed_trade,get_is_killed_withdraw_floor,version,contract_name,commit_upgrade,apply_upgrade,revert_upgrade,set_emergency_mode,get_emergency_mode,commit_transfer_ownership,apply_transfer_ownership,revert_transfer_ownership,get_future_address",""
"96d140ebb844e6ee24dc07dfa2581c2ac150e3bd3ee45635b0181cabb751ad0f",2,0.0014,"23.5.2#347f71141ddf69ef1873527c94ac98e79215f125","1.95.0","","","InvalidSignatureCount,SystemNotEnabled,RecipientZeroAddress,FeeNotPaid,TransactionAlreadyProcessed,RelayerNotAuthorized,GasRefundFailed,InvalidKey,DuplicateSignerDetected,InsufficientProjectSignatures,InsufficientChainSignatures,InsufficientVIASignatures,POSValidationFailed,ChainsEndpointsMislength,MissingMessageGateway,MissingChainEndpoint,GasAmountExceedsMaxGasAmount,GasAmountNotAuthorized,InsufficientBalance,GasTokenContractNotSet,MaxFeeExceededMaxFeeAmount,FeeTokenContractNotSet,FeeAmountNotAuthorized,InvalidChainSender,AddressXDRRepresentationTooShort,OwnerNotSet,ChainDetailsNotFound,OwnerAlreadySet,FeeProcessingFailed,SignersNotSorted,SignerMustBeAccountAddress,DestinationChainMismatch,SenderMustBeContractAddress,ChainsEndpointsMislength,MissingMessageGateway,MissingChainEndpoint,InvalidRecipient,InvalidAmount,SenderLengthMismatch,InvalidChainSender,NoPendingAdmin,NoAdminSet","send,process,recover,get_owner,set_relayers,__constructor,get_next_tx_id,get_fee_handler,get_gas_handler,set_fee_handler,set_gas_handler,set_pos_handler,set_via_signers,accept_ownership,get_all_relayers,get_chain_details,is_system_enabled,set_chain_signers,renounce_ownership,set_system_enabled,transfer_ownership,get_all_via_signers,set_project_signers,accept_admin_transfer,get_all_chain_signers,is_relayer_authorized,set_contract_relayers,get_all_project_signers,get_all_contract_relayers,get_required_signer_counts,initialize_universal_settings","Recover,SetOwner,SetRelayers,SendProcessed,SendRequested,SetFeeHandler,SetGasHandler,SetPosHandler,SetViaSigners,SetFeesOffline,SetChainSigners,SetMaxFeeAmount,SetMaxGasAmount,SetSystemEnabled,SetTokenContract,SetProjectSigners,SetCustomSourceFee,SetContractRelayers,SetFeeTokenContract,RoleGranted,RoleRevoked,AdminRenounced,RoleAdminChanged,AdminTransferCompleted,AdminTransferInitiated,OwnershipTransfer,OwnershipRenounced,OwnershipTransferCompleted"
"971744789012f2d7792d4a502a8bc2b80208caefaea64a4973a9f4a1977bebf1",1,0.0007,"25.3.0#dcbea44513feb7734af6b6c4aced2c4a7a2715d0","1.94.1","github:AquaToken/soroban-amm","","AnotherActionActive,NoActionActive,ActionNotReadyYet","version,init_admin,apply_upgrade,contract_name,get_liquidity,commit_upgrade,revert_upgrade,get_pools_plane,set_pools_plane,get_emergency_mode,get_future_address,set_emergency_mode,apply_transfer_ownership,commit_transfer_ownership,revert_transfer_ownership",""
"9726d6f1efb0ada9987b1f28f8080804248ab0847b59d5d04b91d2176af6b276",0,0.0000,"21.0.1-preview.3#ff05c3d4cbed97db50142372e9d7a4fa4a8d1d5d","1.77.2","","","NotFound,NotEmpty,NotAuthorized,NotPermitted,MissingWidth,MissingId,MissingAddress,MissingBuy,NotInitialized","initialize,update,upgrade,colors_mine,colors_transfer,color_balance,glyph_mint,glyph_transfer,glyph_scrape,glyph_get,offer_post,offer_delete,offers_get",""
"97766f5c19228e6992560afca593b844ae671870254676727b5373ea5f28a363",1,0.0007,"22.0.11#34f7f53ae31e0fd02aab436a9872e79fa671ca02","1.89.0","","","AlreadyInitialized,NotInitialized,NotAuthorized,Paused,InvalidAmount,ProposalNotFound,ProposalNotActive,AlreadyVoted,InsufficientFunds,NotApproved,AlreadyDisbursed,InvalidTitleHash","initialize,record_roundup,create_grant,vote,disburse_grant,get_admin,get_vault_address,get_token,is_paused,get_total_pool,get_total_disbursed,get_available,get_member_count,get_proposal_count,get_contribution,get_contribution_detail,get_proposal,get_vote_count,get_disbursed,pause,unpause",""
"97ce047884106b1c6c3bb40b8973cc48db1c4dad95c9e20462bf2c701daa764e",0,0.0000,"27.0.0#e5cb4b52c3da8e56fc48adfd7b85d85976c1a059","1.94.0","","","SignerNotFound,SignerAlreadyExists,SignerExpired,LastAdminSigner,LastSigner,MissingContext,SignatureKeyValueMismatch,ClientDataJsonTooLarge,ClientDataJsonParseError,ClientDataJsonChallengeIncorrect,InvalidWebAuthnType,InvalidAuthenticatorData,UserPresenceRequired,AuthenticatorDataTooLarge,BindingProofRequired,BindingProofUnexpected,BindingPublicKeyImmutable","upgrade,add_signer,get_signer,__check_auth,__constructor,add_secp256r1,remove_signer,update_signer,get_secp256r1_binding","Upgraded,SignerAdded,SignerRemoved,SignerUpdated"
"982809197d35d44c7b0fce6bd117fb2fec09b728c64c146c1f803b01faacff62",1,0.0007,"26.1.0#175aa41306f383057a8cdfc84b68d931664fc34e","1.98.0","github:ackrate/ackrate-protocol-contracts","ackrate.xyz","AlreadyExists,NotFound,MandateExpired,MandateRevoked,BudgetExceeded,MerchantOutOfScope,BadSequence,InvalidAmount,Paused,UpgradeRequiresPause,AssetNotAllowed,MandateTooLong,SequenceExhausted,AssetPolicyRequiresPause,InvalidState,NoPendingAdmin,AssetOutOfScope","pause,unpause,upgrade,get_admin,is_paused,get_mandate,accept_admin,__constructor,propose_admin,revoke_mandate,execute_payment,is_asset_allowed,register_mandate,validate_mandate,derive_mandate_id,get_pending_admin,set_asset_allowed,get_schema_version","Paused,AdminSet,Unpaused,Upgraded,MandateRevoked,PaymentExecuted,MandateRegistered,AssetPolicyChanged,AdminTransferProposed"
"98b8a8bb1f29ec8bd430d9885a6785335f38c2eba41fcd66c6030dd4ab009c1e",1,0.0007,"25.3.1#e50d95af029c83196dd122f0154bac3f1302394b","1.93.0","","","NotInitialized,AlreadyRegistered,DomainExpired,NotOwner,InvalidName,InvalidDuration,InsufficientPayment,DomainNotFound,Unauthorized,SubdomainLimitReached,ProductionLocked,GracePeriodActive,NotExpired,MarketplaceNotSet,BelowFloorPrice,TooManyRecords,NftNotFound,NotApproved,ApprovalExpired,RegistrationsPaused,NeedsUpgrade,BlacklistedName,ReservedName","name,renew,symbol,approve,balance,resolve,upgrade,owner_of,register,transfer,get_price,set_admin,token_uri,early_exit,extend_ttl,gift_renew,initialize,set_status,fix_pricing,get_xld_sac,set_records,set_xld_sac,get_approved,get_token_id,is_available,set_base_uri,set_reserved,total_minted,__constructor,admin_reclaim,expire_domain,set_subdomain,transfer_from,get_node_count,set_avatar_nft,upgrade_domain,approve_for_all,reverse_resolve,set_blacklisted,set_marketplace,set_ustry_token,get_pause_status,get_vault_shares,transfer_by_node,get_domain_status,set_aquarius_pool,set_reserved_batch,zap_public_deposit,admin_reclaim_batch,get_operator_wallet,is_approved_for_all,register_with_ustry,set_aquarius_router,set_operator_wallet,get_early_exit_quote,marketplace_transfer,get_domain_attributes,set_blacklisted_batch,set_pause_registrations,set_aquarius_pool_contract","NftMintEvent,EarlyExitEvent,NftApproveEvent,NftTransferEvent,DomainExpiredEvent,DomainRenewedEvent,RecordUpdatedEvent,RegistryPauseEvent,StatusChangedEvent,DomainRegisteredEvent,NftApproveForAllEvent,DomainTransferredEvent,MarketplaceTransferEvent"
"98d06f5676debc0d43e1056c76acdcafb5afc4b44860b56b6704adda85e05765",1,0.0007,"25.3.1#e50d95af029c83196dd122f0154bac3f1302394b","1.93.0","","","NotInitialized,AlreadyRegistered,DomainExpired,NotOwner,InvalidName,InvalidDuration,InsufficientPayment,DomainNotFound,Unauthorized,SubdomainLimitReached,ProductionLocked,GracePeriodActive,NotExpired,MarketplaceNotSet,BelowFloorPrice,TooManyRecords,NftNotFound,NotApproved,ApprovalExpired,RegistrationsPaused,NeedsUpgrade,BlacklistedName,ReservedName","name,renew,symbol,approve,balance,resolve,upgrade,owner_of,register,transfer,get_price,set_admin,token_uri,early_exit,extend_ttl,gift_renew,initialize,set_status,fix_pricing,set_records,get_approved,get_token_id,is_available,set_base_uri,set_reserved,total_minted,expire_domain,set_subdomain,transfer_from,get_node_count,set_avatar_nft,upgrade_domain,approve_for_all,reverse_resolve,set_blacklisted,set_marketplace,set_ustry_token,get_pause_status,get_vault_shares,transfer_by_node,set_aquarius_pool,set_xld_sac_token,zap_public_deposit,get_operator_wallet,is_approved_for_all,register_with_ustry,set_aquarius_router,set_operator_wallet,marketplace_transfer,get_domain_attributes,set_pause_registrations,set_aquarius_pool_contract","NftMintEvent,EarlyExitEvent,NftApproveEvent,NftTransferEvent,DomainExpiredEvent,DomainRenewedEvent,RecordUpdatedEvent,RegistryPauseEvent,StatusChangedEvent,DomainRegisteredEvent,NftApproveForAllEvent,DomainTransferredEvent,MarketplaceTransferEvent"
"98e405f8991eac0a7330514053028a4f6b310a55e4996874282bfec7422f1c0d",1,0.0007,"27.0.6#60926a20d1f9f0a669d5fe551636f42a1302f0c0","1.97.1","","","EmptyCredentialId,CredentialIdTooLong","deploy,account_wasm,__constructor",""
"99412caa6515ca93a6f17256480a6dbef5c3cb2e8b67cb9666a209b64d4a8142",1,0.0007,"23.5.3#d3e1ab2424388b10893b796b0c8e405c5edd03d2","1.95.0","","","NotInitialized,InvalidAmount,DuplicateReceipt,DuplicateRedemption,InvalidSacAdmin,InvalidIssuerAddress,DuplicateInterestCredit,InvalidAmountPrecision,DuplicateClawback,InvalidClawbackId","get_sac,upgrade,version,clawback,__constructor,mint_interest,set_sac_admin,mint_with_receipt,burn_with_redemption","Clawback,Initialized,SacAdminSet,MintInterest,MintWithReceipt,BurnWithRedemption,RoleGranted,RoleRevoked,AdminRenounced,RoleAdminChanged,AdminTransferCompleted,AdminTransferInitiated,OwnershipTransfer,OwnershipRenounced,OwnershipTransferCompleted"
"998bd960724fc7eda978da9dc6764f70810f3d731566f035f9eb172e3332a8ba",0,0.0000,"25.3.1#e50d95af029c83196dd122f0154bac3f1302394b","1.93.0","","","NotInitialized,AlreadyRegistered,DomainExpired,NotOwner,InvalidName,InvalidDuration,InsufficientPayment,DomainNotFound,Unauthorized,SubdomainLimitReached,ProductionLocked,GracePeriodActive,NotExpired,MarketplaceNotSet,BelowFloorPrice,TooManyRecords,NftNotFound,NotApproved,ApprovalExpired,RegistrationsPaused","name,renew,symbol,approve,balance,resolve,upgrade,owner_of,register,transfer,get_price,set_admin,token_uri,early_exit,extend_ttl,gift_renew,initialize,set_status,fix_pricing,set_records,get_approved,get_token_id,is_available,nft_transfer,set_base_uri,total_minted,expire_domain,set_subdomain,transfer_from,get_node_count,approve_for_all,reverse_resolve,set_marketplace,set_ustry_token,get_pause_status,get_vault_shares,set_aquarius_pool,zap_public_deposit,get_operator_wallet,is_approved_for_all,register_with_ustry,set_aquarius_router,set_operator_wallet,marketplace_transfer,get_domain_attributes,set_pause_registrations,set_aquarius_pool_contract","NftMintEvent,EarlyExitEvent,NftApproveEvent,NftTransferEvent,DomainExpiredEvent,DomainRenewedEvent,RecordUpdatedEvent,RegistryPauseEvent,StatusChangedEvent,DomainRegisteredEvent,NftApproveForAllEvent,DomainTransferredEvent,MarketplaceTransferEvent"
"9a4ada31cdbc10d08dda3bba573f0140187d5bbf041b059f5802c9864ab4a7bc",2,0.0014,"27.0.6#60926a20d1f9f0a669d5fe551636f42a1302f0c0","1.97.1","","","NotInitialized,ChallengeMismatch,UnknownSigner,SignerAlreadyExists,LastSignerRemoval,SignerLimitReached,ClientDataTooLong,ClientDataParseError,WrongCeremonyType,AuthDataTooShort,UserPresentFlagMissing,UserVerifiedFlagMissing,BackupStateInvalid","is_signer,add_signer,__check_auth,signer_count,__constructor,remove_signer",""
"9a4cf40826124324d9c45c805d1512ca5b08cf6a6f70a11cf70e719194d9a36e",1,0.0007,"22.0.8#f46e9e0610213bbb72285566f9dd960ff96d03d8","1.87.0","","","MissingStorage","upgrade,__constructor,mint_from,mint,total_supply,balance,allowance,transfer,transfer_from,approve,decimals,name,symbol,burn,burn_from,has_role,get_role_member_count,get_role_member,get_role_admin,get_admin,grant_role,revoke_role,renounce_role,renounce_admin,transfer_admin_role,accept_admin_transfer,set_role_admin,get_underlying_for_amount,get_amount_for_underlying,deposit,withdraw,set_axelar_config,token_id,get_axelar_its,get_axelar_chain,get_axelar_gas_token,interchain_transfer,get_merkle_epoch,get_banned_amount,set_new_epoch,get_merkle_root,is_claimed,amt_to_claim,sync_balances",""
"9a525da0c58ef0aefb641c1f38956af3b29710e3078ed91ea462f1a65ede623d",1,0.0007,"25.0.2#59a2e01a26f9330f8d516690911cb2ca87a6f1b3","1.93.0","","","NotInitialized,AlreadyInitialized,InvalidSession","end,start,upgrade,set_house,initialize",""
"9a5f6ed4bfb9b5e66a1db9ab4f216b88e058990f02c9549dbb9675e4daf059d5",1,0.0007,"25.3.0#dcbea44513feb7734af6b6c4aced2c4a7a2715d0","1.94.1","github:AquaToken/soroban-amm","","AnotherActionActive,NoActionActive,ActionNotReadyYet","get,update,version,init_admin,apply_upgrade,contract_name,commit_upgrade,revert_upgrade,get_emergency_mode,get_future_address,set_emergency_mode,apply_transfer_ownership,commit_transfer_ownership,revert_transfer_ownership",""
"9a6ff5a0c0ea53198114097fdf6971f9c8a7caf41cecb8efda75c04c684bfb4a",9,0.0061,"25.3.0#dcbea44513feb7734af6b6c4aced2c4a7a2715d0","1.94.1","github:AquaToken/soroban-amm","","AnotherActionActive,NoActionActive,ActionNotReadyYet","get_tick,get_slot0,get_position,get_tick_bounds,get_ticks_batch,deposit_position,get_chunk_bitmap,get_tick_spacing,get_position_fees,tick_from_amounts,withdraw_position,claim_position_fees,get_active_liquidity,get_all_position_fees,get_chunk_bitmap_batch,claim_all_position_fees,get_total_raw_liquidity,estimate_deposit_position,estimate_withdraw_position,get_user_position_snapshot,get_fee_growth_global_0_x128,get_fee_growth_global_1_x128,get_total_weighted_liquidity,version,apply_upgrade,contract_name,commit_upgrade,revert_upgrade,get_emergency_mode,set_emergency_mode,claim,get_user_reward,get_rewards_info,get_rewards_state,get_unused_reward,set_rewards_state,set_rewards_config,return_unused_reward,admin_set_rewards_state,initialize_boost_config,set_reward_boost_config,estimate_working_balance,get_total_claimed_reward,initialize_rewards_config,get_total_configured_reward,get_total_accumulated_reward,adjust_total_accumulated_reward,get_future_address,apply_transfer_ownership,commit_transfer_ownership,revert_transfer_ownership,gauge_add,get_gauges,gauge_remove,gauges_claim,kill_gauges_claim,unkill_gauges_claim,gauge_schedule_reward,gauges_get_reward_info,swap,deposit,get_info,share_id,withdraw,pool_type,get_tokens,initialize,get_reserves,estimate_swap,get_user_shares,estimate_deposit,get_fee_fraction,get_total_shares,swap_strict_receive,get_protocol_fee_fraction,get_total_excluded_shares,estimate_swap_strict_receive,kill_swap,kill_claim,unkill_swap,kill_deposit,unkill_claim,unkill_deposit,get_protocol_fees,get_is_killed_swap,claim_protocol_fees,get_is_killed_claim,get_privileged_addrs,set_privileged_addrs,get_is_killed_deposit,set_protocol_fee_fraction,get_pools_plane,set_pools_plane,init_pools_plane,backfill_plane_data,initialize_all","ClaimFees"
"9a8eb38e99807dcc0c0fb35977c40e62391a77576674cb12ecfed2d89f5a0af8",1,0.0007,"26.1.0#175aa41306f383057a8cdfc84b68d931664fc34e","1.96.0","","","AlreadyInitialized,NotInitialized,InvalidMaturity,InvalidAmount,AmountMismatch,Matured,MathOverflow,LiveMarket,Insolvent","split,config,maturity,position,recombine,initialize,is_matured,claim_yield,escrowed_sy,observe_rate,maturity_rate,preview_split,preview_recombine,redeem_at_maturity,freeze_maturity_rate",""
"9ab1508f524f1156c31050d289426c9c04a58eec7fecbca4eb305abb545d343b",1,0.0007,"22.0.8#f46e9e0610213bbb72285566f9dd960ff96d03d8","1.86.0","","","AnotherActionActive,NoActionActive,ActionNotReadyYet","__constructor,deposit,withdraw,get_config,get_prices,get_balances,get_total_shares,get_user_shares,get_fee_config,get_summary,get_user_with_summary,estimate_trade,buy_long,sell_long,buy_short,sell_short,add_pair,set_fee_config,set_risk_parameters,set_usdc_floor,get_protocol_fees,claim_protocol_fees,kill_deposit,kill_withdraw,kill_trade,kill_withdraw_floor,unkill_deposit,unkill_withdraw,unkill_trade,unkill_withdraw_floor,get_is_killed_deposit,get_is_killed_withdraw,get_is_killed_trade,get_is_killed_withdraw_floor,version,contract_name,commit_upgrade,apply_upgrade,revert_upgrade,set_emergency_mode,get_emergency_mode,commit_transfer_ownership,apply_transfer_ownership,revert_transfer_ownership,get_future_address",""
"9acf2b117fb61fbfa1df37fb09e21372a16a0763c117bd57ce1c6bf4b4163366",1,0.0007,"23.2.1#ab415a33cc1f6bdce20ac4a12f0ddbe41a648949","1.90.0","","","InvalidInput,AccessControlUnauthorized,OperationProcessed,DeadlinePassed,LowDepositAmount,InvalidOutput","__constructor,has_role,grant_role,revoke_role,renounce_role,deposit_approver,relayer,fee_settings,integrator_info,instance_ttl_settings,persistent_ttl_settings,set_deposit_approver,set_relayer,set_fee_settings,set_integrator_info,set_instance_ttl_settings,set_persistent_ttl_settings,deposit,withdraw,swap,extend_instance_ttl,extend_persistent_ttl,upgrade,calculate_fee_amounts","RoleGranted,RoleRevoked,FeeSettingsSet,IntegratorInfoSet,Deposit,Withdraw,Swap,FeeTaken"
"9af9fe0299d91208379a1067619147b59b360cdb9803fb41a7929f3c272c8805",2,0.0014,"23.0.2#a97daf8b07cdf24e9bd45e344db51a21b9ea77d3","1.88.0","","","TransactionTooOld,AlreadyInitialized,FactoryNotInitialized,XlmAddressNotInitialized,TokenDoesNotExist,NotTokenOwner,Unauthorized,InsufficientBalance,InvalidTickRange,TickNotAligned,TickOutOfBounds,PoolNotFound,MathOverflow,PriceSlippageCheck,NothingToCollect,TokensNotOrdered,LiquidityCalculationFailed,PoolKeyMissing,TokenDescriptorNotSet,NoApprovedAddress,PositionNotCleared","init_router,swap_exact_input_single,swap_exact_input,swap_exact_output_single,swap_exact_output,quote_exact_input,quote_exact_output,quote_exact_input_single,quote_exact_output_single","InitializedEvent,SwapEvent"
"9baf9dba809341a8d39e2d59bdbb2bccdb378a2368bff169a3f9fbe70142b1a8",0,0.0000,"21.6.0#f57d2454e520ae11dc9c8d55db610557a24a556e","1.79.0","","","AlreadyInitialized,Unauthorized,SubscriptionNotFound,NotInitialized,InvalidAmount,InvalidHeartbeat,InvalidThreshold,WebhookTooLong,InvalidSubscriptionStatusError","config,set_fee,trigger,charge,update_contract,create_subscription,deposit,cancel,get_subscription,get_retention_fee,last_id,admin,version,fee,token",""
"9bcdb4f45c20bb21575ec4fb9aeda4bdf9368d3afd250013ce0bd0a683bc2dc8",0,0.0000,"22.0.7#211569aa49c8d896877dfca1f2eb4fe9071121c8","1.81.0","","","AlreadyInitialized,ListingNotFound,ListingNotAvailable,ListingTypeMismatch,InvalidNftOwner,MissingMarketplaceContractId,AgreementNotFound,AgreementNotActive,AgreementNotOwnedByCaller,StateNotAlreadySet,InsufficientBalance,InsufficientShares,InsufficientSharesForPurchase,CurrencyNotSupported,CannotModifyShareStructure,InvalidSharesDistribution,ListingNotFound,ListingNotAvailable,ListingTypeMismatch,AlreadyInitialized,InvalidNftOwner,MissingMarketplaceContractId,AgreementNotFound,AgreementNotActive,AgreementNotOwnedByCaller,AgreementIsAlreadyActive,StateNotAlreadySet,ListingNotFound,ListingNotAvailable,ListingTypeMismatch,AlreadyInitialized,InvalidNftOwner,MissingMarketplaceContractId,AgreementNotFound,AgreementNotActive,AgreementNotOwnedByCaller,StateNotAlreadySet","initialize,version,upgrade,update_state,set_payment_token,set_currency,create_listing,add_listing_shares,update_listing,get_listing,get_all_listings,get_listing_count,update_listing_count,remove_listing,change_listing_status,get_listing_current_price,get_usdc_amount,get_usdc_price,rent,purchase,purchase_shares,confirm_receipt,cancel_sale_or_rental,reclaim_or_return",""
"9bf54f98e7994f0458bdbbe0fb431aa479d7ba3b2a5d41485d93235ba8ed1c80",1,0.0007,"22.0.8#f46e9e0610213bbb72285566f9dd960ff96d03d8","1.87.0","","","NotAllowed,AlreadySponsored,InvalidArguments,WalletTooNew,DailySponsorshipLimitReached,ContactNotFound","policy__",""
"9c3a507a9ac4c6b0a4ce3706d3957346e5dc37662c9d5cad6b91657c35906a83",3,0.0020,"22.0.8#f46e9e0610213bbb72285566f9dd960ff96d03d8","1.91.0","","","ContractRegistryNotSet,TokensRegistryNotSet,TimeLockStoreNotSet,TransferNotAllowed,UninstallNotAllowed,OperationNotAllowed","on_auth,upgrade,on_install,is_installed,on_uninstall,__constructor",""
"9c51669a75c47414b778f0f5bfab14d3c59ac5f85cb448e575e308dc89c5425c",1,0.0007,"21.5.0#d40bd031c14fbd3d75cf4473486ef7ef15af3364","1.80.0","","","CannotSwapReward,CannotQuoteDeposit,NotGreaterThan0,TooMuchLostWithDeposit","upgrade,init,keeper,claim_fee,deposit,balance,withdraw",""
"9c968da6c6e0291439c903ca35891d76b5ade22a490492303a1f4ca25959a192",1,0.0007,"23.4.1#e671b396f8bacf1370925f722df158b31c0baae5","1.94.0","","","AlreadyInitialized,TokenIdOverflow,MetadataNotFound,TokenNotFound,Unauthorized,InvalidMetadata","burn,name,symbol,approve,balance,has_role,owner_of,transfer,burn_from,get_admin,token_uri,grant_role,revoke_role,get_approved,get_metadata,total_supply,__constructor,renounce_role,transfer_from,get_role_admin,renounce_admin,set_role_admin,approve_for_all,get_role_member,update_metadata,mint_with_metadata,is_approved_for_all,transfer_admin_role,accept_admin_transfer,get_role_member_count,metadata_manager_role","BurnedEventData,MintedEventData,MetadataSetEventData,MetadataUpdatedEventData,RoleGranted,RoleRevoked,AdminRenounced,RoleAdminChanged,AdminTransferCompleted,AdminTransferInitiated,OwnershipTransfer,OwnershipRenounced,OwnershipTransferCompleted,SetRoot,SetClaimed,Paused,Unpaused,ConsecutiveMint,Burn,SetTokenRoyalty,SetDefaultRoyalty,RemoveTokenRoyalty,Mint,Approve,Transfer,ApproveForAll,ModuleAdded,ModuleRemoved,DocumentRemoved,DocumentUpdated,KeyAllowed,KeyRemoved,ClaimRevoked,SignaturesInvalidated,ClaimAdded,ClaimChanged,ClaimRemoved,Burn,Mint,ClaimTopicAdded,ClaimTopicRemoved,TrustedIssuerAdded,IssuerTopicsUpdated,TrustedIssuerRemoved,IdentityStored,CountryDataAdded,IdentityModified,IdentityUnstored,IdentityRecovered,CountryDataRemoved,CountryDataModified,TokensFrozen,AddressFrozen,ComplianceSet,TokensUnfrozen,RecoverySuccess,IdentityVerifierSet,TokenOnchainIdUpdated,ClaimTopicsAndIssuersSet,TokenBound,TokenUnbound,Deposit,Withdraw,Burn,UserAllowed,UserDisallowed,UserBlocked,UserUnblocked,Mint,Approve,Transfer"
"9cf5cbee345b9b64db1f15a2ee9b82223aab5788d9b637af618d9ed625c16135",1,0.0007,"23.5.3#d3e1ab2424388b10893b796b0c8e405c5edd03d2","1.90.0","","","AlreadyInitialized,AdminCannotBeZero,EventsContractNotConfigured,Unauthorized,NotAdmin,PendingAdminMismatch,PendingAdminExpired,NotInitialized,EventsContractAlreadyConfigured,PendingEventsContractMismatch,PendingEventsContractExpired,PendingEventsContractTimelock,ProfileNotFound,InsufficientCredits,InvalidAmount,ReasonRequired,OpAlreadySeen,Paused,UpgradeNotProposed,UpgradeTimelockNotElapsed,UpgradeProposalExpired,MigrationAlreadyApplied","__constructor,set_admin,accept_admin,set_events_contract,propose_events_contract,accept_events_contract,cancel_pending_events_contract,set_default_bootstrap_credits,pause,unpause,propose_upgrade,apply_upgrade,cancel_pending_upgrade,migrate,bootstrap,bootstrap_self,spend_credits,earn_credits,refund_credits,bump_reputation,slash_reputation,register_earnings,admin_grant_credits,admin_slash_reputation,get_profile,get_earnings,get_admin,get_events_contract,get_pending_events_contract,get_default_bootstrap_credits,is_paused,version,get_pending_upgrade,get_migrated_to_version","ProfileBootstrapped,CreditsSpent,CreditsEarned,CreditsRefunded,ReputationBumped,ReputationSlashed,EarningsRegistered,AdminCreditsGranted,AdminReputationSlashed,AdminUpdated,PendingAdminSet,EventsContractUpdated,PendingEventsContractSet,EventsRotationCancelled,BootstrapAmountSet,Paused,Unpaused,Upgraded,PendingUpgradeProposed,PendingUpgradeCancelled,UpgradeApplied,Migrated"
"9d0e5a2904cf6f350b733c7634f374eafe65a982299eb197009c353571707a9b",1,0.0007,"22.0.11#34f7f53ae31e0fd02aab436a9872e79fa671ca02","1.89.0","","","AlreadyInitialized,NotInitialized,Unauthorized,InvalidAmount,InvalidGoal,CampaignExists,CampaignNotFound,CampaignClosed,InsufficientBalance","initialize,open_campaign,donate,disburse,close_campaign,get_campaign,raised,balance,donor_amount,spend_count,get_spends,total_raised,get_token,get_admin,set_admin,upgrade",""
"9d93be2e0c2ea02291828d84e6a8b8ea224551d5a37c22ad59da22b3c5490307",1,0.0007,"20.5.0#9e2c3022b4355b224a7a814e13ba51761eeb14bb","1.78.0","","","DiscountExpired,ProductNotExist,AmountMustNonZero,TargetReached,AmountExceedTargetLimit,ProductAlreadyExist,IdProductMustNonZero,LowAmountForSplitter,ExpiryShouldBeFuture,AlreadyInitialized,AmountMustBeGreaterThanZero","initialize,create_product,get_products,get_product,get_discount,get_reserve_acc,get_dev_acc,get_launchpad_acc,get_admin",""
"9db7e8c8c53b6ce34afba8f8d986ff00512703c0bc4eae6e699ef3386ecdeda4",0,0.0000,"23.0.3#6aa930b08eabfd578b7824a0d5de473cbd958282","1.89.0","github:EquitXCompany/equitx-project","","XAssetDeployFailed,AssetAlreadyDeployed,AssetAdminSetFailed,NoSuchAsset,AssetUpgradeFailed","__constructor,update_xasset_wasm_hash,deploy_asset_contract,get_asset_contract,set_asset_contract,set_existing_asset_contract,upgrade_existing_asset_contract,upgrade",""
"9e470dc704e761e20309497e8bf59c7eed29f40741be9be1ffaffec3fe51e76e",13,0.0089,"26.1.0#175aa41306f383057a8cdfc84b68d931664fc34e","1.97.1","","","NotOwner,NotKeeper,NotAdmin,Unauthorized,AlreadyDeployed,Paused,ZeroAmount,WeightsInvalid,EmptyAllocations,VaultNotWhitelisted,SwapRequired,UnexpectedSwap,InsufficientBalance,SlippageExceeded,DeadlineExceeded,SwapFailed,BadSwapPath,PositionNotFound,NothingToWithdraw,TooManyVaults,AdapterError,UnsupportedProtocol,Math,UnsupportedOutput,InactiveVault,FeeTooHigh,TreasuryUnset,BadNonce,NothingToSwap,NothingToDeposit,MultiAssetVault,TooManyStrategies,SweepNotAllowed,InvalidReason,VaultShapeChanged,SwapAssetNotAllowed,PositionNotEmpty","admin,owner,pause,invest,rescue,unpause,upgrade,withdraw,is_paused,positions,accept_admin,withdraw_all,__constructor,auto_rebalance,close_position,rebalance_swap,transfer_admin,note_no_rebalance,rebalance_deposit,rebalance_withdraw,enable_auto_rebalance,disable_auto_rebalance","Paused,Rescued,Upgraded,VaultSet,Deposited,IdleSwept,KeeperSet,RouterSet,Withdrawn,AdminChanged,FeeConfigSet,SwapAssetSet,RebalanceNoOp,PositionClosed,WithdrawAllDone,ContractUpgraded,KeeperEnabledSet,RebalanceSwapped,RebalanceToggled,StrategyDeployed,RebalanceDeposited,RebalanceWithdrawn,AdminTransferProposed"
"9f19a2d1aa142b2c1e0a02a160cc6d8c21e491f71ac53c46f7decdf924abc2f4",1,0.0007,"23.2.1#ab415a33cc1f6bdce20ac4a12f0ddbe41a648949","1.92.0","","","ZeroAmount,EmptySteps,TotalFeeBpsTooHigh,BpsOverflow,InvalidArgRef,InvalidFeePosition,ReceiverWithoutOutput,ArgCoercionOverflow","route,bump_ttl","Swap"
"9f22d21455d9b5e52540a97046229290491fbc996a6ae6896bdea8d545466119",1,0.0007,"20.5.0#9e2c3022b4355b224a7a814e13ba51761eeb14bb","1.90.0","","","AlreadyInitialized,NotInitialized,InvalidShareBalance,NoFeesMatured,BalanceLtSupply,InvalidAmount,CannotWithdraw,NoBalance,NotEnoughLiquidity,NoInsurance,NoPrice,AlreadySubscribed,UnmetCondition","glob,particular,get_price,fpsu,fpsp,read_current_period,update,initialize,deposit,withdraw_matured,update_fee_rewards,withdraw,shares,matured,withdrawable_amount,subscribe,claim_reward",""
"9f4065d971e897dca9952e252662c681a83792a2d59596c7bdec7c7a821d6824",1,0.0007,"26.1.0#175aa41306f383057a8cdfc84b68d931664fc34e","1.97.1","","","NotOwner,NotKeeper,NotAdmin,Unauthorized,AlreadyDeployed,Paused,ZeroAmount,WeightsInvalid,EmptyAllocations,VaultNotWhitelisted,SwapRequired,UnexpectedSwap,InsufficientBalance,SlippageExceeded,DeadlineExceeded,SwapFailed,BadSwapPath,PositionNotFound,NothingToWithdraw,TooManyVaults,AdapterError,UnsupportedProtocol,Math,UnsupportedOutput,InactiveVault,FeeTooHigh,TreasuryUnset,BadNonce,NothingToSwap,NothingToDeposit,MultiAssetVault,TooManyStrategies,SweepNotAllowed,InvalidReason","admin,keeper,router,set_admin,set_vault,fee_config,set_keeper,set_router,vault_info,__constructor,keeper_enabled,set_fee_config,set_keeper_enabled","Paused,Rescued,Upgraded,VaultSet,Deposited,IdleSwept,KeeperSet,RouterSet,Withdrawn,AdminChanged,FeeConfigSet,RebalanceNoOp,WithdrawAllDone,KeeperEnabledSet,RebalanceSwapped,RebalanceToggled,StrategyDeployed,RebalanceDeposited,RebalanceWithdrawn,AdminTransferProposed"
"9f94c577ea24c2f71cbb0c964c9c9d321e02448d1fe946020afb18974b1c2602",1,0.0007,"23.0.2#a97daf8b07cdf24e9bd45e344db51a21b9ea77d3","1.89.0","","","Unauthorized,InvalidTickRange,InvalidLiquidity,InvalidAmount,InvalidSqrtPrice,InvalidFee,InvalidTickSpacing,TickOutOfBounds,PriceOutOfBounds,LiquidityOverflow,LiquidityUnderflow,DivisionByZero,MulDivOverflow,U128Overflow,I128Overflow,U64Overflow,U32Overflow,PoolNotInitialized,PoolAlreadyInitialized,PositionNotFound,InsufficientLiquidity,TickNotInitialized,TickNotSpacedCorrectly,PoolPaused,ObservationTooOld,TickLowerNotLessThanUpper,TickLowerTooLow,TickUpperTooHigh,InvalidPriceLimit,AmountShouldBeGreaterThanZero,NegativeAmount,InsufficientToken0,InsufficientToken1,InvalidFeeProtocol,ZeroPriceNotAllowed,ZeroLiquidityNotAllowed,OverflowInSqrtPriceCalculation,UnderflowInSqrtPriceCalculation,InsufficientRepayment0,InsufficientRepayment1,MustUseFlashExecutor,FlashNotLocked,IdenticalTokens,PoolAlreadyExists,FeeAmountAlreadyEnabled,InvalidFeeAmount,WasmHashNotApproved,PoolNotRegistered,UpgradesFrozen,UpgradesPermanentlyDisabled","__constructor,set_owner,get_owner,get_flash_executor,set_pool_wasm_hash,get_pool_wasm_hash,approve_pool_wasm_hash,revoke_pool_wasm_hash,is_pool_wasm_hash_approved,set_upgrade_frozen,is_upgrade_frozen,disable_upgrades_permanently,is_upgrade_permanently_disabled,upgrade_pool,migrate_pool,set_protocol_fee,get_protocol_fee_0,get_protocol_fee_1,create_pool,create_and_initialize_pool,get_pool,set_default_router,clear_default_router,set_pool_router_authorized,e_fee_amt","FeeAmountEnabledEvent,PoolCreatedEvent,SetProtocolFeeEvent,WasmApprovedEvent,WasmRevokedEvent,PoolUpgradedEvent,PoolMigratedEvent,UpgradeFrozenEvent,UpgradePermanentlyDisabledEvent"
"9f95e0a20f9d3651a325f2f2f1fdb5af6325d974b47e7c0fe914c1a3a1536b30",1,0.0007,"20.3.2#1d7f9bd8030f69070634bfb07394339824ceb399","1.76.0-nightly","","","NotInitialized,Initialized,NotAuthorized,NotTradable,MaxAskDurationLimitExceeded,AskNotExists,AskExpired,ReservedAsk,BidAlreadyExists,MaxBidDurationLimitExceeded,BidNotExists,BidExpired","initialize,update_marketplace_info,upgrade,create_ask,remove_ask,execute_ask,create_bid,remove_bid,execute_bid,get_marketplace_info,get_ask,get_bid,version",""
"9fc698f1cfb1ff9f72c82408495445f5b3337df29249fa7230ea6da085ef13d3",0,0.0000,"25.3.1#e50d95af029c83196dd122f0154bac3f1302394b","1.93.0","","","NotInitialized,AlreadyRegistered,DomainExpired,NotOwner,InvalidName,InvalidDuration,InsufficientPayment,DomainNotFound,Unauthorized,SubdomainLimitReached,ProductionLocked,GracePeriodActive,NotExpired,MarketplaceNotSet,BelowFloorPrice,TooManyRecords,NftNotFound,NotApproved,ApprovalExpired,RegistrationsPaused","name,renew,symbol,approve,balance,resolve,upgrade,owner_of,register,transfer,get_price,set_admin,token_uri,early_exit,extend_ttl,gift_renew,initialize,set_status,fix_pricing,set_records,get_approved,get_token_id,is_available,nft_transfer,set_base_uri,total_minted,expire_domain,set_subdomain,transfer_from,get_node_count,approve_for_all,reverse_resolve,set_marketplace,set_ustry_token,get_pause_status,get_vault_shares,set_aquarius_pool,get_operator_wallet,is_approved_for_all,set_aquarius_router,set_operator_wallet,marketplace_transfer,get_domain_attributes,set_pause_registrations,set_aquarius_pool_contract","NftMintEvent,EarlyExitEvent,NftApproveEvent,NftTransferEvent,DomainExpiredEvent,DomainRenewedEvent,RecordUpdatedEvent,RegistryPauseEvent,StatusChangedEvent,DomainRegisteredEvent,NftApproveForAllEvent,DomainTransferredEvent,MarketplaceTransferEvent"
"a006fa964fd108face839e47a41497a43038b153c0512e40edebe782530b14d9",1,0.0007,"21.1.1#648cbcb799858b9ba9f240c82c0babcf621050bc","1.79.0","","","NotInitialized,AlreadyInitialized","init,deploy",""
"a03bfb74013d97bc79e6db60395a6a125325adbb5180a73c70c7af849a9413a7",1,0.0007,"22.0.7#211569aa49c8d896877dfca1f2eb4fe9071121c8","1.86.0","","","ClaimAfterInPast,LockupTooLong,TooEarlyToUnlock,EscrowNotFound,EscrowAlreadyExists","__constructor,lock,unlock,extend_ttl",""
"a0b72a591e4dc32042349f58ddf3cddee78ce6f2402b47cc000c4139c593dc0d",1,0.0007,"25.1.1#94c2a3b3a5ded6b9cf9cef0c207bf8804f3eb294","1.93.1","github:AquaToken/soroban-amm","","AnotherActionActive,NoActionActive,ActionNotReadyYet","get,update,version,init_admin,apply_upgrade,contract_name,commit_upgrade,revert_upgrade,get_emergency_mode,get_future_address,set_emergency_mode,apply_transfer_ownership,commit_transfer_ownership,revert_transfer_ownership",""
"a0e1489bc47c150b41fc2bee1f049cb66546964e1a43f8db89e52e0187aed443",0,0.0000,"22.0.11#34f7f53ae31e0fd02aab436a9872e79fa671ca02","1.95.0","","","NotInitialized,AlreadyInitialized,Unauthorized,InsufficientBalance,InvalidToken,InvalidAmount,ZeroAmount","deposit,withdraw,get_owner,initialize,get_balance,execute_swap",""
"a0fdcf79215427674c81f4f69df44b40cad73d397a09ddaa6ca0779ba86f2c00",1,0.0007,"21.5.1#47f91dcb6310067dd74bc64ad41173b2de31e11f","1.80.1","","","NotFound,NotEmpty,NotAuthorized,NotPermitted,MissingWidth,MissingId,MissingAddress,MissingBuy,NotInitialized","initialize,update,upgrade,colors_mine,colors_transfer,color_balance,glyph_mint,glyph_transfer,glyph_scrape,glyph_get,offer_post,offer_delete,offers_get",""
"a1265b05b8832a1d40c8b0ef0a31b6e75aaa5b6289f7b281b599c5d6cca77734",1,0.0007,"23.1.0#7456be9d91fe1f4cb070fc2732bac78244ce6c3f","1.91.0","","","NotAdmin,AlreadyInitialized,InsufficientBalance,InsufficientFactionPoints,InvalidAmount,InvalidFaction,FactionAlreadyLocked,UserNotFound,GameNotWhitelisted,SessionNotFound,SessionAlreadyExists,InvalidSessionState,InvalidGameOutcome,ProofVerificationFailed,EpochNotFinalized,EpochAlreadyFinalized,EpochNotReady,NoRewardsAvailable,RewardAlreadyClaimed,NotWinningFaction,FeeVaultError,SwapError,TokenTransferError,OverflowError,DivisionByZero,ContractPaused","pause,is_game,unpause,upgrade,add_game,end_game,get_admin,get_epoch,is_paused,set_admin,get_config,get_player,start_game,claim_yield,cycle_epoch,remove_game,__constructor,update_config,select_faction,get_reward_pool,get_epoch_player,is_faction_locked,get_winning_faction,has_claimed_rewards,get_claimable_amount,get_faction_standings","GameAdded,GameEnded,EpochCycled,GameRemoved,GameStarted,AdminChanged,ConfigUpdated,FactionLocked,RewardsClaimed,FactionSelected"
"a1629dcdf9192727296124ca4ef0f5cc5829086073b4cf5b4f42e27331b22ce0",110,0.0751,"22.0.6#0c47dcfa187069d241f11fb082730f667b55e802","1.87.0","","","AnotherActionActive,NoActionActive,ActionNotReadyYet","initialize_all,pool_type,initialize,share_id,get_total_shares,get_tokens,deposit,swap,estimate_swap,swap_strict_receive,estimate_swap_strict_receive,withdraw,get_reserves,get_fee_fraction,get_protocol_fee_fraction,get_info,set_privileged_addrs,get_privileged_addrs,kill_deposit,kill_swap,kill_claim,unkill_deposit,unkill_swap,unkill_claim,get_is_killed_deposit,get_is_killed_swap,get_is_killed_claim,set_protocol_fee_fraction,get_protocol_fees,claim_protocol_fees,version,commit_upgrade,apply_upgrade,revert_upgrade,set_emergency_mode,get_emergency_mode,upgrade_token_legacy,initialize_rewards_config,initialize_boost_config,set_reward_boost_config,set_rewards_config,get_unused_reward,return_unused_reward,get_rewards_info,get_user_reward,checkpoint_reward,checkpoint_working_balance,get_total_accumulated_reward,get_total_configured_reward,get_total_claimed_reward,claim,init_pools_plane,set_pools_plane,get_pools_plane,backfill_plane_data,commit_transfer_ownership,apply_transfer_ownership,revert_transfer_ownership,get_future_address",""
"a18d0c7241f89450f39278efe6158408d6469bcc30cecb6d3ef866316fbd58df",1,0.0007,"22.0.11#34f7f53ae31e0fd02aab436a9872e79fa671ca02","1.94.1","","","AlreadyInitialized,NotInitialized,InvalidFeeBps,InvalidLoanTerm,InvalidAmount,PoolBalanceOverflow,ActiveLoanExists,NoCreditTier,BorrowLimitExceeded,InsufficientPoolLiquidity,FeeOverflow,DueLedgerOverflow,LoanNotFound,LoanAlreadyRepaid,LoanDefaulted,LoanOverdue,RepaymentOverflow,LoanNotOverdue,InsufficientStake,TimeDepositExists,TimeDepositNotFound,KycRequired","repay,stake,borrow,deposit,unstake,get_loan,initialize,mark_default,time_deposit,admin_withdraw,get_stake_info,get_flat_fee_bps,get_pool_balance,get_time_deposit,get_total_staked,get_total_reward_pool,withdraw_time_deposit",""
"a1958317689414cd12a68e0a212476f65d1b6fcb448e8e40d1102598c635a943",1,0.0007,"26.0.1#f52b6aad85f18c5e312ff3f60e57cb613274e6bb","1.94.0","","","Unauthorized,VkNotFound,GammaEqualsDelta,PublicInputMismatch,ProofInvalid,InvalidEncoding","admin,has_vk,set_vk,verify,upgrade,initialize,get_public_input_count",""
"a19f563e764dfd52a0d229c063e7ac1a1b36f6a976f552a8e19b91ee8e4ef84a",1,0.0007,"23.5.3#d3e1ab2424388b10893b796b0c8e405c5edd03d2","1.97.1","","","SettlementExceedsAuthorized,AuthorizationExpired,AuthorizationAlreadyUsed,NegativeAmount,InvalidExpiration","settle,is_used",""
"a1b8523b41b1f559945724415096be6291dfff0fc801049c167381d755b0936c",2,0.0014,"20.5.0#9e2c3022b4355b224a7a814e13ba51761eeb14bb","1.78.0","","","NotOwner,NotNFT,NotAuthorized,OutOfBounds","balance_of,owner_of,transfer_from,approve,set_approval_for_all,get_approved,is_approval_for_all,name,symbol,token_uri,total_supply,token_by_index,token_of_owner_by_index,initialize,admin,set_admin,mint",""
"a202a1b6654dfaf7f5a56f2f7c07c31630011ce12cf993efcb4ba414fd64c80b",1,0.0007,"23.0.1#510d3feb724c2b01d7e7ab7652f03b9f8efc3f35","1.93.0-nightly","","","NotInitialized,AlreadyInitialized,OnlyManager,AmountZero,AssetNotWhitelisted,SharesZero,InsufficientUserShares,InsufficientShares,RouterNotSet,InvalidFeeBps,UnauthorizedPolicy,InsufficientLiquidity,InvalidBlendPosition,BlendAssetMismatch,InvalidBlendRiskPolicy,BlendOracleStale,BlendHealthFactorTooLow,BlendNavUnavailable,BlendOracleInvalid,CreditMarketNotConfigured,CreditActionNotAllowed,InvalidProtocolFeeBps,InvalidSwapRiskPolicy,SwapVenueNotAllowed,SwapTradeSizeExceeded,SwapOracleNotConfigured,SwapOracleStale,SwapOracleInvalid,SwapPriceImpactExceeded,SwapSlippageExceeded,SwapTwapDeviationExceeded,InvalidBootstrapAdmin,CreditBorrowPolicyNotConfigured,CreditBorrowLimitExceeded,InvalidCreditBorrowPolicy,BlendV2RiskSourceNotConfigured,BlendV2PoolNotVerified","nav,fees,init,redeem,router,deposit,manager,upgrade,governor,set_fees,fee_state,rebalance,shares_of,whitelist,blend_lend,set_router,blend_repay,settle_fees,set_manager,share_token,swap_oracle,blend_borrow,credit_repay,denomination,set_governor,blend_markets,credit_borrow,credit_supply,set_whitelist,blend_position,blend_withdraw,credit_markets,last_wasm_hash,liquid_balance,rebalance_auto,venue_registry,allowed_routers,blend_positions,bootstrap_admin,credit_position,credit_withdraw,set_share_token,set_swap_oracle,allowed_adapters,credit_positions,credit_protocols,swap_risk_policy,blend_risk_policy,protocol_treasury,blend_market_value,credit_risk_policy,set_allowed_venues,set_venue_registry,blend_health_factor,blend_market_assets,blend_market_status,credit_market_value,protocol_fee_policy,set_bootstrap_admin,blend_position_value,blend_v2_risk_source,clear_venue_registry,credit_borrow_policy,credit_health_factor,credit_market_assets,credit_market_config,credit_market_status,set_swap_risk_policy,blend_position_values,clear_bootstrap_admin,credit_market_configs,credit_position_value,set_blend_risk_policy,bootstrap_admin_active,credit_position_values,preview_fee_settlement,configure_credit_market,set_protocol_fee_policy,set_blend_v2_risk_source,set_credit_borrow_policy,blend_external_diagnostics,bootstrap_admin_expires_at,set_bootstrap_admin_expiry,set_blend_external_diagnostics",""
"a27dce4886c51a5d6ff02ad2ec3ff4c61dd14f7abf6b63abbbce8a22c5c31dec",1,0.0007,"25.0.2#59a2e01a26f9330f8d516690911cb2ca87a6f1b3","1.93.0","","","NotInitialized,AlreadyInitialized,InvalidSession,BadAuth","end,start,upgrade,set_house,initialize",""
"a2b1fe28fe6bcdad4bd7c2f5a0955f4b943ee0045f638b4bccf4e6eb638dc2a8",15,0.0102,"22.0.8#f46e9e0610213bbb72285566f9dd960ff96d03d8","1.88.0","","","InvalidState,InvalidSecret,TimelockNotExpired,CannotCancel,InvalidAmount,InvalidAddress,AlreadyInitialized,NotInitialized,InsufficientBalance,UnauthorizedCaller","deploy,get_immutables_hash,withdraw,cancel,public_withdraw,get_state,get_immutables",""
"a2b79883db0af8c9f4ea8d941236bdfdf870039b4f7f6d35d791b752da54b4fe",1,0.0007,"20.4.0#70b12eb8c6af0593888154700f0ef68897521708","1.76.0","","","Unimplemented,Initialized,Uninitialized,Unauthorized,InvalidArg,InvalidChainId,InvalidOtherChainId,GasUsageNotSet,BrokenAddress,NotFound,TokenInsufficientBalance,CastFailed,ZeroAmount,PoolOverflow,ZeroChanges,ReservesExhausted,InsufficientReceivedAmount,BalanceRatioExceeded,Forbidden,UnauthorizedStopAuthority,SwapProhibited,AmountTooLowForFee,BridgeToTheZeroAddress,EmptyRecipient,SourceNotRegistered,WrongDestinationChain,UnknownAnotherChain,TokensAlreadySent,MessageProcessed,NotEnoughFee,NoMessage,NoReceivePool,NoPool,UnknownAnotherToken,WrongByteLength,HasMessage,InvalidPrimarySignature,InvalidSecondarySignature,NoGasDataForChain","initialize,set_price,set_admin,get_gas_price,get_price,get_gas_cost_in_native_token,get_transaction_gas_cost_in_usd,crossrate,get_admin,upgrade",""
"a2c8a7a91c0ca073c1969565c482149067c599c9792736347a16e721ee0bf5ec",1,0.0007,"25.3.1#e50d95af029c83196dd122f0154bac3f1302394b","1.95.0","","","Unauthorized,NotFound,Expired,Insufficient,Revoked,BadAmount","charge,revoke,receipt,settler,authorize,__constructor,authorization",""
"a321628fd5f5f85baa9de2fbab587014faf06a402ada6b08104c398aea2290a0",0,0.0000,"21.7.7#5da789c50b18a4c2be53394138212fed56f0dfc4","1.82.0","github:reflector-network/reflector-aqua-pool-proxy-contract","","AlreadyInitialized,Unauthorized,AssetNotSupported,InvalidPool","lastprice,decimals,config,set_oracle,add_pools,remove_pools,update_contract",""
"a354276044706f5f95b4a26394fa7fb4fe8c8e0a0f0a4ea0b1f3322fbab78735",0,0.0000,"23.0.2#a97daf8b07cdf24e9bd45e344db51a21b9ea77d3","1.97.1","","","NoPailsProvided,NoHarvestablePails,NoFarmersProvided,PlantFailed,Unauthorized,NoWorkRequestsProvided","harvest,upgrade,get_admin,set_admin,batch_work,extend_ttl,batch_plant,__constructor",""
"a3632198eb7092dfe9cd98aa4db7d4f701be35698f73e8406f409e173c629efa",0,0.0000,"21.7.7#5da789c50b18a4c2be53394138212fed56f0dfc4","1.81.0","","","AlreadyInitialized,NotInitialized,InvalidAmount,InvalidAddress,SwapFailed","initialize,get_expected_amount,swap,get_config,version,upgrade",""
"a426957886e555bf012b76e52234a03f2db78c1ca9ad85b72478effbe1018101",0,0.0000,"22.0.6#0c47dcfa187069d241f11fb082730f667b55e802","1.81.0","","","NotInitialized,AlreadyInitialized,ProtocolDisabled,Unfeasible,Unauthorized,InvalidPath","init,enable_protocol,update_contract,strict_send",""
"a4616196739e405dd97888f38cb71ce0fa59dd8e09ccf16245a009718fa19872",1,0.0007,"23.0.1#510d3feb724c2b01d7e7ab7652f03b9f8efc3f35","1.93.0-nightly","","","AlreadyInitialized,Unauthorized,InvalidBootstrapAdmin","execute,upgrade,execute_for,set_governor,last_wasm_hash,bootstrap_admin,set_bootstrap_admin,clear_bootstrap_admin,bootstrap_admin_active,init_upgrade_authority,bootstrap_admin_expires_at",""
"a4cde8018d927347eeb3697d688d50feee258900e40a7e09bba9b507ed6bf9d8",1,0.0007,"26.1.0#175aa41306f383057a8cdfc84b68d931664fc34e","1.93.0","","","NotInitialized,AlreadyRegistered,DomainExpired,NotOwner,InvalidName,InvalidDuration,InsufficientPayment,DomainNotFound,Unauthorized,SubdomainLimitReached,ProductionLocked,GracePeriodActive,NotExpired,MarketplaceNotSet,BelowFloorPrice,TooManyRecords,NftNotFound,NotApproved,ApprovalExpired,RegistrationsPaused,NeedsUpgrade,BlacklistedName,ReservedName","name,renew,symbol,approve,balance,resolve,upgrade,owner_of,register,transfer,get_price,set_admin,token_uri,early_exit,extend_ttl,gift_renew,initialize,set_status,fix_pricing,get_xld_sac,set_records,set_xld_sac,get_approved,get_token_id,is_available,set_base_uri,set_reserved,total_minted,__constructor,admin_reclaim,admin_restore,expire_domain,set_subdomain,transfer_from,get_node_count,set_avatar_nft,set_signer_key,upgrade_domain,approve_for_all,get_price_split,reverse_resolve,set_blacklisted,set_marketplace,set_ustry_token,get_pause_status,get_vault_shares,transfer_by_node,get_domain_status,renew_from_router,set_aquarius_pool,set_deposit_router,set_reserved_batch,zap_public_deposit,admin_reclaim_batch,get_operator_wallet,is_approved_for_all,register_with_ustry,set_aquarius_router,set_operator_wallet,get_early_exit_quote,marketplace_transfer,register_from_router,get_domain_attributes,set_blacklisted_batch,set_pause_registrations,set_aquarius_pool_contract","NftMintEvent,EarlyExitEvent,NftApproveEvent,NftTransferEvent,DomainExpiredEvent,DomainRenewedEvent,RecordUpdatedEvent,RegistryPauseEvent,StatusChangedEvent,DomainRegisteredEvent,NftApproveForAllEvent,DomainTransferredEvent,MarketplaceTransferEvent"
"a4dc568f446001660f9518ea9cf8f5668e6ca193588ff664f27510f28e5d5cf3",1,0.0007,"22.0.7#211569aa49c8d896877dfca1f2eb4fe9071121c8","1.81.0","","","ListingNotFound,ListingNotAvailable,ListingTypeMismatch,AlreadyInitialized,InvalidNftOwner,MissingMarketplaceContractId,AgreementNotFound,AgreementNotActive,AgreementNotOwnedByCaller,AgreementIsAlreadyActive,StateNotAlreadySet,ListingNotFound,ListingNotAvailable,ListingTypeMismatch,AlreadyInitialized,InvalidNftOwner,MissingMarketplaceContractId,AgreementNotFound,AgreementNotActive,AgreementNotOwnedByCaller,StateNotAlreadySet","initialize,version,upgrade,update_state,create_agreement,get_agreement,get_user_agreements,get_listing_agreements,get_agreement_status,owner_fulfilled,complete_agreement,terminate_agreement",""
"a50f65be69237efc6895e9af19e5102a6f0aa8cbd5886919aaab962a7ee09fa8",1,0.0007,"22.0.7#211569aa49c8d896877dfca1f2eb4fe9071121c8","1.81.0","","","ListingNotFound,ListingNotAvailable,ListingTypeMismatch,AlreadyInitialized,InvalidNftOwner,MissingMarketplaceContractId,AgreementNotFound,AgreementNotActive,AgreementNotOwnedByCaller,AgreementIsAlreadyActive,StateNotAlreadySet,ListingNotFound,ListingNotAvailable,ListingTypeMismatch,AlreadyInitialized,InvalidNftOwner,MissingMarketplaceContractId,AgreementNotFound,AgreementNotActive,AgreementNotOwnedByCaller,StateNotAlreadySet","initialize,version,upgrade,update_state,update_price,get_price,add_updater,remove_updater,update_config",""
"a54144b348366739782ab81fad1c30b3dffb2c1e483040b6b559a05910c9e805",0,0.0000,"21.6.0#f57d2454e520ae11dc9c8d55db610557a24a556e","1.80.0","","","AnotherActionActive,NoActionActive,ActionNotReadyYet","a,get_virtual_price,calc_token_amount,get_dy,remove_liquidity_imbalance,calc_withdraw_one_coin,withdraw_one_coin,set_privileged_addrs,get_privileged_addrs,ramp_a,stop_ramp_a,commit_new_fee,apply_new_fee,revert_new_parameters,kill_deposit,kill_swap,kill_claim,unkill_deposit,unkill_swap,unkill_claim,get_is_killed_deposit,get_is_killed_swap,get_is_killed_claim,initialize_all,pool_type,initialize,get_fee_fraction,share_id,get_total_shares,get_reserves,get_tokens,get_decimals,deposit,swap,estimate_swap,withdraw,get_info,version,commit_upgrade,apply_upgrade,revert_upgrade,set_emergency_mode,get_emergency_mode,upgrade_token_legacy,initialize_rewards_config,set_rewards_config,get_unused_reward,return_unused_reward,get_rewards_info,get_user_reward,checkpoint_reward,get_total_accumulated_reward,get_total_configured_reward,get_total_claimed_reward,claim,init_pools_plane,set_pools_plane,get_pools_plane,backfill_plane_data,commit_transfer_ownership,apply_transfer_ownership,revert_transfer_ownership,get_future_address",""
"a575cd19dec20fa2558782be92c039cbce30366edacb0084bab80e6be0df468e",0,0.0000,"22.0.4#1d4afb3b981a4f4b2bbc19f0ce38af85c4ab316a","1.83.0","","","AmountMustNonZero,AlreadyInitialized,WrongCurrency","create_project,donate,update_project,get_donations,get_project,get_donation,get_total_donation,get_admin",""
"a5ee8fba5dc3d3ba59919556f520d9c6281a154fd29193588cff0a9215546ebc",1,0.0007,"20.5.0#9e2c3022b4355b224a7a814e13ba51761eeb14bb","1.78.0","","","NotFound,AlreadyExists","is_exist,store_cert,update_cert,get_cert",""
"a68c95e82141062026a2665d9b08e0b90157f8f0d7fef3d19c8faa38624dba58",0,0.0000,"23.1.0#7456be9d91fe1f4cb070fc2732bac78244ce6c3f","1.91.0","","","NotAdmin,AlreadyInitialized,InsufficientBalance,InsufficientFactionPoints,InvalidAmount,InvalidFaction,FactionAlreadyLocked,PlayerNotFound,FactionNotSelected,GameNotWhitelisted,SessionNotFound,SessionAlreadyExists,InvalidSessionState,InvalidGameOutcome,ProofVerificationFailed,GameExpired,EpochNotFinalized,EpochAlreadyFinalized,EpochNotReady,NoRewardsAvailable,RewardAlreadyClaimed,NotWinningFaction,FeeVaultError,SwapError,TokenTransferError,OverflowError,DivisionByZero,ContractPaused","pause,is_game,unpause,upgrade,add_game,end_game,get_admin,get_epoch,is_paused,set_admin,get_config,get_player,start_game,cycle_epoch,remove_game,__check_auth,__constructor,update_config,select_faction,get_epoch_player,get_current_epoch,claim_epoch_reward","GameAdded,GameEnded,EpochCycled,GameRemoved,GameStarted,AdminChanged,ConfigUpdated,RewardsClaimed,FactionSelected"
"a6dc9e23fed0d6f006c64a80da83c4281b5242f9af60e69b8b85c0a09b5891cc",1,0.0007,"25.0.2#59a2e01a26f9330f8d516690911cb2ca87a6f1b3","1.93.0","","","NotInitialized,AlreadyInitialized,InvalidSession,InvalidProof,InvalidSeed,InvalidScore","end,start,upgrade,set_house,initialize,set_attestor",""
"a70ac618f8563ffcc830be45906e19ebda5d0a09f1a0c69924e785306c56bfe4",2,0.0014,"26.0.0#e1bf74ba6c3ddb591593f5eb5dfb85458ff714c1","1.96.0","","","AlreadyInit,NotInit,TreeFull,ProofInvalid,ReserveShortfall,NullifierUsed,NotAdmin,UnknownRoot,BadExtData,NfEqual","init,root,set_vk,deposit,reserve,root_of,transact,test_commit,is_known_root,nullifier_used",""
"a757a1ed02cb764a3d76d9c6a82fb3ab67fc1e5ccf980966f5a89a0bb280949c",1,0.0007,"20.4.0#70b12eb8c6af0593888154700f0ef68897521708","1.75.0","","","Unimplemented,Initialized,Uninitialized,Unauthorized,InvalidArg,InvalidChainId,InvalidOtherChainId,GasUsageNotSet,BrokenAddress,NotFound,TokenInsufficientBalance,CastFailed,ZeroAmount,PoolOverflow,ZeroChanges,ReservesExhausted,InsufficientReceivedAmount,BalanceRatioExceeded,Forbidden,UnauthorizedStopAuthority,SwapProhibited,AmountTooLowForFee,BridgeToTheZeroAddress,EmptyRecipient,SourceNotRegistered,WrongDestinationChain,UnknownAnotherChain,TokensAlreadySent,MessageProcessed,NotEnoughFee,NoMessage,NoReceivePool,NoPool,UnknownAnotherToken,WrongByteLength,HasMessage,InvalidPrimarySignature,InvalidSecondarySignature,NoGasDataForChain","initialize,deposit,withdraw,swap_to_v_usd,swap_from_v_usd,claim_rewards,set_fee_share,adjust_total_lp_amount,set_balance_ratio_min_bp,stop_deposit,start_deposit,stop_withdraw,start_withdraw,set_stop_authority,set_bridge,set_admin,set_admin_fee_share,claim_admin_fee,pending_reward,get_pool,get_admin,get_stop_authority,get_bridge,get_user_deposit,upgrade",""
"a78d10c9c45e13b3e2f36255ac34e3f61159e178083121f0843fa29318b5838e",2,0.0014,"25.3.1#e50d95af029c83196dd122f0154bac3f1302394b","1.96.1","","","AlreadyInitialized,NotInitialized,NotAuthorized,Paused,InvalidAmount,MathOverflow,NoPendingAdmin,NoPendingUpgrade,TimelockNotElapsed,TimelockOutOfBounds,UnexpectedDecimals,PositionNotFound,NotPositionOwner,NotMatured,InsufficientBalance,SolvencyViolation,PositionClosed,MarketMatured,SplitTooSmall,RateOutOfBounds,NoStrategyPosition,WithdrawShortfall,ReceiptNotFound,NotReceiptOwner,VaultNotMatured,ReceiptClosed,InsufficientCapacity,RateNotAllowed,VaultExpired,InsufficientLiquidity,SlippageExceeded,MarketExpired,InsufficientShares,ImbalancedLiquidity,FeeNotAllowed,MaturityMismatch,PtTokenMismatch,UnderlyingMismatch,InsufficientAllowance,SeriesExpired,SeriesNotExpired,NotRegistered,FeeShareTooHigh,MinOutNotMet,DustAmount,DepositCapExceeded","admin,pause,sweep,expiry,market,unpause,version,pt_token,sr_token,timelock,code_hash,is_paused,initialize,underlying,accept_admin,set_timelock,__constructor,apply_upgrade,pending_admin,propose_admin,cancel_upgrade,yield_contract,pending_upgrade,buy_pt_with_usdc,buy_yt_with_usdc,schedule_upgrade,sell_pt_for_usdc,sell_yt_for_usdc,quote_claim_yield,redeem_py_for_usdc,claim_yield_to_usdc,cancel_admin_transfer,quote_buy_pt_with_usdc,quote_buy_yt_with_usdc,quote_sell_pt_for_usdc,quote_sell_yt_for_usdc,quote_redeem_py_for_usdc","SoldPt,SoldYt,BoughtPt,BoughtYt,YieldClaimed,RedeemedForUsdc,Upgraded,AdminChanged,AdminProposed,TimelockChanged,UpgradeCancelled,UpgradeScheduled,AdminTransferCancelled"
"a7e8e679a9692676e19926cca52aa975a2ca6c933368bc2b09739eed140f2adc",1,0.0007,"25.0.2#d5b8156a06edc49193bf18a3e40c0a6700a6e947-dirty","1.92.0","","","FirstError,AnotherError,YetAnotherError,GenericError","hello,get_data,set_data,test_math,cause_error,cause_error_2","TestEvent"
"a817bab4a0ffcf9d97ae315a4e1d09e2c300ba651f1b17724836283b1c9acc1f",1,0.0007,"21.7.6#c6cca8f8cf75618c24ceb5d9ffdfe735486ae1e9","1.82.0","github:reflector-network/reflector-subscription-contract","","AlreadyInitialized,Unauthorized,SubscriptionNotFound,NotInitialized,InvalidAmount,InvalidHeartbeat,InvalidThreshold,WebhookTooLong,InvalidSubscriptionStatusError","config,set_fee,trigger,charge,update_contract,create_subscription,deposit,cancel,get_subscription,get_retention_fee,last_id,admin,version,fee,token",""
"a8231e9573e6a4d978f98e30bf6bf23f97f1910a2dc509690dd0a502aedd3cce",1,0.0007,"25.3.1#e50d95af029c83196dd122f0154bac3f1302394b","1.93.0","","","NotInitialized,Unauthorized,InsufficientDeposit,InsufficientShares,ZeroAmount,SplitNotActive,AlreadySplit,BelowMinDeposit","burn,mint,name,symbol,approve,balance,deposit,harvest,upgrade,decimals,transfer,withdraw,allowance,burn_from,set_admin,extend_ttl,initialize,vault_rate,split_yield,withdraw_to,set_registry,total_assets,total_shares,transfer_from,get_yield_split","BurnEvent,MintEvent,ApproveEvent,TransferEvent,VaultDepositEvent,VaultWithdrawEvent,YieldHarvestedEvent,VaultWithdrawToEvent,Burn,Mint,Approve,Clawback,Transfer,MintWithAmountOnly,TransferWithAmountOnly"
"a82eec15eeaa76dcf724723b34844167988ca3d7f41ab089ff9560f843fa6247",0,0.0000,"26.1.0#175aa41306f383057a8cdfc84b68d931664fc34e","1.93.0","","","NotInitialized,Unauthorized,NotOwner,AlreadyListed,NotListed,BelowFloorPrice,ListingExpired,SelfTrade,ProposalExpired,InvalidSignature,ProductionDomain,SlippageExceeded","buy,list,cancel,buy_nft,upgrade,list_nft,get_offer,set_admin,cancel_nft,extend_ttl,initialize,get_listing,total_volume,__constructor,set_xld_token,execute_intent,buy_from_router,execute_nft_intent,buy_nft_from_router,set_operator_wallet,execute_listing_intent,exec_listing_by_operator,execute_priv_nft_listing,exec_nft_list_by_operator,execute_nft_listing_intent,exec_priv_listing_by_operator,exec_priv_nft_list_by_operator,execute_private_listing_intent","NftSoldEvent,NftListedEvent,OfferMadeEvent,DomainSoldEvent,DomainListedEvent,NftCancelledEvent,PrivateTradeEvent,OfferAcceptedEvent,ListingCancelledEvent"
"a874f529513c3b0b68211d6aef321daf34ac0be78bb041ccf129b88d3089556c",1,0.0007,"22.0.11#34f7f53ae31e0fd02aab436a9872e79fa671ca02","1.96.1","","","Unauthorized,InvalidAmount,PoolNotFound,CooldownActive,InsufficientFunds,CooldownNotMet","draw,deposit,initialize,gulp_emissions,set_allocation,calculate_share,claim_withdrawal,get_pool_balance,get_user_balance,queue_withdrawal",""
"a8f785418f7210c2c22fce16b9208019d5a467b4eeaa679bcb671d59a6c21d3f",15,0.0102,"23.5.2#347f71141ddf69ef1873527c94ac98e79215f125","1.91.1","","","NotInitialized,AlreadyInitialized,Unauthorized,ContractLocked,LowShareCount,InvalidShareTotal,ZeroTransferAmount,TransferAmountAboveBalance,TransferAmountAboveUnusedBalance,ZeroWithdrawalAmount,WithdrawalAmountAboveAllocation,NoSharesToSell,NoActiveListing,InsufficientSharesInListing,InvalidPrice,InvalidShareAmount,CannotBuyOwnShares,NoSharesToTransfer,InsufficientSharesToTransfer,CannotTransferToSelf,Overflow,NegativeShareAmount,DuplicateShareholder,InvalidCommissionRate,TooManyShareholders,DistributionInProgress,NoDistributionInProgress,DistributionNotComplete,MigrationNotNeeded","init,migrate,upgrade,get_share,set_admin,buy_shares,get_config,get_listing,list_shares,lock_contract,update_shares,cancel_listing,get_allocation,list_all_sales,transfer_shares,transfer_tokens,distribute_tokens,start_distribution,withdraw_allocation,list_shares_for_sale,process_distribution,finalize_distribution,get_commission_config,get_shareholder_count,set_buy_commission_rate,set_commission_recipient,set_distribution_commission_rate","SetAdmin"
"a91bf16cb6117affde621ef1ae16f7caf539ba8dc2723d976f4eb83a635ed1af",1,0.0007,"21.5.0#d40bd031c14fbd3d75cf4473486ef7ef15af3364","1.80.0","","","CannotSwapReward,CannotQuoteDeposit,NotSupportedYet,NotGreaterThan0,TooMuchLostWithDeposit","upgrade,migrate,init,keeper,claim_fee,deposit,balance,withdraw",""
"a9214db351a3e61cfea4a54bde7ac4633f92c0e09277a81a14a14098ad7764c9",1,0.0007,"20.5.0#9e2c3022b4355b224a7a814e13ba51761eeb14bb","1.80.0","","","AlreadyInitialized,Unauthorized,RepoMissing,RepoAlreadyExists,RepoLimitExceeded,IssueAlreadyExists,IssueLimitExceeded,IssueMissing","config,version,admin,add_repos,add_issues,clear_repos,remove_repos,remove_issues,get_repos,get_repos_and_issues,get_issues_for_repo,update_contract",""
"a99a9d8f7a795fbcbdf995290445a6f72f1d5afc0b0c3bcb17a5a0c14daa1d72",0,0.0000,"22.0.8#f46e9e0610213bbb72285566f9dd960ff96d03d8","1.91.1","","","Unauthorized,InsufficientBalance,AlreadyInitialized,ContractPaused,AccountLocked,RiskThresholdExceeded,InvalidAmount,MintDisabled,BurnDisabled,Reentrancy,InvalidThreshold","burn,init,lock,paused,symbol,unlock,clawback,is_locked,set_pause,balance_of,mint_guarded,total_supply,risk_threshold,set_burn_enabled,set_mint_enabled,set_risk_threshold",""
"a9b7b0905e4fe764c8f2c9bc0a88585bca9b6896e0cdf4f9d147a5aec907e08b",1,0.0007,"20.5.0#9e2c3022b4355b224a7a814e13ba51761eeb14bb","1.79.0","","","DifferentDepositedToken,InvalidToken,ContractStillOpen,Unauthorized,ContractAlreadyInitialized,MintMoreThanTotalSupply,InsufficientFunds,CustomerNotFound,TokenNotFound,NotEnoughGoldForStableToken,NotEnoughStableTokenForGold,OgWalletNotFound,RefiBullWalletNotFound,MineOwnerWalletNotFound,ComunityWalletNotFound,AlternunWalletNotFound,NativeAssetNotFound","initialize,buy,buy_with_admin,change_token_admin,update_token_price,set_disbursment_wallets,disburse",""
"aa0aee16808708c8161642fa298b61b148753987baeb126d747cb691c01d1e79",1,0.0007,"22.0.7#211569aa49c8d896877dfca1f2eb4fe9071121c8","1.85.0-nightly","","","NotFound,NullifierAlreadyUsed,InvalidExpiration,AdminNotSet,Revoked,Expired,FailedToParseDaysUntilExpiry,InvalidAdmin","__constructor,get_sbt_by_id,get_sbt,get_sbt_by_nullifier,get_sbt_id,mint_sbt,set_admin,get_admin,revoke_sbt",""
"aabb6dae23cf75c7c028fdf2d8364c221dabb834e5caed2c7de8f4b1cb675170",1,0.0007,"22.0.11#34f7f53ae31e0fd02aab436a9872e79fa671ca02","1.89.0","","","AlreadyInitialized,NotInitialized,InvalidAmount,InvalidMonths,ScheduleNotFound,NotDueYet,AllReleased","initialize,create_schedule,release,schedule_status,get_schedule,get_admin,get_token",""
"ab3bb0da02d07610872b4a2f5dbbe9cf0a40e0544f63981097604f9d08d2a164",8,0.0055,"25.3.0#dcbea44513feb7734af6b6c4aced2c4a7a2715d0","1.90.0","","","NegativeAmount,NotClosed,RefundWaitingPeriodNotElapsed,AlreadyClosed","__constructor,top_up,token,from,to,refund_waiting_period,balance,deposited,withdrawn,prepare_commitment,settle,close,close_start,refund","Open,Close,Withdraw,Refund"
"ab45df178064d64c773aede611ec460d5d6681072a1b3aaa2e01b2840befab5e",1,0.0007,"22.0.11#34f7f53ae31e0fd02aab436a9872e79fa671ca02","1.93.1","","","NonPositiveAmount","forward",""
"abcf5e21c52eba2ec6efb98e0dfddeb1147de20696f7aed00690ddcf32d9bfc7",1,0.0007,"22.0.11#34f7f53ae31e0fd02aab436a9872e79fa671ca02","1.97.1","","","NotAdmin,UnknownGroup,NotCompleted","admin,rep_of,is_group,set_admin,group_wasm,create_group,dependencies,apply_upgrade,__constructor,cancel_pending,get_all_groups,pending_upgrade,propose_upgrade,sync_reputation,apply_group_wasm,set_dependencies,get_public_groups,pending_group_wasm,propose_group_wasm",""
"ac33fc812664a41c18da1bf04988835f861108131976b6aba343ca8a9d9e21f9",10,0.0068,"25.3.1#e50d95af029c83196dd122f0154bac3f1302394b","1.95.0","","","AlreadyInitialized,NotInitialized,Unauthorized,NotCreator,MemberInViolation,NothingOwed,MemberAlreadyExists,MemberNotFound,MemberNotActive,InsufficientDeposit,CannotExit,CannotReceive,JoinNotAllowed,InsufficientMembers,NothingToClaim,SponsorLimitReached,AlreadyContributed,ContributionPeriodNotStarted,ContributionPeriodEnded,InvalidContributionAmount,GracePeriodEnded,InsufficientFunds,InsufficientNetBalance,MaxViolationsReached,MaxLateCountReached,InvalidConfig,InvalidPeriod,InvalidDepositRange,RoscaNotActive,RoscaPaused,RoscaDissolved,RoscaNotRecruiting,RoscaAlreadyStarted,RecruitingTimeoutNotReached,ProposalNotFound,ProposalAlreadyExecuted,VotingPeriodNotEnded,VotingPeriodEnded,InsufficientVotes,AlreadyVoted,CooldownNotEnded,ProposalCancelled,SponsorRequired,RoundNotEnded,GracePeriodNotStarted,Overflow,NotPaused,InvalidState,ExceedsMaxDeposit,SponsorAlreadyExists,GroupFull","join,vote,claim,repay,start,propose,sponsor,upgrade,dissolve,get_owed,get_vote,get_round,contribute,get_config,get_member,keep_alive,get_members,accept_admin,get_proposal,is_cancelled,request_exit,settle_round,__constructor,get_claimable,get_owed_round,get_statistics,top_up_deposit,transfer_admin,cancel_proposal,contribute_late,execute_proposal,get_current_round,get_insurance_pool,calculate_recipient,get_round_shortfall,process_paused_exit,dissolve_recruiting_timeout",""
"ac4e4f6301993031a8aa7bf6d69c6609c2b41cb0507a93383d08a0512ad80482",1,0.0007,"25.3.1#e50d95af029c83196dd122f0154bac3f1302394b","1.93.0","","","NotInitialized,AlreadyRegistered,DomainExpired,NotOwner,InvalidName,InvalidDuration,InsufficientPayment,DomainNotFound,Unauthorized,SubdomainLimitReached,ProductionLocked,GracePeriodActive,NotExpired,MarketplaceNotSet,BelowFloorPrice,TooManyRecords,NftNotFound,NotApproved,ApprovalExpired,RegistrationsPaused,NeedsUpgrade,BlacklistedName,ReservedName","name,renew,symbol,approve,balance,resolve,upgrade,owner_of,register,transfer,get_price,set_admin,token_uri,early_exit,extend_ttl,gift_renew,initialize,set_status,fix_pricing,get_xld_sac,set_records,set_xld_sac,get_approved,get_token_id,is_available,set_base_uri,set_reserved,total_minted,__constructor,admin_reclaim,admin_restore,expire_domain,set_subdomain,transfer_from,get_node_count,set_avatar_nft,upgrade_domain,approve_for_all,get_price_split,reverse_resolve,set_blacklisted,set_marketplace,set_ustry_token,get_pause_status,get_vault_shares,transfer_by_node,get_domain_status,renew_from_router,set_aquarius_pool,set_deposit_router,set_reserved_batch,zap_public_deposit,admin_reclaim_batch,get_operator_wallet,is_approved_for_all,register_with_ustry,set_aquarius_router,set_operator_wallet,get_early_exit_quote,marketplace_transfer,register_from_router,get_domain_attributes,set_blacklisted_batch,set_pause_registrations,set_aquarius_pool_contract","NftMintEvent,EarlyExitEvent,NftApproveEvent,NftTransferEvent,DomainExpiredEvent,DomainRenewedEvent,RecordUpdatedEvent,RegistryPauseEvent,StatusChangedEvent,DomainRegisteredEvent,NftApproveForAllEvent,DomainTransferredEvent,MarketplaceTransferEvent"
"acd75d10567e7e4fcb3ed58b603d976c772a058b1ab1422ad142ac2b3c0696e4",1,0.0007,"26.1.0#175aa41306f383057a8cdfc84b68d931664fc34e","1.95.0","","","AlreadyInitialized,NotFound,Unauthorized,InvalidState,InvalidAmount,InvalidMilestones,BondAlreadyPosted,CapitalAlreadyDeposited,NoMilestonesLeft,DeadlineNotReached,MilestonesIncomplete","cancel,complete,get_count,post_bond,reclaim_bond,__constructor,get_agreement,get_reputation,deposit_capital,create_agreement,emergency_refund,release_milestone",""
"acde2f0cc6881c547ff839fbebd8795dd220ce27fc6fc456a9ec6b2e7c185f2e",1,0.0007,"26.1.0#175aa41306f383057a8cdfc84b68d931664fc34e","1.93.0","","","NotInitialized,AlreadyRegistered,DomainExpired,NotOwner,InvalidName,InvalidDuration,InsufficientPayment,DomainNotFound,Unauthorized,SubdomainLimitReached,ProductionLocked,GracePeriodActive,NotExpired,MarketplaceNotSet,BelowFloorPrice,TooManyRecords,NftNotFound,NotApproved,ApprovalExpired,RegistrationsPaused,NeedsUpgrade,BlacklistedName,ReservedName","name,renew,symbol,approve,balance,resolve,upgrade,owner_of,register,transfer,get_price,set_admin,token_uri,early_exit,extend_ttl,gift_renew,initialize,set_status,fix_pricing,get_xld_sac,set_records,set_xld_sac,get_approved,get_token_id,is_available,set_base_uri,set_reserved,total_minted,__constructor,admin_reclaim,admin_restore,expire_domain,set_subdomain,transfer_from,get_node_count,set_avatar_nft,set_signer_key,upgrade_domain,approve_for_all,get_price_split,reverse_resolve,set_blacklisted,set_marketplace,set_ustry_token,get_pause_status,get_vault_shares,transfer_by_node,get_domain_status,renew_from_router,set_aquarius_pool,set_deposit_router,set_reserved_batch,zap_public_deposit,admin_reclaim_batch,get_operator_wallet,is_approved_for_all,register_with_ustry,set_aquarius_router,set_operator_wallet,get_early_exit_quote,marketplace_transfer,register_from_router,get_domain_attributes,set_blacklisted_batch,set_pause_registrations,set_aquarius_pool_contract","NftMintEvent,EarlyExitEvent,NftApproveEvent,NftTransferEvent,DomainExpiredEvent,DomainRenewedEvent,RecordUpdatedEvent,RegistryPauseEvent,StatusChangedEvent,DomainRegisteredEvent,NftApproveForAllEvent,DomainTransferredEvent,MarketplaceTransferEvent"
"ad90cc26d514c44201d890ae5e61a0145dffd19dca3a7072c50b078b5e9fa213",5,0.0034,"22.0.6#0c47dcfa187069d241f11fb082730f667b55e802","1.87.0","","","AnotherActionActive,NoActionActive,ActionNotReadyYet","a,get_virtual_price,calc_token_amount,get_dy,get_dx,remove_liquidity_imbalance,calc_withdraw_one_coin,withdraw_one_coin,set_privileged_addrs,get_privileged_addrs,ramp_a,stop_ramp_a,commit_new_fee,apply_new_fee,revert_new_parameters,kill_deposit,kill_swap,kill_claim,unkill_deposit,unkill_swap,unkill_claim,get_is_killed_deposit,get_is_killed_swap,get_is_killed_claim,set_protocol_fee_fraction,get_protocol_fees,claim_protocol_fees,initialize_all,pool_type,initialize,get_fee_fraction,get_protocol_fee_fraction,share_id,get_total_shares,get_reserves,get_tokens,get_decimals,deposit,swap,estimate_swap,swap_strict_receive,estimate_swap_strict_receive,withdraw,get_info,version,commit_upgrade,apply_upgrade,revert_upgrade,set_emergency_mode,get_emergency_mode,initialize_rewards_config,initialize_boost_config,set_reward_boost_config,set_rewards_config,get_unused_reward,return_unused_reward,get_rewards_info,get_user_reward,checkpoint_reward,checkpoint_working_balance,get_total_accumulated_reward,get_total_configured_reward,get_total_claimed_reward,claim,gauge_add,gauge_remove,gauge_schedule_reward,kill_gauges_claim,unkill_gauges_claim,get_gauges,gauges_claim,gauges_get_reward_info,init_pools_plane,set_pools_plane,get_pools_plane,backfill_plane_data,commit_transfer_ownership,apply_transfer_ownership,revert_transfer_ownership,get_future_address,init_config_storage",""
"adf28ca3fb4e36fcd4bb10dc17df5b86191c5826b2707fa4503313b5be2cfa7c",13,0.0089,"22.0.6#0c47dcfa187069d241f11fb082730f667b55e802","1.87.0-nightly","","","OfferAlreadyCreated,OfferNotCreated,PriceTooHigh,ZeroPrice,TokenTransferFailed,ZeroTokenAmount,NoRedeemRequest,EpochNotSetled,NegativeRedeemAmount,InvalidEpochId","initialize,deposit,updt_price,redeem_request,cancel_request,claim_request,setle_epoch,get_offer,get_request,get_epoch_id,get_total_redeem,get_redeem_rate",""
"adf7b2edbb06807b30a084e276f17a3580486de86452605273882a77a18888ed",1,0.0007,"23.2.1#ab415a33cc1f6bdce20ac4a12f0ddbe41a648949","1.92.0","","","ZeroAmount,EmptyInstructions,TotalFeeBpsTooHigh,BpsOverflow,InvalidArgRef","execute,bump_ttl","Swap"
"ae0da5a84b15805c5c7931ac567a8d1b34be3f26b483993d9ff80cb2c3de9852",320,0.2185,"25.3.0#dcbea44513feb7734af6b6c4aced2c4a7a2715d0","1.95.0","github:AquaToken/soroban-amm","","AnotherActionActive,NoActionActive,ActionNotReadyYet","swap,claim,deposit,version,get_info,share_id,withdraw,gauge_add,kill_swap,pool_type,get_gauges,get_tokens,initialize,kill_claim,unkill_swap,gauge_remove,gauges_claim,get_reserves,kill_deposit,unkill_claim,apply_upgrade,contract_name,estimate_swap,commit_upgrade,initialize_all,revert_upgrade,unkill_deposit,get_pools_plane,get_user_reward,get_user_shares,set_pools_plane,estimate_deposit,get_fee_fraction,get_rewards_info,get_total_shares,init_pools_plane,checkpoint_reward,get_protocol_fees,get_rewards_state,get_unused_reward,kill_gauges_claim,set_rewards_state,get_emergency_mode,get_future_address,get_is_killed_swap,set_emergency_mode,set_rewards_config,backfill_plane_data,claim_protocol_fees,get_is_killed_claim,init_config_storage,swap_strict_receive,unkill_gauges_claim,get_privileged_addrs,return_unused_reward,set_privileged_addrs,gauge_schedule_reward,get_is_killed_deposit,gauges_get_reward_info,admin_set_rewards_state,initialize_boost_config,set_reward_boost_config,apply_transfer_ownership,estimate_working_balance,get_total_claimed_reward,commit_transfer_ownership,get_protocol_fee_fraction,get_total_excluded_shares,initialize_rewards_config,revert_transfer_ownership,set_protocol_fee_fraction,checkpoint_working_balance,get_total_configured_reward,estimate_swap_strict_receive,get_total_accumulated_reward,adjust_total_accumulated_reward",""
"ae37f6605ebe97eaad0699c61a4a69bf582b5d30b6e460bb4256f38cfc1c03f1",1,0.0007,"22.0.11#34f7f53ae31e0fd02aab436a9872e79fa671ca02","1.97.1","","","NotInitialized,AlreadyInitialized,Unprofitable,NoHops","run,init,admin,sweep",""
"ae388dd5f0f805defa4fa76c5c4c0c74fd54c2086fab1b11da6172ef90976b62",1,0.0007,"26.0.1#f52b6aad85f18c5e312ff3f60e57cb613274e6bb","1.94.0","","","AlreadyInitialized,NotInitialized,InvalidProof,NullifierAlreadyUsed,TreeFull,UnknownRoot,InvalidAmount,InvalidAspRoot,NotSettlementAuthority,NullifierBlocked","admin,deposit,upgrade,get_root,transfer,withdraw,initialize,get_leaf_count,execute_settlement,pull_public_deposit,is_settlement_authority,add_settlement_authority,remove_settlement_authority","Deposit,Transfer,Withdraw,Settlement"
"ae9c2b00148b2b4cacb4891f1f7aafc159d5a766e049b15c7f7f765ccce0b688",0,0.0000,"26.1.0#175aa41306f383057a8cdfc84b68d931664fc34e","1.93.0","","","NotInitialized,InvalidSignature,TimelockActive,WasmNotApproved,Unauthorized","upgrade,extend_ttl,initialize,__check_auth,approve_wasm,execute_admin_change,propose_admin_change",""
"aeb181dd59500d1ca36aad24dd5ffc1dc1a50b642144a5a92bb9b0a3f01c6baf",0,0.0000,"25.3.1#e50d95af029c83196dd122f0154bac3f1302394b","1.93.0","","","NotInitialized,Unauthorized,AuctionNotFound,AuctionEnded,AuctionActive,CommitmentExists,InvalidReveal,BelowReserve,NotCommitted,AlreadyRevealed,RevealPeriodActive,NoWinner,ZeroAmount","settle,upgrade,set_admin,commit_bid,extend_ttl,initialize,reveal_bid,get_auction,create_auction,get_commitment","BidRevealedEvent,BidCommittedEvent,AuctionCreatedEvent,AuctionSettledEvent"
"aebec03fa3af0c18e2d65dfc066a7def9490d34bc4fa054b1d313a0bc5fdbf76",0,0.0000,"22.0.11#34f7f53ae31e0fd02aab436a9872e79fa671ca02","1.91.0","","","AlreadyInitialized,NotInitialized,Unauthorized,Paused,InvalidAmount,InvalidLeverage,InsufficientLiquidity,PositionNotFound,PositionNotOpen,NotLiquidatable,InvalidBatch,InvalidPrice,InvalidEstimate,Slippage,Arithmetic,WithdrawalLocked,MarketNotFound,MarketDisabled,InvalidPool,PoolSwapDisabled,PoolEmergencyMode,PositionTooLarge,SwapAccountingMismatch,RateConfigNotFound,MaxUtilizationExceeded,InvalidClosePercentage,PartialCloseTooSmall,PartialCloseLeavesUnsafePosition,InsufficientPositionEquity,UnsafeMarketMutation","upgrade,get_pool,get_risk,open_long,get_market,open_short,set_market,set_paused,get_position,process_ready,__constructor,close_position,get_borrow_rate,preview_position,deposit_liquidity,get_global_config,set_market_enabled,withdraw_liquidity,refresh_action_queue,get_interest_rate_config,set_interest_rate_config",""
"aed18a05b9d70d819413ea2c599cd8429ff6c1a6f4f69a85869705e3b94969c4",1,0.0007,"23.1.0#7456be9d91fe1f4cb070fc2732bac78244ce6c3f","1.91.1","","","InsufficientFactionPoints,InvalidAmount,InvalidFaction,FactionAlreadyLocked,PlayerNotFound,FactionNotSelected,GameNotWhitelisted,SessionNotFound,SessionAlreadyExists,InvalidSessionState,InvalidGameOutcome,GameExpired,EpochNotFinalized,EpochAlreadyFinalized,EpochNotReady,NoRewardsAvailable,RewardAlreadyClaimed,NotWinningFaction,SwapError,OverflowError,DivisionByZero,ContractPaused","pause,is_game,unpause,upgrade,add_game,end_game,get_admin,get_epoch,is_paused,set_admin,get_config,get_player,start_game,cycle_epoch,remove_game,__check_auth,__constructor,update_config,select_faction,get_epoch_player,get_current_epoch,claim_epoch_reward","GameAdded,GameEnded,EpochCycled,GameRemoved,GameStarted,AdminChanged,ConfigUpdated,ContractPaused,RewardsClaimed,FactionSelected,ContractUnpaused,TimeMultiplierReset"
"afad1f43f65aad65c5f044574d0280f277fc7cde6c3ae788029e2c72505a3449",2,0.0014,"26.0.0#e1bf74ba6c3ddb591593f5eb5dfb85458ff714c1","1.96.0","","","AlreadyInit,NotInit,TreeFull,ProofInvalid,ReserveShortfall,NullifierUsed,NotAdmin,UnknownRoot,BadExtData,NfEqual,BatchInvalid,BadPublicAmount,NonCanonical","bump,init,root,set_vk,deposit,reserve,root_of,transact,test_commit,batch_verify,is_known_root,nullifier_used,batched_transact",""
"afe497bb5c2366caf3fd9f580df12f81aacb601c4d79b1ffbb9f1f40d03af303",1,0.0007,"22.0.6#0c47dcfa187069d241f11fb082730f667b55e802","1.87.0","","","AnotherActionActive,NoActionActive,ActionNotReadyYet","init_admin,version,commit_upgrade,apply_upgrade,revert_upgrade,set_emergency_mode,get_emergency_mode,commit_transfer_ownership,apply_transfer_ownership,revert_transfer_ownership,get_future_address",""
"b030af183914d3bc02b2af444529522d6c9c2b07f905f7af4a037dbaf81d3a70",0,0.0000,"23.4.0#673d6c4f2368d282d25da29bda55c21b8be69ca6","1.93.1","","","Unauthorized,PathIsEmpty,TokensNotSorted,DuplicatesNotAllowed,ValueNotInitialized,AlreadyInitialized,UnknownProtocol,OutMinNotSatisfied,InMaxNotSatisfied,FeeFractionTooHigh,RouterInvalidOutput","init,swap,upgrade,version",""
"b04880dfbe7630b17cec60403669123987fa0ef6b91e418b30fb68180ac4f93b",0,0.0000,"22.0.6#0c47dcfa187069d241f11fb082730f667b55e802","1.87.0","","","AnotherActionActive,NoActionActive,ActionNotReadyYet","pool_type,get_info,get_pool,share_id,get_total_shares,get_reserves,deposit,swap,estimate_swap,withdraw,get_liquidity,get_liquidity_calculator,set_liquidity_calculator,version,commit_upgrade,apply_upgrade,revert_upgrade,set_emergency_mode,get_emergency_mode,init_admin,set_privileged_addrs,get_privileged_addrs,set_token_hash,set_pool_hash,set_stableswap_pool_hash,configure_init_pool_payment,get_init_pool_payment_token,get_init_pool_payment_address,get_stable_pool_payment_amount,get_standard_pool_payment_amount,set_reward_token,set_reward_boost_config,set_protocol_fee_fraction,get_rewards_config,get_tokens_for_reward,get_total_liquidity,config_global_rewards,fill_liquidity,config_pool_rewards,get_rewards_info,get_user_reward,get_total_accumulated_reward,get_total_configured_reward,get_total_claimed_reward,get_total_outstanding_reward,distribute_outstanding_reward,claim,init_standard_pool,init_stableswap_pool,get_pools,remove_pool,get_tokens_sets_count,get_tokens,get_pools_for_tokens_range,get_protocol_fee_fraction,set_pools_plane,get_plane,swap_chained,swap_chained_strict_receive,commit_transfer_ownership,apply_transfer_ownership,revert_transfer_ownership,get_future_address",""
"b0aa69914405a5374fe160d0ae7f5b6cb31925209ed688c1340a9b9e4398745d",1,0.0007,"23.0.1#510d3feb724c2b01d7e7ab7652f03b9f8efc3f35","1.93.0-nightly","","","NotInitialized,AlreadyInitialized,OnlyManager,AmountZero,AssetNotWhitelisted,SharesZero,InsufficientUserShares,InsufficientShares,RouterNotSet,InvalidFeeBps,UnauthorizedPolicy,InsufficientLiquidity,InvalidBlendPosition,BlendAssetMismatch,InvalidBlendRiskPolicy,BlendOracleStale,BlendHealthFactorTooLow,BlendNavUnavailable,BlendOracleInvalid,CreditMarketNotConfigured,CreditActionNotAllowed,InvalidProtocolFeeBps,InvalidSwapRiskPolicy,SwapVenueNotAllowed,SwapTradeSizeExceeded,SwapOracleNotConfigured,SwapOracleStale,SwapOracleInvalid,SwapPriceImpactExceeded,SwapSlippageExceeded,SwapTwapDeviationExceeded,InvalidBootstrapAdmin","nav,fees,init,redeem,router,deposit,manager,upgrade,governor,set_fees,fee_state,rebalance,shares_of,whitelist,blend_lend,set_router,blend_repay,settle_fees,set_manager,share_token,swap_oracle,blend_borrow,credit_repay,denomination,set_governor,blend_markets,credit_borrow,credit_supply,set_whitelist,blend_position,blend_withdraw,credit_markets,last_wasm_hash,liquid_balance,venue_registry,allowed_routers,blend_positions,bootstrap_admin,credit_position,credit_withdraw,set_share_token,set_swap_oracle,allowed_adapters,credit_positions,credit_protocols,swap_risk_policy,blend_risk_policy,protocol_treasury,blend_market_value,credit_risk_policy,set_allowed_venues,set_venue_registry,blend_health_factor,blend_market_assets,blend_market_status,credit_market_value,protocol_fee_policy,set_bootstrap_admin,blend_position_value,clear_venue_registry,credit_health_factor,credit_market_assets,credit_market_config,credit_market_status,set_swap_risk_policy,blend_position_values,clear_bootstrap_admin,credit_market_configs,credit_position_value,set_blend_risk_policy,bootstrap_admin_active,credit_position_values,preview_fee_settlement,configure_credit_market,set_protocol_fee_policy,bootstrap_admin_expires_at,set_bootstrap_admin_expiry",""
"b0b044e551cf7279a975c119a3cef8030fa1a68439cece1d22cfa8225d027e6e",1,0.0007,"27.0.6#60926a20d1f9f0a669d5fe551636f42a1302f0c0","1.95.0","","","NotAuthorizedSigner,InvalidPrice,InvalidThreshold,SignerAlreadyRegistered,SignerNotRegistered,CannotRemoveBelowThreshold,NoDataForFeed,StaleData,PriceOutOfRange,LengthMismatch,FutureTimestamp,FeedAlreadyMapped,FeedNotMapped,FeedNotKnown,InvalidSubmissionAge,StaleSubmission,FeedAlreadyRegistered,InvalidRelativeSkew","upgrade,get_owner,__constructor,accept_ownership,renounce_ownership,transfer_ownership,add_feed,add_signer,purge_feed,remove_feed,register_feed,remove_signer,set_threshold,set_resolution,recompute_feeds,set_max_stale_seconds,set_max_relative_skew_seconds,set_max_submission_age_seconds,base,feeds,price,assets,prices,decimals,lastprice,resolution,read_price_data,max_stale_seconds,read_price_history,read_price_data_for_feed,max_relative_skew_seconds,max_submission_age_seconds,submit_price,submit_prices","OwnershipTransfer,OwnershipRenounced,OwnershipTransferCompleted"
"b0b5b4223a34d6d323b56531dee6d530ab1bf7c4023d978396952cb15cd2beda",1,0.0007,"23.2.1#ab415a33cc1f6bdce20ac4a12f0ddbe41a648949","1.92.0","","","NotInitialized,NonPositiveAmount,EmptyBatch","admin,bump_ttl,withdraw,set_admin,__constructor,withdraw_batch","Withdraw,AdminTransferred"
"b0c4ee88a2d47f346ae35fb64aef1d167e2148cf7fca7493ba88b058d49068a3",1,0.0007,"20.5.0#9e2c3022b4355b224a7a814e13ba51761eeb14bb","1.78.0","","","NotOwner,NotNFT,NotAuthorized,OutOfBounds","balance_of,owner_of,transfer_from,approve,set_approval_for_all,get_approved,is_approval_for_all,name,symbol,token_uri,total_supply,token_by_index,token_of_owner_by_index,initialize,admin,set_admin,mint",""
"b0d078f848df87f990bc42d3bd973a2a8de5a86ea99e9b707bcf2a7bd9f2a1b1",15,0.0102,"22.0.3#5a3ca3afe8f995c8e04a06656ff037ebaf545704","1.81.0","","","NotFound,AlreadyExists,MissingContext,SignerExpired,FailedSignerLimits,FailedPolicySignerLimits,SignatureKeyValueMismatch,ClientDataJsonChallengeIncorrect,JsonParseError","__constructor,add_signer,update_signer,remove_signer,update_contract_code,__check_auth",""
"b0f46d8e286c8f77f18ec6acb061c7487fcbc08ed9220ee28159ebed3e6aef33",1,0.0007,"22.0.8#f46e9e0610213bbb72285566f9dd960ff96d03d8","1.88.0","","","NotInited,AlreadyInited,Secp256k1VerifyFailed","extend_ttl,init,__check_auth",""
"b179fbca5929710a1fc9f5e0196f0c1418167aabcb014185b0bb781d039a0e37",1,0.0007,"27.0.6#60926a20d1f9f0a669d5fe551636f42a1302f0c0","1.96.0","","","AlreadyInitialized,NotInitialized,InvalidMaturity,InvalidAmount,AmountMismatch,Matured,MathOverflow,LiveMarket,Insolvent,Paused,NotAuthorized,NotPendingAdmin,UpgradeNotReady,ProtectedAsset","pause,split,sweep,config,unpause,guardian,maturity,position,is_paused,recombine,initialize,is_matured,claim_yield,escrowed_sy,accept_admin,is_renounced,observe_rate,set_guardian,maturity_rate,pending_admin,preview_split,propose_admin,cancel_upgrade,renounce_admin,execute_upgrade,pending_upgrade,propose_upgrade,preview_recombine,redeem_at_maturity,freeze_maturity_rate","Split,Recombine,ClaimYield,AdminChanged,PauseChanged,AdminProposed,UpgradeProposed,RedeemAtMaturity"
"b1d514ac5b3f141bd06c7b2f4f84e3e27ed4b0d8c57f552e63691a07e6d50a45",2,0.0014,"27.0.0#e5cb4b52c3da8e56fc48adfd7b85d85976c1a059","1.93.0","","","NotInitialized,AlreadyInitialized,NotAdmin,NotController,NoPlan,NoProfit,TokenMismatch,BadCycle","run,run_fl,exec_op,set_plan,withdraw,get_admin,__constructor",""
"b1dc665820e36c14f55e72e3492748d5933c32331c1a2bfeb77a2e997668ab8d",1,0.0007,"22.0.8#f46e9e0610213bbb72285566f9dd960ff96d03d8","1.91.0-nightly","","","PriceTooLow,TransferFailed","withdraw,get_owner,is_mainnet,oracle_price,testnet_price,__constructor,accept_ownership,renounce_ownership,transfer_ownership",""
"b27daf202beb42d72771b0c8808ea3bc041ba04bc8c3472d4129db99c6334030",1,0.0007,"22.0.8#f46e9e0610213bbb72285566f9dd960ff96d03d8","1.91.1","","","NoSettings,DestinationAddressIsBlocked,SourceAddressIsBlocked,SettingsAlreadyExists,Unauthorized,OutgoingTransferAlreadyExists,IncomingTransferAlreadyExists","admin,upgrade,set_admin,initialize,set_client,set_relayer,send_message,init_transfer,__constructor,resend_message,update_settings,block_account_local,block_account_other,unblock_account_local,unblock_account_other,transfer_sending_result",""
"b2e858176fab112cc9afbe54590e13d12192ba7fa32dd83cf565d21f2f13179a",0,0.0000,"27.0.0#e5cb4b52c3da8e56fc48adfd7b85d85976c1a059","1.94.0","","","SignerNotFound,SignerAlreadyExists,SignerExpired,LastAdminSigner,LastSigner,MissingContext,SignatureKeyValueMismatch,ClientDataJsonTooLarge,ClientDataJsonParseError,ClientDataJsonChallengeIncorrect,InvalidWebAuthnType,InvalidAuthenticatorData,UserPresenceRequired,AuthenticatorDataTooLarge","upgrade,add_signer,get_signer,__check_auth,__constructor,remove_signer,update_signer","Upgraded,SignerAdded,SignerRemoved,SignerUpdated"
"b3bfc37d8f4396888605c66cfc19448cb0c552d67bd8355bf292d4515dd79ead",2,0.0014,"20.4.0#70b12eb8c6af0593888154700f0ef68897521708","1.88.0","","","Unimplemented,Initialized,Uninitialized,Unauthorized,InvalidArg,InvalidChainId,InvalidOtherChainId,GasUsageNotSet,BrokenAddress,NotFound,TokenInsufficientBalance,CastFailed,U256Overflow,ZeroAmount,PoolOverflow,ZeroChanges,ReservesExhausted,InsufficientReceivedAmount,BalanceRatioExceeded,Forbidden,UnauthorizedStopAuthority,SwapProhibited,AmountTooLowForFee,BridgeToTheZeroAddress,EmptyRecipient,SourceNotRegistered,WrongDestinationChain,UnknownAnotherChain,TokensAlreadySent,MessageProcessed,NotEnoughFee,NoMessage,NoReceivePool,NoPool,UnknownAnotherToken,WrongByteLength,HasMessage,InvalidPrimarySignature,InvalidSecondarySignature,NoGasDataForChain","initialize,set_price,set_admin,get_gas_price,get_price,get_gas_cost_in_native_token,get_transaction_gas_cost_in_usd,crossrate,get_admin,upgrade",""
"b3c988b2a5406d123189ec545b46daf836f391e93b60541f5f8e8a5849185b9c",2,0.0014,"26.0.1#f52b6aad85f18c5e312ff3f60e57cb613274e6bb","1.95.0","","","InvalidPrice,InvalidAmount,InsufficientInventory,NotInitialized","buy,admin,price,quote,treasury,available,set_price,set_treasury,__constructor,withdraw_tres",""
"b3db74ed9bc5ca2929553b92b9a7dbde914d2c29b0c89b25037ed62433c5e35c",1,0.0007,"22.0.11#34f7f53ae31e0fd02aab436a9872e79fa671ca02","1.97.1","","","OutOfRange,AlreadyClaimed,NotOwner,FeeTooHigh,NothingToWithdraw,ClaimingDisabled","init,token_id,treasury,withdraw,mint_tile,claim_tile,tile_price,total_minted,market_fee_bps,set_tile_price,set_market_fee_bps,set_treasury_receiver",""
"b40e6205413352cf8418272d50aca00ffa4fa2e71f8e7ae5b218977d267373a9",1,0.0007,"27.0.2#45d378a6cb4a026d23fc7286b6ee3add9c9dd0b9","1.97.1","","","AlreadyInitialized,NotInitialized,InvalidAmount,ClaimExists,ClaimNotFound,InvalidStatus,InsufficientFunds","release,resolve,get_pool,get_claim,init_pool,contribute,contribution,submit_claim,emergency_payout","ClaimReleased,ClaimResolved,ClaimSubmitted,EmergencyPayout,PoolInitialized,ContributionRecorded"
"b457f9e069d965857459945c67dd7eaa0bdf889d57b52309ebf24e5dd92d54ad",2,0.0014,"27.0.2#45d378a6cb4a026d23fc7286b6ee3add9c9dd0b9","1.97.1","","","AlreadyInitialized,NotInitialized,PaymentExists,PaymentNotFound,InvalidParty,InvalidAsset,InvalidAmount,InvalidExpiry,InvalidStatus,Expired","initialize,get_payment,cancel_payment,create_payment,expire_payment,confirm_payment","Initialized,PaymentCreated,PaymentExpired,PaymentSettled,PaymentCancelled"
"b46b42a33962b151958dea1538168ac65cfbaede8951ead355fe749b1191f602",1,0.0007,"22.0.8#f46e9e0610213bbb72285566f9dd960ff96d03d8","1.91.0-nightly","","","NotFound","close,open",""
"b46de97cd49d43529b641365a08ecd9bed2ab33ed6a29aa47fbb49dbcb39174d",0,0.0000,"23.1.0#7456be9d91fe1f4cb070fc2732bac78244ce6c3f","1.91.1","","","InsufficientFactionPoints,InvalidAmount,InvalidFaction,FactionAlreadyLocked,PlayerNotFound,FactionNotSelected,GameNotWhitelisted,SessionNotFound,SessionAlreadyExists,InvalidSessionState,InvalidGameOutcome,GameExpired,EpochNotFinalized,EpochAlreadyFinalized,EpochNotReady,NoRewardsAvailable,RewardAlreadyClaimed,NotWinningFaction,SwapError,OverflowError,DivisionByZero,ContractPaused","pause,is_game,unpause,upgrade,add_game,end_game,get_admin,get_epoch,is_paused,set_admin,get_config,get_player,start_game,cycle_epoch,remove_game,__check_auth,__constructor,update_config,select_faction,get_epoch_player,get_current_epoch,claim_epoch_reward","GameAdded,GameEnded,EpochCycled,GameRemoved,GameStarted,AdminChanged,ConfigUpdated,ContractPaused,RewardsClaimed,FactionSelected,ContractUnpaused,TimeMultiplierReset"
"b46eb071487fc9e944e0ca39c5bf220925b26ce4b966e8a236b67f3ecef099eb",1,0.0007,"20.4.0#70b12eb8c6af0593888154700f0ef68897521708","1.75.0","","","Unimplemented,Initialized,Uninitialized,Unauthorized,InvalidArg,InvalidChainId,InvalidOtherChainId,GasUsageNotSet,BrokenAddress,NotFound,TokenInsufficientBalance,CastFailed,ZeroAmount,PoolOverflow,ZeroChanges,ReservesExhausted,InsufficientReceivedAmount,BalanceRatioExceeded,Forbidden,UnauthorizedStopAuthority,SwapProhibited,AmountTooLowForFee,BridgeToTheZeroAddress,EmptyRecipient,SourceNotRegistered,WrongDestinationChain,UnknownAnotherChain,TokensAlreadySent,MessageProcessed,NotEnoughFee,NoMessage,NoReceivePool,NoPool,UnknownAnotherToken,WrongByteLength,HasMessage,InvalidPrimarySignature,InvalidSecondarySignature,NoGasDataForChain","initialize,set_price,set_admin,get_gas_price,get_price,get_gas_cost_in_native_token,get_transaction_gas_cost_in_usd,crossrate,get_admin,upgrade",""
"b4de6c7c15af334b8b0c1610e1687e8edb572d7454db87fb0d5f7013ff457d1f",1,0.0007,"26.1.0#175aa41306f383057a8cdfc84b68d931664fc34e","1.94.1","","","MalformedVerifyingKey,NoPublicSignals,InvalidProof,AlreadySealed,FieldElementNotCanonical,SuffixMismatch,BadConsumed","is_sealed,seal_body,verify_proof,get_attestation","Sealed"
"b5080a685a1e7af3be47cdb05d2b59034e5364746eeb260ef31894fc374599bb",8,0.0055,"20.5.0#9e2c3022b4355b224a7a814e13ba51761eeb14bb","1.81.0","","","AlreadyInitialized,NotInitialized,InvalidShareBalance,NoFeesMatured,BalanceLtSupply,InvalidAmount,CannotWithdraw,NoBalance,NotEnoughLiquidity,NoInsurance,NoPrice,AlreadySubscribed,UnmetCondition","glob,particular,get_price,fpsu,fpsp,read_current_period,update,initialize,deposit,withdraw_matured,update_fee_rewards,withdraw,shares,matured,withdrawable_amount,subscribe,claim_reward",""
"b54ba37b7bb7dd69a7759caa9eec70e9e13615ba3b009fc23c4626ae9dffa27f",0,0.0000,"22.0.6#0c47dcfa187069d241f11fb082730f667b55e802","1.84.0","","","AnotherActionActive,NoActionActive,ActionNotReadyYet","initialize_all,pool_type,initialize,share_id,get_total_shares,get_tokens,deposit,swap,estimate_swap,swap_strict_receive,estimate_swap_strict_receive,withdraw,get_reserves,get_fee_fraction,get_info,set_privileged_addrs,get_privileged_addrs,kill_deposit,kill_swap,kill_claim,unkill_deposit,unkill_swap,unkill_claim,get_is_killed_deposit,get_is_killed_swap,get_is_killed_claim,version,commit_upgrade,apply_upgrade,revert_upgrade,set_emergency_mode,get_emergency_mode,upgrade_token_legacy,initialize_rewards_config,initialize_boost_config,set_reward_boost_config,set_rewards_config,get_unused_reward,return_unused_reward,get_rewards_info,get_user_reward,checkpoint_reward,checkpoint_working_balance,get_total_accumulated_reward,get_total_configured_reward,get_total_claimed_reward,claim,init_pools_plane,set_pools_plane,get_pools_plane,backfill_plane_data,commit_transfer_ownership,apply_transfer_ownership,revert_transfer_ownership,get_future_address",""
"b559caae896cc29b2b64d6508f99606fcbd90b03a95a3f7cc2301009046b9392",1,0.0007,"23.2.1#ab415a33cc1f6bdce20ac4a12f0ddbe41a648949","1.92.0","","","AlreadyInitialized,NotInitialized,ZeroAmount,EmptyInstructions,TotalFeeBpsTooHigh,TargetNotWhitelisted,BpsOverflow,InvalidAdmin,NoPendingAdmin","admin,execute,bump_ttl,accept_admin,__constructor,pending_admin,propose_admin,is_whitelisted,add_to_whitelist,remove_from_whitelist","Swap,WhitelistAdd,AdminAccepted,AdminProposed,WhitelistRemove"
"b56aedeaf80c3d4b7c4c2ddf3893ac47c3ecff1a0a6f19152ca993e5bb294414",4,0.0027,"23.4.1#e671b396f8bacf1370925f722df158b31c0baae5","1.90.0","","","AlreadyInitialized,NotInitialized,ZeroAmount,InsufficientBalance","init,pay,flush,get_destination,get_usdc","PaymentEvent,FlushEvent"
"b627c2ac57a01b522c79c26beaaad13ec427e4e2c15c378056e7d5a68986fe3e",2,0.0014,"23.4.0#673d6c4f2368d282d25da29bda55c21b8be69ca6","1.92.0","","","NotInitialized,AlreadyInitialized,Unauthorized,CampaignNotActive,CampaignAlreadyFinalized,DeadlineNotReached,CampaignNotSucceeded,CampaignNotFailed,CampaignAlreadyActivated,InvalidSharesAmount,HardCapReached,NothingToRefund,InvalidPrice,InvalidCap,InvalidDeadline,Overflow,InvalidPayoutMode","init,refund,activate,finalize,contribute,get_config,get_status,get_splitter,get_contribution,get_total_raised",""
"b62f62217ff256d557513793e9e44317b25b14401a8a6b6149a04d38d72d6c7c",814,0.5559,"22.0.3#5a3ca3afe8f995c8e04a06656ff037ebaf545704","1.84.1","","","NotFound,AlreadyExists,MissingContext,SignerExpired,FailedSignerLimits,FailedPolicySignerLimits,SignatureKeyValueMismatch,ClientDataJsonChallengeIncorrect,JsonParseError","__constructor,add_signer,update_signer,remove_signer,update_contract_code,__check_auth",""
"b63f93ff5d35e24d53d92cb27ea473e03f7efcb2121b2dfb330df80d2ea6e0ba",1,0.0007,"27.0.2#45d378a6cb4a026d23fc7286b6ee3add9c9dd0b9","1.97.1","","","AlreadyInitialized,NotInitialized,QuoteExists,QuoteNotFound,RateNotFound,InvalidAmount,InvalidExpiry,InvalidRate,InvalidStatus,QuoteExpired","get_rate,get_quote,mark_paid,initialize,create_quote,publish_rate","QuotePaid,QuoteCreated,RatePublished,QuoteRegistryInitialized"
"b6757278be72c93154bc4cc9f4d01908df5e9501ad3b44f8667f49b962911eae",1,0.0007,"22.0.7#211569aa49c8d896877dfca1f2eb4fe9071121c8","1.84.0","","","AnotherActionActive,NoActionActive,ActionNotReadyYet","__constructor,set_privileged_addrs,get_address,get_address_safe,get_addresses,address_has_role,assert_address_has_role,version,commit_upgrade,apply_upgrade,revert_upgrade,set_emergency_mode,get_emergency_mode,commit_transfer_ownership,apply_transfer_ownership,revert_transfer_ownership,get_future_address",""
"b699527d2c20d3d2509be6bacfacb5bc70e4443e90217c55e0e031dc98e47d09",0,0.0000,"20.5.0#9e2c3022b4355b224a7a814e13ba51761eeb14bb","1.80.0","","","InvalidToken,NotAuthorizedMethod,StakingNotAllowed,WithdrawNotAllowed,StakingAmountExceeded,NotEnoughStaked,NotEnoughBalance,StakingTimeClosed,BuildingProject,ThresholdNotReached,NotReachedTargetDate,InvalidUser,DateOlderThanLedger,NoReclaimableProjectToken","initialize,deposit,withdraw_reward,claim_project_token_reward,stake_token,retrieve_staked_tokens,update_close_date,get_progress",""
"b74e70199cdfa1ec8f386732ac4d2e26855366ec3414d62610e0622f1f5607bb",1,0.0007,"26.1.0#175aa41306f383057a8cdfc84b68d931664fc34e","1.97.1","","","NotOwner,NotKeeper,NotAdmin,Unauthorized,AlreadyDeployed,Paused,ZeroAmount,WeightsInvalid,EmptyAllocations,VaultNotWhitelisted,SwapRequired,UnexpectedSwap,InsufficientBalance,SlippageExceeded,DeadlineExceeded,SwapFailed,BadSwapPath,PositionNotFound,NothingToWithdraw,TooManyVaults,AdapterError,UnsupportedProtocol,Math,UnsupportedOutput,InactiveVault,FeeTooHigh,TreasuryUnset,BadNonce,NothingToSwap,NothingToDeposit,MultiAssetVault,TooManyStrategies,SweepNotAllowed,InvalidReason","admin,set_admin,owner_slots,strategy_at,strategy_of,__constructor,strategy_wasm,strategy_count,deploy_strategy,predict_address,deploy_and_invest,set_strategy_wasm,strategy_by_index,strategy_count_of","Paused,Rescued,Upgraded,VaultSet,Deposited,IdleSwept,KeeperSet,RouterSet,Withdrawn,AdminChanged,FeeConfigSet,RebalanceNoOp,WithdrawAllDone,KeeperEnabledSet,RebalanceSwapped,RebalanceToggled,StrategyDeployed,RebalanceDeposited,RebalanceWithdrawn,AdminTransferProposed"
"b7d0fa1db16c4fe6f05507abce39feb0594feb298e4e3a582e4d325e3bff8a8b",1,0.0007,"25.3.1#e50d95af029c83196dd122f0154bac3f1302394b","1.93.0","","","NotInitialized,Unauthorized,InsufficientDeposit,InsufficientShares,ZeroAmount,SplitNotActive,AlreadySplit,BelowMinDeposit,InvalidFeeBps,ExceedsVestedAmount,DepositsPaused,WithdrawalsPaused,ExceedsEmergencyCap,PauseCooldown","burn,name,symbol,approve,balance,deposit,upgrade,decimals,transfer,withdraw,allowance,burn_from,set_admin,extend_ttl,initialize,vault_rate,add_deposit,deposit_for,split_yield,withdraw_to,mint_fee_bps,set_mint_fee,set_registry,total_assets,total_shares,__constructor,transfer_from,public_deposit,get_yield_split,set_ustry_token,get_pause_status,public_deposit_for,set_pause_deposits,set_operator_wallet,set_xld_sac_address,get_max_withdrawable,set_pause_withdrawals,transfer_domain_position","BurnEvent,MintEvent,TopUpEvent,ApproveEvent,TransferEvent,VaultDepositEvent,PublicDepositEvent,VaultWithdrawEvent,VaultWithdrawToEvent,PauseStatusChangedEvent,Burn,Mint,Approve,Clawback,Transfer,MintWithAmountOnly,TransferWithAmountOnly"
"b8211807a12224a0dd0e0999f656da8e256c427565def998e0cc35ac44335a00",1,0.0007,"23.4.1#e671b396f8bacf1370925f722df158b31c0baae5","1.90.0","","","AlreadyInitialized,NotInitialized,NegativeAmount,ZeroOrNegativeAmount,NoBalance","init,set_balance,add_balance,batch_set_balance,batch_add_balance,withdraw,get_balance,get_admin,get_usdc,transfer_admin","BalanceSetEvent,BalanceAddedEvent,WithdrawEvent,AdminTransferEvent"
"b84fe2b513ff335745604b502667a48bac8240eec4d21198a83752f9089d4b1b",1,0.0007,"25.3.0#dcbea44513feb7734af6b6c4aced2c4a7a2715d0","1.94.1","github:AquaToken/soroban-amm","","AnotherActionActive,NoActionActive,ActionNotReadyYet","version,total_supply,__constructor,apply_upgrade,contract_name,commit_upgrade,revert_upgrade,set_total_supply,get_emergency_mode,get_future_address,set_emergency_mode,get_privileged_addrs,set_privileged_addrs,apply_transfer_ownership,commit_transfer_ownership,revert_transfer_ownership",""
"b87365c16102f7242a8fc3e770f615991841741c40673bb241cb254130be4c26",1,0.0007,"27.0.0#e5cb4b52c3da8e56fc48adfd7b85d85976c1a059","1.93.0","","","AlreadyInitialized,AdminCannotBeZero,FeeAccountCannotBeZero,ProfileContractCannotBeZero,InvalidFeeBps,NotInitialized,Unauthorized,NotAdmin,PendingRotationMismatch,PendingRotationExpired,TokenNotSupported,FeeAccountMissingTrustline,EventNotFound,EventNotActive,InvalidPillar,InvalidReleaseKind,InvalidDistribution,InvalidBudget,TitleTooLong,ApplicantAlreadyApplied,ApplicantNotApplied,SubmissionNotFound,SubmissionAlreadyExists,NoSubmissions,InvalidWinnerPosition,DuplicateWinnerPosition,DistributionMismatch,MilestoneAlreadyClaimed,InvalidMilestone,InsufficientEscrow,WinnersAlreadySelected,BelowMinimumContribution,InvalidContributionAmount,TooManyApplicants,OpAlreadySeen,TooManyContributors,CancellationNotStarted,CancellationAlreadyStarted,CancellationNotFinished,CancellationTotalMissing,UpgradeNotProposed,UpgradeTimelockNotElapsed,UpgradeProposalExpired,MigrationAlreadyApplied,Paused,EventIdOverflow,ProfileCallFailed,PrizeAlreadyClaimed","pause,submit,id_base,migrate,unpause,version,add_funds,get_admin,get_event,is_paused,set_admin,claim_prize,get_fee_bps,get_manager,get_winners,set_fee_bps,accept_admin,create_event,start_cancel,__constructor,apply_upgrade,get_winner_at,accept_manager,get_applicants,get_submission,migrate_events,select_winners,apply_to_bounty,claim_milestone,finalize_cancel,get_fee_account,propose_manager,propose_upgrade,set_fee_account,get_applicant_at,get_contributors,get_winner_count,get_winners_page,get_contributor_at,is_supported_token,supported_token_at,get_applicant_count,get_applicants_page,get_pending_manager,get_pending_upgrade,withdraw_submission,get_profile_contract,process_cancel_batch,set_profile_contract,withdraw_application,get_contributor_count,get_contributors_page,supported_token_count,cancel_pending_manager,cancel_pending_upgrade,get_contributor_amount,get_migrated_to_version,register_supported_token,deregister_supported_token,get_applicant_submission_count","Paused,Applied,Migrated,Unpaused,Upgraded,Submitted,FundsAdded,WinnerPaid,AdminUpdated,EventCreated,FeeBpsUpdated,EventCancelled,ManagerChanged,UpgradeApplied,ManagerProposed,PendingAdminSet,TokenRegistered,WinnersSelected,MilestoneClaimed,FeeAccountUpdated,TokenDeregistered,ContributorRefunded,SubmissionWithdrawn,ApplicationWithdrawn,OwnerResidualRefunded,PendingUpgradeProposed,ProfileContractUpdated,PendingManagerCancelled,PendingUpgradeCancelled"
"b893a6a0cfc68855cf8c0fd129bd8137860d9ca16c1bbf5c375625431f76425d",0,0.0000,"22.0.6#0c47dcfa187069d241f11fb082730f667b55e802","1.87.0","AquaToken/soroban-amm","","AnotherActionActive,NoActionActive,ActionNotReadyYet","a,get_virtual_price,calc_token_amount,get_dy,get_dx,remove_liquidity_imbalance,calc_withdraw_one_coin,withdraw_one_coin,set_privileged_addrs,get_privileged_addrs,ramp_a,stop_ramp_a,commit_new_fee,apply_new_fee,revert_new_parameters,kill_deposit,kill_swap,kill_claim,unkill_deposit,unkill_swap,unkill_claim,get_is_killed_deposit,get_is_killed_swap,get_is_killed_claim,set_protocol_fee_fraction,get_protocol_fees,claim_protocol_fees,initialize_all,pool_type,initialize,get_fee_fraction,get_protocol_fee_fraction,share_id,get_total_shares,get_reserves,get_tokens,get_decimals,deposit,swap,estimate_swap,swap_strict_receive,estimate_swap_strict_receive,withdraw,get_info,version,contract_name,commit_upgrade,apply_upgrade,revert_upgrade,set_emergency_mode,get_emergency_mode,initialize_rewards_config,initialize_boost_config,set_reward_boost_config,set_rewards_config,get_unused_reward,return_unused_reward,get_rewards_info,get_user_reward,checkpoint_reward,checkpoint_working_balance,get_total_accumulated_reward,get_total_configured_reward,get_total_claimed_reward,claim,gauge_add,gauge_remove,gauge_schedule_reward,kill_gauges_claim,unkill_gauges_claim,get_gauges,gauges_claim,gauges_get_reward_info,init_pools_plane,set_pools_plane,get_pools_plane,backfill_plane_data,commit_transfer_ownership,apply_transfer_ownership,revert_transfer_ownership,get_future_address,init_config_storage",""
"b8b1d1284572d91015f94fcecc8a4b1bcaf0f7931260bb5fa35dcd681b8ca15c",1,0.0007,"22.0.4#1d4afb3b981a4f4b2bbc19f0ce38af85c4ab316a","1.85.1","","","InvoiceNotFound,InvoiceTokenConfigNotFound,DealNotFound,InvoiceAlreadyExists,DealAlreadyExists,Forbidden,InvalidInvoiceStatus,InvalidInvoiceTokenConfigMinAmount,InvalidDealStatus,InvalidDealMetadata,InvalidDealInvoiceIDsCount,InvalidInvoiceManagersCount,InvalidInvoiceManager,InvalidFeeAmount","__constructor,name,version,upgrade,has_role,grant_role,revoke_role,get_invoices_count,get_invoice,get_invoice_token_config,set_invoice_token_config,remove_invoice_token_config,send_invoice,refund_invoice,get_deals_count,get_deal,create_deal,update_deal,cancel_deal,payout_deal",""
"b8efc4f48e3268f783512b71d7451ed24cf857080d82dd8c7f21014e813bc9e9",0,0.0000,"22.0.6#0c47dcfa187069d241f11fb082730f667b55e802","1.81.0","","","Unauthorized,NotInitialized,AlreadyInitialized,ProtocolDisabled,InvalidPath,Unfeasible","init,enable_protocol,update_contract,swap,withdraw",""
"b9454e4feb1a5c38763c0199919b35c0853baed35dbfe5dd1835c86e8d3bd6b4",1,0.0007,"26.1.0#175aa41306f383057a8cdfc84b68d931664fc34e","1.96.0","","","VkParseError,ProofParseError,VerificationFailed,VkNotSet","verify_proof,__constructor",""
"b9984bb4355dc0502e9bf2447a9b821b93649285d8d56a1a11fa51e9060d06d0",3,0.0020,"21.7.7#5da789c50b18a4c2be53394138212fed56f0dfc4","1.82.0","github:reflector-network/reflector-aqua-pool-proxy-contract","","AlreadyInitialized,Unauthorized,AssetNotSupported,InvalidPool","lastprice,decimals,base,config,set_oracle,add_pools,remove_pools,update_contract",""
"b9e3500cfb559781e68359655f37775c78afffc5a8436daca9d1d1f8e3569b02",1,0.0007,"23.5.3#d3e1ab2424388b10893b796b0c8e405c5edd03d2","1.90.0","","","AlreadyInitialized,AdminCannotBeZero,EventsContractNotConfigured,Unauthorized,NotAdmin,PendingAdminMismatch,PendingAdminExpired,NotInitialized,EventsContractAlreadyConfigured,PendingEventsContractMismatch,PendingEventsContractExpired,PendingEventsContractTimelock,ProfileNotFound,InvalidAmount,ReasonRequired,OpAlreadySeen,Paused,UpgradeNotProposed,UpgradeTimelockNotElapsed,UpgradeProposalExpired,MigrationAlreadyApplied","__constructor,set_admin,accept_admin,set_events_contract,propose_events_contract,accept_events_contract,cancel_pending_events_contract,pause,unpause,propose_upgrade,apply_upgrade,cancel_pending_upgrade,migrate,bootstrap,bootstrap_self,bump_reputation,slash_reputation,register_earnings,admin_slash_reputation,get_profile,get_earnings,get_admin,get_events_contract,get_pending_events_contract,is_paused,version,get_pending_upgrade,get_migrated_to_version","ProfileBootstrapped,ReputationBumped,ReputationSlashed,EarningsRegistered,AdminReputationSlashed,AdminUpdated,PendingAdminSet,EventsContractUpdated,PendingEventsContractSet,EventsRotationCancelled,Paused,Unpaused,Upgraded,PendingUpgradeProposed,PendingUpgradeCancelled,UpgradeApplied,Migrated"
"baabbdd1d1816be62751880621a323168525f839442de5f4c1ce1c1a0ebf42b1",306,0.2090,"22.0.6#0c47dcfa187069d241f11fb082730f667b55e802","1.87.0","AquaToken/soroban-amm","","AnotherActionActive,NoActionActive,ActionNotReadyYet","initialize_all,pool_type,initialize,share_id,get_total_shares,get_tokens,deposit,swap,estimate_swap,swap_strict_receive,estimate_swap_strict_receive,withdraw,get_reserves,get_fee_fraction,get_protocol_fee_fraction,get_info,set_privileged_addrs,get_privileged_addrs,kill_deposit,kill_swap,kill_claim,unkill_deposit,unkill_swap,unkill_claim,get_is_killed_deposit,get_is_killed_swap,get_is_killed_claim,set_protocol_fee_fraction,get_protocol_fees,claim_protocol_fees,version,contract_name,commit_upgrade,apply_upgrade,revert_upgrade,set_emergency_mode,get_emergency_mode,initialize_rewards_config,initialize_boost_config,set_reward_boost_config,set_rewards_config,get_unused_reward,return_unused_reward,get_rewards_info,get_user_reward,checkpoint_reward,checkpoint_working_balance,get_total_accumulated_reward,get_total_configured_reward,adjust_total_accumulated_reward,get_total_claimed_reward,claim,gauge_add,gauge_remove,gauge_schedule_reward,kill_gauges_claim,unkill_gauges_claim,get_gauges,gauges_claim,gauges_get_reward_info,init_pools_plane,set_pools_plane,get_pools_plane,backfill_plane_data,commit_transfer_ownership,apply_transfer_ownership,revert_transfer_ownership,get_future_address,init_config_storage",""
"bae64212e66d36a12f0b398ea2a75830c7324d64f2f0b615dc49ccbd869432c0",0,0.0000,"25.3.1#e50d95af029c83196dd122f0154bac3f1302394b","1.93.0","","","NotInitialized,Unauthorized,InsufficientDeposit,InsufficientShares,ZeroAmount,SplitNotActive,AlreadySplit,BelowMinDeposit,InvalidFeeBps","burn,name,symbol,approve,balance,deposit,upgrade,decimals,transfer,withdraw,allowance,burn_from,set_admin,extend_ttl,initialize,vault_rate,add_deposit,deposit_for,split_yield,withdraw_to,mint_fee_bps,set_mint_fee,set_registry,total_assets,total_shares,transfer_from,public_deposit,get_yield_split,set_operator_wallet","BurnEvent,MintEvent,TopUpEvent,ApproveEvent,TransferEvent,VaultDepositEvent,PublicDepositEvent,VaultWithdrawEvent,VaultWithdrawToEvent,Burn,Mint,Approve,Clawback,Transfer,MintWithAmountOnly,TransferWithAmountOnly"
"bb79374086c981f6937907516ba98af68aadf005bc34f0a18a863e7d02d37b48",27,0.0184,"22.0.6#0c47dcfa187069d241f11fb082730f667b55e802","1.87.0","","","AnotherActionActive,NoActionActive,ActionNotReadyYet","a,get_virtual_price,calc_token_amount,get_dy,get_dx,remove_liquidity_imbalance,calc_withdraw_one_coin,withdraw_one_coin,set_privileged_addrs,get_privileged_addrs,ramp_a,stop_ramp_a,commit_new_fee,apply_new_fee,revert_new_parameters,kill_deposit,kill_swap,kill_claim,unkill_deposit,unkill_swap,unkill_claim,get_is_killed_deposit,get_is_killed_swap,get_is_killed_claim,set_protocol_fee_fraction,get_protocol_fees,claim_protocol_fees,initialize_all,pool_type,initialize,get_fee_fraction,get_protocol_fee_fraction,share_id,get_total_shares,get_reserves,get_tokens,get_decimals,deposit,swap,estimate_swap,swap_strict_receive,estimate_swap_strict_receive,withdraw,get_info,version,commit_upgrade,apply_upgrade,revert_upgrade,set_emergency_mode,get_emergency_mode,upgrade_token_legacy,initialize_rewards_config,initialize_boost_config,set_reward_boost_config,set_rewards_config,get_unused_reward,return_unused_reward,get_rewards_info,get_user_reward,checkpoint_reward,checkpoint_working_balance,get_total_accumulated_reward,get_total_configured_reward,get_total_claimed_reward,claim,init_pools_plane,set_pools_plane,get_pools_plane,backfill_plane_data,commit_transfer_ownership,apply_transfer_ownership,revert_transfer_ownership,get_future_address",""
"bb93fd078b3d5cffa9996b4c0cc81889747adb297a4300244143d62f8e30ccd8",1,0.0007,"26.1.0#175aa41306f383057a8cdfc84b68d931664fc34e","1.97.1","","","NotOwner,NotKeeper,NotAdmin,Unauthorized,AlreadyDeployed,Paused,ZeroAmount,WeightsInvalid,EmptyAllocations,VaultNotWhitelisted,SwapRequired,UnexpectedSwap,InsufficientBalance,SlippageExceeded,DeadlineExceeded,SwapFailed,BadSwapPath,PositionNotFound,NothingToWithdraw,TooManyVaults,AdapterError,UnsupportedProtocol,Math,UnsupportedOutput,InactiveVault,FeeTooHigh,TreasuryUnset,BadNonce,NothingToSwap,NothingToDeposit,MultiAssetVault,TooManyStrategies,SweepNotAllowed,InvalidReason","admin,owner,pause,invest,rescue,unpause,upgrade,withdraw,is_paused,positions,accept_admin,withdraw_all,__constructor,auto_rebalance,rebalance_swap,transfer_admin,note_no_rebalance,rebalance_deposit,rebalance_withdraw,enable_auto_rebalance,disable_auto_rebalance","Paused,Rescued,Upgraded,VaultSet,Deposited,IdleSwept,KeeperSet,RouterSet,Withdrawn,AdminChanged,FeeConfigSet,RebalanceNoOp,WithdrawAllDone,KeeperEnabledSet,RebalanceSwapped,RebalanceToggled,StrategyDeployed,RebalanceDeposited,RebalanceWithdrawn,AdminTransferProposed"
"bb9bc6168117e208ecf79dc32b7d9e5a7acbec16526d6b3dfd58dd0221433736",2,0.0014,"22.0.6#0c47dcfa187069d241f11fb082730f667b55e802","1.87.0","AquaToken/soroban-amm","","AnotherActionActive,NoActionActive,ActionNotReadyYet","__constructor,set_swap_fee_contract_wasm,deploy_swap_fee_contract,version,contract_name,commit_upgrade,apply_upgrade,revert_upgrade,set_emergency_mode,get_emergency_mode,commit_transfer_ownership,apply_transfer_ownership,revert_transfer_ownership,get_future_address",""
"bba9339f4e4018e459c1f8f1ab34d2a41e6ad980f508f9aceef650660fb5e23d",1,0.0007,"27.0.2#45d378a6cb4a026d23fc7286b6ee3add9c9dd0b9","1.97.1","","","AlreadyInitialized,NotInitialized,WorkerExists,WorkerNotFound,InvalidAmount,InvalidLimit,InvalidStatus,InsufficientAccrued,LimitExceeded,DrawAlreadyProcessed,RepaymentAlreadyProcessed,RepaymentExceedsOutstanding,OutstandingBalance,InsufficientFunds","draw,close,repay,accrue,fund_pool,get_policy,get_worker,init_policy,register_worker","PoolFunded,AdvanceDrawn,WagesAccrued,WorkerClosed,AdvanceRepaid,WorkerRegistered,PolicyInitialized"
"bbf7d6c27c37e71bea99163e0f284524108f7ac5f6fcf11db9931946bcb18e99",0,0.0000,"22.0.6#0c47dcfa187069d241f11fb082730f667b55e802","1.81.0","","","Unauthorized,NotInitialized,AlreadyInitialized,ProtocolDisabled,InvalidPath,Unfeasible","init,enable_protocol,update_contract,strict_send,withdraw",""
"bc09c05b214c19a5468214c345937b294d9ccf927293c2fda65b5696ffffd9ab",0,0.0000,"25.3.1#e50d95af029c83196dd122f0154bac3f1302394b","1.93.0","","","NotInitialized,AlreadyRegistered,DomainExpired,NotOwner,InvalidName,InvalidDuration,InsufficientPayment,DomainNotFound,Unauthorized,SubdomainLimitReached,ProductionLocked,GracePeriodActive,NotExpired,MarketplaceNotSet,BelowFloorPrice,TooManyRecords,NftNotFound,NotApproved,ApprovalExpired,RegistrationsPaused,NeedsUpgrade,BlacklistedName,ReservedName","name,renew,symbol,approve,balance,resolve,upgrade,owner_of,register,transfer,get_price,set_admin,token_uri,early_exit,extend_ttl,gift_renew,initialize,set_status,fix_pricing,get_xld_sac,set_records,set_xld_sac,get_approved,get_token_id,is_available,set_base_uri,set_reserved,total_minted,__constructor,admin_reclaim,expire_domain,set_subdomain,transfer_from,get_node_count,set_avatar_nft,upgrade_domain,approve_for_all,reverse_resolve,set_blacklisted,set_marketplace,set_ustry_token,get_pause_status,get_vault_shares,transfer_by_node,set_aquarius_pool,zap_public_deposit,get_operator_wallet,is_approved_for_all,register_with_ustry,set_aquarius_router,set_operator_wallet,get_early_exit_quote,marketplace_transfer,get_domain_attributes,set_pause_registrations,set_aquarius_pool_contract","NftMintEvent,EarlyExitEvent,NftApproveEvent,NftTransferEvent,DomainExpiredEvent,DomainRenewedEvent,RecordUpdatedEvent,RegistryPauseEvent,StatusChangedEvent,DomainRegisteredEvent,NftApproveForAllEvent,DomainTransferredEvent,MarketplaceTransferEvent"
"bce7d62f3e5f3b77ed8286c310af7dacf1c7b06843c1f1483dae0c87d709afec",1,0.0007,"25.3.1#e50d95af029c83196dd122f0154bac3f1302394b","1.96.0","","","AlreadyInitialized,DeviceNotFound,NotOwner,AlreadyRegistered","revoke,register,get_agent,get_owner,get_device,initialize,is_authorized,wallet_device_at,wallet_device_count",""
"bd113f56282fd8d980eb7bf78ff1caf1bd50fdb5535c81001900ba8b5210579e",0,0.0000,"25.3.1#e50d95af029c83196dd122f0154bac3f1302394b","1.93.0","","","NotInitialized,AlreadyRegistered,DomainExpired,NotOwner,InvalidName,InvalidDuration,InsufficientPayment,DomainNotFound,Unauthorized,SubdomainLimitReached,ProductionLocked,GracePeriodActive,NotExpired,MarketplaceNotSet,BelowFloorPrice,TooManyRecords,NftNotFound,NotApproved,ApprovalExpired","name,renew,symbol,approve,balance,resolve,upgrade,owner_of,register,transfer,get_price,set_admin,token_uri,early_exit,extend_ttl,initialize,set_status,fix_pricing,set_records,get_approved,get_token_id,is_available,nft_transfer,set_base_uri,expire_domain,set_subdomain,transfer_from,get_node_count,approve_for_all,reverse_resolve,set_marketplace,get_vault_shares,is_approved_for_all,marketplace_transfer","NftMintEvent,EarlyExitEvent,NftApproveEvent,NftTransferEvent,DomainExpiredEvent,DomainRenewedEvent,RecordUpdatedEvent,StatusChangedEvent,DomainRegisteredEvent,NftApproveForAllEvent,DomainTransferredEvent,MarketplaceTransferEvent"
"bd2d4a81ba220e9e6d03e7b20597dc27253c66a17e63e102374efbdcb7ef0565",1,0.0007,"21.1.1#648cbcb799858b9ba9f240c82c0babcf621050bc","1.74.1","","","NotInitialized,OwnerNameReserved,Unauthorized","set_owner,save_texts,get_texts",""
"bd4494351142ca2ac1ac9d65bcdbb9ee9da6f169cf779ab4ca2e330dc6dcef15",2,0.0014,"22.0.11#34f7f53ae31e0fd02aab436a9872e79fa671ca02","1.88.0","","","Math,MathOverflow,MathUnderflow,DivisionByZero,LnOfNegative,Unauthorized,Paused,AlreadyInitialized,NotInitialized,MaturityNotReached,MaturityReached,MarketLockedNearMaturity,InvalidMaturity,InsufficientLiquidity,SlippageExceeded,MinDepositNotMet,OracleStale,OracleRejected,InsufficientBalance,InvalidUnderlying,TvlCapExceeded","__constructor,add_liquidity,remove_liquidity,swap_exact_pt_for_sy,swap_sy_for_exact_pt,implied_rate,get_implied_apy,get_pt_price,lp_balance,total_lp,reserves,config,update_observation,pause,unpause,set_fee_bps",""
"bde348b47e2bc0eb910f0966906be4fa43f6b103221225f3b9fd5760ba297b24",0,0.0000,"21.7.7#5da789c50b18a4c2be53394138212fed56f0dfc4","1.81.0","","","NotInitialized,AlreadyInitialized,ProtocolDisabled,Unfeasible,Unauthorized,InvalidPath","init,enable_protocol,update_contract,strict_send,strict_receive",""
"be8abfd471e1f07ebbf29a64562c4dc89349d832dfc1cb9fa95f0917a607b466",0,0.0000,"22.0.11#34f7f53ae31e0fd02aab436a9872e79fa671ca02","1.91.0","","","AlreadyInitialized,NotInitialized,Unauthorized,Paused,InvalidAmount,InvalidLeverage,InsufficientLiquidity,PositionNotFound,PositionNotOpen,NotLiquidatable,InvalidBatch,InvalidPrice,InvalidEstimate,Slippage,Arithmetic,WithdrawalLocked,MarketNotFound,MarketDisabled,InvalidPool,PoolSwapDisabled,PoolEmergencyMode,PositionTooLarge,SwapAccountingMismatch,RateConfigNotFound,MaxUtilizationExceeded,InvalidClosePercentage,PartialCloseTooSmall,PartialCloseLeavesUnsafePosition,InsufficientPositionEquity,UnsafeMarketMutation","upgrade,get_pool,get_risk,open_long,get_market,open_short,set_market,set_paused,get_position,process_ready,__constructor,close_position,get_borrow_rate,preview_position,deposit_liquidity,get_global_config,set_market_enabled,withdraw_liquidity,refresh_action_queue,get_interest_rate_config,set_interest_rate_config",""
"be969de545da89a04508e4952e94a53a77e76ecfa67d74b23fd56e0be42290d4",1,0.0007,"23.0.2#a97daf8b07cdf24e9bd45e344db51a21b9ea77d3","1.88.0","","","HexLengthInsufficient,MulDivFailed,InvalidPriceRange,U256ToU128ConversionFailed,TransactionTooOld,AlreadyInitialized,FactoryNotInitialized,XlmAddressNotInitialized,TokenDoesNotExist,NotTokenOwner,Unauthorized,InsufficientBalance,InvalidTickRange,TickNotAligned,TickOutOfBounds,PoolNotFound,MathOverflow,PriceSlippageCheck,NothingToCollect,TokensNotOrdered,LiquidityCalculationFailed,PoolKeyMissing,TokenDescriptorNotSet,NoApprovedAddress,PositionNotCleared","init,positions,mint,mint_with_hints,increase_liquidity,increase_liquidity_with_hints,decrease_liquidity,decrease_liquidity_with_hints,collect,collect_with_hints,get_token_descriptor,get_factory,get_xlm_address,owner_of,name,symbol,balance,transfer,approve,get_approved,approve_for_all,is_approved_for_all,transfer_from,exists,token_uri,burn,get_user_token_ids,get_position_with_fees,get_positions_with_fees,get_user_positions_with_fees,position_principal,position_fees,position_total,upgrade,migrate,version,schema_version,set_admin,get_admin,revoke_upgrades_permanently","IncreaseLiquidityEvent,DecreaseLiquidityEvent,CollectEvent,UpgradedEvent,MigratedEvent,AdminChangedEvent,UpgradeabilityRevokedEvent,UserAllowed,UserDisallowed,UserBlocked,UserUnblocked,Burn,Deposit,Withdraw,Transfer,Approve,Mint,Burn,ConsecutiveMint,SetDefaultRoyalty,SetTokenRoyalty,RemoveTokenRoyalty,Transfer,Approve,ApproveForAll,Mint,KeyAllowed,KeyRemoved,ClaimRevoked,SignaturesInvalidated,ClaimTopicAdded,ClaimTopicRemoved,TrustedIssuerAdded,TrustedIssuerRemoved,IssuerTopicsUpdated,ModuleAdded,ModuleRemoved,DocumentUpdated,DocumentRemoved,ClaimAdded,ClaimRemoved,ClaimChanged,IdentityStored,IdentityUnstored,IdentityModified,IdentityRecovered,CountryDataAdded,CountryDataRemoved,CountryDataModified,TokenBound,TokenUnbound,TokenOnchainIdUpdated,RecoverySuccess,AddressFrozen,TokensFrozen,TokensUnfrozen,Mint,Burn,ComplianceSet,ClaimTopicsAndIssuersSet,IdentityVerifierSet,SetRoot,SetClaimed,Paused,Unpaused"
"bebd8845c4ea8ba6f849a40f631cb29097815d37c877faa9305cc050f9f5f773",0,0.0000,"25.0.2#59a2e01a26f9330f8d516690911cb2ca87a6f1b3","1.93.0","","","NotInitialized,AlreadyInitialized,InvalidSession,BadAuth","end,start,upgrade,set_house,initialize",""
"bed32b8746d854ac565596a6e3a68ba0ea67f8e476254696e89e7ac5d1d259f9",1,0.0007,"22.0.8#f46e9e0610213bbb72285566f9dd960ff96d03d8","1.88.0","","","CampaignAlreadyInitialized,CampaignStartDateInThePast,NegativeRewardAmount,RewardAmountExceedsTotalCampaignReward,TotalRewardWouldExceedCampaignLimit,CampaignNotInitialized,CampaignNotStarted,CampaignNotProperlyInitialized,InvalidTaskId","extend_ttl,init,claim_reward,get_task_reward,get_remaining_reward,campaign_data",""
"bf0a3d1edfda3773903c9eb91f34d570577f5962f282ac95ccb31fd9d67a22ec",2,0.0014,"23.5.3#d3e1ab2424388b10893b796b0c8e405c5edd03d2","1.91.1","github:Dobprotocol/stellar-distribution-contracts","dobprotocol.com","NotInitialized,AlreadyInitialized,Unauthorized,CampaignNotActive,CampaignAlreadyFinalized,DeadlineNotReached,CampaignNotSucceeded,CampaignNotFailed,CampaignAlreadyActivated,InvalidSharesAmount,HardCapReached,NothingToRefund,InvalidPrice,InvalidCap,InvalidDeadline,Overflow,InvalidPayoutMode","init,refund,upgrade,activate,finalize,contribute,get_config,get_status,get_splitter,get_contribution,get_total_raised",""
"bf1aa9b2a4f8c05e1e5226009800bf69bd9ab7375ad160a1113d8d31a6ffdc69",1,0.0007,"26.1.0#175aa41306f383057a8cdfc84b68d931664fc34e","1.93.1","","","NotInitialized","__check_auth,__constructor",""
"bf7adb09076853eb3aa569278754111d86e161e35e7dc6a984ecde2b9d6700ae",1,0.0007,"20.5.0#9e2c3022b4355b224a7a814e13ba51761eeb14bb","1.77.2","","","ErrNotCPool,ErrNotController,AlreadyInitialized","init,new_c_pool,is_c_pool",""
"bfd36d86410d32895a100cb168b52b9fea1ff18eb0b54b918540de7a0c8953c1",1,0.0007,"25.3.1#e50d95af029c83196dd122f0154bac3f1302394b","1.93.0","","","NotInitialized,AlreadyRegistered,DomainExpired,NotOwner,InvalidName,InvalidDuration,InsufficientPayment,DomainNotFound,Unauthorized,SubdomainLimitReached,ProductionLocked,GracePeriodActive,NotExpired,MarketplaceNotSet,BelowFloorPrice,TooManyRecords,NftNotFound,NotApproved,ApprovalExpired,RegistrationsPaused,NeedsUpgrade,BlacklistedName,ReservedName","name,renew,symbol,approve,balance,resolve,upgrade,owner_of,register,transfer,get_price,set_admin,token_uri,early_exit,extend_ttl,gift_renew,initialize,set_status,fix_pricing,set_records,get_approved,get_token_id,is_available,set_base_uri,set_reserved,total_minted,__constructor,expire_domain,set_subdomain,transfer_from,get_node_count,set_avatar_nft,upgrade_domain,approve_for_all,reverse_resolve,set_blacklisted,set_marketplace,set_ustry_token,get_pause_status,get_vault_shares,transfer_by_node,set_aquarius_pool,zap_public_deposit,get_operator_wallet,is_approved_for_all,register_with_ustry,set_aquarius_router,set_operator_wallet,get_early_exit_quote,marketplace_transfer,get_domain_attributes,set_pause_registrations,set_aquarius_pool_contract","NftMintEvent,EarlyExitEvent,NftApproveEvent,NftTransferEvent,DomainExpiredEvent,DomainRenewedEvent,RecordUpdatedEvent,RegistryPauseEvent,StatusChangedEvent,DomainRegisteredEvent,NftApproveForAllEvent,DomainTransferredEvent,MarketplaceTransferEvent"
"c0492560c4aff72d559ba88fcf385aba8d69c22b10f6e532edb0b587176f3554",0,0.0000,"21.7.4#f67b4bf2d2de04d87d28225a99027fd40b7da914","1.81.0","","","NotInitialized,AlreadyInitialized,ProtocolDisabled,Unfeasible,Unauthorized,InvalidPath","init,enable_protocol,update_contract,strict_send",""
"c04e048458e4cc7292484dc355dc88d818c47d7fcda0adb3303cacb64e5c5636",1,0.0007,"27.0.6#60926a20d1f9f0a669d5fe551636f42a1302f0c0","1.93.0","","","InvalidConfig,NotAdmin,NotVerifier,VerifierAlreadyExists,VerifierNotFound,IdentityNotFound,InvalidHandle,InvalidPlatform,ProjectNotFound,ProposalNotFound,InvalidGitRef,InvalidProtocolHash,InvalidMetricScale,InvalidCloneUrl,InvalidImprovementBips,InvalidAmount,ArithmeticOverflow,ProjectFrozen,ProjectAlreadyFrozen,ProtocolEpochMismatch,NotProjectCreator,StakeTooLow,QueueFull,BaseCommitMismatch,InvalidStatus,NotClaimOwner,ReviewLockActive,ProposalCannotExpire,InsufficientImprovement,ReviewLockExpired,MergeAlreadyRecorded","config,expire,reject,submit,approve,get_project,is_verifier,add_verifier,bump_project,claim_review,get_identity,get_proposal,get_verifier,record_merge,__constructor,link_identity,amend_protocol,create_project,freeze_project,release_review,incumbent_score,next_project_id,remove_verifier,unlink_identity,next_proposal_id,get_open_proposals,improvement_threshold","MergeRecorded,ProjectFrozen,ReviewClaimed,VerifierAdded,IdentityLinked,ProjectCreated,ProposalExpired,ProtocolAmended,VerifierRemoved,FrontierAdvanced,IdentityUnlinked,ProposalApproved,ProposalRejected,ProposalReleased,ProposalSubmitted"
"c06728a6affa0f7933039f8b7819cf404a7abe7c40e0428827e19c2a33c49aea",1,0.0007,"23.0.1#510d3feb724c2b01d7e7ab7652f03b9f8efc3f35","1.93.0-nightly","","","ImplNotSet,GovernorNotSet,Unauthorized,InvalidBootstrapAdmin,InvalidSwapRiskPolicy","upgrade,get_arkas,create_arka,migrated_to,migrate_arka,set_governor,set_registry,migrated_from,last_wasm_hash,share_token_of,bootstrap_admin,create_and_init,set_creation_fee,get_implementation,set_implementation,set_bootstrap_admin,get_arkas_by_manager,clear_bootstrap_admin,get_protocol_treasury,set_protocol_treasury,bootstrap_admin_active,get_creation_fee_token,get_creation_fee_amount,get_default_swap_oracle,set_default_swap_oracle,set_protocol_fee_splits,clear_default_swap_oracle,get_protocol_mgmt_fee_bps,get_protocol_perf_fee_bps,set_share_impl_controlled,bootstrap_admin_expires_at,get_default_venue_registry,set_default_allowed_venues,set_default_venue_registry,get_default_allowed_routers,clear_default_venue_registry,get_default_allowed_adapters,get_default_swap_risk_policy,set_default_swap_risk_policy,set_implementation_controlled,get_share_token_implementation,set_share_token_implementation",""
"c0ca47e16ad9c1eee2f32d7da920325fd3cee7a1ab6d892fdfb1d0076a4ca27c",0,0.0000,"21.7.6#c6cca8f8cf75618c24ceb5d9ffdfe735486ae1e9","1.76.0-nightly","","","NotInitialized,Initialized,TokenLockNotExist,TokenLockKeyExist,TokenLockInProgress,TokenVestingNotExist,TokenVestingKeyExist,SPInvalidShareAmount,SPInsufficientBalance,SPInvalidLockPeriod,StakingCampaignInvalid,StakingCampaignNotExist,StakingCampaignKeyExist,StakingCampaignMaxTiersLimit,StakingCampaignPaidTierRequired,StakingCampaignInvalidTier,StakingCampaignInvalidUpdateInterval,StakingCampaignNotStarted,StakingCampaignEnded,StakingCampaignActive,StakingCampaignInvalidReferralData,StakingDataInvalid,StakingDataNotExist,StakingDataExist,StakingDataMaxTierUnlockLimit,StakingDataMaxPriceLimit,StakingDataMinStakeLimit,StakingDataInvalidUnstakeAmount,AirdropCampaignInvalid,AirdropCampaignNotExist,AirdropCampaignKeyExist,AirdropCampaignNotStarted,AirdropCampaignEnded,AirdropCampaignActive","initialize,upgrade,version,get_user,unlock_tokens,claim_vested,sp_stake,sp_unstake,sp_lock_shares,staking_new_campaign,staking_change_tier_price,staking_unlock_tier,staking_extend_tier,staking_stake,staking_unstake,staking_claim,staking_claim_remaining_rewards,staking_get_campaign,airdrop_new_campaign,airdrop_participate,airdrop_claim,airdrop_get_campaign",""
"c0cdeaf7c36a5268c7882ccda2aac8f7250eb525270c7b7bd0bf023337f30fb9",2,0.0014,"25.3.1#e50d95af029c83196dd122f0154bac3f1302394b","1.96.1","","","AlreadyInitialized,NotInitialized,NotAuthorized,Paused,InvalidAmount,MathOverflow,NoPendingAdmin,NoPendingUpgrade,TimelockNotElapsed,TimelockOutOfBounds,UnexpectedDecimals,PositionNotFound,NotPositionOwner,NotMatured,InsufficientBalance,SolvencyViolation,PositionClosed,MarketMatured,SplitTooSmall,RateOutOfBounds,NoStrategyPosition,WithdrawShortfall,ReceiptNotFound,NotReceiptOwner,VaultNotMatured,ReceiptClosed,InsufficientCapacity,RateNotAllowed,VaultExpired,InsufficientLiquidity,SlippageExceeded,MarketExpired,InsufficientShares,ImbalancedLiquidity,FeeNotAllowed,MaturityMismatch,PtTokenMismatch,UnderlyingMismatch,InsufficientAllowance,SeriesExpired,SeriesNotExpired,NotRegistered,FeeShareTooHigh,MinOutNotMet,DustAmount,DepositCapExceeded","seed,admin,pause,quote,stats,sweep,redeem,deposit,harvest,surplus,unpause,version,maturity,pt_token,rate_bps,set_rate,sr_token,timelock,code_hash,is_paused,initialize,underlying,get_receipt,accept_admin,bump_receipt,max_rate_bps,set_timelock,__constructor,apply_upgrade,pending_admin,propose_admin,sweep_surplus,total_residue,cancel_upgrade,yield_contract,pending_upgrade,total_liability,redeem_remaining,schedule_upgrade,cancel_admin_transfer","Swept,Seeded,RateSet,Redeemed,Deposited,Harvested,Initialized,SurplusSwept,RedeemedPartial,Upgraded,AdminChanged,AdminProposed,TimelockChanged,UpgradeCancelled,UpgradeScheduled,AdminTransferCancelled"
"c14d849d12d8a63d0eac5764f794157ab2eb7166050291e95c5484b0b48f0b6e",1,0.0007,"25.0.2#59a2e01a26f9330f8d516690911cb2ca87a6f1b3","1.93.0","","","NotInitialized,AlreadyInitialized,InvalidSession,BadAuth","end,start,upgrade,set_house,initialize",""
"c150582b2d6aa0027e7d48c651d88c3a44697a7e5b919063a04ee438b0d71ec5",2,0.0014,"25.3.0#dcbea44513feb7734af6b6c4aced2c4a7a2715d0","1.92.0","","","AlreadyInitialized,InvalidAmount,LockNotExpiredYet,WithdrawOldTokensFirst,UnlockTimeInPast,VotingLockMax,NotImplemented,InvalidUnlockTime,TooManyPositions,SplitAmountTooLarge,MergeEndMismatch,MergeMigratedMismatch,PositionEmpty,CbAlreadyMigrated,MutationOfMigratedPosition,AnotherActionActive,NoActionActive,ActionNotReadyYet","burn,name,symbol,approve,balance,version,decimals,get_lock,transfer,withdraw,allowance,burn_from,balance_at,create_lock,get_lock_end,get_position,list_proxies,migrate_lock,total_supply,__constructor,apply_upgrade,contract_name,get_positions,transfer_from,commit_upgrade,is_cb_migrated,register_proxy,revert_upgrade,increase_amount,total_supply_at,get_lock_summary,unregister_proxy,get_position_data,get_user_schedule,get_emergency_mode,get_future_address,get_position_count,set_emergency_mode,migrate_locks_batch,increase_unlock_time,admin_withdraw_migrated,apply_transfer_ownership,commit_transfer_ownership,revert_transfer_ownership","LockCreated,LockWithdrawn,PositionMoved,LockTimeExtended,LockAmountIncreased,SetPrivilegedAddrs,EnableEmergencyMode,DisableEmergencyMode,ApplyTransferOwnership,CommitTransferOwnership,RevertTransferOwnership,ApplyUpgrade,CommitUpgrade,RevertUpgrade"
"c158a982a7d65ceeead5fcc78c6601c37697bd30ee4838a942f98c319d77c591",1,0.0007,"25.1.1#94c2a3b3a5ded6b9cf9cef0c207bf8804f3eb294","1.93.1","github:AquaToken/soroban-amm","","AnotherActionActive,NoActionActive,ActionNotReadyYet","version,get_value,set_value,__constructor,apply_upgrade,contract_name,commit_upgrade,revert_upgrade,get_emergency_mode,get_future_address,set_emergency_mode,get_value_updated_at,apply_transfer_ownership,commit_transfer_ownership,revert_transfer_ownership",""
"c1744fcc2731e998be35c2d3db9376c31823f4273c36dd5c0e55e11aba141de0",1,0.0007,"23.1.0#7456be9d91fe1f4cb070fc2732bac78244ce6c3f","1.91.0","","","GameNotFound,GameAlreadyStarted,NotPlayer,AlreadyGuessed,BothPlayersNotGuessed,GameAlreadyEnded,NotInitialized,AlreadyInitialized,NotAdmin","upgrade,get_game,get_admin,set_admin,make_guess,start_game,__constructor,reveal_winner,get_blendizzard,set_blendizzard",""
"c176316822b58329498b62d9755e1fdb06dfd929681c8d0a61f81c2b01a9b0e1",0,0.0000,"22.0.8#f46e9e0610213bbb72285566f9dd960ff96d03d8","1.88.0","","","AlreadyInitialized,NotInitialized,AccountInitializationFailed,StorageEntryNotFound,StorageEntryAlreadyExists,NoSigners,SignerAlreadyExists,SignerNotFound,SignerExpired,CannotRevokeAdminSigner,CannotDowngradeLastAdmin,MaxSignersReached,MatchingSignatureNotFound,SignatureVerificationFailed,InvalidProofType,NoProofsInAuthEntry,ClientDataJsonIncorrectChallenge,InvalidWebauthnClientDataJson,InsufficientPermissions,InsufficientPermissionsOnCreation,InvalidPolicy,InvalidTimeRange,InvalidNotAfterTime,PolicyClientInitializationError,PluginNotFound,PluginAlreadyInstalled,PluginInitializationFailed,PluginOnAuthFailed,NotFound","upgrade,__constructor,add_signer,update_signer,revoke_signer,install_plugin,uninstall_plugin,is_plugin_installed,is_deployed,__check_auth",""
"c1835c705b5a8c5aca540cae42bc72985b4331fe8135ed06a7e5a46caee5442e",3,0.0020,"20.3.2#1d7f9bd8030f69070634bfb07394339824ceb399","1.74.1","","","NotInitialized,Initialized,InvalidLaunchpadInfo,InvalidStage,NotWhitelisted,MaxPerAddressLimitExceeded,NotStarted,Started,InvalidNumTokens,SoldOut,AlreadyMinted,PendingClaimLimitExceeded,NotAuthorized,InvalidTokenId,Ended,MaxAdminMintsExceeded","initialize,mint,mint_to,mint_for,claim_tokens,claim_token,burn_remaining,update_admin,get_launchpad_info,get_tokens_to_claim,get_total_minted,get_mint_list,get_tokens_range,version",""
"c1aa54e88e5af6f82a2be5c8ebd033565a5c58af35cd71496199aa541166291f",6,0.0041,"23.0.2#a97daf8b07cdf24e9bd45e344db51a21b9ea77d3","1.89.0","","","Unauthorized,InvalidTickRange,InvalidLiquidity,InvalidAmount,InvalidSqrtPrice,InvalidFee,InvalidTickSpacing,TickOutOfBounds,PriceOutOfBounds,LiquidityOverflow,LiquidityUnderflow,DivisionByZero,MulDivOverflow,U128Overflow,I128Overflow,U64Overflow,U32Overflow,PoolNotInitialized,PoolAlreadyInitialized,PositionNotFound,InsufficientLiquidity,TickNotInitialized,TickNotSpacedCorrectly,OracleNotInitialized,InvalidObservation,ObservationTooOld,NotInitialized,AlreadyInitialized,TickLowerNotLessThanUpper,TickLowerTooLow,TickUpperTooHigh,InvalidPriceLimit,AmountShouldBeGreaterThanZero,NegativeAmount,InsufficientToken0,InsufficientToken1,InvalidFeeProtocol,ZeroPriceNotAllowed,ZeroLiquidityNotAllowed,OverflowInSqrtPriceCalculation,UnderflowInSqrtPriceCalculation,InsufficientRepayment0,InsufficientRepayment1,MustUseFlashExecutor,FlashNotLocked,IdenticalTokens,PoolAlreadyExists,FeeAmountAlreadyEnabled,InvalidFeeAmount","__constructor,check_ticks,block_timestamp,initialize,swap,swap_prefunded,set_router_authorized,burn,collect,collect_protocol,flash_begin,flash_end,slot0,is_initialized,factory,token0,token1,fee,tick_spacing,flash_executor,get_protocol_fee_0,get_protocol_fee_1,get_tick_bitmap,liquidity,fee_growth_global_0_x128,fee_growth_global_1_x128,protocol_fees,ticks,get_position_fee_data,get_full_pool_state,get_pool_state_with_balances,snapshot_cumulatives_inside,observe_single,observe,poke_oracle,get_oracle_hints,get_oracle_status,mint,get_tick_bitmap_public,quote_exact_input,quote_exact_output,positions","InitializeEvent,SwapEvent,MintEvent,BurnEvent,CollectEvent,CollectProtocolEvent,FlashBeginEvent,FlashEndEvent"
"c1b87e77a4a42c15863f17d31ac40ee95ee6a396dca1d4356806b3678064c2da",1,0.0007,"25.1.1#94c2a3b3a5ded6b9cf9cef0c207bf8804f3eb294","1.93.1","github:AquaToken/soroban-amm","","AnotherActionActive,NoActionActive,ActionNotReadyYet","version,get_value,set_value,__constructor,apply_upgrade,contract_name,commit_upgrade,revert_upgrade,get_emergency_mode,get_future_address,set_emergency_mode,get_value_updated_at,apply_transfer_ownership,commit_transfer_ownership,revert_transfer_ownership",""
"c1e45d27707c8450590e19e7e6008f542dd1debd18c3e1aacf4fff3119b1a32a",1,0.0007,"27.0.2#45d378a6cb4a026d23fc7286b6ee3add9c9dd0b9","1.97.1","","","AlreadyInitialized,NotInitialized,InvalidThreshold,StampExists,StampNotFound,InvalidStampStatus,NotEnoughStamps,WrongCustomer,InvalidAmount","admin,redeem,balance,clawback,get_stamp,initialize,issue_stamp,stamps_required","StampIssued,StampRedeemed,StampClawedBack,StampCardInitialized"
"c1ea3cc88293cc38ee594e061b6dbb94cb29846024b5d9946cd4a975b0e1e11f",1,0.0007,"22.0.5#25daaf397971f2c15fd2a5fd0a9967020a19cfcb","1.81.0","","","OfferEmpty,OfferExist,OfferChanged,AdminExist,NotAuthorized,TokenNotSupported,TCDisabled,TCNotLoaned,TCAlreadyLoaned,RecipientNotFound,InvalidAmount","__constructor,version,upgrade,admin,set_admin,add_ext_token,remove_ext_token,get_ext_tokens,create_offer,expire_offer,get_offer,accept_offer,close_offer,recipient",""
"c223ef8fe3f08641cbe0b4400c1731f9d5bb3da94e09ce3a407b3ac7967114b3",0,0.0000,"21.7.7#5da789c50b18a4c2be53394138212fed56f0dfc4","1.81.0","","","NotInitialized,AlreadyInitialized,ProtocolDisabled,Unfeasible,Unauthorized,InvalidPath","init,enable_protocol,update_contract,strict_send,strict_receive",""
"c2434d1967c5555a703e9bad8baef88c94d1f1909a65bb2138866cf96b8d101d",2,0.0014,"22.0.8#f46e9e0610213bbb72285566f9dd960ff96d03d8","1.91.1","","","NoSettings,RefundRequestNotFound,Unauthorized,NoClient,NoCoinClient","burn,mint,name,admin,symbol,approve,balance,upgrade,decimals,transfer,allowance,burn_from,set_admin,initialize,set_client,send_message,set_metadata,create_sender,remove_sender,transfer_from,__constructor,receive_message,add_refund_request,create_trusted_addr,remove_trusted_addr,process_refund_request",""
"c2959ae2fbc9e75bd9b571c9f9f12f64ccad18018c622b73a7e2dd02754ad251",0,0.0000,"21.7.4#f67b4bf2d2de04d87d28225a99027fd40b7da914","1.81.0","","","NotInitialized,AlreadyInitialized,ProtocolDisabled,Unfeasible,Unauthorized,InvalidPath","init,enable_protocol,update_contract,strict_send",""
"c340cb60914e316a5174b770695ad04a3c639041c6b5089629a3756d2801d3c7",1,0.0007,"26.0.0#e1bf74ba6c3ddb591593f5eb5dfb85458ff714c1","1.95.0","","","Uninitialized,Unauthorized,InvalidArgument,Overflow,PendingAdminMissing,NotFound,SwapNotRegistered,TokenMessengerNotRegistered,RelayerNotRegistered,DestinationTokenDisabled,MessageAlreadyUsed,MessageNotReceived,FeeTooHigh,InsufficientWithdrawableAmount,OracleNotConfigured,ReceiptLowerThanPayout,OracleChainNotConfigured,InsufficientGasAmount,DomainNotRegistered,RemoteRouterNotSet,RemoteMessengerNotSet,OnlyRouter,MessageAlreadyReceived,UnknownSourceDomain,InvalidRemoteSender,InvalidDestinationCaller,InvalidMintRecipient,UnsupportedCctpVersion,MessageTooShort,AmountOutOfRange,WithdrawExceedsAvailable,MessageTransmitterRejected,SwapSlippageExceeded,SwapUnknownPair","admin,fee_bp,chain_id,withdraw,gas_oracle,send_token,set_fee_bp,accept_admin,native_token,__constructor,pending_admin,propose_admin,receive_token,register_swap,get_amount_out,set_gas_oracle,chain_gas_usage,register_relayer,is_swap_registered,set_chain_gas_usage,withdrawable_amount,is_relayer_registered,relayer_fee_in_native,set_destination_token,destination_token_info,register_token_messenger,is_token_messenger_registered","TokenSent,Withdrawn,FeeBpChanged,AdminAccepted,AdminProposed,TokenReceived,RelayerFeePaid"
"c37a8f2c7a10acb332060f86b94ed14c63adc97e82182371a8233aca9370f0e3",2,0.0014,"22.0.7#211569aa49c8d896877dfca1f2eb4fe9071121c8","1.84.0","","","AnotherActionActive,NoActionActive,ActionNotReadyYet","__constructor,configure_fees,check_code_reservation,estimate_initial_deposit,create_bonding_curve,update_token,set_bonding_curve_wasm_hash,set_router_contract,set_swap_pool,set_factory_parameters,feature_fee_address,feature_fee_amount,feature_token,is_token_featured,token_featured_until,set_curve_fee_nominator,get_curve_fee_nominator,kill,unkill,get_reserve_token,get_supply,get_reserve_to_collect,get_supply_percentage,get_amm_router,get_bonding_curve_wasm_hash,is_killed,version,commit_upgrade,apply_upgrade,revert_upgrade",""
"c3ce2291fa8f98d4fa717431fd1ff690b93b7058d76d65af8b8070d2d0cd6443",0,0.0000,"26.1.0#175aa41306f383057a8cdfc84b68d931664fc34e","1.95.0","","","NotAuthorizedSigner,InvalidPrice,InvalidThreshold,SignerAlreadyRegistered,SignerNotRegistered,CannotRemoveBelowThreshold,NoDataForFeed,StaleData,PriceOutOfRange,LengthMismatch,FutureTimestamp,FeedAlreadyMapped,FeedNotMapped,FeedNotKnown,InvalidSubmissionAge,StaleSubmission","upgrade,get_owner,__constructor,accept_ownership,renounce_ownership,transfer_ownership,add_feed,add_signer,purge_feed,remove_feed,remove_signer,set_threshold,set_resolution,set_max_stale_seconds,set_max_submission_age_seconds,base,price,assets,prices,decimals,lastprice,resolution,read_price_data,read_price_history,read_price_data_for_feed,submit_price,submit_prices","OwnershipTransfer,OwnershipRenounced,OwnershipTransferCompleted"
"c3fe70f0e0e5d03ee373aaf419010715467a7671fc11c817154d5b32f6cd3ad9",1,0.0007,"27.0.6#60926a20d1f9f0a669d5fe551636f42a1302f0c0","1.96.0","","","AlreadyInitialized,NotInitialized,InvalidMaturity,InvalidAmount,InvalidExchangeRate,ExchangeRateRegression,InsufficientBalance,InsufficientAllowance,MathOverflow,InvalidExpiration,ConsumeExceedsBanked","burn,mint,name,config,settle,symbol,approve,balance,consume,decimals,maturity,transfer,allowance,burn_from,checkpoint,initialize,burn_settled,total_supply,accrued_yield,transfer_from,preview_claim_yield","Burn,Mint,Transfer"
"c484733f7daa8f04c14a771beae0f88713d70d47170ff78b882d7d3ab9dcc4be",1,0.0007,"27.0.6#60926a20d1f9f0a669d5fe551636f42a1302f0c0","1.98.0","","","LengthMismatch,EmptyBatch,NonPositiveAmount,BatchTooLarge,DuplicateRecipient,TotalOverflow","disburse","DisburseEvent"
"c4bfa50c32e5b02629a2312312bbb7a7ba54b56a322764cf65eb4c7a4a14012c",2,0.0014,"23.4.1#e671b396f8bacf1370925f722df158b31c0baae5","1.92.0","","","NotTrusted,UnresolvedDispute,InvalidDispute,NoDispute,NotGovernor,NotGovernorOrGuardian,NotUpgradeable,ZeroAddress,InvalidLengths,NotWhitelisted,InvalidProof,InvalidUninitializedRoot,InvalidReturnMessage","claim,upgrade,get_tree,extend_ttl,get_claimed,revoke_tree,update_tree,dispute_tree,get_disputer,get_operator,__constructor,get_last_tree,recover_sep41,get_is_trusted,toggle_trusted,get_merkle_root,resolve_dispute,toggle_operator,get_dispute_token,get_main_operator,set_dispute_token,get_dispute_amount,get_dispute_period,get_epoch_duration,set_dispute_amount,set_dispute_period,set_epoch_duration,get_claim_recipient,set_claim_recipient,claim_with_recipient,revoke_upgradeability,get_end_of_dispute_period,get_access_control_manager,toggle_main_operator_status,get_upgradeability_deactivated","Claimed,Revoked,Disputed,Recovered,TreeUpdated,TrustedToggled,DisputeResolved,OperatorToggled,DisputeTokenUpdated,DisputeAmountUpdated,DisputePeriodUpdated,EpochDurationUpdated,ClaimRecipientUpdated,UpgradeabilityRevoked,MainOperatorStatusUpdated,AccessControlManagerUpdated,SetRoot,SetClaimed,Paused,Unpaused"
"c4f6b42351f46e0c8190f21cfdedb734e7f4247c1fd610a7dff7d14f1d7c9ba5",0,0.0000,"25.3.1#e50d95af029c83196dd122f0154bac3f1302394b","1.93.0","","","NotInitialized,AlreadyRegistered,DomainExpired,NotOwner,InvalidName,InvalidDuration,InsufficientPayment,DomainNotFound,Unauthorized,SubdomainLimitReached,ProductionLocked,GracePeriodActive,NotExpired,MarketplaceNotSet,BelowFloorPrice,TooManyRecords,NftNotFound,NotApproved,ApprovalExpired,RegistrationsPaused","name,renew,symbol,approve,balance,resolve,upgrade,owner_of,register,transfer,get_price,set_admin,token_uri,early_exit,extend_ttl,gift_renew,initialize,set_status,fix_pricing,set_records,get_approved,get_token_id,is_available,nft_transfer,set_base_uri,total_minted,expire_domain,set_subdomain,transfer_from,get_node_count,approve_for_all,reverse_resolve,set_marketplace,set_ustry_token,get_pause_status,get_vault_shares,set_aquarius_pool,is_approved_for_all,set_aquarius_router,marketplace_transfer,get_domain_attributes,set_pause_registrations","NftMintEvent,EarlyExitEvent,NftApproveEvent,NftTransferEvent,DomainExpiredEvent,DomainRenewedEvent,RecordUpdatedEvent,RegistryPauseEvent,StatusChangedEvent,DomainRegisteredEvent,NftApproveForAllEvent,DomainTransferredEvent,MarketplaceTransferEvent"
"c5176887dab900867ba4bc1dc664136ca69d274f97e7440974c87224eb6b0b20",1,0.0007,"27.0.6#60926a20d1f9f0a669d5fe551636f42a1302f0c0","1.96.0","","","AlreadyInitialized,NotInitialized,InvalidAmount,InsufficientBalance,MathOverflow,InsufficientAllowance,InvalidExpiration,InvalidBlendReserve,BlendWithdrawalFailed,NotAuthorized,Paused,NotPendingAdmin,UpgradeNotReady,SupplyCapExceeded,EmergencyModeActive,AlreadyInEmergencyMode,ProtectedAsset","name,pause,sweep,config,redeem,symbol,approve,balance,deposit,unpause,decimals,guardian,transfer,allowance,is_paused,underlying,accept_admin,is_emergency,is_renounced,set_guardian,total_shares,total_supply,accrued_yield,exchange_rate,pending_admin,propose_admin,share_balance,transfer_from,cancel_upgrade,renounce_admin,execute_upgrade,pending_upgrade,propose_upgrade,initialize_blend,migrate_reserve_index,emergency_withdraw_all","Redeem,Deposit,AdminChanged,PauseChanged,AdminProposed,AdminRenounced,ReserveMigrated,UpgradeProposed,EmergencyWithdrawal"
"c523f157b7ca86412223f954ebf29aeeb3cdd0c17ed680b2d9f4aad3ba748774",1,0.0007,"21.7.6#c6cca8f8cf75618c24ceb5d9ffdfe735486ae1e9","1.85.0","","","EmptyName,EmptyOverview,EmptyContacts,EmptyAdmins,EmptyImageUrl,AdminOrOwnerOnly,OwnerOnly,ContractOwnerOnly,AlreadyApplied,DataNotFound,AlreadyInitialized","initialize,apply,update_project,add_admin,remove_admin,get_project_by_id,get_projects,get_project_admins,get_total_projects,upgrade,get_project_from_applicant,owner,get_precheck,get_precheck_by_id",""
"c546f901186fda4835141560a94e27100a6e1e59eed8f01b3b0c66d45eab08a4",0,0.0000,"23.5.3#d3e1ab2424388b10893b796b0c8e405c5edd03d2","1.96.0","github:Dobprotocol/stellar-distribution-contracts","dobprotocol.com","NotInitialized,AlreadyInitialized,Unauthorized,ContractLocked,LowShareCount,InvalidShareTotal,NegativeShareAmount,DuplicateShareholder,ZeroTransferAmount,TransferAmountAboveBalance,TransferAmountAboveUnusedBalance,InvalidDistributionRound,RoundNotFound,AlreadyClaimed,NothingToClaim,RoundNotFinalized,InsufficientTokenBalance,TokenMintFailed,TokenBurnFailed,Overflow,DivisionByZero,InvalidCommissionRate,ZeroWithdrawalAmount,WithdrawalAmountAboveAllocation,DistributionTooSoon,ClaimsNotOpenYet,RoundExpired,ScheduleNotConfigured,ScheduleNotEnabled,ScheduleCompleted,ScheduledDistributionNotDue,InvalidScheduleConfig,RoundNotExpired,NothingToReclaim,NoSharesToTransfer,InsufficientSharesToTransfer,CannotTransferToSelf,InvalidShareAmount,InvalidPrice,NoSharesToSell,NoActiveListing,InsufficientSharesInListing,CannotBuyOwnShares,InvalidProof,NotSnapshotRound,ListingAlreadyExists","init,claim,upgrade,claim_all,get_round,get_share,set_admin,buy_shares,get_config,get_listing,get_schedule,set_schedule,get_claimable,lock_contract,update_shares,cancel_listing,get_allocation,init_with_type,transfer_shares,transfer_tokens,claim_with_proof,disable_schedule,is_round_expired,get_active_rounds,is_round_claimable,create_distribution,get_total_claimable,withdraw_allocation,get_require_snapshot,get_unclaimed_amount,list_shares_for_sale,set_require_snapshot,get_commission_config,reclaim_expired_round,get_distribution_config,get_next_scheduled_time,set_buy_commission_rate,set_distribution_config,set_commission_recipient,create_distribution_snapshot,trigger_scheduled_distribution,set_distribution_commission_rate","SetAdmin"
"c5509dfa5f022deb8ae621f073adac5fd788feca0b24d15b5f392ab22c2ff222",66,0.0451,"22.0.3#5a3ca3afe8f995c8e04a06656ff037ebaf545704","1.81.0","","","NotFound,AlreadyExists,MissingContext,SignerExpired,FailedSignerLimits,FailedPolicySignerLimits,SignatureKeyValueMismatch,ClientDataJsonChallengeIncorrect,JsonParseError","__constructor,add_signer,update_signer,remove_signer,update_contract_code,__check_auth",""
"c5ad8d9c07b6e153939c1f53612b10afe34b27181cc00e7b259a6a44ea4d4399",1,0.0007,"21.7.7#5da789c50b18a4c2be53394138212fed56f0dfc4","1.96.0","","","NotOwner,StillLocked,AlreadyWithdrawn,ShortenForbidden,VaultNotFound,InvalidAmount,InvalidTimestamp,InvalidToken","deposit,withdraw,get_vault,list_owned,extend_lock,create_vault",""
"c5d22cfcaeac9bc428ecf390b36d8fc3220bfadaf7349cae6de51c639ee6300a",1,0.0007,"25.1.1#94c2a3b3a5ded6b9cf9cef0c207bf8804f3eb294","1.93.1","github:AquaToken/soroban-amm","","AnotherActionActive,NoActionActive,ActionNotReadyYet","version,total_supply,__constructor,apply_upgrade,contract_name,commit_upgrade,revert_upgrade,set_total_supply,get_emergency_mode,get_future_address,set_emergency_mode,get_privileged_addrs,set_privileged_addrs,apply_transfer_ownership,commit_transfer_ownership,revert_transfer_ownership",""
"c5e9494a6ad96013e31fab7eaf3da923c982b352d7c8815464a533927af7e3c5",1,0.0007,"26.1.0#175aa41306f383057a8cdfc84b68d931664fc34e","1.93.0","","","AlreadyInitialized,NotInitialized,Paused,InvalidAmount,InvalidExpiry,NoPrice,StalePrice,OrderNotFound,NotActive,RateNotReached,Expired,NotExpired,InvalidConfig,InvalidTargetRate","lock,cancel,settle,upgrade,get_order,get_config,initialize,set_paused,bump_order_ttl,refund_expired",""
"c5fa5e271feca80e4724a89348b2859357f73a4effcc22bd09e0b3fd0d63d586",3,0.0020,"22.0.8#f46e9e0610213bbb72285566f9dd960ff96d03d8","1.91.0","","","ContractRegistryNotSet,TokensRegistryNotSet,TimeLockStoreNotSet,TransferNotAllowed,UninstallNotAllowed,OperationNotAllowed","on_auth,upgrade,on_install,is_installed,on_uninstall,__constructor",""
"c6300501ec6d0f4db565dac26b4d28ff7c64a99ad485df03adda03e76f1b54ed",0,0.0000,"25.3.1#e50d95af029c83196dd122f0154bac3f1302394b","1.93.0","","","NotInitialized,Unauthorized,InsufficientDeposit,InsufficientShares,ZeroAmount,SplitNotActive,AlreadySplit,BelowMinDeposit,InvalidFeeBps,ExceedsVestedAmount,DepositsPaused,WithdrawalsPaused,ExceedsEmergencyCap,PauseCooldown","burn,name,symbol,approve,balance,deposit,upgrade,decimals,transfer,withdraw,allowance,burn_from,set_admin,extend_ttl,initialize,vault_rate,add_deposit,deposit_for,split_yield,withdraw_to,mint_fee_bps,set_mint_fee,set_registry,total_assets,total_shares,transfer_from,public_deposit,get_yield_split,set_ustry_token,get_pause_status,public_deposit_for,set_pause_deposits,set_operator_wallet,set_xld_sac_address,set_pause_withdrawals,transfer_domain_position","BurnEvent,MintEvent,TopUpEvent,ApproveEvent,TransferEvent,VaultDepositEvent,PublicDepositEvent,VaultWithdrawEvent,VaultWithdrawToEvent,PauseStatusChangedEvent,Burn,Mint,Approve,Clawback,Transfer,MintWithAmountOnly,TransferWithAmountOnly"
"c6e11631f244f9dfdcd402da94c4bb9899b2a9697570c124d5df7009ab8f411c",1,0.0007,"22.0.5#25daaf397971f2c15fd2a5fd0a9967020a19cfcb","1.84.0","","","ArgumentLengthMismatch","deploy_contract",""
"c744b87d4aceae796e9ce8f57a6626f1bb65e35796540e13bc7f8b12f835133b",1,0.0007,"20.5.0#9e2c3022b4355b224a7a814e13ba51761eeb14bb","1.76.0","","","DeadlineShouldBeFuture,CampaignNotExist,AmountMustNonZero,TargetReached,AmountExceedTargetLimit,CampaignAlreadyExist,IdCampaignMustNonZero,LowAmountForSplitter","initialize,create_campaign,get_campaigns,get_campaign,donate_to_campaign,get_donators,get_dev_acc,get_launchpad_acc,get_admin",""
"c7b179b56a30a547b42e6e9bcd8972804270330e96e676c6172f3357b8dcf963",1,0.0007,"23.2.1#ab415a33cc1f6bdce20ac4a12f0ddbe41a648949","1.90.0","","","InvalidInput,AccessControlUnauthorized,OperationProcessed,DeadlinePassed,LowDepositAmount,InvalidOutput","__constructor,has_role,grant_role,revoke_role,renounce_role,denominator,deposit_approver,relayer,deposit_processed,withdraw_processed,fee_settings,integrator_info,allbridge_core_address,instance_ttl_settings,persistent_ttl_settings,set_deposit_approver,set_relayer,set_fee_settings,set_integrator_info,set_instance_ttl_settings,set_persistent_ttl_settings,deposit,withdraw,swap,extend_instance_ttl,extend_persistent_ttl,upgrade,calculate_fee_amounts","RoleGranted,RoleRevoked,FeeSettingsSet,IntegratorInfoSet,Deposit,Withdraw,Swap,FeeTaken,RelayerFeeTaken"
"c7b4163c592594f6bec71e72fe9a398c5585a883f80c9050100e65dfe664f461",11,0.0075,"25.3.1#e50d95af029c83196dd122f0154bac3f1302394b","1.95.0","","","NotInitialized,NotRecruiting,Paused,NotPaused,Dissolved,SchemaMismatch,NotCreator,NoPendingAdmin,MemberAlreadyExists,MemberNotFound,MemberNotActive,GroupFull,JoinNotAllowed,InsufficientMembers,CannotExit,NothingToClaim,RoundNotFound,RoundNotOpen,WindowClosed,WindowNotOpen,AlreadyContributed,NotSettleable,SettlementStale,SettleTwiceInLedger,NotVoidable,FeeExceedsClaim,InvalidPolicy,PolicyNotFound,Insolvent,Overflow,InvalidState,InvalidAmount","join,claim,pause,start,enroll,resume,migrate,upgrade,get_admin,get_cycle,get_round,set_admin,contribute,get_member,get_roster,keep_alive,set_policy,void_round,get_creator,accept_admin,get_solvency,request_exit,settle_round,__constructor,get_claimable,remove_member,get_aggregates,get_obligation,transfer_admin,get_round_window,get_active_policy,assign_beneficiary,get_schema_version",""
"c860873f7ffdae8e93467272a9ab7caa2b6a9b37a3c4af6c201d5395eb15a0ad",1,0.0007,"20.5.0#9e2c3022b4355b224a7a814e13ba51761eeb14bb","1.75.0","","","NotEnoughBalance,CurrenciesDoNotMatch,UnknownOrder,OrderAlreadyClosed,OrderTypesDoNotMatch,FacilitiesDoNotMatch,NotAuthorized,FacilityIsNotActive,FacilityIsAlreadyActive,Timelock,FeeExceedsMax,ZeroValue,UnknownFacility,Overflow,PricesDoNotMatch,BothMarketOrders,AssetIsNotSupported,TooManyActiveFacilities,TooManyOpenOrders,CancelBeforeDelay","initialize,set_owner,accept_ownership,get_admin,write_asset_support,check_asset_support,set_execution_facility,disable_execution_facility,reactivate_execution_facility,get_active_facilities,get_execution_facility,is_execution_facility,set_facility_fee,get_facility_fee,set_facility_receiver,get_facility_receiver,set_facility_admin,get_facility_admin,buy_limit,sell_limit,buy_otc,sell_otc,buy_market,sell_market,cur_order,get_order,get_opened,fill,match_and_fill,cancel_order",""
"c92269c59fbcbea95bb0d5f90d0aa99ad023d88b9576e4738a6bfdce48912ac8",1,0.0007,"26.1.0#175aa41306f383057a8cdfc84b68d931664fc34e","1.94.1","","","MalformedVerifyingKey,NoPublicSignals,InvalidProof,AlreadySealed,FieldElementNotCanonical,SuffixMismatch,BadConsumed","is_sealed,seal_body,verify_proof,get_attestation","Sealed"
"c92c31eedc675ee13ac2c5e874d22077c9754e48c6d3734576e1e26ddc9099ff",1,0.0007,"23.1.0#7456be9d91fe1f4cb070fc2732bac78244ce6c3f","1.91.1","","","MatchNotFound,NotPlayer,AlreadyCommitted,AlreadyRevealed,NotCommitted,WaitingForCommits,InvalidChoice,CommitmentMismatch,MatchAlreadyEnded,SelfPlay,RoundNotComplete,Timeout,AlreadyInQueue,NotInQueue,AlreadyInMatch","commit,reveal,upgrade,get_admin,get_match,get_queue,set_admin,find_match,get_timeout,set_timeout,start_match,cancel_queue,__constructor,claim_timeout,get_blendizzard,set_blendizzard,get_player_match,clear_blendizzard,clear_player_match,compute_commitment",""
"c986ec159b343b6ab7daaae5417607d805a36f0e67a000c0f650c586f6c6af35",0,0.0000,"25.1.1#94c2a3b3a5ded6b9cf9cef0c207bf8804f3eb294","1.93.1","","","InvalidFraction","a,exec_op,upgrade,__constructor",""
"c998933e42c197ac085e47d6b88294468d3e1af11671aca9a590ad9896c40184",1,0.0007,"23.2.1#ab415a33cc1f6bdce20ac4a12f0ddbe41a648949","1.90.0","","","InvalidInput,AccessControlUnauthorized,OperationProcessed,DeadlinePassed,LowDepositAmount,InvalidOutput","__constructor,has_role,grant_role,revoke_role,renounce_role,denominator,deposit_approver,relayer,deposit_processed,withdraw_processed,fee_settings,integrator_info,allbridge_core_address,instance_ttl_settings,persistent_ttl_settings,set_deposit_approver,set_relayer,set_fee_settings,set_integrator_info,set_instance_ttl_settings,set_persistent_ttl_settings,deposit,withdraw,swap,extend_instance_ttl,extend_persistent_ttl,upgrade,calculate_fee_amounts","RoleGranted,RoleRevoked,FeeSettingsSet,IntegratorInfoSet,Deposit,Withdraw,Swap,FeeTaken,RelayerFeeTaken"
"c998c341f9b484cecbe470bd9b49c6a9c61c21c6793f513f3dc84a3e0cbaa6cf",0,0.0000,"23.5.3#d3e1ab2424388b10893b796b0c8e405c5edd03d2","1.96.0","github:Dobprotocol/stellar-distribution-contracts","dobprotocol.com","NotInitialized,AlreadyInitialized,Unauthorized,ContractLocked,LowShareCount,InvalidShareTotal,NegativeShareAmount,DuplicateShareholder,ZeroTransferAmount,TransferAmountAboveBalance,TransferAmountAboveUnusedBalance,InvalidDistributionRound,RoundNotFound,AlreadyClaimed,NothingToClaim,RoundNotFinalized,InsufficientTokenBalance,TokenMintFailed,TokenBurnFailed,Overflow,DivisionByZero,InvalidCommissionRate,ZeroWithdrawalAmount,WithdrawalAmountAboveAllocation,DistributionTooSoon,ClaimsNotOpenYet,RoundExpired,ScheduleNotConfigured,ScheduleNotEnabled,ScheduleCompleted,ScheduledDistributionNotDue,InvalidScheduleConfig,RoundNotExpired,NothingToReclaim,NoSharesToTransfer,InsufficientSharesToTransfer,CannotTransferToSelf,InvalidShareAmount,InvalidPrice,NoSharesToSell,NoActiveListing,InsufficientSharesInListing,CannotBuyOwnShares,InvalidProof,NotSnapshotRound,ListingAlreadyExists","init,claim,upgrade,claim_all,get_round,get_share,set_admin,buy_shares,get_config,get_listing,get_schedule,set_schedule,get_claimable,lock_contract,update_shares,cancel_listing,get_allocation,init_with_type,transfer_shares,transfer_tokens,claim_with_proof,disable_schedule,is_round_expired,get_active_rounds,is_round_claimable,create_distribution,get_total_claimable,withdraw_allocation,get_unclaimed_amount,list_shares_for_sale,get_commission_config,reclaim_expired_round,get_distribution_config,get_next_scheduled_time,set_buy_commission_rate,set_distribution_config,set_commission_recipient,create_distribution_snapshot,trigger_scheduled_distribution,set_distribution_commission_rate","SetAdmin"
"c9de100686a47fda6fded1eb1261b64444006988d299f231a2c30999aaece954",1,0.0007,"27.0.2#45d378a6cb4a026d23fc7286b6ee3add9c9dd0b9","1.97.1","","","AlreadyInitialized,NotInitialized,ReceiptExists,ReceiptNotFound,InvalidAmount,InvalidRewardPoints,AlreadySettled,NotSettled,RewardAlreadyGranted,RewardNotGranted,RewardAlreadyRedeemed","admin,initialize,get_receipt,grant_reward,mark_settled,redeem_reward,register_receipt","RewardGranted,ReceiptSettled,RewardRedeemed,ReceiptRegistered,RewardAssetInitialized"
"ca4465a7dd9a62b7beaa4ceb261c91d8fc1039e15623e426ef9fccca97cbbd6c",2,0.0014,"20.5.0#9e2c3022b4355b224a7a814e13ba51761eeb14bb","1.75.0","","","AlreadyInitialized,NotInitialized,InvalidConfig,UnauthorizedOperator,WrongRole,WrongPhase,StateChanged,FlashAlreadyArmed,FlashNotArmed,CallbackMismatch,InsufficientCapital,SeedTooSmall,ProfitTooLow,ResidualTooHigh,Arithmetic","initialize_launcher,initialize_receiver,plan,launcher_targets,receiver_targets,status,flash_seed,arm,exec_op,collect_seed,advance_desync,advance_mint,finish,abort,rescue_blnd,rescue_usdc",""
"ca4e28f39354c0a92f8d9422b0284c37e00ee3baaaf9717983f22ef36ee28e71",1,0.0007,"23.0.1#510d3feb724c2b01d7e7ab7652f03b9f8efc3f35","1.93.0-nightly","","","AlreadyInitialized,NotInitialized,Unauthorized,InvalidPolicy,InvalidGuardian,InvalidBootstrapAdmin","init,admin,upgrade,guardian,lastprice,set_admin,set_governor,set_guardian,clear_guardian,inspect_symbol,last_wasm_hash,guardian_config,inspect_stellar,is_guardian_active,guardian_expires_at,symbol_asset_policy,stellar_asset_policy,symbol_provider_asset,bootstrap_admin_active,stellar_provider_asset,set_symbol_asset_policy,set_stellar_asset_policy,clear_symbol_asset_policy,pause_symbol_asset_policy,set_symbol_provider_asset,bootstrap_admin_expires_at,clear_stellar_asset_policy,pause_stellar_asset_policy,resume_symbol_asset_policy,set_bootstrap_admin_expiry,set_stellar_provider_asset,symbol_asset_policy_paused,clear_symbol_provider_asset,resume_stellar_asset_policy,stellar_asset_policy_paused,clear_bootstrap_admin_expiry,clear_stellar_provider_asset",""
"ca5dc5774ebfde71c44618a773deddd36644656fddb3b8498d2206918cbe3e91",1,0.0007,"25.3.1#e50d95af029c83196dd122f0154bac3f1302394b","1.93.0","","","NotInitialized,AlreadyRegistered,DomainExpired,NotOwner,InvalidName,InvalidDuration,InsufficientPayment,DomainNotFound,Unauthorized,SubdomainLimitReached,ProductionLocked,GracePeriodActive,NotExpired,MarketplaceNotSet,BelowFloorPrice,TooManyRecords,NftNotFound,NotApproved,ApprovalExpired","name,renew,symbol,approve,balance,resolve,upgrade,owner_of,register,transfer,get_price,set_admin,token_uri,early_exit,extend_ttl,initialize,set_status,set_records,get_approved,get_token_id,is_available,nft_transfer,set_base_uri,expire_domain,set_subdomain,transfer_from,get_node_count,approve_for_all,reverse_resolve,set_marketplace,get_vault_shares,is_approved_for_all,marketplace_transfer","NftMintEvent,EarlyExitEvent,NftApproveEvent,NftTransferEvent,DomainExpiredEvent,DomainRenewedEvent,RecordUpdatedEvent,StatusChangedEvent,DomainRegisteredEvent,NftApproveForAllEvent,DomainTransferredEvent,MarketplaceTransferEvent"
"cab7f385e9d171155664d8860e09b91bb4d349b8c908b29237dea3eb9211c429",1,0.0007,"20.0.3#93b09e42e4efa841cbd034c0bff0dc362765086c","1.78.0-nightly","","","AlreadyInitialized,NotInitialized,NotAdmin,PoolExists,NoPool","initialize,deploy_pool,get_pool_address",""
"cae3eb4db28b70d37e7d05c239a8089ef237f9970169463a72eaa8247559c084",1,0.0007,"25.0.2#59a2e01a26f9330f8d516690911cb2ca87a6f1b3","1.93.0","","","NotInitialized,AlreadyInitialized,InvalidSession,BadAuth,InvalidProof,InvalidSeed","end,start,upgrade,set_house,initialize,set_attestor",""
"cafc5a34cc17c49f29c1aaeefe20520ac3d6336747a6eb125cdd85e082857cc4",1,0.0007,"22.0.8#f46e9e0610213bbb72285566f9dd960ff96d03d8","1.87.0","","","OfferNotFound,TradeNotFound,AlreadyHasActiveOffer,TradeExpired,InvalidTradeStatus,Unauthorized,TradeAlreadyInitiated,ContractPaused,TradeNotExpired,InsufficientAllowance,InvalidAmount,TokenTransferFailed,InvalidTokenAddress,RateLimitExceeded","initialize,create_offer,initiate_trade,confirm_payment,cancel_trade,resolve_expired_trade,cancel_offer,pause,unpause,raise_dispute,resolve_dispute,upgrade,update_admin,update_fee_collector,update_fee_rate,update_trade_limits,update_trade_expiration,get_admin,get_usdc_token_id,get_fee_collector,get_fee_rate,get_trade_limits,get_trade_expiration,get_next_offer_id,get_next_trade_id,get_offers,get_offer,get_trades,get_trade,get_active_offers,get_seller_active_offer,is_paused,get_contract_info",""
"cb3c0e119fee28b7f3623b9848cd0eb632aae32b9d2dc955c49f348db6031b00",1,0.0007,"22.0.11#34f7f53ae31e0fd02aab436a9872e79fa671ca02","1.89.0","","","AlreadyInitialized,NotInitialized,NotAuthorized,Paused,InvalidAmount,InvalidAllowance,VaultNotFound,InsufficientUnallocated,InsufficientAllowance,InsufficientBalance","initialize,deposit,set_allowance,claim,withdraw_unallocated,get_vault,unallocated,get_allowance,get_token,get_admin,is_paused,pause,unpause,set_admin,upgrade",""
"cb3fc8b548bbf3981b0892642f58d9c0f3799e3babab9ff76b6039f14056c5ab",1,0.0007,"23.1.0#7456be9d91fe1f4cb070fc2732bac78244ce6c3f","1.91.0","","","NotAdmin,AlreadyInitialized,InsufficientBalance,InsufficientFactionPoints,InvalidAmount,InvalidFaction,FactionAlreadyLocked,PlayerNotFound,FactionNotSelected,GameNotWhitelisted,SessionNotFound,SessionAlreadyExists,InvalidSessionState,InvalidGameOutcome,ProofVerificationFailed,GameExpired,EpochNotFinalized,EpochAlreadyFinalized,EpochNotReady,NoRewardsAvailable,RewardAlreadyClaimed,NotWinningFaction,FeeVaultError,SwapError,TokenTransferError,OverflowError,DivisionByZero,ContractPaused","pause,is_game,unpause,upgrade,add_game,end_game,get_admin,get_epoch,is_paused,set_admin,get_config,get_player,start_game,cycle_epoch,remove_game,__constructor,update_config,migrate_player,select_faction,get_epoch_player,claim_epoch_reward,migrate_epoch_player","GameAdded,GameEnded,EpochCycled,GameRemoved,GameStarted,AdminChanged,ConfigUpdated,FactionLocked,RewardsClaimed,FactionSelected"
"cb42be9bddede98ed718a5cd3dcce8404c12bfdef79144cc016eeb2dd8b14ba5",0,0.0000,"23.4.1#e671b396f8bacf1370925f722df158b31c0baae5","1.95.0","","","NotTrusted,UnresolvedDispute,InvalidDispute,NoDispute,NotGovernor,NotGovernorOrGuardian,NotUpgradeable,ZeroAddress,InvalidLengths,NotWhitelisted,InvalidProof,InvalidUninitializedRoot,InvalidReturnMessage,NoPendingRefund,PendingRefundTransferFailed,InvalidAccessControlManager,InvalidMigration","claim,migrate,upgrade,get_tree,extend_ttl,get_claimed,revoke_tree,update_tree,dispute_tree,get_disputer,get_operator,__constructor,get_last_tree,recover_sep41,get_is_trusted,toggle_trusted,get_merkle_root,resolve_dispute,toggle_operator,get_dispute_token,get_main_operator,set_dispute_token,get_dispute_amount,get_dispute_period,get_epoch_duration,get_pending_refund,set_dispute_amount,set_dispute_period,set_epoch_duration,get_claim_recipient,set_claim_recipient,claim_pending_refund,claim_with_recipient,revoke_upgradeability,contract_schema_version,get_end_of_dispute_period,get_access_control_manager,set_access_control_manager,toggle_main_operator_status,get_upgradeability_deactivated","Claimed,Revoked,Disputed,Recovered,TreeUpdated,TrustedToggled,DisputeResolved,OperatorToggled,DisputeTokenUpdated,DisputeAmountUpdated,DisputePeriodUpdated,EpochDurationUpdated,PendingRefundClaimed,ClaimRecipientUpdated,PendingRefundRecorded,UpgradeabilityRevoked,MainOperatorStatusUpdated,AccessControlManagerUpdated,SetRoot,SetClaimed,Paused,Unpaused"
"cb5164dd753ac642543dd7aa3115a1f0d65c84891f222d8ab86c35adb8728019",1,0.0007,"25.3.0#dcbea44513feb7734af6b6c4aced2c4a7a2715d0","1.94.1","github:AquaToken/soroban-amm","","AnotherActionActive,NoActionActive,ActionNotReadyYet","version,get_value,set_value,__constructor,apply_upgrade,contract_name,commit_upgrade,revert_upgrade,get_emergency_mode,get_future_address,set_emergency_mode,get_value_updated_at,apply_transfer_ownership,commit_transfer_ownership,revert_transfer_ownership",""
"cb7faacb77ceef84b979321f81977c5a44fce41ee0a335b7d37357c8b8b41cbc",1,0.0007,"23.2.1#ab415a33cc1f6bdce20ac4a12f0ddbe41a648949","1.92.0","","","AlreadyInitialized,NotInitialized,ZeroAmount,EmptyInstructions,TotalFeeBpsTooHigh,TargetNotWhitelisted,BpsOverflow,InvalidAdmin,NoPendingAdmin","admin,execute,bump_ttl,accept_admin,__constructor,pending_admin,propose_admin,is_whitelisted,add_to_whitelist,remove_from_whitelist","Swap,WhitelistAdd,AdminAccepted,AdminProposed,WhitelistRemove"
"cb820e60539caa3663b6de42cfa16badca01e14a043dfbb543d6239595e2cc65",1,0.0007,"20.4.0#70b12eb8c6af0593888154700f0ef68897521708","1.74.1","","","AlreadyInit,QtyBelowOne","initialize,hello,c_admin,total_dist,usr_dist,unq_user,dist_map",""
"cb87deed63947ffae253beadfc76f29c0f4b16f0fd98d9b481ea4bcfc8e139a8",0,0.0000,"21.6.0#f57d2454e520ae11dc9c8d55db610557a24a556e","1.80.0","","","AnotherActionActive,NoActionActive,ActionNotReadyYet","initialize_all,pool_type,initialize,share_id,get_total_shares,get_tokens,deposit,swap,estimate_swap,withdraw,get_reserves,get_fee_fraction,get_info,set_privileged_addrs,get_privileged_addrs,kill_deposit,kill_swap,kill_claim,unkill_deposit,unkill_swap,unkill_claim,get_is_killed_deposit,get_is_killed_swap,get_is_killed_claim,version,commit_upgrade,apply_upgrade,revert_upgrade,set_emergency_mode,get_emergency_mode,upgrade_token_legacy,initialize_rewards_config,set_rewards_config,get_unused_reward,return_unused_reward,get_rewards_info,get_user_reward,checkpoint_reward,get_total_accumulated_reward,get_total_configured_reward,get_total_claimed_reward,claim,init_pools_plane,set_pools_plane,get_pools_plane,backfill_plane_data,commit_transfer_ownership,apply_transfer_ownership,revert_transfer_ownership,get_future_address",""
"cbf7a60a6554b5c2eebce2db35b518d4fbabc7b8f8f260ad7e7b193850a78bc2",1,0.0007,"22.0.11#34f7f53ae31e0fd02aab436a9872e79fa671ca02","1.94.0","","","AlreadyInitialized,NotInitialized,Unauthorized,InvalidAmount,EscrowNotFound,InvalidStatus,InvalidRating,InvalidFreelancer,AssetNotAllowed,InvalidShareBps","get_escrow,initialize,fund_escrow,submit_work,cancel_escrow,create_escrow,mark_disputed,is_initialized,resolve_dispute,is_allowed_asset,add_allowed_asset,assign_freelancer,create_open_escrow,get_next_escrow_id,get_platform_admin,approve_and_release,remove_allowed_asset,get_allowed_asset_count,get_reputation_contract,create_and_fund_open_escrow",""
"cc3cfcd0631402eabc89c7264698dfc8548b4eee92debf92f297cabc8b80923a",1,0.0007,"21.7.7#5da789c50b18a4c2be53394138212fed56f0dfc4","1.96.1","","","AlreadyInitialized,NotAdmin,ZeroAmount,NothingStaked,LockNotExpired,InsufficientRewardPool,ContractPaused,ZeroFundAmount,LpTokenNotSet,RewardTokenNotSet,Overflow,EqualAdmins,NewAdminEqualsExisting","init,claim,stake,unstake,lp_token,keep_alive,set_paused,zi_balance,reward_rate,staker_info,fund_rewards,lobstr_admin,reward_token,total_staked,passkey_admin,period_finish,pending_rewards,transfer_lobstr_admin,transfer_passkey_admin",""
"cc9170363f840743d4d94855224d07e30b8129cacae42a5c31824048d841e516",1,0.0007,"23.5.3#d3e1ab2424388b10893b796b0c8e405c5edd03d2","1.95.0","","","AlreadyInitialized,NotInitialized,EscrowAlreadyExists,EscrowNotFound,InvalidAmount,InvalidFee,InvalidTimeout,InvalidStatus,BuyerAlreadySet,BuyerMissing,Unauthorized,NotExpired,TradeAlreadyExists,TradeNotFound,InvalidSecret,ConfirmationRequired,AlreadyConfirmed,InvalidParticipants,ConfirmedRemittanceCannotRefund","get,init,admin,accept,create,redeem,refund,release,get_trade,mark_ready,create_auto,fee_address,auto_release,open_dispute,create_redeem,accept_partial,create_service,resolve_refund,timeout_refund,release_partial,resolve_release,contract_version,refund_remaining,create_remittance,finalize_remittance,open_dispute_partial,remittance_recipient,resolve_refund_partial,resolve_release_partial,confirm_remittance_received,received_confirmation_ledger",""
"cccad86e5b2fc9c36b6357c616bccdce9f7f2198be63f0e2a6084aba7134ad04",1,0.0007,"25.1.1#94c2a3b3a5ded6b9cf9cef0c207bf8804f3eb294","1.93.1","","","InvalidFraction,InsufficientRepay","a,exec_op",""
"cd86e1329db43816a62ecb5539ab046d8ba5f505ef61694479c42177e7ecd46c",1,0.0007,"23.0.2#a97daf8b07cdf24e9bd45e344db51a21b9ea77d3","1.88.0","","","HexLengthInsufficient,MulDivFailed,InvalidPriceRange,U256ToU128ConversionFailed,TransactionTooOld,AlreadyInitialized,FactoryNotInitialized,XlmAddressNotInitialized,TokenDoesNotExist,NotTokenOwner,Unauthorized,InsufficientBalance,InvalidTickRange,TickNotAligned,TickOutOfBounds,PoolNotFound,MathOverflow,PriceSlippageCheck,NothingToCollect,TokensNotOrdered,LiquidityCalculationFailed,PoolKeyMissing,TokenDescriptorNotSet,NoApprovedAddress,PositionNotCleared","init,positions,mint,mint_with_hints,increase_liquidity,decrease_liquidity,collect,get_token_descriptor,get_factory,get_xlm_address,owner_of,name,symbol,balance,transfer,approve,get_approved,approve_for_all,is_approved_for_all,transfer_from,exists,token_uri,burn,get_user_token_ids,get_position_with_fees,get_positions_with_fees,get_user_positions_with_fees,position_principal,position_fees,position_total","IncreaseLiquidityEvent,DecreaseLiquidityEvent,CollectEvent,UserAllowed,UserDisallowed,UserBlocked,UserUnblocked,Burn,Deposit,Withdraw,Transfer,Approve,Mint,Burn,ConsecutiveMint,SetDefaultRoyalty,SetTokenRoyalty,RemoveTokenRoyalty,Transfer,Approve,ApproveForAll,Mint,KeyAllowed,KeyRemoved,ClaimRevoked,SignaturesInvalidated,ClaimTopicAdded,ClaimTopicRemoved,TrustedIssuerAdded,TrustedIssuerRemoved,IssuerTopicsUpdated,ModuleAdded,ModuleRemoved,DocumentUpdated,DocumentRemoved,ClaimAdded,ClaimRemoved,ClaimChanged,IdentityStored,IdentityUnstored,IdentityModified,IdentityRecovered,CountryDataAdded,CountryDataRemoved,CountryDataModified,TokenBound,TokenUnbound,TokenOnchainIdUpdated,RecoverySuccess,AddressFrozen,TokensFrozen,TokensUnfrozen,Mint,Burn,ComplianceSet,ClaimTopicsAndIssuersSet,IdentityVerifierSet,SetRoot,SetClaimed,Paused,Unpaused"
"cdab2b68ef075cc4ac56124f649a10013a4283dddcef4e40751ae4e6cd2b9ecc",1,0.0007,"23.5.3#d3e1ab2424388b10893b796b0c8e405c5edd03d2","1.94.1","","","AdminNotSet,Unauthorized,InvalidAmount,DepositNotFound,ScheduleNotFound,InsufficientRemainingAmount,NothingToWithdraw,AllPeriodsReleased,TooEarly,InvalidTtlParams","deposit,upgrade,withdraw,set_admin,get_deposit,get_contract,add_to_deposit,create_contract,extend_paged_ttl,release_from_contract","ReleaseCalculation"
"cdf7632e39e3c310465a402691134518c9d73604aa44c8fd4bf338b641e4c59a",1,0.0007,"27.0.1#19a2d480fffa003e739db7cbee0249111dbfd05c","1.93.1","","","AlreadyInitialized,NotInitialized,Unauthorized,InvalidAmount,ExceedsMaxPurchase,ZeroOutput,InsufficientInventory,ArithmeticOverflow,SlippageExceeded","admin,price,buy_lbx,lbx_sac,upgrade,xlm_sac,withdraw,set_admin,set_price,max_purchase,__constructor,set_max_purchase","LbxPurchase"
"ce0e65efce6cc73c7a82a82161f1a62c204307ab8b7f733fe5fb925e7709149c",1,0.0007,"25.1.0#86c50a1ea4f87b40add3064ff9df95c7553565c5","1.92.0","","","InvalidFillPercent,InsufficientProfit,SlippageExceeded,BadSwapOp,BadCallData,BalanceError,ReserveNotFound","claim,upgrade,get_owner,set_owner,__constructor,fill_bad_debt,fill_interest,fill_liquidation",""
"ce10ad0f855cde76f58aa9e6a9336557af19d22665295fb8265c1ed61e59a062",2,0.0014,"25.3.0#dcbea44513feb7734af6b6c4aced2c4a7a2715d0","1.93.1","","","AlreadyInitialized,InvalidVkLength,InvalidRequestType,InvalidProofLength,MissingLbxToken,MissingFeeAmount,MissingAdmin,MissingVk,InvalidProofOrVkLength,InvalidProofEncoding,InvalidVkEncoding,InvalidProof,MissingIdentityVk,InvalidIdentityActionType,InvalidIdentityPayloadLength,IdentitySignalExpired,IdentityReplayDetected,MissingStealthVk","init,update_vk,set_stealth_vk,request_tracking,set_identity_config,request_identity_signal,set_verify_diag_enabled",""
"ce1cdc68fa927f0e2d9c6a5c11a1aaa8df43185c2e1790d260d7fef326d9b829",1,0.0007,"23.4.1#e671b396f8bacf1370925f722df158b31c0baae5","1.90.0","","","AlreadyInitialized,NotInitialized,InvalidAmount,InvalidUserCount,AmountTooLowPerUser,RedPacketNotFound,RedPacketExpired,RedPacketNotExpired,AlreadyClaimed,RedPacketEmpty,InsufficientBalance,Unauthorized,NotInWhitelist,WhitelistTooLarge,InvalidExpiration,AlreadyRefunded,WhitelistTooSmall","init,create_red_packet,claim_red_packet,refund_red_packet,get_red_packet,is_whitelisted,has_claimed,get_claim_record,get_claimers,get_total_packets,is_expired,get_admin,get_usdc",""
"ce4dcf0f00695a5ee5804e390ce4cf8b4587ce689bab3f7955f54b4f03f3799c",1,0.0007,"20.5.0#9e2c3022b4355b224a7a814e13ba51761eeb14bb","1.79.0","","","NotAuthor,NotFoundStory,NotFoundStoryNft,StoryNftSoldOut,NotFoundStoryTask,StoryTaskDone,NotFoundTaskSubmit","publish_story,update_story,create_task,update_task,cancel_task,create_task_submit,withdraw_task_submit,mark_task_done,get_state",""
"ceb168b15ae12371c39507bf8ce3abc3de0a2d568587dec1fa6c754221e2b80a",0,0.0000,"22.0.8#f46e9e0610213bbb72285566f9dd960ff96d03d8","1.87.0","","","MissingStorage","upgrade,__constructor,mint_from,mint,total_supply,balance,allowance,transfer,transfer_from,approve,decimals,name,symbol,burn,burn_from,has_role,get_role_member_count,get_role_member,get_role_admin,get_admin,grant_role,revoke_role,renounce_role,renounce_admin,transfer_admin_role,accept_admin_transfer,set_role_admin,get_underlying_for_amount,get_amount_for_underlying,deposit,withdraw,set_axelar_config,token_id,get_axelar_its,get_axelar_chain,get_axelar_gas_token,interchain_transfer,get_merkle_epoch,get_banned_amount,set_new_epoch,get_merkle_root,is_claimed,amt_to_claim,sync_balances",""
"cec175385911bb959a92b4f27d4be583514ac39ecd16c2e9f7c5d3a3d9397b1e",3,0.0020,"21.1.0-rc.1#2a5ee0d6bef89b28b8105ac0ce0e9e53d83b5eb7","1.79.0","","","NotInited,NotFound,NotPermitted,AlreadyInited,JsonParseError,InvalidContext,ClientDataJsonChallengeIncorrect,Secp256r1PublicKeyParse,Secp256r1SignatureParse,Secp256r1VerifyFailed","extend_ttl,init,upgrade,resudo,rm_sig,add_sig,__check_auth",""
"ced02ad53038f7d87cb0637e9dc6d95e475c6395c2e9bf929c30f3623ce63159",0,0.0000,"21.5.0#d40bd031c14fbd3d75cf4473486ef7ef15af3364","1.80.0","","","CannotSwapReward,CannotQuoteDeposit,NotSupportedYet,NotGreaterThan0,TooMuchLostWithDeposit","upgrade,init,keeper,claim_fee,deposit,balance,withdraw",""
"ced0567d30e14b21be97e1a1c1647b6aafab15c5253577d3e41cab9e57c3a490",1,0.0007,"27.0.6#60926a20d1f9f0a669d5fe551636f42a1302f0c0","1.97.1","","","NotInitialized,MessageTooShort,NoBeneficiaryPayload,BadBeneficiary,NothingMinted,SlippageExceeded","config,rescue,deliver,__constructor,preview_beneficiary",""
"cf048393abf03bd32e35833821c9c49a39270d88c6cd06eedfa9e79e53f77cd0",2,0.0014,"20.5.0#9e2c3022b4355b224a7a814e13ba51761eeb14bb","1.75.0","","","AlreadyInitialized,NotInitialized,InvalidConfig,UnauthorizedOperator,WrongRole,WrongPhase,StateChanged,FlashAlreadyArmed,FlashNotArmed,CallbackMismatch,InsufficientCapital,SeedTooSmall,ProfitTooLow,ResidualTooHigh,Arithmetic","initialize_launcher,initialize_receiver,plan,launcher_targets,receiver_targets,status,flash_seed,arm,exec_op,advance_desync,advance_mint,finish,abort,rescue_blnd,rescue_usdc",""
"cf2df771b015c2a25e13ff0a5b9a8fc31cb3adf0b22ccaf78a544f141610cd93",1,0.0007,"22.0.8#f46e9e0610213bbb72285566f9dd960ff96d03d8","1.87.0","","","MissingStorage","upgrade,__constructor,mint_from,mint,total_supply,balance,allowance,transfer,transfer_from,approve,decimals,name,symbol,burn,burn_from,has_role,get_role_member_count,get_role_member,get_role_admin,get_admin,grant_role,revoke_role,renounce_role,renounce_admin,transfer_admin_role,accept_admin_transfer,set_role_admin,get_underlying_for_amount,get_amount_for_underlying,deposit,withdraw,set_axelar_config,token_id,get_axelar_its,get_axelar_chain,get_axelar_gas_token,interchain_transfer,get_merkle_epoch,set_new_epoch,get_merkle_root,is_claimed,amt_to_claim,sync_balances",""
"cf510d418d5673598f3c70430d71bcd733af161f7eb4a75303ac2f9aab9f464b",1,0.0007,"22.0.8#f46e9e0610213bbb72285566f9dd960ff96d03d8","1.88.0","","","TransferFailed,AuthorityNotRegistered,SchemaNotFound,AttestationExists,AttestationNotFound,NotAuthorized,StorageFailed,InvalidUid,ResolverError,SchemaHasNoResolver,AdminNotSet,AlreadyInitialized,NotInitialized,AttestationNotRevocable,InvalidSchemaDefinition,InvalidAttestationValue,InvalidReference,InvalidNonce,ExpiredSignature,InvalidSignature,AttestationExpired,InvalidDeadline,ResolverCallFailed,InvalidSignaturePoint,BlsPubKeyNotRegistered,IntegerOverflow","initialize,register,get_schema,attest,revoke,get_attestation,attest_by_delegation,revoke_by_delegation,get_attester_nonce,register_bls_key,get_bls_key,get_dst_for_attestation,get_dst_for_revocation",""
"cf8f805b520bea6a8ff1e75c1c89118fc53083706ea4b3d648cd63cc27aa2c23",1,0.0007,"21.7.6#c6cca8f8cf75618c24ceb5d9ffdfe735486ae1e9","1.82.0","","","ReadyTwice,NotFound","sum,sub,mul,div,add_op,get_op,all_op,add_last_op,last_op",""
"cf9936d20bc9047c6beb25ccc318247d4d209f993aa806e2f4c66dd9004b39ed",1,0.0007,"25.3.1#e50d95af029c83196dd122f0154bac3f1302394b","1.93.0","","","NotInitialized,Unauthorized,InsufficientDeposit,InsufficientShares,ZeroAmount,SplitNotActive,AlreadySplit,BelowMinDeposit,InvalidFeeBps,ExceedsVestedAmount,DepositsPaused,WithdrawalsPaused,ExceedsEmergencyCap,PauseCooldown","burn,name,symbol,approve,balance,deposit,upgrade,decimals,transfer,withdraw,allowance,burn_from,set_admin,extend_ttl,initialize,vault_rate,add_deposit,deposit_for,split_yield,withdraw_to,mint_fee_bps,set_mint_fee,set_registry,total_assets,total_shares,__constructor,transfer_from,public_deposit,get_yield_split,set_ustry_token,get_pause_status,public_deposit_for,set_pause_deposits,set_operator_wallet,set_xld_sac_address,get_max_withdrawable,set_pause_withdrawals,transfer_domain_position","BurnEvent,MintEvent,TopUpEvent,ApproveEvent,TransferEvent,VaultDepositEvent,PublicDepositEvent,VaultWithdrawEvent,VaultWithdrawToEvent,PauseStatusChangedEvent,Burn,Mint,Approve,Clawback,Transfer,MintWithAmountOnly,TransferWithAmountOnly"
"cf9aeb2cbced781ae248dae6cb4b00a934da513901e630309bc5637a9605e1b6",2,0.0014,"22.0.6#0c47dcfa187069d241f11fb082730f667b55e802","1.87.0","AquaToken/soroban-amm","","AnotherActionActive,NoActionActive,ActionNotReadyYet","__constructor,set_total_supply,total_supply,set_privileged_addrs,get_privileged_addrs,commit_transfer_ownership,apply_transfer_ownership,revert_transfer_ownership,get_future_address,version,contract_name,commit_upgrade,apply_upgrade,revert_upgrade,set_emergency_mode,get_emergency_mode",""
"cfa823e62197e720d9d293ee7dfa1ea3328d5b612b870c753c136e551b1cca30",2,0.0014,"20.4.0#70b12eb8c6af0593888154700f0ef68897521708","1.75.0","","","Unimplemented,Initialized,Uninitialized,Unauthorized,InvalidArg,InvalidChainId,InvalidOtherChainId,GasUsageNotSet,BrokenAddress,NotFound,TokenInsufficientBalance,CastFailed,ZeroAmount,PoolOverflow,ZeroChanges,ReservesExhausted,InsufficientReceivedAmount,BalanceRatioExceeded,Forbidden,UnauthorizedStopAuthority,SwapProhibited,AmountTooLowForFee,BridgeToTheZeroAddress,EmptyRecipient,SourceNotRegistered,WrongDestinationChain,UnknownAnotherChain,TokensAlreadySent,MessageProcessed,NotEnoughFee,NoMessage,NoReceivePool,NoPool,UnknownAnotherToken,WrongByteLength,HasMessage,InvalidPrimarySignature,InvalidSecondarySignature,NoGasDataForChain","initialize,send_message,receive_message,set_gas_usage,add_secondary_validator,remove_secondary_validator,set_primary_validator,set_admin,set_gas_oracle,set_other_chain_ids,withdraw_gas_tokens,get_config,has_sent_message,has_received_message,get_sent_message_sequence,get_gas_usage,get_transaction_cost,get_admin,get_gas_oracle,upgrade",""
"cfc3a4ac351b9cfd901bf5e8857a0ae486385b034882483c332d258bd27111b5",1,0.0007,"25.3.1#e50d95af029c83196dd122f0154bac3f1302394b","1.93.0","","","NotInitialized,AlreadyRegistered,DomainExpired,NotOwner,InvalidName,InvalidDuration,InsufficientPayment,DomainNotFound,Unauthorized,SubdomainLimitReached,ProductionLocked,GracePeriodActive,NotExpired,MarketplaceNotSet,BelowFloorPrice,TooManyRecords,NftNotFound,NotApproved,ApprovalExpired,RegistrationsPaused","name,renew,symbol,approve,balance,resolve,upgrade,owner_of,register,transfer,get_price,set_admin,token_uri,early_exit,extend_ttl,gift_renew,initialize,set_status,fix_pricing,set_records,get_approved,get_token_id,is_available,nft_transfer,set_base_uri,total_minted,expire_domain,set_subdomain,transfer_from,get_node_count,approve_for_all,reverse_resolve,set_marketplace,set_ustry_token,get_pause_status,get_vault_shares,is_approved_for_all,set_aquarius_router,marketplace_transfer,get_domain_attributes,set_pause_registrations","NftMintEvent,EarlyExitEvent,NftApproveEvent,NftTransferEvent,DomainExpiredEvent,DomainRenewedEvent,RecordUpdatedEvent,RegistryPauseEvent,StatusChangedEvent,DomainRegisteredEvent,NftApproveForAllEvent,DomainTransferredEvent,MarketplaceTransferEvent"
"cfe660ba55d1d9ca4ba1648e3db7d21ba298348f684abb9b42806f8e020585d5",1,0.0007,"22.0.11#34f7f53ae31e0fd02aab436a9872e79fa671ca02","1.96.1","","","Unauthorized,NotPermissioned,ClawbackNotAllowed","get_admin,get_issuer,initialize,is_allowed,set_issuer,set_core_pool,add_to_allowlist,check_authorized,clawback_position,is_market_permissioned,flag_market_permissioned",""
"cffb4dd7d239d8eccf40a260027ad819afb714d7acb3f48b128b704bff042ace",0,0.0000,"25.1.1#94c2a3b3a5ded6b9cf9cef0c207bf8804f3eb294","1.93.1","github:AquaToken/soroban-amm","","AnotherActionActive,NoActionActive,ActionNotReadyYet","swap,claim,deposit,version,get_info,get_pool,share_id,withdraw,get_plane,get_pools,pool_type,get_tokens,init_admin,remove_pool,get_reserves,swap_chained,apply_upgrade,contract_name,estimate_swap,get_liquidity,set_pool_hash,commit_upgrade,fill_liquidity,revert_upgrade,set_token_hash,get_user_reward,set_pools_plane,get_rewards_info,get_total_shares,set_reward_token,get_emergency_mode,get_future_address,get_rewards_config,init_standard_pool,set_emergency_mode,config_pool_rewards,get_total_liquidity,init_config_storage,get_privileged_addrs,init_stableswap_pool,set_privileged_addrs,config_global_rewards,get_tokens_for_reward,get_tokens_sets_count,set_rewards_gauge_hash,pool_gauge_switch_token,set_reward_boost_config,apply_transfer_ownership,get_liquidity_calculator,get_total_claimed_reward,pool_gauge_token_enabled,set_liquidity_calculator,set_stableswap_pool_hash,commit_transfer_ownership,get_protocol_fee_fraction,revert_transfer_ownership,set_protocol_fee_fraction,get_pools_for_tokens_range,pool_gauge_schedule_reward,configure_init_pool_payment,get_init_pool_payment_token,get_total_configured_reward,pool_gauge_get_min_duration,swap_chained_strict_receive,get_total_accumulated_reward,get_total_outstanding_reward,distribute_outstanding_reward,get_init_pool_payment_address,get_stable_pool_payment_amount,pool_gauge_get_min_daily_amount,get_standard_pool_payment_amount,pool_gauge_set_reward_thresholds",""
"d05830d5fc421f900e38b5817749fa1a616734c0c6529ef5f9e808f2b754267e",1,0.0007,"22.0.11#34f7f53ae31e0fd02aab436a9872e79fa671ca02","1.96.0","","","NotFound,BadState","get,ship,create,deliver,acknowledge",""
"d086369877582636ed194c40056b250b143478f87cd4283f25b0220a487569d9",42,0.0287,"25.1.1#94c2a3b3a5ded6b9cf9cef0c207bf8804f3eb294","1.93.1","github:AquaToken/soroban-amm","","AnotherActionActive,NoActionActive,ActionNotReadyYet","swap,claim,deposit,version,get_info,share_id,withdraw,gauge_add,kill_swap,pool_type,get_gauges,get_tokens,initialize,kill_claim,unkill_swap,gauge_remove,gauges_claim,get_reserves,kill_deposit,unkill_claim,apply_upgrade,contract_name,estimate_swap,commit_upgrade,initialize_all,revert_upgrade,unkill_deposit,get_pools_plane,get_user_reward,get_user_shares,set_pools_plane,estimate_deposit,get_fee_fraction,get_rewards_info,get_total_shares,init_pools_plane,checkpoint_reward,get_protocol_fees,get_rewards_state,get_unused_reward,kill_gauges_claim,set_rewards_state,get_emergency_mode,get_future_address,get_is_killed_swap,set_emergency_mode,set_rewards_config,backfill_plane_data,claim_protocol_fees,get_is_killed_claim,init_config_storage,swap_strict_receive,unkill_gauges_claim,get_privileged_addrs,return_unused_reward,set_privileged_addrs,gauge_schedule_reward,get_is_killed_deposit,gauges_get_reward_info,admin_set_rewards_state,initialize_boost_config,set_reward_boost_config,apply_transfer_ownership,estimate_working_balance,get_total_claimed_reward,commit_transfer_ownership,get_protocol_fee_fraction,get_total_excluded_shares,initialize_rewards_config,revert_transfer_ownership,set_protocol_fee_fraction,checkpoint_working_balance,get_total_configured_reward,estimate_swap_strict_receive,get_total_accumulated_reward,adjust_total_accumulated_reward",""
"d0eaa2bf4bb20c373c9704229f9e24139bec1571165d2fe4470b211be95ffd8e",1,0.0007,"25.0.2#59a2e01a26f9330f8d516690911cb2ca87a6f1b3","1.93.0","github:FredericRezeau/xray-games","kyungj.in","NotInitialized,AlreadyInitialized,InvalidSession,BadAuth","end,start,upgrade,set_house,initialize",""
"d1257beb0116c02a95a046a73142d8e2d510a4ee0594b6ebaa9b58017fa64454",1,0.0007,"23.2.1#ab415a33cc1f6bdce20ac4a12f0ddbe41a648949","1.92.0","","","ZeroAmount,EmptyInstructions,TotalFeeBpsTooHigh,BpsOverflow,InvalidArgRef,InvalidIntermediateFee","route,execute,bump_ttl","Swap"
"d14e8cf2e2c07ac4237e4804a50d02c717333ab2a1a4ed63cc63228e265b0a0d",3,0.0020,"21.4.0#d6f5639f643d76e758beecbb0ca391f8cd304c24","1.79.0","","","AlreadyInitialized,Uninitialized,Paused,BellowMinValue,ExceededMaxValue,GracePeriod,NoActiveReserve,ReservesMaxCapacityExceeded,NoPriceForAsset,InvalidAssetPrice,LiquidationOrderMustBeUnique,NotFungible,NotEnoughAvailableUserBalance,DebtError,BorrowingDisabled,GoodPosition,InvalidAmount,ValidateBorrowMathError,CalcAccountDataMathError,LiquidateMathError,MustNotBeInCollateralAsset,FlashLoanReceiverError,MathOverflowError,MustBeLtePercentageFactor,MustBeLtPercentageFactor,MustBeGtPercentageFactor,MustBeNonNegative,AccruedRateMathError,CollateralCoeffMathError,DebtCoeffMathError","initialize,upgrade,version,allowance,approve,balance,spendable_balance,authorized,transfer,transfer_from,burn_from,clawback,set_authorized,mint,burn,decimals,name,symbol,total_supply,transfer_on_liquidation,transfer_underlying_to,underlying_asset,pool",""
"d170938c145fcb6a1b1b13195237f93a795db66ad41534acf5dda868b4950251",1,0.0007,"22.0.11#34f7f53ae31e0fd02aab436a9872e79fa671ca02","1.94.1","","","CampaignNotFound,CouponNotFound,AlreadyRedeemed,CampaignExpired,SupplyExhausted,Unauthorized,InvalidCode","redeem,verify,is_valid,initialize,mint_batch,get_campaign,total_burned,total_minted,campaign_stats,create_campaign,total_campaigns",""
"d176ca783226220cf2ea24dceb4216e36a8f23fd84526b726831d76821e52ed8",1,0.0007,"22.0.7#211569aa49c8d896877dfca1f2eb4fe9071121c8","1.85.0","","","NoPailsProvided,NoHarvestablePails,NoFarmersProvided,VectorSizeMismatch,NoSuccessfulPlants,NoSuccessfulWork","__constructor,harvest,plant,work",""
"d1d4e69b4f3b9c14382b5e8cfbc081afefb5f5306769339a7482acebdd5358a1",67,0.0458,"25.3.1#e50d95af029c83196dd122f0154bac3f1302394b","1.93.0","github:stellar-registry/contracts","rgstry.xyz","NoSuchWasmPublished,NoSuchVersion,WasmNameAlreadyTaken,NoSuchContractDeployed,AlreadyDeployed,UpgradeInvokeFailed,AdminOnly,VersionMustBeGreaterThanCurrent,InvalidName,InvalidVersion,HashAlreadyPublished,ManagerRequired,NoPendingBatch,NotContractOwner,BatchEntryExpired,AccountAddressNotValid,ContractIdAddressDoesNotExist,ProxyInvocationFailed,ProxyContractCompromised,SubRegistryCrossContractCallFailed,SubRegistryIsSelf","admin,deploy,manager,publish,upgrade,set_admin,dev_deploy,fetch_hash,set_manager,publish_hash,__constructor,flag_contract,process_batch,batch_register,deploy_unnamed,remove_manager,current_version,rename_contract,upgrade_contract,fetch_contract_id,register_contract,fetch_contract_owner,xcc_hash_and_version,proxy_invoke_contract,update_contract_owner,deploy_with_subregistry,update_contract_address","Deploy,Rename,Publish,Register,SubRegistry,UpdateOwner,UpdateAddress,SecurityFlagContract"
"d2065836ca2628d5ba4a5578b964f39380a20e77315f7d72a487da086ae6411d",1,0.0007,"26.1.0#175aa41306f383057a8cdfc84b68d931664fc34e","1.92.0","","","InvalidConfiguration,InvalidAmount,WrongFactory,WrongController,StaleState,DuplicateCandidate,InvalidCandidate,DuplicateCommitment,InsufficientIdle,WithdrawalLimited,AllocationNotFound,InvalidCell,InvalidPhase,TransferMismatch,Arithmetic","nav,info,unfund,harvest,candidate,allocation,extend_ttl,__constructor,allocate_next,fund_received,state_version,group_exposure,preview_redeem,preview_deposit,register_candidate,unallocated_balance","PoolRedeem,PoolDeposit,PoolHarvest,PoolCandidate,PoolAllocationEvent"
"d26b246d23e87b05a8b5e16820f7f7694666e8edcd6f33612a5f800e3c777a03",16,0.0109,"22.0.5#25daaf397971f2c15fd2a5fd0a9967020a19cfcb","1.89.0","","","NotFound,NotEmpty,NotAuthorized,NotPermitted,NotOwned,AmountTooMuch,InvalidContract,InvalidArgs,VCStringTooLong,VCListCapacityReached,SplitLimitReached,SplitAmountTooLow","__constructor,admin,set_admin,ext_token,loan_contract,set_loan_contract,set_loan_status,amount,parent,owner,vc,loan_status,get_all_owned,is_disabled,transfer,mint_original,burn,split,redeem,check_paid,check_expired,recipient,sign_off,reject,pay_off,add_vc",""
"d28683f723ae932a0eae1ced62a91a23738af3d8bbb79bcfb1fc7b20e9a9f2f9",1,0.0007,"25.3.1#e50d95af029c83196dd122f0154bac3f1302394b","1.93.0","","","NotInitialized,AlreadyRegistered,DomainExpired,NotOwner,InvalidName,InvalidDuration,InsufficientPayment,DomainNotFound,Unauthorized,SubdomainLimitReached,ProductionLocked,GracePeriodActive,NotExpired,MarketplaceNotSet,BelowFloorPrice,TooManyRecords,NftNotFound,NotApproved,ApprovalExpired,RegistrationsPaused,NeedsUpgrade,BlacklistedName,ReservedName","name,renew,symbol,approve,balance,resolve,upgrade,owner_of,register,transfer,get_price,set_admin,token_uri,early_exit,extend_ttl,gift_renew,initialize,set_status,fix_pricing,set_records,get_approved,get_token_id,is_available,nft_transfer,set_base_uri,set_reserved,total_minted,expire_domain,set_subdomain,transfer_from,get_node_count,set_avatar_nft,upgrade_domain,approve_for_all,reverse_resolve,set_blacklisted,set_marketplace,set_ustry_token,get_pause_status,get_vault_shares,set_aquarius_pool,zap_public_deposit,get_operator_wallet,is_approved_for_all,register_with_ustry,set_aquarius_router,set_operator_wallet,marketplace_transfer,get_domain_attributes,set_pause_registrations,set_aquarius_pool_contract","NftMintEvent,EarlyExitEvent,NftApproveEvent,NftTransferEvent,DomainExpiredEvent,DomainRenewedEvent,RecordUpdatedEvent,RegistryPauseEvent,StatusChangedEvent,DomainRegisteredEvent,NftApproveForAllEvent,DomainTransferredEvent,MarketplaceTransferEvent"
"d2dec36170317d81aebaee3efdc7df87fe5c72bb87bc85f5f8cd1ef1e057eff9",9,0.0061,"23.1.1#f4573f94c8f8c1972459a03fe589f116e38c4cf1","1.89.0","github:EquitXCompany/equitx-project","","InsufficientCollateralization,CDPAlreadyExists,CDPNotFound,CDPNotInsolvent,CDPNotOpen,InsufficientCollateral,InsufficientBalance,RepaymentExceedsDebt,OutstandingDebt,InvalidMerge,InvalidLiquidation,InvalidWithdrawal,CDPNotOpenOrInsolvent,CDPNotOpenOrInsolventForRepay,StakeAlreadyExists,StakeDoesntExist,InvalidLedgerSequence,OraclePriceFetchFailed,OracleDecimalsFetchFailed,XLMTransferFailed,ClaimRewardsFirst,InsufficientStake,InsufficientInterest,PaymentExceedsInterestDue,InterestMustBePaidFirst,InsufficientXLMForInterest,InsufficientApprovedXLMForInterestRepayment,XLMInvocationFailed,ValueNotPositive,InsufficientAllowance,ArithmeticError,CannotTransferToSelf","__constructor,upgrade,increase_allowance,decrease_allowance,spendable_balance,authorized,set_authorized,clawback,allowance,approve,balance,transfer,transfer_from,burn,burn_from,decimals,name,symbol,xlm_contract,xlm_sac,asset_contract,pegged_asset,minimum_collateralization_ratio,lastprice_xlm,lastprice_asset,decimals_xlm_feed,decimals_asset_feed,open_cdp,cdp,freeze_cdp,add_collateral,withdraw_collateral,borrow_xasset,repay_debt,liquidate_cdp,merge_cdps,close_cdp,get_accrued_interest,pay_interest,set_xlm_sac,set_xlm_contract,set_asset_contract,set_pegged_asset,set_min_collat_ratio,set_interest_rate,get_interest_rate,get_total_interest_collected,version,deposit,withdraw,liquidate,claim_rewards,get_staker_deposit_amount,get_total_xasset,get_total_collateral,stake,unstake,get_available_assets,get_position,get_constants","MintXasset,BurnXasset"
"d2ee7cdf0390b88a17858817188c2c2ff2694a80caa7567eafdc8a06d7f2841d",1,0.0007,"27.0.3#f8f32f0d0771f252377a21753a95ae0bde941ce6","1.92.0","","","InvalidFillPercent,InsufficientProfit,SlippageExceeded,BadCallData,ReserveNotFound","claim,upgrade,get_owner,set_owner,__constructor,fill_bad_debt,fill_interest,fill_liquidation",""
"d2f32d45cf25458862bcac3ba6d34c61cb747303e706f42ff097594e1816d730",4,0.0027,"22.0.8#f46e9e0610213bbb72285566f9dd960ff96d03d8","1.89.0","","","AlreadyInitialized,AlreadyProcessed,InvalidRoyaltyBps,NotInitialized,MissingValue,NotApprover,AdminNotSet","init,receive_token_payment,add_approver,remove_approver,set_royalty_bps,set_royalty_recipient,royalty_bps,royalty_recipient,is_processed",""
"d3019fe8ea30d7265546e2ad134f30812e4460973ddea741d2a163ff2d89fba0",2,0.0014,"27.0.1#19a2d480fffa003e739db7cbee0249111dbfd05c","1.97.1","","","AlreadyInitialized,NotInitialized,Unauthorized,InvalidAmount,ExceedsMaxPurchase,ZeroOutput,InsufficientInventory,ArithmeticOverflow,SlippageExceeded,BootstrapGrantAlreadyUsed","admin,price,buy_lbx,lbx_sac,upgrade,xlm_sac,withdraw,set_admin,set_price,max_purchase,__constructor,grant_bootstrap,set_max_purchase,bootstrap_grant_amount","LbxPurchase,BootstrapGrant"
"d30802b77f8a5c12023af2f7158e979113803a4c623d52e8e03d0ae5b46c6039",1,0.0007,"25.3.1#e50d95af029c83196dd122f0154bac3f1302394b","1.93.0","","","NotInitialized,AlreadyRegistered,DomainExpired,NotOwner,InvalidName,InvalidDuration,InsufficientPayment,DomainNotFound,Unauthorized,SubdomainLimitReached,ProductionLocked,GracePeriodActive,NotExpired,MarketplaceNotSet,BelowFloorPrice,TooManyRecords,NftNotFound,NotApproved,ApprovalExpired,RegistrationsPaused,NeedsUpgrade,BlacklistedName,ReservedName","name,renew,symbol,approve,balance,resolve,upgrade,owner_of,register,transfer,get_price,set_admin,token_uri,early_exit,extend_ttl,gift_renew,initialize,set_status,fix_pricing,get_xld_sac,set_records,set_xld_sac,get_approved,get_token_id,is_available,set_base_uri,set_reserved,total_minted,__constructor,admin_reclaim,admin_restore,expire_domain,set_subdomain,transfer_from,get_node_count,set_avatar_nft,upgrade_domain,approve_for_all,reverse_resolve,set_blacklisted,set_marketplace,set_ustry_token,get_pause_status,get_vault_shares,transfer_by_node,get_domain_status,set_aquarius_pool,set_reserved_batch,zap_public_deposit,admin_reclaim_batch,get_operator_wallet,is_approved_for_all,register_with_ustry,set_aquarius_router,set_operator_wallet,get_early_exit_quote,marketplace_transfer,get_domain_attributes,set_blacklisted_batch,set_pause_registrations,set_aquarius_pool_contract","NftMintEvent,EarlyExitEvent,NftApproveEvent,NftTransferEvent,DomainExpiredEvent,DomainRenewedEvent,RecordUpdatedEvent,RegistryPauseEvent,StatusChangedEvent,DomainRegisteredEvent,NftApproveForAllEvent,DomainTransferredEvent,MarketplaceTransferEvent"
"d34c166bae5bc00cf504d56bc44244a276db477968081b4bd445698ab71412ab",46,0.0314,"25.3.0#dcbea44513feb7734af6b6c4aced2c4a7a2715d0","1.94.1","github:AquaToken/soroban-amm","","AnotherActionActive,NoActionActive,ActionNotReadyYet","swap,claim,deposit,version,get_info,share_id,withdraw,gauge_add,kill_swap,pool_type,get_gauges,get_tokens,initialize,kill_claim,unkill_swap,gauge_remove,gauges_claim,get_reserves,kill_deposit,unkill_claim,apply_upgrade,contract_name,estimate_swap,commit_upgrade,initialize_all,revert_upgrade,unkill_deposit,get_pools_plane,get_user_reward,get_user_shares,set_pools_plane,estimate_deposit,get_fee_fraction,get_rewards_info,get_total_shares,init_pools_plane,checkpoint_reward,get_protocol_fees,get_rewards_state,get_unused_reward,kill_gauges_claim,set_rewards_state,get_emergency_mode,get_future_address,get_is_killed_swap,set_emergency_mode,set_rewards_config,backfill_plane_data,claim_protocol_fees,get_is_killed_claim,init_config_storage,swap_strict_receive,unkill_gauges_claim,get_privileged_addrs,return_unused_reward,set_privileged_addrs,gauge_schedule_reward,get_is_killed_deposit,gauges_get_reward_info,admin_set_rewards_state,initialize_boost_config,set_reward_boost_config,apply_transfer_ownership,estimate_working_balance,get_total_claimed_reward,commit_transfer_ownership,get_protocol_fee_fraction,get_total_excluded_shares,initialize_rewards_config,revert_transfer_ownership,set_protocol_fee_fraction,checkpoint_working_balance,get_total_configured_reward,estimate_swap_strict_receive,get_total_accumulated_reward,adjust_total_accumulated_reward",""
"d37035409b010c3ffb3274c780a0ddd1a25ae65301996115ffc73158e38fe2db",1,0.0007,"26.0.1#f52b6aad85f18c5e312ff3f60e57cb613274e6bb","1.94.0","","","Unauthorized,AlreadyInitialized,IsBlocklisted,AlreadyBlocked","root,admin,upgrade,block_leaf,initialize,blocked_count,is_not_blocked,assert_non_member",""
"d376f3bb497bca6260153382c7182e123589c02bc02a5c91f27e55c4109034f9",1,0.0007,"22.0.6#0c47dcfa187069d241f11fb082730f667b55e802","1.87.0","","","AnotherActionActive,NoActionActive,ActionNotReadyYet","__constructor,set_swap_fee_contract_wasm,deploy_swap_fee_contract,version,commit_upgrade,apply_upgrade,revert_upgrade,set_emergency_mode,get_emergency_mode,commit_transfer_ownership,apply_transfer_ownership,revert_transfer_ownership,get_future_address",""
"d395935626aa610a7be28dd24f47112488222962672f9077892c75ff205b99a0",1,0.0007,"25.3.1#e50d95af029c83196dd122f0154bac3f1302394b","1.97.1","","","AlreadyInit,NotInit,ProofInvalid,NullifierUsed,StaleReserves,Resolved,EqualNullifiers,Denylisted,UnknownRoot,BadAsset,RecipientMismatch,BatchEmpty,BatchTooLarge,BatchMismatch,BatchDeltaWrong,BatchInsolvent,PayloadTooLarge,PayloadCountWrong","fees,init,ping,reseed,shield,resolve,add_deny,unshield,mint_swap,get_config,reserve_of,swap_merge,remove_deny,batch_settle,private_swap,is_known_root,withdraw_fees",""
"d40f0a005dd2b05c6d7240b62f7f11d6fc0cc1925532d9b160a182d9ac2efe48",1,0.0007,"25.3.1#e50d95af029c83196dd122f0154bac3f1302394b","1.93.0","","","NotInitialized,Unauthorized,AuctionNotFound,AuctionEnded,AuctionActive,CommitmentExists,InvalidReveal,BelowReserve,NotCommitted,AlreadyRevealed,RevealPeriodActive,NoWinner,ZeroAmount","settle,upgrade,set_admin,commit_bid,extend_ttl,initialize,reveal_bid,get_auction,__constructor,create_auction,get_commitment","BidRevealedEvent,BidCommittedEvent,AuctionCreatedEvent,AuctionSettledEvent"
"d43bca8128c9f3bd541d921245443825c413e012038df823aa3c7a48aea58a6c",1,0.0007,"23.4.1#e671b396f8bacf1370925f722df158b31c0baae5","1.92.0","","","NotTrusted,UnresolvedDispute,InvalidDispute,NoDispute,NotGovernor,NotGovernorOrGuardian,NotUpgradeable,ZeroAddress,InvalidLengths,NotWhitelisted,InvalidProof,InvalidUninitializedRoot,InvalidReturnMessage","claim,upgrade,get_tree,extend_ttl,get_claimed,revoke_tree,update_tree,dispute_tree,get_disputer,get_operator,__constructor,get_last_tree,recover_sep41,get_is_trusted,toggle_trusted,get_merkle_root,resolve_dispute,toggle_operator,get_dispute_token,get_main_operator,set_dispute_token,get_dispute_amount,get_dispute_period,get_epoch_duration,set_dispute_amount,set_dispute_period,set_epoch_duration,get_claim_recipient,set_claim_recipient,verify_proof_public,claim_with_recipient,revoke_upgradeability,get_end_of_dispute_period,get_access_control_manager,toggle_main_operator_status,get_upgradeability_deactivated","Claimed,Revoked,Disputed,Recovered,TreeUpdated,TrustedToggled,DisputeResolved,OperatorToggled,DisputeTokenUpdated,DisputeAmountUpdated,DisputePeriodUpdated,EpochDurationUpdated,ClaimRecipientUpdated,UpgradeabilityRevoked,MainOperatorStatusUpdated,AccessControlManagerUpdated,SetRoot,SetClaimed,Paused,Unpaused"
"d44440248f702aab7dfcd9751437b2f058653d49aa8a9154dde438125953d8a6",3,0.0020,"23.5.3#d3e1ab2424388b10893b796b0c8e405c5edd03d2","1.97.1","github:Dobprotocol/stellar-distribution-contracts","dobprotocol.com","NotInitialized,AlreadyInitialized,Unauthorized,ContractLocked,LowShareCount,InvalidShareTotal,NegativeShareAmount,DuplicateShareholder,ZeroTransferAmount,TransferAmountAboveBalance,TransferAmountAboveUnusedBalance,InvalidDistributionRound,RoundNotFound,AlreadyClaimed,NothingToClaim,RoundNotFinalized,InsufficientTokenBalance,TokenMintFailed,TokenBurnFailed,Overflow,DivisionByZero,InvalidCommissionRate,ZeroWithdrawalAmount,WithdrawalAmountAboveAllocation,DistributionTooSoon,ClaimsNotOpenYet,RoundExpired,ScheduleNotConfigured,ScheduleNotEnabled,ScheduleCompleted,ScheduledDistributionNotDue,InvalidScheduleConfig,RoundNotExpired,NothingToReclaim,NoSharesToTransfer,InsufficientSharesToTransfer,CannotTransferToSelf,InvalidShareAmount,InvalidPrice,NoSharesToSell,NoActiveListing,InsufficientSharesInListing,CannotBuyOwnShares,InvalidProof,NotSnapshotRound,ListingAlreadyExists","init,claim,upgrade,claim_all,get_round,get_share,set_admin,buy_shares,get_config,get_listing,accept_admin,get_schedule,set_schedule,get_claimable,lock_contract,update_shares,cancel_listing,get_allocation,init_with_type,transfer_shares,transfer_tokens,claim_with_proof,disable_schedule,is_round_expired,get_active_rounds,is_round_claimable,create_distribution,get_total_claimable,withdraw_allocation,get_require_snapshot,get_unclaimed_amount,list_shares_for_sale,set_require_snapshot,cancel_admin_transfer,get_commission_config,reclaim_expired_round,get_distribution_config,get_next_scheduled_time,set_buy_commission_rate,set_distribution_config,set_commission_recipient,create_distribution_snapshot,trigger_scheduled_distribution,set_distribution_commission_rate","SetAdmin,AdminProposed"
"d45e236a0224db2ae43c84c8156d90e53fe8a88625173e0f0fa55ce68958440f",0,0.0000,"21.7.4#f67b4bf2d2de04d87d28225a99027fd40b7da914","1.81.0","","","NotInitialized,AlreadyInitialized,ProtocolDisabled,Unfeasible,Unauthorized,InvalidPath","init,enable_protocol,update_contract,strict_send,strict_receive",""
"d45ed61b23d7162a9cbe7ce5cdf98a1bff3150f1f61ec38eaf042fda6bde8a70",1,0.0007,"26.1.0#175aa41306f383057a8cdfc84b68d931664fc34e","1.96.1","","","AlreadyInitialized,NotInitialized,Unauthorized,AttestationNotFound,Overflow,HistoryFull,InvalidPayment,InvalidLedgerRange,TitleTooLong,DuplicateAttestation,InvalidWorkSession,InvalidRequestId","init,get_attestation,mint_attestation,verify_attestation,get_sender_attestations,get_recipient_attestations","AttestationMinted"
"d48701791d2fd7cb412a89093507608b472f9631ae404ca6c49d362e57380759",1,0.0007,"26.1.0#175aa41306f383057a8cdfc84b68d931664fc34e","1.93.0","","","NotInitialized,Unauthorized,AuctionNotFound,AuctionEnded,AuctionActive,CommitmentExists,InvalidReveal,BelowReserve,NotCommitted,AlreadyRevealed,RevealPeriodActive,NoWinner,ZeroAmount","settle,upgrade,set_admin,commit_bid,extend_ttl,initialize,reveal_bid,get_auction,__constructor,set_xld_token,create_auction,get_commitment,set_vault_contract,settle_from_router,set_operator_wallet","BidRevealedEvent,BidCommittedEvent,AuctionCreatedEvent,AuctionSettledEvent"
"d49bba4ee089850732e3a50d83a14891baf7a0de4068eb6c78a535113f8ec501",0,0.0000,"23.1.0#7456be9d91fe1f4cb070fc2732bac78244ce6c3f","1.91.1","","","MatchNotFound,NotPlayer,AlreadyCommitted,AlreadyRevealed,NotCommitted,WaitingForCommits,InvalidChoice,CommitmentMismatch,MatchAlreadyEnded,SelfPlay,RoundNotComplete,Timeout,AlreadyInQueue,NotInQueue,AlreadyInMatch","commit,reveal,upgrade,get_admin,get_match,get_queue,set_admin,find_match,get_timeout,set_timeout,start_match,cancel_queue,__constructor,claim_timeout,get_blendizzard,set_blendizzard,get_player_match,clear_blendizzard,compute_commitment",""
"d4a63b42550ac5e75977d6cf19bd514612521e7202bbab25bcc8ddc18c6967fd",1,0.0007,"26.1.0#175aa41306f383057a8cdfc84b68d931664fc34e","1.96.0","","","AlreadyInit,NotInit,BadEpoch,ProofInvalid,ReserveShortfall,NullifierUsed,NotAdmin","init,deposit,reserve,set_vk_b,withdraw,epoch_info,last_epoch,post_epoch,admin_drain,nullifier_used",""
"d4b4976b4fe214170a21aa11b70274a54877160e05ca88af0f41246956170ff4",1,0.0007,"22.0.8#f46e9e0610213bbb72285566f9dd960ff96d03d8","1.88.0","","","Unauthorized,DepositPending,InvalidToken,Usdm0BeneficiaryNotAssigned,Usdm1BeneficiaryNotAssigned,CollateralNotSupported,NoCollateralsConfigured,DepositAmountInvalid,InsufficientCollateralBalance,InsufficientCollateralAllowance,DepositNotFound,DepositDoesNotMatch,RedemptionPending,RedemptionAmountInvalid,Usdm0NotSet,Usdm1NotSet,InsufficientTokenBalance,InsufficientTokenAllowance,RedemptionNotFound,RedemptionDoesNotMatch,RedemptionNotApproved,ApprovalExceedsDeposit,Paused,SwapAmountInvalid,SwapPending,SwapNotFound,SwapDoesNotMatch,RedemptionAlreadyApproved,AmountExceedsCurrentAmount,ObligationExceedsCurrentObligation","__constructor,get_administrator,rotate_administrator,assign_operator,get_operator,add_financier,get_financiers,remove_financier,assign_usdm0,get_usdm0,assign_usdm1,get_usdm1,assign_beneficiary0,get_beneficiary0,assign_beneficiary1,get_beneficiary1,add_collateral,get_collaterals,remove_collateral,pause,unpause,is_paused,get_config,deposit,cancel_deposit,process_deposit,get_deposit,get_pending_deposit,redeem,cancel_redemption,get_redemption,approve_redemption,process_redemption,get_collateral_obligation,swap,cancel_swap,process_swap,get_swap",""
"d4bbe221cbe9837cf277448d0fe3aa99cf0dd9213a98db15b671a34dadf2a8b4",1,0.0007,"27.0.4#3715435b643496244c9c22f0e7443b9c1f953ddb","1.97.1","","","ProjectExists,ProjectNotFound,MilestoneNotFound,NotAuthorized,InvalidStatus,IdTooLong","reject_milestone,approve_milestone,create_project_ref,get_milestone_status,submit_milestone_proof,transfer_project_owner","ProofSubmitted,MilestoneApproved,MilestoneRejected,ProjectRegistered,ProjectOwnerTransferred"
"d4cb74c87f5101f6f6405a667d68011b80e5bd7fbc02886412d67e5c41707a10",1,0.0007,"26.1.0#175aa41306f383057a8cdfc84b68d931664fc34e","1.96.0","","","InvalidUsername,UsernameTaken,AlreadyRegistered","resolve,register,username_of,is_available",""
"d531ae75dc2f47d86e6327aaa2198d7c50e3afc5187c53204684d95fcc99dd93",0,0.0000,"25.3.1#e50d95af029c83196dd122f0154bac3f1302394b","1.93.0","","","NotInitialized,Unauthorized,NotOwner,AlreadyListed,NotListed,BelowFloorPrice,ListingExpired,SelfTrade,ProposalExpired,InvalidSignature,ProductionDomain","buy,list,cancel,upgrade,get_offer,set_admin,extend_ttl,initialize,make_offer,get_listing,accept_offer,total_volume,accept_private_trade","OfferMadeEvent,DomainSoldEvent,DomainListedEvent,PrivateTradeEvent,OfferAcceptedEvent,ListingCancelledEvent"
"d58e4a6d7e96da92856ad1874b5bc5b2607ded0d10c2d3e65202b08ca6b8dd45",1,0.0007,"26.1.0#175aa41306f383057a8cdfc84b68d931664fc34e","1.96.1","","","AlreadyInitialized,NotInitialized","init,verify_claim,compute_score,get_score_breakdown",""
"d5d962ae71cde3d5c71308aff4e82cb50e8a9a0d86d4658dd2112c84a60fbf88",1,0.0007,"25.1.1#94c2a3b3a5ded6b9cf9cef0c207bf8804f3eb294","1.93.1","github:AquaToken/soroban-amm","","AnotherActionActive,NoActionActive,ActionNotReadyYet","version,init_admin,apply_upgrade,contract_name,commit_upgrade,revert_upgrade,get_emergency_mode,get_future_address,set_emergency_mode,apply_transfer_ownership,commit_transfer_ownership,revert_transfer_ownership",""
"d5e9038212741f84510ec2ee0b614af4a8b4f8c34632e83f7ec8be4c5e82beb1",2,0.0014,"25.3.1#e50d95af029c83196dd122f0154bac3f1302394b","1.96.1","","","AlreadyInitialized,NotInitialized,NotAuthorized,Paused,InvalidAmount,MathOverflow,NoPendingAdmin,NoPendingUpgrade,TimelockNotElapsed,TimelockOutOfBounds,UnexpectedDecimals,PositionNotFound,NotPositionOwner,NotMatured,InsufficientBalance,SolvencyViolation,PositionClosed,MarketMatured,SplitTooSmall,RateOutOfBounds,NoStrategyPosition,WithdrawShortfall,ReceiptNotFound,NotReceiptOwner,VaultNotMatured,ReceiptClosed,InsufficientCapacity,RateNotAllowed,VaultExpired,InsufficientLiquidity,SlippageExceeded,MarketExpired,InsufficientShares,ImbalancedLiquidity,FeeNotAllowed,MaturityMismatch,PtTokenMismatch,UnderlyingMismatch,InsufficientAllowance,SeriesExpired,SeriesNotExpired,NotRegistered,FeeShareTooHigh,MinOutNotMet,DustAmount,DepositCapExceeded","burn,name,admin,pause,expiry,symbol,approve,balance,mint_py,surplus,unpause,version,decimals,pt_token,py_index,solvency,sr_token,timelock,total_py,transfer,treasury,allowance,burn_from,code_hash,is_paused,redeem_py,sweepable,checkpoint,initialize,is_expired,bump_holder,interest_of,accept_admin,expiry_index,set_timelock,set_treasury,total_supply,__constructor,apply_upgrade,index_current,pending_admin,propose_admin,set_yield_fee,sweep_surplus,total_accrued,transfer_from,yield_fee_bps,cancel_upgrade,pending_upgrade,py_index_current,schedule_upgrade,claimable_interest,stamp_expiry_index,redeem_due_interest,cancel_admin_transfer,redeem_due_interest_to","MintPy,YtBurn,RedeemPy,YtTransfer,Initialized,YieldFeeSet,InterestPaid,SurplusSwept,ExpiryStamped,Upgraded,AdminChanged,AdminProposed,TimelockChanged,UpgradeCancelled,UpgradeScheduled,AdminTransferCancelled"
"d6555015ec88a308950f7be48eec3112cb899a86b1d5088cd63843b7ed1d4f2a",1,0.0007,"20.3.2#1d7f9bd8030f69070634bfb07394339824ceb399","1.74.1","","","AlreadyInitialized,Uninitialized,NoPriceFeed,Paused,NoReserveExistForAsset,NoActiveReserve,ReserveFrozen,ReservesMaxCapacityExceeded,NoPriceForAsset,ReserveAlreadyInitialized,InvalidAssetPrice,BaseAssetNotInitialized,InitialHealthNotInitialized,LiquidationOrderMustBeUnique,NotFungible,UserConfigInvalidIndex,NotEnoughAvailableUserBalance,UserConfigNotExists,MustHaveDebt,MustNotHaveDebt,BorrowingNotEnabled,BelowInitialHealth,BadPosition,GoodPosition,InvalidAmount,ValidateBorrowMathError,CalcAccountDataMathError,LiquidateMathError,MustNotBeInCollateralAsset,UtilizationCapExceeded,LiqCapExceeded,FlashLoanReceiverError,MathOverflowError,MustBeLtePercentageFactor,MustBeLtPercentageFactor,MustBeGtPercentageFactor,MustBePositive,AccruedRateMathError,CollateralCoeffMathError,DebtCoeffMathError","deploy_pool,deploy_s_token,deploy_debt_token",""
"d6717aa80e0a1e6f5e6e6b5a8a4c00219ecbd1d3c5be61a44134324dd56e7df2",4,0.0027,"25.3.0#dcbea44513feb7734af6b6c4aced2c4a7a2715d0","1.97.1","","","NegativeAmount,NotClosed,RefundWaitingPeriodNotElapsed,AlreadyClosed","to,from,close,token,refund,settle,top_up,balance,deposited,withdrawn,close_start,__constructor,prepare_commitment,refund_waiting_period","Open,Close,Refund,Withdraw"
"d6c6573dab16d78404ea3a07f61c78075862bc8a81795e0f09c6d2e0bd9eeb9b",0,0.0000,"25.3.1#e50d95af029c83196dd122f0154bac3f1302394b","1.93.0","","","NotInitialized,AlreadyRegistered,DomainExpired,NotOwner,InvalidName,InvalidDuration,InsufficientPayment,DomainNotFound,Unauthorized,SubdomainLimitReached,ProductionLocked,GracePeriodActive,NotExpired,MarketplaceNotSet,BelowFloorPrice,TooManyRecords,NftNotFound,NotApproved,ApprovalExpired,RegistrationsPaused","name,renew,symbol,approve,balance,resolve,upgrade,owner_of,register,transfer,get_price,set_admin,token_uri,early_exit,extend_ttl,gift_renew,initialize,set_status,fix_pricing,set_records,get_approved,get_token_id,is_available,nft_transfer,set_base_uri,total_minted,expire_domain,set_subdomain,transfer_from,get_node_count,approve_for_all,reverse_resolve,set_marketplace,set_ustry_token,get_pause_status,get_vault_shares,set_aquarius_pool,get_operator_wallet,is_approved_for_all,set_aquarius_router,set_operator_wallet,marketplace_transfer,get_domain_attributes,set_pause_registrations,set_aquarius_pool_contract","NftMintEvent,EarlyExitEvent,NftApproveEvent,NftTransferEvent,DomainExpiredEvent,DomainRenewedEvent,RecordUpdatedEvent,RegistryPauseEvent,StatusChangedEvent,DomainRegisteredEvent,NftApproveForAllEvent,DomainTransferredEvent,MarketplaceTransferEvent"
"d704985741fd68d2ec2ce084739f5e6b4c2ecbf2c1a8818316c13b2359fd900b",1,0.0007,"25.1.1#94c2a3b3a5ded6b9cf9cef0c207bf8804f3eb294","1.93.1","","","Unprofitable","a,b,__constructor",""
"d70a8fceead24dea08168023f02b76627aa8ed98359aa10cc33cb416b5f5ce9d",1,0.0007,"25.3.1#e50d95af029c83196dd122f0154bac3f1302394b","1.94.0","","","AlreadyInitialized,InvalidPhase,EmptyRecords,DuplicateRecord,InvalidAmount,InsufficientFunding,NotEligible,AlreadyClaimed,UnsafeAllowance,ClaimExpired,SweepTooEarly,RecordsNotSeeded,ExpectedTotalMismatch,CannotPause,CannotUnpause,CannotEmergencyWithdraw","init,claim,get_phase,get_totals,pause_claims,unpause_claims,activate_claims,get_claim_record,emergency_withdraw,seed_records_batch,sweep_after_deadline","ClaimEvent,PauseEvent,SweepEvent,UnpauseEvent,EmergencyWithdrawEvent"
"d718b1806fe0b27e649851dc83704d958a07a2b0d11c76209c67bda7c235872d",1,0.0007,"25.3.1#e50d95af029c83196dd122f0154bac3f1302394b","1.93.0","","","NotInitialized,AlreadyRegistered,DomainExpired,NotOwner,InvalidName,InvalidDuration,InsufficientPayment,DomainNotFound,Unauthorized,SubdomainLimitReached,ProductionLocked,GracePeriodActive,NotExpired,MarketplaceNotSet,BelowFloorPrice,TooManyRecords,NftNotFound,NotApproved,ApprovalExpired,RegistrationsPaused,NeedsUpgrade,BlacklistedName,ReservedName","name,renew,symbol,approve,balance,resolve,upgrade,owner_of,register,transfer,get_price,set_admin,token_uri,early_exit,extend_ttl,gift_renew,initialize,set_status,fix_pricing,set_records,get_approved,get_token_id,is_available,nft_transfer,set_base_uri,set_reserved,total_minted,expire_domain,set_subdomain,transfer_from,get_node_count,set_avatar_nft,upgrade_domain,approve_for_all,reverse_resolve,set_blacklisted,set_marketplace,set_ustry_token,get_pause_status,get_vault_shares,set_aquarius_pool,set_xld_sac_token,zap_public_deposit,get_operator_wallet,is_approved_for_all,register_with_ustry,set_aquarius_router,set_operator_wallet,marketplace_transfer,get_domain_attributes,set_pause_registrations,set_aquarius_pool_contract","NftMintEvent,EarlyExitEvent,NftApproveEvent,NftTransferEvent,DomainExpiredEvent,DomainRenewedEvent,RecordUpdatedEvent,RegistryPauseEvent,StatusChangedEvent,DomainRegisteredEvent,NftApproveForAllEvent,DomainTransferredEvent,MarketplaceTransferEvent"
"d723b12d81f1a0e8c4b384ff9d01f0fc6e3f4f151d55ddec5dd02dda3d33a542",1,0.0007,"22.0.6#0c47dcfa187069d241f11fb082730f667b55e802","1.84.0","","","AnotherActionActive,NoActionActive,ActionNotReadyYet","__constructor,set_swap_fee_contract_wasm,deploy_swap_fee_contract,version,commit_upgrade,apply_upgrade,revert_upgrade,set_emergency_mode,get_emergency_mode,commit_transfer_ownership,apply_transfer_ownership,revert_transfer_ownership,get_future_address",""
"d7d2c42085c211596f7767292c46204daa8c6cbee4111383fba5959e921c6a98",1,0.0007,"25.1.1#94c2a3b3a5ded6b9cf9cef0c207bf8804f3eb294","1.93.1","","","Unprofitable","a,__constructor",""
"d7fb60c602ab8fc3c5752f4e9da35d193d9077111ff95648350b2029693939e7",1,0.0007,"22.0.8#f46e9e0610213bbb72285566f9dd960ff96d03d8","1.91.1","","","NoSettings,SettingsAlreadyExists,TrustedAddressAlreadyExists,ClientAlreadyExists,SenderAlreadyExists,TransferAlreadyExists,Unauthorized,MessgeAlreadyExists,MessgeCanNotBeResent,MessageAlreadyExists,RefundsNotEnabled,RefundRequestAlreadyProcessed,TransferNotEligibleForRefund,RefundRequestAlreadyExists,InvalidTransferHash","admin,upgrade,set_admin,initialize,set_relayer,send_message,create_client,create_sender,init_send_msg,remove_sender,update_client,__constructor,add_refund_req,resend_message,receive_message,set_initializer,update_settings,process_refund_req,create_trusted_addr,remove_trusted_addr,init_receive_message,confirm_incoming_refund,transfer_sending_result,get_serialized_init_message_hash",""
"d826eda35470b53abe8a664b3628473c843178c0264bcf3a68194e1eb2f1c3f7",1,0.0007,"22.0.7#211569aa49c8d896877dfca1f2eb4fe9071121c8","1.85.0","","","InvalidAmount,ContractFrozen,InsufficientReserve,GameNotFound,BettingClosed,GameNotComplete,GameCompleted,PlayerAlreadyBet,PlayerHasNoBets,InvalidBet,BetAmountTooLow,BetAmountTooHigh,BetLimitExceeded","__constructor,set_admin,set_game_settings,set_payouts,add_to_reserve,withdraw_from_reserve,freeze,place_bet,resolve_game,claim,upgrade",""
"d867a50a5b2c237924e356ca09f88748285dcf30426f42c216e19d54c6cc5039",1,0.0007,"25.3.1#e50d95af029c83196dd122f0154bac3f1302394b","1.93.0","","","AlreadyInitialized,NotInitialized,NotAuthorized,Paused,InvalidAmount,MathOverflow,NoPendingAdmin,NoPendingUpgrade,TimelockNotElapsed,TimelockOutOfBounds,UnexpectedDecimals,PositionNotFound,NotPositionOwner,NotMatured,InsufficientBalance,SolvencyViolation,PositionClosed,RateOutOfBounds,NoStrategyPosition,WithdrawShortfall,ReceiptNotFound,NotReceiptOwner,VaultNotMatured,ReceiptClosed,InsufficientCapacity,RateNotAllowed,VaultExpired,InsufficientLiquidity,SlippageExceeded,MarketExpired,InsufficientShares,ImbalancedLiquidity,FeeNotAllowed","pool,admin,redeem,deposit,version,timelock,code_hash,initialize,rate_bound,underlying,accept_admin,current_rate,set_timelock,total_shares,__constructor,apply_upgrade,pending_admin,propose_admin,cancel_upgrade,position_value,pending_upgrade,set_max_apr_bps,schedule_upgrade,redeem_underlying,cancel_admin_transfer","Upgraded,AdminChanged,AdminProposed,TimelockChanged,UpgradeCancelled,UpgradeScheduled,AdminTransferCancelled"
"d8b9ac96550e204c1d491ef2c24a25d9e3de4cfbdbbf77ec49e66cac2ccfea71",3,0.0020,"27.0.1#19a2d480fffa003e739db7cbee0249111dbfd05c","1.93.1","","","AlreadyInitialized,MissingAdmin,MissingOwnerKey,InvalidOwnerKey,InvalidSignatureEnvelope,UnsupportedAuthMode,InvalidAuthContext,InvalidAuthDomain,InvalidAuthOwnerHash,InvalidAuthPayloadBinding,MissingOwnerCommitment,MissingAuthVk,InvalidOwnerCommitment,InvalidAuthVkLength,InvalidAuthMode,InvalidVkLength,InvalidProofOrVkLength,InvalidProofEncoding,InvalidVkEncoding,InvalidProof,ScalarFieldOverflow,UnsupportedOperation","admin,auth_vk,upgrade,auth_mode,set_admin,set_auth_vk,__check_auth,__constructor,owner_commitment,set_owner_commitment","AuthFailed,AuthSucceeded,VerifyDiagnostic,AccountInitialized,AccountAdminUpdated,AccountAuthVkUpdated,OwnerCommitmentUpdated"
"d8be630a761fa1b578f26cd22539e6c501c1a3287c3203d0a0b8fa5da89217c7",3,0.0020,"26.1.0#175aa41306f383057a8cdfc84b68d931664fc34e","1.96.0","","","AlreadyInitialized,NotInitialized,Unauthorized,AlreadyHoldsToken,NoTokenToRevoke","mint,name,revoke,symbol,decimals,balance_of,expires_at,initialize,total_supply",""
"d8d90a302365b16f2f3d744b098ab27004728f9300154f86672948051ed7abb6",0,0.0000,"25.3.0#dcbea44513feb7734af6b6c4aced2c4a7a2715d0","1.92.0","","","AnotherActionActive,NoActionActive,ActionNotReadyYet","burn,name,symbol,approve,balance,version,decimals,transfer,allowance,burn_from,__constructor,apply_upgrade,contract_name,transfer_from,commit_upgrade,revert_upgrade,delegate_position,get_emergency_mode,get_future_address,set_emergency_mode,set_voting_contract,undelegate_position,apply_transfer_ownership,get_position_delegations,get_undelegated_schedule,commit_transfer_ownership,revert_transfer_ownership,checkpoint_position_delegation,get_delegate_incoming_schedule","SetPrivilegedAddrs,EnableEmergencyMode,DisableEmergencyMode,ApplyTransferOwnership,CommitTransferOwnership,RevertTransferOwnership,ApplyUpgrade,CommitUpgrade,RevertUpgrade"
"d90983852b3d67681fea4935eef95c29caeb6a760f56d80c3dd65b7d88aee32d",1,0.0007,"26.0.0#e1bf74ba6c3ddb591593f5eb5dfb85458ff714c1","1.96.0","","","UsernameTaken,AddressAlreadyOwns,NotRegistered,NotOwner,InvalidUsername","bump,release,resolve,reverse,register",""
"d9a98fa8c62906eca629ac5863086e7a7c917d2a65bf73d6f4e3b87f78420da2",1,0.0007,"25.3.1#e50d95af029c83196dd122f0154bac3f1302394b","1.93.0","","","NotInitialized,Unauthorized,InsufficientDeposit,InsufficientShares,ZeroAmount,SplitNotActive,AlreadySplit,BelowMinDeposit,InvalidFeeBps,ExceedsVestedAmount,DepositsPaused,WithdrawalsPaused,ExceedsEmergencyCap,PauseCooldown","burn,name,symbol,approve,balance,deposit,upgrade,decimals,transfer,withdraw,allowance,burn_from,set_admin,extend_ttl,initialize,vault_rate,add_deposit,deposit_for,split_yield,withdraw_to,mint_fee_bps,set_mint_fee,set_registry,total_assets,total_shares,__constructor,transfer_from,public_deposit,get_yield_split,set_ustry_token,get_pause_status,public_deposit_for,set_pause_deposits,set_operator_wallet,set_xld_sac_address,get_max_withdrawable,set_pause_withdrawals,transfer_domain_position","BurnEvent,MintEvent,TopUpEvent,ApproveEvent,TransferEvent,VaultDepositEvent,PublicDepositEvent,VaultWithdrawEvent,VaultWithdrawToEvent,PauseStatusChangedEvent,Burn,Mint,Approve,Clawback,Transfer,MintWithAmountOnly,TransferWithAmountOnly"
"d9c309855b865c551bba1952fbcc826867d704ef12aaf587a9bc13357f4915b3",1,0.0007,"21.1.1#648cbcb799858b9ba9f240c82c0babcf621050bc","1.79.0","","","NotInitialized,AlreadyInitialized","init,deploy",""
"d9ca5177edad623de9e43afd0c6ab33e83bcf8875d396ad1a2ef00d23e386f91",1,0.0007,"22.0.11#34f7f53ae31e0fd02aab436a9872e79fa671ca02","1.94.1","","","Unauthorized,InvalidStatus,InvalidInput,NotFound,DeadlinePassed,AlreadyExists","init,upgrade,get_escrow,fund_escrow,auto_release,cancel_escrow,create_escrow,get_milestones,set_milestones,approve_release,resolve_dispute,submit_delivery,trigger_dispute,get_escrow_count,approve_milestone,confirm_freelancer,submit_milestone_delivery",""
"d9d159816210ca2655944a398f20f1b297f2d8b6764925634a9e94ba91150745",2,0.0014,"25.3.1#e50d95af029c83196dd122f0154bac3f1302394b","1.96.1","","","AlreadyInitialized,NotInitialized,NotAuthorized,Paused,InvalidAmount,MathOverflow,NoPendingAdmin,NoPendingUpgrade,TimelockNotElapsed,TimelockOutOfBounds,UnexpectedDecimals,PositionNotFound,NotPositionOwner,NotMatured,InsufficientBalance,SolvencyViolation,PositionClosed,MarketMatured,SplitTooSmall,RateOutOfBounds,NoStrategyPosition,WithdrawShortfall,ReceiptNotFound,NotReceiptOwner,VaultNotMatured,ReceiptClosed,InsufficientCapacity,RateNotAllowed,VaultExpired,InsufficientLiquidity,SlippageExceeded,MarketExpired,InsufficientShares,ImbalancedLiquidity,FeeNotAllowed,MaturityMismatch,PtTokenMismatch,UnderlyingMismatch,InsufficientAllowance,SeriesExpired,SeriesNotExpired,NotRegistered,FeeShareTooHigh,MinOutNotMet,DustAmount,DepositCapExceeded","pool,admin,redeem,deposit,version,timelock,code_hash,initialize,rate_bound,underlying,accept_admin,current_rate,emissions_to,set_timelock,total_shares,__constructor,apply_upgrade,pending_admin,propose_admin,cancel_upgrade,position_value,claim_emissions,pending_upgrade,set_max_apr_bps,reset_rate_floor,schedule_upgrade,set_emissions_to,redeem_underlying,available_liquidity,claimable_emissions,cancel_admin_transfer,position_value_unguarded","Upgraded,AdminChanged,AdminProposed,TimelockChanged,UpgradeCancelled,UpgradeScheduled,AdminTransferCancelled"
"d9db3bc7d8d59fe1c09a704169aa81f9e958277358917b9cb16bf0c43b375ce0",1,0.0007,"21.6.0#f57d2454e520ae11dc9c8d55db610557a24a556e","1.76.0-nightly","","","NotInitialized,Initialized,NotAuthorized,MintAlreadyExist,MintNotFound,MintEnded,MintFailed,MintActive,MintLessThanMin,StakingInvalidAmount,StakingInsufficientBalance,StakingInvalidReward","initialize,change_contract_info,upgrade,burn_leftovers,start_mint,mint,claim_mint_reward,stake,unstake,claim_staking_reward,get_mint_info,get_inactivity_fee,get_staking_data,get_current_staking_reward,get_contract_info,version",""
"da34fb45598cb58ffdc0f34715daf8c8baca051304c14013aa3eec8026405273",1,0.0007,"22.0.6#0c47dcfa187069d241f11fb082730f667b55e802","1.87.0","","","AnotherActionActive,NoActionActive,ActionNotReadyYet","__constructor,set_swap_fee_contract_wasm,deploy_swap_fee_contract,version,commit_upgrade,apply_upgrade,revert_upgrade,set_emergency_mode,get_emergency_mode,commit_transfer_ownership,apply_transfer_ownership,revert_transfer_ownership,get_future_address",""
"daa8479ff3ad803729f57816ecc2311aa58a7c4b38e3a08ff2a60d976a47485e",0,0.0000,"25.3.1#e50d95af029c83196dd122f0154bac3f1302394b","1.93.0","","","NotInitialized,AlreadyRegistered,DomainExpired,NotOwner,InvalidName,InvalidDuration,InsufficientPayment,DomainNotFound,Unauthorized,SubdomainLimitReached,ProductionLocked,GracePeriodActive,NotExpired,MarketplaceNotSet,BelowFloorPrice,TooManyRecords,NftNotFound,NotApproved,ApprovalExpired,RegistrationsPaused","name,renew,symbol,approve,balance,resolve,upgrade,owner_of,register,transfer,get_price,set_admin,token_uri,early_exit,extend_ttl,gift_renew,initialize,set_status,fix_pricing,set_records,get_approved,get_token_id,is_available,nft_transfer,set_base_uri,total_minted,expire_domain,set_subdomain,transfer_from,get_node_count,approve_for_all,reverse_resolve,set_marketplace,set_ustry_token,get_pause_status,get_vault_shares,set_aquarius_pool,get_operator_wallet,is_approved_for_all,set_aquarius_router,set_operator_wallet,marketplace_transfer,get_domain_attributes,set_pause_registrations,set_aquarius_pool_contract","NftMintEvent,EarlyExitEvent,NftApproveEvent,NftTransferEvent,DomainExpiredEvent,DomainRenewedEvent,RecordUpdatedEvent,RegistryPauseEvent,StatusChangedEvent,DomainRegisteredEvent,NftApproveForAllEvent,DomainTransferredEvent,MarketplaceTransferEvent"
"dadbc43b2f83f25ddc877756fbbd944fc41b6b9e07f310e1349af83dda0746d9",49,0.0335,"22.0.7#211569aa49c8d896877dfca1f2eb4fe9071121c8","1.84.0","","","AnotherActionActive,NoActionActive,ActionNotReadyYet","__constructor,get_premium_price_coefficient,get_fee_nominator,estimate_buy,buy,estimate_sell,sell,fee_collected,admin_withdraw_fee,promote_to_amm,claim_premium,get_system_premium_available,get_creator_premium_available,get_distribute_premium_available,get_buyer_premium_available,is_promoted,liquidity_pool,kill_swap,unkill_swap,kill_promote,unkill_promote,get_supply_token,get_supply,get_reserve_token,get_reserve,collected,collected_base,collected_premium,get_creator_premium_on_promote,get_creator_premium_no_promote,get_buyer_premium_no_promote,collected_premium_expire_at,collected_threshold,get_is_killed_swap,get_is_killed_promote,get_swap_pool,get_created_at,version,commit_upgrade,apply_upgrade,revert_upgrade",""
"dae1af1c2863e907e6b58dc861bb7ae610c9b951d23af7902a6afc247b923b0a",1,0.0007,"23.0.2#a97daf8b07cdf24e9bd45e344db51a21b9ea77d3","1.88.0","","","HexLengthInsufficient,MulDivFailed,InvalidPriceRange,U256ToU128ConversionFailed,TransactionTooOld,AlreadyInitialized,FactoryNotInitialized,XlmAddressNotInitialized,TokenDoesNotExist,NotTokenOwner,Unauthorized,InsufficientBalance,InvalidTickRange,TickNotAligned,TickOutOfBounds,PoolNotFound,MathOverflow,PriceSlippageCheck,NothingToCollect,TokensNotOrdered,LiquidityCalculationFailed,PoolKeyMissing,TokenDescriptorNotSet,NoApprovedAddress,PositionNotCleared","init,positions,mint,mint_with_hints,increase_liquidity,decrease_liquidity,collect,get_token_descriptor,get_factory,get_xlm_address,owner_of,name,symbol,balance,transfer,approve,get_approved,approve_for_all,is_approved_for_all,transfer_from,exists,token_uri,burn,get_user_token_ids,get_position_with_fees,get_positions_with_fees,get_user_positions_with_fees,position_principal,position_fees,position_total,upgrade,migrate,version,schema_version,set_admin,get_admin,revoke_upgrades_permanently","IncreaseLiquidityEvent,DecreaseLiquidityEvent,CollectEvent,UpgradedEvent,MigratedEvent,AdminChangedEvent,UpgradeabilityRevokedEvent,UserAllowed,UserDisallowed,UserBlocked,UserUnblocked,Burn,Deposit,Withdraw,Transfer,Approve,Mint,Burn,ConsecutiveMint,SetDefaultRoyalty,SetTokenRoyalty,RemoveTokenRoyalty,Transfer,Approve,ApproveForAll,Mint,KeyAllowed,KeyRemoved,ClaimRevoked,SignaturesInvalidated,ClaimTopicAdded,ClaimTopicRemoved,TrustedIssuerAdded,TrustedIssuerRemoved,IssuerTopicsUpdated,ModuleAdded,ModuleRemoved,DocumentUpdated,DocumentRemoved,ClaimAdded,ClaimRemoved,ClaimChanged,IdentityStored,IdentityUnstored,IdentityModified,IdentityRecovered,CountryDataAdded,CountryDataRemoved,CountryDataModified,TokenBound,TokenUnbound,TokenOnchainIdUpdated,RecoverySuccess,AddressFrozen,TokensFrozen,TokensUnfrozen,Mint,Burn,ComplianceSet,ClaimTopicsAndIssuersSet,IdentityVerifierSet,SetRoot,SetClaimed,Paused,Unpaused"
"dafde9601979dc4a9fd968e3f8d52123911325d343a327d162ae28bd84303e7b",1,0.0007,"25.3.1#e50d95af029c83196dd122f0154bac3f1302394b","1.94.1","","","NotInitialized,Unauthorized,PadalaNotFound,BucketNotFound,AlreadyClaimed,MerchantNotWhitelisted,InvalidCategory,InvalidAmount,EmptyBuckets,RecurringNotFound,NotDue,NotActive,InvalidInterval,InvalidOccurrences,NotExpired,NothingToReclaim","claim,reclaim,get_padala,execute_due,add_merchant,__constructor,create_padala,get_merchants,get_recurring,get_reputation,cancel_recurring,create_recurring",""
"db2248ad7aebd428ec0b357e3d14490864aaac14737ec22e8de733d600e6dac3",0,0.0000,"22.0.6#0c47dcfa187069d241f11fb082730f667b55e802","1.81.0","","","Unauthorized,NotInitialized,AlreadyInitialized,ProtocolDisabled,InvalidPath,Unfeasible","init,enable_protocol,update_contract,swap,withdraw",""
"db46d39540fea773b90c57fff76beb9e1364dd45131fc939a03d87bd2ccd931c",0,0.0000,"21.7.6#c6cca8f8cf75618c24ceb5d9ffdfe735486ae1e9","1.76.0-nightly","","","NotInitialized,Initialized,TokenLockNotExist,TokenLockKeyExist,TokenLockInProgress,TokenVestingNotExist,TokenVestingKeyExist,SPInvalidShareAmount,SPInsufficientBalance,SPInvalidLockPeriod,StakingCampaignInvalid,StakingCampaignNotExist,StakingCampaignKeyExist,StakingCampaignMaxTiersLimit,StakingCampaignPaidTierRequired,StakingCampaignInvalidTier,StakingCampaignInvalidUpdateInterval,StakingCampaignNotStarted,StakingCampaignEnded,StakingCampaignActive,StakingCampaignInvalidReferralData,StakingDataInvalid,StakingDataNotExist,StakingDataExist,StakingDataMaxTierUnlockLimit,StakingDataMaxPriceLimit,StakingDataMinStakeLimit,StakingDataInvalidUnstakeAmount,AirdropCampaignInvalid,AirdropCampaignNotExist,AirdropCampaignKeyExist,AirdropCampaignNotStarted,AirdropCampaignEnded,AirdropCampaignActive","initialize,upgrade,version,get_user,unlock_tokens,claim_vested,sp_stake,sp_unstake,sp_lock_shares,staking_new_campaign,staking_change_tier_price,staking_unlock_tier,staking_extend_tier,staking_stake,staking_unstake,staking_claim,staking_claim_remaining_rewards,staking_get_campaign,airdrop_new_campaign,airdrop_participate,airdrop_claim,airdrop_get_campaign",""
"db76e90b58dc70a848bce1ae7d8a67a352f0437f6c64bf2afc8f70a88d9f6941",1,0.0007,"22.0.7#211569aa49c8d896877dfca1f2eb4fe9071121c8","1.81.0","","","AlreadyInitialized,ListingNotFound,ListingNotAvailable,ListingTypeMismatch,InvalidNftOwner,MissingMarketplaceContractId,AgreementNotFound,AgreementNotActive,AgreementNotOwnedByCaller,StateNotAlreadySet,InsufficientBalance,InsufficientShares,InsufficientSharesForPurchase,CurrencyNotSupported,CannotModifyShareStructure,InvalidSharesDistribution,ListingNotFound,ListingNotAvailable,ListingTypeMismatch,AlreadyInitialized,InvalidNftOwner,MissingMarketplaceContractId,AgreementNotFound,AgreementNotActive,AgreementNotOwnedByCaller,AgreementIsAlreadyActive,StateNotAlreadySet,ListingNotFound,ListingNotAvailable,ListingTypeMismatch,AlreadyInitialized,InvalidNftOwner,MissingMarketplaceContractId,AgreementNotFound,AgreementNotActive,AgreementNotOwnedByCaller,StateNotAlreadySet","initialize,version,upgrade,update_state,set_payment_token,set_currency,create_listing,add_listing_shares,update_listing,get_listing,get_all_listings,get_listing_count,update_listing_count,remove_listing,change_listing_status,get_listing_current_price,get_usdc_amount,get_usdc_price,rent,purchase,purchase_and_confirm,purchase_shares,confirm_receipt,cancel_sale_or_rental,reclaim_or_return",""
"db8bf67ae190be073f1c172dfe9f4f7e4c7bf4aa294f82338913cdf2744796fe",1,0.0007,"25.3.1#e50d95af029c83196dd122f0154bac3f1302394b","1.93.0","","","AlreadyInitialized,NotInitialized,NotAuthorized,Paused,InvalidAmount,MathOverflow,NoPendingAdmin,NoPendingUpgrade,TimelockNotElapsed,TimelockOutOfBounds,UnexpectedDecimals,PositionNotFound,NotPositionOwner,NotMatured,InsufficientBalance,SolvencyViolation,PositionClosed,RateOutOfBounds,NoStrategyPosition,WithdrawShortfall,ReceiptNotFound,NotReceiptOwner,VaultNotMatured,ReceiptClosed,InsufficientCapacity,RateNotAllowed,VaultExpired,InsufficientLiquidity,SlippageExceeded,MarketExpired,InsufficientShares,ImbalancedLiquidity,FeeNotAllowed","admin,pause,fee_bps,set_fee,unpause,version,maturity,pt_price,pt_token,reserves,timelock,code_hash,is_paused,initialize,underlying,implied_apy,lp_position,accept_admin,curve_config,set_timelock,total_shares,__constructor,add_liquidity,apply_upgrade,pending_admin,propose_admin,cancel_upgrade,pending_upgrade,remove_liquidity,schedule_upgrade,quote_pt_for_usdc,quote_usdc_for_pt,cancel_admin_transfer,swap_exact_pt_for_usdc,swap_exact_usdc_for_pt","Swap,FeeSet,Initialized,PausedEvent,AddLiquidity,RemoveLiquidity,Upgraded,AdminChanged,AdminProposed,TimelockChanged,UpgradeCancelled,UpgradeScheduled,AdminTransferCancelled"
"dbbaa6c65feb77b2afdf7f13fbf3a5d020e632c57d15340683a215d7d64c5af1",1,0.0007,"26.1.0#175aa41306f383057a8cdfc84b68d931664fc34e","1.96.0","","","InputCoinCountOutOfRange,InputDuplicateCoins,InputTooManyDecimals,InputFeeOutOfRange,InputOffpegMultiplierOutOfRange,InputAmpOutOfRange,InputArrayLengthMismatch,InputNotImplemented,PolicyNotAdmin,StateNotInitialized,StateNoPendingTransfer,StateUnregisteredImplementation,ExtTokenBadMetadata","admin,get_coins,pool_list,pool_count,get_n_coins,fee_receiver,future_admin,get_decimals,__constructor,set_fee_receiver,deploy_plain_pool,pool_implementation,set_pool_implementations,accept_transfer_ownership,commit_transfer_ownership,get_implementation_address","PoolDeployed,FeeReceiverSet,OwnershipAccepted,FactoryInitialized,OwnershipCommitted,PoolImplementationSet,PoolImplementationRetired"
"dbc53dea7093608e9b0169eda715175163a07fe323e969aae96afe33f337d3a6",1,0.0007,"22.0.8#f46e9e0610213bbb72285566f9dd960ff96d03d8","1.92.0-nightly","","","TokenAlreadyRegistered,OwnerMustBeCaller,ChainNotEnabled,InvalidAmount,InvalidGasAmount,MissingDestinationAddress","owner,execute,upgrade,extend_ttl,deploy_bridge,__constructor,register_token,transfer_tokens,is_chain_enabled,set_chain_enabled,transfer_ownership",""
"dbfcae5960ca1baedcacc98934457b207467cd23bb2351a6ab13e5ff02d68a24",1,0.0007,"22.0.11#34f7f53ae31e0fd02aab436a9872e79fa671ca02","1.95.0","","","NotFound,InvalidSchema","get,clear,commit,version",""
"dc918dc9b236ac6b433d15be35123eb383e4ac9b9b93b379ae3898ec07ec3de1",1,0.0007,"23.4.0#673d6c4f2368d282d25da29bda55c21b8be69ca6","1.93.1","","","Unauthorized,PathIsEmpty,TokensNotSorted,DuplicatesNotAllowed,ValueNotInitialized,AlreadyInitialized,UnknownProtocol,OutMinNotSatisfied,InMaxNotSatisfied,FeeFractionTooHigh,RouterInvalidOutput","init,swap,upgrade,version",""
"dd6145633fa9ff1b6debe152b03fe5bb178ce5c8be7c6a4437912db2ceb2aaac",0,0.0000,"21.7.4#f67b4bf2d2de04d87d28225a99027fd40b7da914","1.81.0","","","NotInitialized,AlreadyInitialized,ProtocolDisabled,Unfeasible,Unauthorized,InvalidPath","init,enable_protocol,update_contract,strict_send,strict_receive",""
"ddd4f340b1c512faf718b6d2634c3d43369dcd3dea1e4c9427d9c6597bca24d6",1,0.0007,"26.1.0#175aa41306f383057a8cdfc84b68d931664fc34e","1.96.0","","","VammNotSet,AssetNotConfigured,InsufficientBalance,PoolNotMatured,InvalidAprRate,WorstCaseNotSet,StalePrice,InsufficientMargin,PositionNotFound,CannotLiquidate,PositionNotInDebt,DustResidue,VariableTokensNotFullyLiquidated,InvalidWorstCase,InvalidFeeAmount,FeeRootNotSet,InvalidFeeProof,NothingToClaim,FeePoolExhausted,NotEnoughFundsForFee,EsmNotSet,PoolExpired,InsufficientEsmBalance,MathOverflow,PoolNotInitialized,UnwindMadeNoProgress,VammTickUnavailable,InvalidProtocolFeeRate,InsufficientProtocolFees,InvalidDeficitAmount,InvalidAmount,NoDeficit,AdlCandidateNotEligible,DepositMaxReached,Paused,PositionBelowMin,CollateralBelowMin,PoolAlreadyInitialized,InvalidCollateral,InvalidRiskConfig,IsolatedConfigNotCleared,DepositRestricted,RestrictedBonusNonZero,NotionalMaxReached,PoolNotStarted,PoolBlacklisted,PoolAlreadyStarted,IsolatedMarginViolation,PositionMaxReached,Unauthorized,PoolClosing,EsmOpensExposure,AdlCandidateLiquidatable,AdlCoverBelowMinimum,StaleFeeRoot,EarlySettlementBlockedByAdl","config,paused,set_esm,upgrade,bad_debt,fee_pool,set_vamm,apply_adl,set_admin,claim_fees,set_paused,adl_deficit,get_version,pool_key_of,deposit_fees,fees_claimed,get_position,__constructor,max_positions,account_health,blacklist_pool,deposit_margin,dust_threshold,fee_merkle_root,initialize_pool,is_liquidatable,settle_position,withdraw_margin,get_margin_assets,pool_notional_max,protocol_fee_pool,protocol_fee_rate,set_max_positions,sweep_adl_deficit,eliminate_bad_debt,liquidate_position,pool_open_interest,set_dust_threshold,set_liquidator_fee,get_account_balance,is_pool_blacklisted,set_fee_merkle_root,eliminate_adl_deficit,get_account_positions,set_pool_notional_max,set_pool_notional_min,set_protocol_fee_rate,update_account_margin,withdraw_protocol_fees,account_obligation_live,get_margin_asset_config,get_position_settlement,set_margin_asset_config,set_pool_closing_window,check_margin_requirement,execute_early_settlement,get_account_margin_values,preview_position_balances,calculate_account_obligation,calculate_liquidation_amounts,set_worst_case_variable_factor,update_position_post_vamm_action","EsmSet,VammSet,AdminSet,PausedSet,AdlApplied,FeeAccrued,FeesClaimed,Liquidation,AutoExchange,AutoRedeemed,MarginUpdate,FeesDeposited,NotionalMaxSet,NotionalMinSet,PositionUpdate,AdlDeficitSwept,EarlySettlement,FeePoolCredited,MaxPositionsSet,PoolBlacklisted,PoolInitialized,PositionUnwound,ClosingWindowSet,DeficitIncreased,DustThresholdSet,FeeMerkleRootSet,LiquidatorFeeSet,PositionsSettled,AdlDeficitReduced,DeficitEliminated,ProtocolFeeRateSet,WorstCaseFactorSet,AdlDeficitIncreased,MarginAssetConfigSet,ProtocolFeeWithdrawn"
"ddf6e436ca42ac3ae389ee1e278633c8c2a1fac12d0f791681b756087dfeec2f",1,0.0007,"20.5.0#9e2c3022b4355b224a7a814e13ba51761eeb14bb","1.76.0","","","DeadlineShouldBeFuture,CampaignNotExist,AmountMustNonZero,TargetReached,AmountExceedTargetLimit,CampaignAlreadyExist,IdCampaignMustNonZero,LowAmountForSplitter","initialize,create_campaign,get_campaigns,get_campaign,donate_to_campaign,get_donators,get_dev_acc,get_launchpad_acc,get_arty_token,get_token_admin",""
"de0cb69c85f57cb47851536dc1dda616c3399f4164f034a27a0c2b6c665cf8f1",1,0.0007,"27.0.2#45d378a6cb4a026d23fc7286b6ee3add9c9dd0b9","1.97.1","","","AlreadyInitialized,NotInitialized,BatchExists,BatchNotFound,WorkerExists,WorkerNotFound,InvalidAmount,InvalidStatus,AlreadyClaimed,NotFullyClaimed,NothingToRefund,ArithmeticOverflow","fund,admin,asset,claim,close,refund,get_batch,add_worker,get_worker,initialize,create_batch","BatchClosed,BatchFunded,WorkerAdded,BatchCreated,BatchRefunded,PayrollClaimed,BatchPayrollInitialized"
"de0e67cd70cb295d999b3a3b29f0f366aa2d159ce0a2d8755eee8b2879b44fc6",1,0.0007,"27.0.6#60926a20d1f9f0a669d5fe551636f42a1302f0c0","1.96.0","","","AlreadyInitialized,NotInitialized,InvalidMaturity,InvalidAmount,InvalidScalarRoot,InvalidAnchor,InvalidFee,InvalidTwapWindow,MarketNotSeeded,MarketMatured,SlippageExceeded,InsufficientLiquidity,MathOverflow,MarketProportionTooHigh,ExchangeRateBelowOne,UnsupportedRoute,TradeNotFound,InputOutOfBounds,InvalidSyRate,Paused,NotAuthorized,NotPendingAdmin,UpgradeNotReady,ProtectedAsset,InvalidProtocolFee","pause,state,sweep,config,unpause,bump_ttl,guardian,maturity,spot_apy,total_lp,twap_apy,is_paused,initialize,lp_balance,reserve_pt,reserve_sy,bump_lp_ttl,implied_apy,accept_admin,is_renounced,set_guardian,add_liquidity,pending_admin,propose_admin,cancel_upgrade,renounce_admin,swap_pt_for_sy,swap_sy_for_pt,swap_sy_for_yt,swap_yt_for_sy,execute_upgrade,pending_upgrade,propose_upgrade,quote_pt_for_sy,quote_sy_for_pt,quote_sy_for_yt,quote_yt_for_sy,twap_warming_up,remove_liquidity,set_protocol_fee,untracked_balance,quote_sy_for_pt_cost,quote_sy_for_yt_cost,protocol_fees_accrued,protocol_fee_share_bps,withdraw_protocol_fees","Swap,AddLiquidity,AdminChanged,PauseChanged,AdminProposed,RemoveLiquidity,UpgradeProposed,ProtocolFeeChanged"
"dec58db6464410b15bbed473e0aa5fb616cb9f6b6aea379ae392cb8ebf9670c8",6,0.0041,"22.0.7#211569aa49c8d896877dfca1f2eb4fe9071121c8","1.88.0","freelii/passkey-kit","","NotFound,AlreadyExists,MissingContext,SignerExpired,FailedSignerLimits,FailedPolicySignerLimits,SignatureKeyValueMismatch,ClientDataJsonChallengeIncorrect,JsonParseError","__constructor,add_signer,update_signer,remove_signer,update_contract_code,__check_auth",""
"defa6f74e04bab35b74d8007adf39e20902dbe65995efadd79c0c35269621f9b",18,0.0123,"21.1.1#648cbcb799858b9ba9f240c82c0babcf621050bc","1.79.0","","","NotFound,NotEmpty,NotAuthorized,NotPermitted,NotOwned,AmountTooMuch,InvalidContract,InvalidArgs,VCStringTooLong,VCListCapacityReached,SplitLimitReached,SplitAmountTooLow","initialize,admin,set_admin,amount,parent,owner,vc,get_all_owned,is_disabled,transfer,mint_original,burn,split,redeem,set_external_token_provider,check_paid,check_expired,recipient,sign_off,pay_off,add_vc",""
"df0a4a4c029f55648980e3f921f4482799d7df570b997a491b47b16cd6c316e5",1,0.0007,"26.1.0#175aa41306f383057a8cdfc84b68d931664fc34e","1.92.0","","","InvalidConfiguration,InvalidProposal,UnsupportedAsset,UnsupportedLiquidity,DuplicateProposal,ProposalNotFound,InvalidPhase,DeadlinePassed,TooEarly,StaleState,DeploymentMismatch,Arithmetic","cancel,config,propose,activate,proposal,extend_ttl,proposal_id,sync_funding,__constructor,market_address,deploy_liquidity,liquidity_address,liquidity_parameter","MarketProposed,MarketActivated,LiquidityDeployed,ProposalPhaseChanged"
"df6f458a63c7909794b1abb479e62aeacb092aa6b967695c1ace500f9420e381",2,0.0014,"26.1.0#175aa41306f383057a8cdfc84b68d931664fc34e","1.96.0","","","AlreadyInitialized,NotInitialized,NullifierAlreadyUsed,InvalidProof,AlreadyRegistered","initialize,is_eligible,get_identity,set_verifier,is_nullifier_used,register_identity",""
"df88820e231ad8f3027871e5dd3cf45491d7b7735e785731466bfc2946008608",5,0.0034,"20.3.2#1d7f9bd8030f69070634bfb07394339824ceb399","1.77.2","","","AlreadyInitialized,Unauthorized,AssetMissing,AssetAlreadyExists,InvalidConfigVersion,InvalidTimestamp,InvalidUpdateLength,AssetLimitExceeded","base,decimals,resolution,period,assets,last_timestamp,price,lastprice,prices,x_last_price,x_price,x_prices,twap,x_twap,version,admin,config,add_assets,set_period,set_price,update_contract",""
"dfcad460e0fb9bd09469911ac9f587f744a21a37cd01d3b693655defc4d5ffb0",1,0.0007,"27.0.6#60926a20d1f9f0a669d5fe551636f42a1302f0c0","1.93.1","","","InvalidAmount,InvalidUnlockTime,InvalidTarget,InvalidMaxAge,InvalidOracleDecimals,InvalidOracleBase","token,oracle,vaults,max_age,version,create_date,__constructor,create_target,oracle_decimals","VaultCreated"
"dfd79b881cd517cc688a2d265acd202bf4851e6b9de0071bda9bba0cc07bdf20",1,0.0007,"22.0.11#34f7f53ae31e0fd02aab436a9872e79fa671ca02","1.95.0","github:Afreum/Afreum_Loyalty_Tiers_Contract","afreum.com","AlreadyInitialized,NotInitialized,Unauthorized,InvalidSignature,RatesTooOld,LoyaltyTierNotFound,EmptyTiers,NoCatchAllTier","init,update,get_init,get_tiers,set_admin,set_decimals,set_resolution,get_loyalty_tier,set_loyalty_tiers,get_allowed_issuers,set_allowed_issuers,set_rates_signing_key",""
"dfe08cd292256aad47292920d56b80961528bce71cf4a027a7de8a37e085841d",2,0.0014,"23.0.2#a97daf8b07cdf24e9bd45e344db51a21b9ea77d3","1.90.0","","","CampaignAlreadyInitialized,CampaignStartDateInThePast,NegativeRewardAmount,RewardAmountExceedsTotalCampaignReward,TotalRewardWouldExceedCampaignLimit,CampaignNotInitialized,CampaignNotStarted,InvalidTaskId,Unauthorized,CampaignNotEnded,CampaignFrozen,InvalidFeePercentage","extend_ttl,init,claim_reward,get_task_reward,get_remaining_reward,campaign_data,transfer_remaining_funds,extend_duration,toggle_freeze,claim_fees,set_fee_percentage,get_collected_fees_public","RewardEvent,FreezeToggleEvent,FeeClaimedEvent"
"dfe6958b221cd42be23fe44a90cab8a0a24a69de5b52ad3096ecd88e072d3513",1,0.0007,"23.2.1#ab415a33cc1f6bdce20ac4a12f0ddbe41a648949","1.92.0","","","ZeroAmount,EmptySteps,TotalFeeBpsTooHigh,BpsOverflow,InvalidArgRef,InvalidFeePosition","route,bump_ttl","Swap"
"dff7bb41cd554e2fa134dd0b345e3dc995336a6248134a334fc9a74542bdb6e4",4,0.0027,"22.0.8#f46e9e0610213bbb72285566f9dd960ff96d03d8","1.88.0","","","InvalidState,InvalidSecret,TimelockNotExpired,CannotCancel,InvalidAmount,InvalidAddress,AlreadyInitialized,NotInitialized,InsufficientBalance,UnauthorizedCaller","deploy,get_immutables_hash,withdraw,cancel,public_withdraw,get_state,get_immutables",""
"e00025d1082b29d8c4c3fb4317ec7b2f3d823e18a3e55d34b6f9e520f97e09fc",1,0.0007,"22.0.11#34f7f53ae31e0fd02aab436a9872e79fa671ca02","1.95.0","","","NotFound,NotFunded,AlreadyReleased,AlreadyRefunded,DisputeOpen,BadNonce,Unauthorized,Cancelled,AlreadyInit,AlreadyCancelled","initialize,finalize_cancel,finalize_refund,validate_cancel,validate_refund,bootstrap_funded,finalize_release,set_dispute_open,validate_release,admin_override_unlock",""
"e02a7bed28dd0aab8c4a926804efaef9a30614c85e9936d3e3a220bd98b4f5f9",1,0.0007,"23.0.2#a97daf8b07cdf24e9bd45e344db51a21b9ea77d3","1.88.0","","","HexLengthInsufficient,MulDivFailed,InvalidPriceRange,U256ToU128ConversionFailed,TransactionTooOld,AlreadyInitialized,FactoryNotInitialized,XlmAddressNotInitialized,TokenDoesNotExist,NotTokenOwner,Unauthorized,InsufficientBalance,InvalidTickRange,TickNotAligned,TickOutOfBounds,PoolNotFound,MathOverflow,PriceSlippageCheck,NothingToCollect,TokensNotOrdered,LiquidityCalculationFailed,PoolKeyMissing,TokenDescriptorNotSet,NoApprovedAddress,PositionNotCleared","init,positions,mint,mint_with_hints,increase_liquidity,decrease_liquidity,collect,get_token_descriptor,get_factory,get_xlm_address,owner_of,name,symbol,balance,transfer,approve,get_approved,approve_for_all,is_approved_for_all,transfer_from,exists,token_uri,burn,get_user_token_ids,get_position_with_fees,get_positions_with_fees,get_user_positions_with_fees,position_principal,position_fees,position_total","IncreaseLiquidityEvent,DecreaseLiquidityEvent,CollectEvent,UserAllowed,UserDisallowed,UserBlocked,UserUnblocked,Burn,Deposit,Withdraw,Transfer,Approve,Mint,Burn,ConsecutiveMint,SetDefaultRoyalty,SetTokenRoyalty,RemoveTokenRoyalty,Transfer,Approve,ApproveForAll,Mint,KeyAllowed,KeyRemoved,ClaimRevoked,SignaturesInvalidated,ClaimTopicAdded,ClaimTopicRemoved,TrustedIssuerAdded,TrustedIssuerRemoved,IssuerTopicsUpdated,ModuleAdded,ModuleRemoved,DocumentUpdated,DocumentRemoved,ClaimAdded,ClaimRemoved,ClaimChanged,IdentityStored,IdentityUnstored,IdentityModified,IdentityRecovered,CountryDataAdded,CountryDataRemoved,CountryDataModified,TokenBound,TokenUnbound,TokenOnchainIdUpdated,RecoverySuccess,AddressFrozen,TokensFrozen,TokensUnfrozen,Mint,Burn,ComplianceSet,ClaimTopicsAndIssuersSet,IdentityVerifierSet,SetRoot,SetClaimed,Paused,Unpaused"
"e070ed48c753b0d45e19392dd300370bba4fcd959d56d728d35e948d52fcf158",1,0.0007,"21.7.7#5da789c50b18a4c2be53394138212fed56f0dfc4","1.91.1","","","NotInitialized,InvalidInput,InsufficientPendingAqua,NotFound,AlreadyExecuted,Unauthorized,PoolNotFound,PoolNotActive,MaxPoolsReached,PositionNotFound,InsufficientBalance,SlippageExceeded","upgrade,version,add_pool,set_admin,get_config,initialize,get_pool_info,vault_deposit,get_pool_count,vault_withdraw,get_aqua_balance,get_global_state,set_pending_aqua,set_vault_config,authorize_ice_lock,claim_and_compound,set_pool_lp_tokens,update_pool_status,get_all_ice_balances,setup_ice_trustlines,sync_all_ice_balances,get_upvote_ice_balance,get_user_vault_position,get_pending_aqua_for_ice,transfer_authorized_aqua,get_ice_lock_authorization",""
"e12c4a0220b9cfb9d5bab10d5bf0cc23d727666103de3d13d3152bd76be14a72",1,0.0007,"22.0.11#34f7f53ae31e0fd02aab436a9872e79fa671ca02","1.89.0","","","AlreadyInitialized,NotInitialized,NotAuthorized,Paused,InvalidAmount,EscrowExists,EscrowNotFound,EscrowNotFunded","initialize,deposit,release,refund,get_escrow,has_escrow,total_escrows,is_paused,get_admin,pause,unpause,set_admin,upgrade",""
"e13706e466a257a4c101afc1b5e54e0bf5db00c3e50aef1e9d3728950efe08c3",1,0.0007,"23.4.1#e671b396f8bacf1370925f722df158b31c0baae5","1.95.0","","","NotTrusted,UnresolvedDispute,InvalidDispute,NoDispute,NotGovernor,NotGovernorOrGuardian,NotUpgradeable,ZeroAddress,InvalidLengths,NotWhitelisted,InvalidProof,InvalidUninitializedRoot,InvalidReturnMessage,NoPendingRefund,PendingRefundTransferFailed,InvalidAccessControlManager,InvalidMigration","claim,migrate,upgrade,get_tree,extend_ttl,get_claimed,revoke_tree,update_tree,dispute_tree,get_disputer,get_operator,__constructor,get_last_tree,recover_sep41,get_is_trusted,toggle_trusted,get_merkle_root,resolve_dispute,toggle_operator,get_dispute_token,get_main_operator,set_dispute_token,get_dispute_amount,get_dispute_period,get_epoch_duration,get_pending_refund,set_dispute_amount,set_dispute_period,set_epoch_duration,get_claim_recipient,set_claim_recipient,claim_pending_refund,claim_with_recipient,revoke_upgradeability,contract_schema_version,get_end_of_dispute_period,get_access_control_manager,set_access_control_manager,toggle_main_operator_status,get_upgradeability_deactivated","Claimed,Revoked,Disputed,Recovered,TreeUpdated,TrustedToggled,DisputeResolved,OperatorToggled,DisputeTokenUpdated,DisputeAmountUpdated,DisputePeriodUpdated,EpochDurationUpdated,PendingRefundClaimed,ClaimRecipientUpdated,PendingRefundRecorded,UpgradeabilityRevoked,MainOperatorStatusUpdated,AccessControlManagerUpdated,SetRoot,SetClaimed,Paused,Unpaused"
"e18bfefbf6e65d7f345331991cebcd1e5614d6539d1204a7b71bdf5c3b6032bf",0,0.0000,"20.5.0#9e2c3022b4355b224a7a814e13ba51761eeb14bb","1.76.0-nightly","","","NotInitialized,Initialized,NotAuthorized,ZeroMinPrice,ZeroMaxPrice,MinPriceGreaterMax,ZeroMaxSupply,MaxSupplyTooBig,MaxPriceTooBig,LaunchNotFound,LaunchInProgress,LaunchEnded,PriceChanged,InsufficientBalance,LaunchSoldOut,LaunchFundsClaimed,InvalidMissionDifficulty,ExasiveFunding,MissionRewardChanged,MissionRewardZero","initialize,change_contract_info,upgrade,start_space_mission,add_space_missions_reward,new_launch,cancel_launch,buy,sell,claim_launch_funds,claim_launch_balance,calculate_buy,calculate_sell,get_launch_data,get_contract_info,get_launch_balance,version",""
"e2441dbc4799e6b33c4d6abeecefe5974926f8ab5261858e12ff02db936cb2bc",1,0.0007,"27.0.2#45d378a6cb4a026d23fc7286b6ee3add9c9dd0b9","1.97.1","","","AlreadyInitialized,NotInitialized,EventExists,EventNotFound,AttendanceExists,AttendanceNotFound,InvalidRewardPoints,InvalidAttendanceStatus","admin,redeem,reward,clawback,register,get_event,initialize,deliver_poa,create_event,get_attendance","EventCreated,PoADelivered,PoAClawedBack,RewardRedeemed,AttendanceRegistered,PoARewardInitialized"
"e24a0b956667f094b1796f9adf456656e19bb5f1f5b7a5899f963db6b2cfb8cf",2,0.0014,"27.0.0#e5cb4b52c3da8e56fc48adfd7b85d85976c1a059","1.93.0","","","NotInitialized,AlreadyInitialized,NotAdmin,NotController,NoPlan,NoProfit,TokenMismatch,BadCycle","run,run_fl,exec_op,set_plan,withdraw,get_admin,__constructor",""
"e26673e8952319df012bd572efce0591ceafc7adddad9eada7d46e0dc6ca4dc0",1,0.0007,"22.0.11#34f7f53ae31e0fd02aab436a9872e79fa671ca02","1.89.0","","","AlreadyInitialized,NotInitialized,Unauthorized,InvalidAmount,TripExists,TripNotFound,TripSettled,InsufficientBalance,ExceedsContribution","initialize,open_trip,contribute,spend,refund,close_trip,get_trip,pooled,balance,member_amount,spend_count,get_spends,total_pooled,get_token,get_admin,set_admin,upgrade",""
"e2a4cd074848f07e98045da23bd65de99190da1a4b1cabb35c6613c7bce91ada",1,0.0007,"23.2.1#ab415a33cc1f6bdce20ac4a12f0ddbe41a648949","1.91.0","","","LowBalance","hello,get_value,check_here0,check_here1,check_here2,check_here3,check_here4,check_here5,check_here6,check_here7,check_here8,check_here9,check_here10,check_here11,check_here12,check_here13,check_here14,check_here15,check_here16,check_here17,check_here18,check_here19,check_here20,check_here21,check_here22,check_here23,check_here24,check_here25,check_here26,check_here27,check_here28,check_here29,check_here30,check_here31,check_here32,check_here33,check_here34,check_here35,check_here36,check_here37,check_here38,check_here39,check_here40,check_here41,check_here42,check_here43,check_here44,check_here45,check_here46,check_here47,check_here48,check_here49,check_here50,check_here51,check_here52,check_here53,check_here54,check_here55,check_here56,check_here57,check_here58,check_here59,check_here60,check_here61,check_here62,check_here63,check_here64,check_here65,check_here66,check_here67,check_here68,check_here69,check_here70,check_here71,check_here72,check_here73,check_here74,check_here75,check_here76,check_here77,check_here78,check_here79,check_here80,check_here81,check_here82,check_here83,check_here84,check_here85,check_here86,check_here87,check_here88,check_here89,check_here90,check_here91,check_here92,check_here93,check_here94,check_here95,check_here96,check_here97,check_here98,check_here99,check_here100,check_here101,check_here102,check_here103,check_here104,check_here105,check_here106,check_here107,check_here108,check_here109,check_here110,check_here111,check_here112,check_here113,check_here114,check_here115,check_here116,check_here117,check_here118,check_here119,check_here120,check_here121,check_here122,check_here123,check_here124,check_here125,check_here126,check_here127,check_here128,check_here129,check_here130,check_here131,check_here132,check_here133,check_here134,check_here135,check_here136,check_here137,check_here138,check_here139,check_here140,check_here141,check_here142,check_here143,check_here144,check_here145,check_here146,check_here147,check_here148,check_here149,check_here150,check_here151,check_here152,check_here153,check_here154,check_here155,check_here156,check_here157,check_here158,check_here159,check_here160,check_here161,check_here162,check_here163,check_here164,check_here165,check_here166,check_here167,check_here168,check_here169,check_here170,check_here171,check_here172,check_here173,check_here174,check_here175,check_here176,check_here177,check_here178,check_here179,check_here180,check_here181,check_here182,check_here183,check_here184,check_here185,check_here186,check_here187,check_here188,check_here189,check_here190,check_here191,check_here192,check_here193,check_here194,check_here195,check_here196,check_here197,check_here198,check_here199,check_here200,check_here201,check_here202,check_here203,check_here204,check_here205,check_here206,check_here207,check_here208,check_here209,check_here210,check_here211,check_here212,check_here213,check_here214,check_here215,check_here216,check_here217,check_here218,check_here219,check_here220,check_here221,check_here222,check_here223,check_here224,check_here225,check_here226,check_here227,check_here228,check_here229,check_here230,check_here231,check_here232,check_here233,check_here234,check_here235,check_here236,check_here237,check_here238,check_here239,check_here240,check_here241,check_here242,check_here243,check_here244,check_here245,check_here246,check_here247,check_here248,check_here249,check_here250,check_here251,check_here252,check_here253,check_here254,check_here255,check_here256,check_here257,check_here258,check_here259,check_here260,check_here261,check_here262,check_here263,check_here264,check_here265,check_here266,check_here267,check_here268,check_here269,check_here270,check_here271,check_here272,check_here273,check_here274,check_here275,check_here276,check_here277,check_here278,check_here279,check_here280,check_here281,check_here282,check_here283,check_here284,check_here285,check_here286,check_here287,check_here288,check_here289,check_here290,check_here291,check_here292,check_here293,check_here294,check_here295,check_here296,check_here297,check_here298,check_here299,check_here300,check_here301,check_here302,check_here303,check_here304,check_here305,check_here306,check_here307,check_here308,check_here309,check_here310,check_here311,check_here312,check_here313,check_here314,check_here315,check_here316,check_here317,check_here318,check_here319,check_here320,check_here321,check_here322,check_here323,check_here324,check_here325,check_here326,check_here327,check_here328,check_here329,check_here330,check_here331,check_here332,check_here333,check_here334,check_here335,check_here336,check_here337,check_here338,check_here339,check_here340,check_here341,check_here342,check_here343,check_here344,check_here345,check_here346,check_here347,check_here348,check_here349,check_here350,check_here351,check_here352,check_here353,check_here354,check_here355,check_here356,check_here357,check_here358,check_here359,check_here360,check_here361,check_here362,check_here363,check_here364,check_here365,check_here366,check_here367,check_here368,check_here369,check_here370,check_here371,check_here372,check_here373,check_here374,check_here375,check_here376,check_here377,check_here378,check_here379,check_here380,check_here381,check_here382,check_here383,check_here384,check_here385,check_here386,check_here387,check_here388,check_here389,check_here390,check_here391,check_here392,check_here393,check_here394,check_here395,check_here396,check_here397,check_here398,check_here399,check_here400,check_here401,check_here402,check_here403,check_here404,check_here405,check_here406,check_here407,check_here408,check_here409,check_here410,check_here411,check_here412,check_here413,check_here414,check_here415,check_here416,check_here417,check_here418,check_here419,check_here420,check_here421,check_here422,check_here423,check_here424,check_here425,check_here426,check_here427,check_here428,check_here429,check_here430,check_here431,check_here432,check_here433,check_here434,check_here435,check_here436,check_here437,check_here438,check_here439,check_here440,check_here441,check_here442,check_here443,check_here444,check_here445,check_here446,check_here447,check_here448,check_here449,check_here450,check_here451,check_here452,check_here453,check_here454,check_here455,check_here456,check_here457,check_here458,check_here459,check_here460,check_here461,check_here462,check_here463,check_here464,check_here465,check_here466,check_here467,check_here468,check_here469,check_here470,check_here471,check_here472,check_here473,check_here474,check_here475,check_here476,check_here477,check_here478,check_here479,check_here480,check_here481,check_here482,check_here483,check_here484,check_here485,check_here486,check_here487,check_here488,check_here489,check_here490,check_here491,check_here492,check_here493,check_here494,check_here495,check_here496,check_here497,check_here498,check_here499,check_here500,check_here501,check_here502,check_here503,check_here504,check_here505,check_here506,check_here507,check_here508,check_here509,check_here510,check_here511,check_here512,check_here513,check_here514,check_here515,check_here516,check_here517,check_here518,check_here519,check_here520,check_here521,check_here522,check_here523,check_here524,check_here525,check_here526,check_here527,check_here528,check_here529,check_here530,check_here531,check_here532,check_here533,check_here534,check_here535,check_here536,check_here537,check_here538,check_here539,check_here540,check_here541,check_here542,check_here543,check_here544,check_here545,check_here546,check_here547,check_here548,check_here549,check_here550,check_here551,check_here552,check_here553,check_here554,check_here555,check_here556,check_here557,check_here558,check_here559,check_here560,check_here561,check_here562,check_here563,check_here564,check_here565,check_here566,check_here567,check_here568,check_here569,check_here570,check_here571,check_here572,check_here573,check_here574,check_here575,check_here576,check_here577,check_here578,check_here579,check_here580,check_here581,check_here582,check_here583,check_here584,check_here585,check_here586,check_here587,check_here588,check_here589,check_here590,check_here591,check_here592,check_here593,check_here594,check_here595,check_here596,check_here597,check_here598,check_here599,check_here600,check_here601,check_here602,check_here603,check_here604,check_here605,check_here606,check_here607,check_here608,check_here609,check_here610,check_here611,check_here612,check_here613,check_here614,check_here615,check_here616,check_here617,check_here618,check_here619,check_here620,check_here621,check_here622,check_here623,check_here624,check_here625,check_here626,check_here627,check_here628,check_here629,check_here630,check_here631,check_here632,check_here633,check_here634,check_here635,check_here636,check_here637,check_here638,check_here639,check_here640,check_here641,check_here642,check_here643,check_here644,check_here645,check_here646,check_here647,check_here648,check_here649,check_here650,check_here651,check_here652,check_here653,check_here654,check_here655,check_here656,check_here657,check_here658,check_here659,check_here660,check_here661,check_here662,check_here663,check_here664,check_here665,check_here666,check_here667,check_here668,check_here669,check_here670,check_here671,check_here672,check_here673,check_here674,check_here675,check_here676,check_here677,check_here678,check_here679,check_here680,check_here681,check_here682,check_here683,check_here684,check_here685,check_here686,check_here687,check_here688,check_here689,check_here690,check_here691,check_here692,check_here693,check_here694,check_here695,check_here696,check_here697,check_here698,check_here699,check_here700,verify_friend",""
"e364c9b8bf16a8862d9e838f4a9c67da65fc0f08fb37a570ecd9f4d97cdbbb5e",0,0.0000,"21.6.0#f57d2454e520ae11dc9c8d55db610557a24a556e","1.80.0","","","AnotherActionActive,NoActionActive,ActionNotReadyYet","initialize_all,pool_type,initialize,share_id,get_total_shares,get_tokens,deposit,swap,estimate_swap,withdraw,get_reserves,get_fee_fraction,get_info,set_privileged_addrs,get_privileged_addrs,kill_deposit,kill_swap,kill_claim,unkill_deposit,unkill_swap,unkill_claim,get_is_killed_deposit,get_is_killed_swap,get_is_killed_claim,version,commit_upgrade,apply_upgrade,revert_upgrade,set_emergency_mode,get_emergency_mode,upgrade_token_legacy,initialize_rewards_config,set_rewards_config,get_unused_reward,return_unused_reward,get_rewards_info,get_user_reward,checkpoint_reward,get_total_accumulated_reward,get_total_configured_reward,get_total_claimed_reward,claim,init_pools_plane,set_pools_plane,get_pools_plane,backfill_plane_data,commit_transfer_ownership,apply_transfer_ownership,revert_transfer_ownership,get_future_address",""
"e381b77407b2aac52476f2bd5d0302baf320b331d8135a310d36c452b71b0498",0,0.0000,"21.7.7#5da789c50b18a4c2be53394138212fed56f0dfc4","1.81.0","","","NotInitialized,AlreadyInitialized,ProtocolDisabled,Unfeasible,Unauthorized,InvalidPath","init,enable_protocol,update_contract,strict_send,strict_receive",""
"e3b1ea0f41d5c625f2b03534e032c10313bd7304f0e89fbeae39ced744d0fe2f",8,0.0055,"22.0.7#211569aa49c8d896877dfca1f2eb4fe9071121c8","1.88.0","","","TokenPaused,AddressIsNotInWhitelist","__constructor,is_token_registered,is_doc_registered,is_paused,change_owner,name,symbol,decimals,balance,total_supply,transfer,allowance,transfer_from,approve,pause,unpause,mint,mint_to,burn,burn_from,grant_kyc,revoke_kyc,update_all_docs,register_doc,unregister_doc,register_token,unregister_token",""
"e3efe4534a0ba89a5b02c4fb54fc0eb7adcb5e7821e0c1980348122ab4395acc",1,0.0007,"23.0.2#a97daf8b07cdf24e9bd45e344db51a21b9ea77d3","1.89.0","","","AlreadyInitialized,Paused,NotInitialized,Unauthorized,InvalidAmount,LimitExceeded,Underflow","init,transfer_admin,admin,is_paused,get_count,get_state,pause,unpause,set_limits,inc,dec,reset,get_user_count,get_history,emergency_stop",""
"e40fe35cef24beace6e339f4c586150324879eb2eb329f397e99355f41683f31",1,0.0007,"25.3.0#dcbea44513feb7734af6b6c4aced2c4a7a2715d0","1.94.1","github:AquaToken/soroban-amm","","AnotherActionActive,NoActionActive,ActionNotReadyYet","version,init_admin,apply_upgrade,contract_name,commit_upgrade,revert_upgrade,get_emergency_mode,get_future_address,set_emergency_mode,apply_transfer_ownership,commit_transfer_ownership,revert_transfer_ownership",""
"e45c42b944a767bd5f37f8c4a469b48917d28e23481dbfd550419c84cdacde92",52,0.0355,"23.0.2#a97daf8b07cdf24e9bd45e344db51a21b9ea77d3","1.89.0","","","NotFound,AlreadyExists,MissingContext,SignerExpired,FailedSignerLimits,FailedPolicySignerLimits,SignatureKeyValueMismatch,ClientDataJsonChallengeIncorrect,JsonParseError","__constructor,add_signer,update_signer,remove_signer,update_contract_code,__check_auth",""
"e479087ff2e9936714c22e67ab9164d85eae44393f0f76d2f02e4c437347bfd4",1,0.0007,"23.2.1#ab415a33cc1f6bdce20ac4a12f0ddbe41a648949","1.92.0","","","AlreadyInitialized,NotInitialized,ZeroAmount,EmptyInstructions,TotalFeeBpsTooHigh,FeeIndexOutOfBounds,TargetNotWhitelisted,BpsOverflow","admin,execute,set_admin,__constructor,is_whitelisted,add_to_whitelist,remove_from_whitelist",""
"e48f0e9939ceb39d6daa0e909355bc36642cd54aabbbd19db93ad02723600a34",1,0.0007,"23.4.1#e671b396f8bacf1370925f722df158b31c0baae5","1.94.0","","","AlreadyInitialized,Unauthorized,UserNotFound,InvalidEventType,InvalidPoints,PointsOverflow,InvalidLevelThreshold,NFTContractNotSet,NFTUpgradeFailed,UserHasNoNFT","has_role,get_admin,get_level,get_points,grant_role,config_role,revoke_role,record_event,__constructor,recorder_role,renounce_role,get_role_admin,renounce_admin,set_role_admin,calculate_level,get_role_member,get_user_events,meets_threshold,set_nft_contract,register_user_nft,get_level_threshold,transfer_admin_role,set_level_thresholds,accept_admin_transfer,get_event_point_value,get_role_member_count,get_user_nft_token_id,set_event_point_values,record_event_with_points,set_permission_threshold","LevelUpEventData,ReputationEventData,NFTUpgradedEventData,ThresholdsUpdatedData,UserNFTRegisteredData,PointValuesUpdatedData,NFTContractSetEventData,RoleGranted,RoleRevoked,AdminRenounced,RoleAdminChanged,AdminTransferCompleted,AdminTransferInitiated,OwnershipTransfer,OwnershipRenounced,OwnershipTransferCompleted"
"e4d05cd9464e3188d21206e7767c292d65179cb736f4538598c223654ca31cb8",1,0.0007,"23.5.3#d3e1ab2424388b10893b796b0c8e405c5edd03d2","1.97.0","","","TaskNotFound,TaskAlreadyExists,InvalidTaskStatus,ContractNotInitialized,Unauthorized,NotTaskCreator,NotTaskContributor,NotAdmin,OnlyCreatorOrContributor,ContributorAlreadyAssigned,NoContributorAssigned,InsufficientBalance,TaskNotCompleted,TaskNotDisputed,TaskAlreadyResolved,CannotRefundWithContributor,TokenTransferFailed,InvalidTokenAmount,TokenContractNotSet,InvalidTaskId,InvalidAddress,InvalidAmount,InvalidDisputeReason,EmptyTaskId,TaskIdTooShort,TaskIdTooLong,InvalidTaskIdCharacters,AmountTooSmall,DisputeReasonTooShort,InvalidIssueUrl,ContractPaused","refund,release,upgrade,version,get_admin,set_admin,get_escrow,initialize,set_paused,admin_refund,dispute_task,admin_release,create_escrow,get_usdc_token,decrease_bounty,increase_bounty,resolve_dispute,get_dispute_info,get_usdc_balance,update_usdc_token,approve_completion,assign_contributor,get_usdc_token_info,get_contract_usdc_balance,has_sufficient_usdc_balance,validate_usdc_token_contract","EscrowCreatedEvent,FundsReleasedEvent,TaskCompletedEvent,BountyDecreasedEvent,BountyIncreasedEvent,DisputeResolvedEvent,RefundProcessedEvent,ContractUpgradedEvent,DisputeInitiatedEvent,ContributorAssignedEvent"
"e563900642e5bc071454bf49985200be5f0f1665295c2d181b8413cc40aa388c",1,0.0007,"26.1.1#8ac18efb681a1c0b4b85a38c5a380300344e3f39","1.93.0","","","NotInitialized,Unauthorized,InsufficientDeposit,InsufficientShares,ZeroAmount,SplitNotActive,AlreadySplit,BelowMinDeposit,InvalidFeeBps,ExceedsVestedAmount,DepositsPaused,WithdrawalsPaused,ExceedsEmergencyCap,PauseCooldown","burn,name,symbol,approve,balance,deposit,upgrade,decimals,transfer,withdraw,allowance,burn_from,set_admin,extend_ttl,initialize,vault_rate,deposit_for,sync_assets,mint_fee_bps,set_mint_fee,set_registry,total_assets,total_shares,__constructor,transfer_from,public_deposit,set_ustry_token,get_pause_status,public_deposit_for,set_pause_deposits,set_operator_wallet,set_xld_sac_address,get_max_withdrawable,set_pause_withdrawals","BurnEvent,MintEvent,TopUpEvent,ApproveEvent,TransferEvent,VaultDepositEvent,PublicDepositEvent,VaultWithdrawEvent,VaultWithdrawToEvent,PauseStatusChangedEvent,Burn,Mint,Approve,Clawback,Transfer,MintWithAmountOnly,TransferWithAmountOnly"
"e5928bcd5d038ad72c43c8f8cc8c98beedc8b181ba97a916f1766e57dc59816f",1,0.0007,"25.3.1#e50d95af029c83196dd122f0154bac3f1302394b","1.94.1","","","NotInitialized,AlreadyInitialized","owner,register,initialize","RegisterEvent"
"e5b9ccd92be481e96555a92d82953758965010472bc564528c7940f25f4f1e71",1,0.0007,"20.4.0#70b12eb8c6af0593888154700f0ef68897521708","1.88.0","","","Unimplemented,Initialized,Uninitialized,Unauthorized,InvalidArg,InvalidChainId,InvalidOtherChainId,GasUsageNotSet,BrokenAddress,NotFound,TokenInsufficientBalance,CastFailed,U256Overflow,ZeroAmount,PoolOverflow,ZeroChanges,ReservesExhausted,InsufficientReceivedAmount,BalanceRatioExceeded,Forbidden,UnauthorizedStopAuthority,SwapProhibited,AmountTooLowForFee,BridgeToTheZeroAddress,EmptyRecipient,SourceNotRegistered,WrongDestinationChain,UnknownAnotherChain,TokensAlreadySent,MessageProcessed,NotEnoughFee,NoMessage,NoReceivePool,NoPool,UnknownAnotherToken,WrongByteLength,HasMessage,InvalidPrimarySignature,InvalidSecondarySignature,NoGasDataForChain","initialize,swap_and_bridge,receive_tokens,swap,stop_swap,start_swap,set_gas_oracle,set_stop_authority,set_rebalancer,set_messenger,set_gas_usage,register_bridge,add_bridge_token,remove_bridge_token,add_pool,withdraw_gas_tokens,withdraw_bridging_fee_in_tokens,has_processed_message,has_received_message,get_pool_address,get_config,get_stop_authority,get_transaction_cost,get_gas_usage,get_admin,get_gas_oracle,get_another_bridge,set_admin,upgrade",""
"e62b17b11d41849a8c521a1cc1c44db4c87ab1056609bf5e727470e45c4c93ac",2,0.0014,"23.1.0#7456be9d91fe1f4cb070fc2732bac78244ce6c3f","1.91.0","","","NotAdmin,AlreadyInitialized,InsufficientBalance,InsufficientFactionPoints,InvalidAmount,InvalidFaction,FactionAlreadyLocked,PlayerNotFound,FactionNotSelected,GameNotWhitelisted,SessionNotFound,SessionAlreadyExists,InvalidSessionState,InvalidGameOutcome,ProofVerificationFailed,GameExpired,EpochNotFinalized,EpochAlreadyFinalized,EpochNotReady,NoRewardsAvailable,RewardAlreadyClaimed,NotWinningFaction,FeeVaultError,SwapError,TokenTransferError,OverflowError,DivisionByZero,ContractPaused","pause,is_game,unpause,upgrade,add_game,end_game,get_admin,get_epoch,is_paused,set_admin,get_config,get_player,start_game,cycle_epoch,remove_game,__constructor,update_config,select_faction,get_epoch_player,get_current_epoch,claim_epoch_reward","GameAdded,GameEnded,EpochCycled,GameRemoved,GameStarted,AdminChanged,ConfigUpdated,RewardsClaimed,FactionSelected"
"e6c6bc8330b3668ba8ac62ae7b4f3b4b7af31ff9e5af9f41ddb42ae638271a80",1,0.0007,"22.0.5#25daaf397971f2c15fd2a5fd0a9967020a19cfcb","1.88.0","","","ContractNotInitalized,XAssetDeployFailed,AssetAlreadyDeployed,AssetAdminSetFailed,NoSuchAsset,AssetUpgradeFailed","admin_get,admin_set,redeploy,init,update_xasset_wasm_hash,deploy_asset_contract,get_asset_contract,set_asset_contract,set_existing_asset_contract,upgrade_existing_asset_contract",""
"e6e3a61e4ddaddc0ba7db3e7e6a0c524422f94f5609e5bb5f73b7d59827ce4d1",1,0.0007,"26.0.0#e1bf74ba6c3ddb591593f5eb5dfb85458ff714c1","1.93.1","","","AlreadyInitialized,InvalidVkLength,InvalidRequestType,InvalidProofLength,MissingLbxToken,MissingFeeAmount,MissingAdmin,MissingVk,InvalidProofOrVkLength,InvalidProofEncoding,InvalidVkEncoding,InvalidProof,MissingIdentityVk,InvalidIdentityActionType,InvalidIdentityPayloadLength,IdentitySignalExpired,IdentityReplayDetected,MissingStealthVk,InvalidFeeAmount,InvalidHostnameLength,IdentitySignalExpiryTooFar,MissingIdentityFeeAmount,MissingDistributor,InvalidEcosystemBindingExpiry,MissingEcosystemBinding","init,upgrade,update_vk,set_stealth_vk,migrate_distributor,get_ecosystem_binding,set_ecosystem_binding,get_distributor_address,set_verify_diag_enabled,set_identity_config,request_identity_signal,request_tracking",""
"e6e9f6cc3ab3479652d81d96b6f2e0d7db6d1ff00a742407ae56941388d1b25f",1,0.0007,"20.5.0#9e2c3022b4355b224a7a814e13ba51761eeb14bb","1.77.1","","","NotFound","initialize,check_admin,mint,set_admin,set_music_admin,verify_acct,get_verify_acct,create_music,get_music,get_active_sale,read_balance,read_balance_mto,list_sale,buy_share,suspendsale,increment,allowance,approve,balance,transfer,transfer_from,burn,burn_from,decimals,name,symbol",""
"e72dca18bdeb7fd4e5980fcc679bf857fbcd2e0d2894676c564b6a81e2a28df8",1,0.0007,"22.0.11#34f7f53ae31e0fd02aab436a9872e79fa671ca02","1.89.0","","","AlreadyInitialized,NotInitialized,InvalidAmount,InsufficientPrincipal,NoSavers,NoPrize,Paused","initialize,deposit,withdraw,fund_prize,draw,principal_of,total_principal,prize_pool,total_savers,savers,draw_count,last_winner,last_prize,is_paused,get_admin,get_token,pause,unpause,set_admin",""
"e7835a197c4dd41b6671d7a06cc55ebcf2b715bc3b675010662af7b324334620",1,0.0007,"25.3.0#dcbea44513feb7734af6b6c4aced2c4a7a2715d0","1.93.1","","","AlreadyInitialized,NotInitialized,InvalidAdmin","create_pool,init_factory",""
"e7ca75b5095f5015f0b213e580d4a837cbe0e224a97763288c5125e761a72e82",0,0.0000,"23.4.0#673d6c4f2368d282d25da29bda55c21b8be69ca6","1.93.1","","","Unauthorized,PathIsEmpty,TokensNotSorted,DuplicatesNotAllowed,ValueNotInitialized,AlreadyInitialized,UnknownProtocol,OutMinNotSatisfied,InMaxNotSatisfied,FeeFractionTooHigh,RouterInvalidOutput","init,swap,upgrade,version",""
"e81adf3c1a821948c993bbeda37755a0eadf35698a3f66c23ca1ef88cde35625",12,0.0082,"23.0.2#a97daf8b07cdf24e9bd45e344db51a21b9ea77d3","1.90.0","","","CampaignAlreadyInitialized,CampaignStartDateInThePast,NegativeRewardAmount,RewardAmountExceedsTotalCampaignReward,TotalRewardWouldExceedCampaignLimit,CampaignNotInitialized,CampaignNotStarted,InvalidTaskId,Unauthorized,CampaignNotEnded,CampaignFrozen,InvalidFeePercentage,InvalidRewardAmount","extend_ttl,init,claim_reward,get_task_reward,get_remaining_reward,campaign_data,transfer_remaining_funds,extend_duration,toggle_freeze,claim_fees,set_fee_percentage,get_collected_fees_public,add_rewards","RewardEvent,FreezeToggleEvent,FeeClaimedEvent,RewardsAddedEvent"
"e84be55dca2c36778ce74caf6466b5d747e9f564b17fbfe16f37e20d22b898c7",11,0.0075,"22.0.5#25daaf397971f2c15fd2a5fd0a9967020a19cfcb","1.81.0","","","NotFound,NotEmpty,NotAuthorized,NotPermitted,NotOwned,AmountTooMuch,InvalidContract,InvalidArgs,VCStringTooLong,VCListCapacityReached,SplitLimitReached,SplitAmountTooLow","__constructor,admin,set_admin,ext_token,loan_contract,set_loan_contract,set_loan_status,amount,parent,owner,vc,loan_status,get_all_owned,is_disabled,transfer,mint_original,burn,split,redeem,check_paid,check_expired,recipient,sign_off,reject,pay_off,add_vc",""
"e879da2a6e422f67e8c33034712fb156bac4c089e6d6b78f81c0180fa70e1509",1,0.0007,"27.0.1#19a2d480fffa003e739db7cbee0249111dbfd05c","1.97.1","","","AlreadyInitialized,MissingConfiguration,InvalidRewardAccounts,InvalidValidityWindow,RequestAlreadyUsed,InvalidLockb0xReference,PaymentReferenceAlreadyUsed","initialize,get_certification_fee,request_agent_certification","AgentcertV1"
"e8b59567db4fb30bf3ed591eccb0d8a2c666ab1f38cc100a51333dddb800e7af",1,0.0007,"21.7.6#c6cca8f8cf75618c24ceb5d9ffdfe735486ae1e9","1.85.0","","","NameCannotBeEmpty,DescriptionTooLong,CoverImageUrlTooLong,InvalidListId,AlreadyUpvoted,NotUpvoted,ContractOwnerOnly,AdminNotFound,ListNotFound,AdminAlreadyExists,AdminDoesNotExist,NoteRequired,RegistrationsRequired,RegistrationNotFound,AdminOrOwnerOnly,AlreadyInitialized,InvalidRegistrationId,AlreadyRegistered,RegistrationListMismatch","initialize,create_list,update_list,delete_list,upvote,remove_upvote,transfer_ownership,add_admins,remove_admins,clear_admins,register_batch,unregister,update_registration,get_list,get_lists,get_lists_for_owner,get_lists_for_registrant,get_upvotes_for_list,get_upvoted_lists_for_account,get_registration,get_registrations_for_list,get_registrations_for_registrant,is_registered,owner,upgrade,admins",""
"e9427b80d9ff5b1ade3c76098c044a447b57fa7a128fd4e05c8c42a6f615e713",2,0.0014,"26.1.0#175aa41306f383057a8cdfc84b68d931664fc34e","1.96.0","","","TaskExists,TaskNotFound,InvalidState,InvalidAmount,ScoreTooLow,NotExpired,Paused,RefundLocked,InvalidConfig","pause,refund,unpause,activate,get_task,post_task,get_config,__constructor,flag_disputed,release_to_winner,set_verdict_pubkey","PostEvent,PauseEvent,RefundEvent,SettleEvent,DisputeEvent,ActivateEvent,VerdictKeyEvent"
"e97269a1682fe7d727a8898b357c6e20e7c74047589020645e386d0494e3626e",1,0.0007,"22.0.5#25daaf397971f2c15fd2a5fd0a9967020a19cfcb","1.86.0","","","ContractNotInitalized,XAssetDeployFailed,AssetAlreadyDeployed,AssetAdminSetFailed,NoSuchAsset","admin_get,admin_set,redeploy,init,deploy_asset_contract,get_asset_contract,set_asset_contract,set_existing_asset_contract",""
"e97e005100a977daed6a0506da769336073675bb066ad7001e804dc39fe272aa",1,0.0007,"22.0.6#0c47dcfa187069d241f11fb082730f667b55e802","1.87.0","","","AnotherActionActive,NoActionActive,ActionNotReadyYet","init_admin,version,commit_upgrade,apply_upgrade,revert_upgrade,set_emergency_mode,get_emergency_mode,commit_transfer_ownership,apply_transfer_ownership,revert_transfer_ownership,get_future_address",""
"e9815c72418bcc3fc068f90efab8f84a391102eefbdabe33697a6f9d624fbfef",0,0.0000,"22.0.6#0c47dcfa187069d241f11fb082730f667b55e802","1.84.0","","","AnotherActionActive,NoActionActive,ActionNotReadyYet","init_admin,set_pools_plane,get_pools_plane,get_liquidity,version,commit_upgrade,apply_upgrade,revert_upgrade,set_emergency_mode,get_emergency_mode,commit_transfer_ownership,apply_transfer_ownership,revert_transfer_ownership,get_future_address",""
"e9efa31e13da7dbd92dabf4cd9d6653be3d48efb83498f1d7209a2d6772e664a",1,0.0007,"26.0.0#e1bf74ba6c3ddb591593f5eb5dfb85458ff714c1","1.92.0","","","NotAuthorized,MerkleTreeFull,WrongLevels,NotInitialized,Overflow","get_root,hash_pair,insert_leaf,update_admin,__constructor,set_admin_insert_only,approve,balance,transfer,allowance,transfer_from","LeafAddedEvent"
"e9f0bc1a6baa2cddd306b1df03f846328ca643c2e7f248e504414c1712511124",1,0.0007,"23.1.0#7456be9d91fe1f4cb070fc2732bac78244ce6c3f","1.91.1","","","InsufficientFactionPoints,InvalidAmount,InvalidFaction,FactionAlreadyLocked,PlayerNotFound,FactionNotSelected,GameNotWhitelisted,SessionNotFound,SessionAlreadyExists,InvalidSessionState,InvalidGameOutcome,GameExpired,EpochNotFinalized,EpochAlreadyFinalized,EpochNotReady,NoRewardsAvailable,RewardAlreadyClaimed,NotWinningFaction,DepositRequiredToClaim,SwapError,OverflowError,DivisionByZero,ContractPaused","pause,is_game,unpause,upgrade,add_game,end_game,get_admin,get_epoch,is_paused,set_admin,get_config,get_player,start_game,cycle_epoch,remove_game,__check_auth,__constructor,update_config,migrate_config,select_faction,get_epoch_player,get_current_epoch,claim_epoch_reward","GameAdded,GameEnded,EpochCycled,GameRemoved,GameStarted,AdminChanged,ConfigUpdated,ContractPaused,RewardsClaimed,FactionSelected,ContractUnpaused,TimeMultiplierReset"
"ea1b958ff0fa0630b3b11f868aa87416800fb7beb7cf2bb51ce3273abadac3d9",1,0.0007,"20.0.3#93b09e42e4efa841cbd034c0bff0dc362765086c","1.78.0-nightly","","","AlreadyInitialized,NotInitialized,InvalidShareBalance,NoFeesMatured,LoanNotRepaid,BalanceLtSupply,InvalidAmount","initialize,deposit,withdraw_matured,update_fee_rewards,withdraw,shares,matured,borrow_erc,borrow",""
"ea7102e174c649fed93477dd4cfffe4c9bcf68adcf7baf8737dbf6f3fcb47a8a",1,0.0007,"21.4.0#d6f5639f643d76e758beecbb0ca391f8cd304c24","1.79.0","","","AlreadyInitialized,Uninitialized,Paused,BellowMinValue,ExceededMaxValue,GracePeriod,NoActiveReserve,ReservesMaxCapacityExceeded,NoPriceForAsset,InvalidAssetPrice,LiquidationOrderMustBeUnique,NotFungible,NotEnoughAvailableUserBalance,DebtError,BorrowingDisabled,GoodPosition,InvalidAmount,ValidateBorrowMathError,CalcAccountDataMathError,LiquidateMathError,MustNotBeInCollateralAsset,FlashLoanReceiverError,MathOverflowError,MustBeLtePercentageFactor,MustBeLtPercentageFactor,MustBeGtPercentageFactor,MustBeNonNegative,AccruedRateMathError,CollateralCoeffMathError,DebtCoeffMathError","deploy_pool,deploy_s_token,deploy_debt_token",""
"eb0f296803cfb8040b27b29d4f02ac8dd008a7a2f457a11c1eed3adcaced32f9",1,0.0007,"27.0.2#45d378a6cb4a026d23fc7286b6ee3add9c9dd0b9","1.97.1","","","AlreadyInitialized,NotInitialized,UsernameTaken,UsernameNotFound,ReceiptExists,ReceiptNotFound,InvalidAmount","resolve,initialize,get_receipt,record_payment,register_username","PaymentRecorded,UsernameRegistered,PaymentRegistryInitialized"
"eb2e8262657c60520b23c1a02e329257a8cca512329efa30c9c72db6fd799680",1,0.0007,"21.7.7#5da789c50b18a4c2be53394138212fed56f0dfc4","1.96.0","","","NotOwner,StillLocked,AlreadyWithdrawn,ShortenForbidden,VaultNotFound,InvalidAmount,InvalidTimestamp,AlreadyInitialised","init,deposit,withdraw,get_vault,list_owned,extend_lock,create_vault",""
"eb32181472efe6458e8ae7a7cb212315ca2d8e1843b9bf4b49755eb781b7031e",1,0.0007,"22.0.8#f46e9e0610213bbb72285566f9dd960ff96d03d8","1.86.0","","","AnotherActionActive,NoActionActive,ActionNotReadyYet","__constructor,deposit,withdraw,get_config,get_prices,get_balances,get_total_shares,get_user_shares,get_fee_config,get_summary,get_user_with_summary,estimate_trade,buy_long,sell_long,buy_short,sell_short,add_pair,set_fee_config,set_risk_parameters,set_usdc_floor,get_protocol_fees,claim_protocol_fees,kill_deposit,kill_withdraw,kill_trade,kill_withdraw_floor,unkill_deposit,unkill_withdraw,unkill_trade,unkill_withdraw_floor,get_is_killed_deposit,get_is_killed_withdraw,get_is_killed_trade,get_is_killed_withdraw_floor,version,contract_name,commit_upgrade,apply_upgrade,revert_upgrade,set_emergency_mode,get_emergency_mode,commit_transfer_ownership,apply_transfer_ownership,revert_transfer_ownership,get_future_address",""
"eb85193d50deb8b62e449b06a3cd40be0d55674d2ee70dcb50914c1c32ce290c",1,0.0007,"22.0.8#f46e9e0610213bbb72285566f9dd960ff96d03d8","1.89.0","","","NotEnoughBalance,InvalidAction,NotEnoughAid,InvalidContext,ExpiredAid,ShelterGuarded,ShelterSealed,NegativeValueOnTransfer","__constructor,update_release_key,open,guard,seal,release_key,steward,update_steward,bound_aid,unbound_aid,aid_of,assigned_aid_of,available_aid_of,__check_auth",""
"ebd8f39cfed991a5a5564e9ba85ca35c5d1d1bc52d9c00d6e9f9620725525140",1,0.0007,"25.3.1#e50d95af029c83196dd122f0154bac3f1302394b","1.93.0","","","NotInitialized,AlreadyRegistered,DomainExpired,NotOwner,InvalidName,InvalidDuration,InsufficientPayment,DomainNotFound,Unauthorized,SubdomainLimitReached,ProductionLocked,GracePeriodActive,NotExpired,MarketplaceNotSet,BelowFloorPrice,TooManyRecords,NftNotFound,NotApproved,ApprovalExpired,RegistrationsPaused","name,renew,symbol,approve,balance,resolve,upgrade,owner_of,register,transfer,get_price,set_admin,token_uri,early_exit,extend_ttl,gift_renew,initialize,set_status,fix_pricing,set_records,get_approved,get_token_id,is_available,nft_transfer,set_base_uri,total_minted,expire_domain,set_subdomain,transfer_from,get_node_count,approve_for_all,reverse_resolve,set_marketplace,set_ustry_token,get_pause_status,get_vault_shares,is_approved_for_all,set_aquarius_router,marketplace_transfer,get_domain_attributes,set_pause_registrations","NftMintEvent,EarlyExitEvent,NftApproveEvent,NftTransferEvent,DomainExpiredEvent,DomainRenewedEvent,RecordUpdatedEvent,RegistryPauseEvent,StatusChangedEvent,DomainRegisteredEvent,NftApproveForAllEvent,DomainTransferredEvent,MarketplaceTransferEvent"
"ebddfbd5a7982a6db2cfb87d8c067db6e9b6f1beb81ae89b8e70aba87cb77912",1,0.0007,"22.0.7#211569aa49c8d896877dfca1f2eb4fe9071121c8","1.87.0","","","InvalidArgs,HashFail,WrongPhase,WrongSubphase,NotFound,Unauthorized,AlreadyExists,LobbyNotJoinable,WrongSecurityMode","init,extend_lobby_ttl,create_entry,upgrade,make_lobby,leave_lobby,join_lobby,commit_setup,commit_move,commit_move_and_prove_move,prove_move,prove_move_and_prove_rank,prove_rank,redeem_win,archive_lobby,simulate_collisions",""
"ec10d53e03c9f85d84160fc3ba95fbb23cf4bbcda843632030ddac83440f0136",1,0.0007,"22.0.11#34f7f53ae31e0fd02aab436a9872e79fa671ca02","1.95.0","","","AlreadyInit,NotInit,Unauthorized,Paused,BadState,BadNonce,DisputeLocked,AmountMismatch,AlreadyReleased,AlreadyRefunded,Cancelled,Expired,Overflow","fund,state,cancel,order_ref,initialize,set_paused,read_paused,set_dispute,dispute_open,mark_expired,execute_refund,request_refund,execute_release,execution_nonce,request_release,protocol_version,set_protocol_version",""
"ecba0ffceff42d43fc451ce9670de5252afd805755563c0f9f1908f115909eaa",1,0.0007,"22.0.11#34f7f53ae31e0fd02aab436a9872e79fa671ca02","1.89.0","","","AlreadyInitialized,NotInitialized,NotAuthorized,Paused,InvalidAmount,ProposalNotFound,ProposalNotActive,AlreadyVoted,InsufficientFunds,NotPassed","initialize,contribute,create_proposal,vote,disburse,get_member,get_proposal,has_voted,member_count,total_contributed,total_released,available,proposal_count,get_token,get_admin,is_paused,pause,unpause,set_admin,upgrade",""
"ecd990f0b45ca6817149b6175f79b32efb442f35731985a084131e8265c4cd90",4569,3.1201,"22.0.7#211569aa49c8d896877dfca1f2eb4fe9071121c8","1.85.1","","","NotFound,AlreadyExists,MissingContext,SignerExpired,FailedSignerLimits,FailedPolicySignerLimits,SignatureKeyValueMismatch,ClientDataJsonChallengeIncorrect,JsonParseError","__constructor,add_signer,update_signer,remove_signer,update_contract_code,__check_auth",""
"ed0f270240c2232fdc2112cb1b90b87bf6b49b464cabf23055ab2d0e716fef7c",1,0.0007,"25.3.1#e50d95af029c83196dd122f0154bac3f1302394b","1.93.0","","","NotInitialized,AlreadyRegistered,DomainExpired,NotOwner,InvalidName,InvalidDuration,InsufficientPayment,DomainNotFound,Unauthorized,SubdomainLimitReached,ProductionLocked,GracePeriodActive,NotExpired,MarketplaceNotSet,BelowFloorPrice,TooManyRecords,NftNotFound,NotApproved,ApprovalExpired,RegistrationsPaused,NeedsUpgrade,BlacklistedName,ReservedName","name,renew,symbol,approve,balance,resolve,upgrade,owner_of,register,transfer,get_price,set_admin,token_uri,early_exit,extend_ttl,gift_renew,initialize,set_status,fix_pricing,get_xld_sac,set_records,set_xld_sac,get_approved,get_token_id,is_available,set_base_uri,set_reserved,total_minted,__constructor,admin_reclaim,admin_restore,expire_domain,set_subdomain,transfer_from,get_node_count,set_avatar_nft,upgrade_domain,approve_for_all,get_price_split,reverse_resolve,set_blacklisted,set_marketplace,set_ustry_token,get_pause_status,get_vault_shares,transfer_by_node,get_domain_status,renew_from_router,set_aquarius_pool,set_deposit_router,set_reserved_batch,zap_public_deposit,admin_reclaim_batch,get_operator_wallet,is_approved_for_all,register_with_ustry,set_aquarius_router,set_operator_wallet,get_early_exit_quote,marketplace_transfer,register_from_router,get_domain_attributes,set_blacklisted_batch,set_pause_registrations,set_aquarius_pool_contract","NftMintEvent,EarlyExitEvent,NftApproveEvent,NftTransferEvent,DomainExpiredEvent,DomainRenewedEvent,RecordUpdatedEvent,RegistryPauseEvent,StatusChangedEvent,DomainRegisteredEvent,NftApproveForAllEvent,DomainTransferredEvent,MarketplaceTransferEvent"
"ed894806eec2139507ef3eff2ba117a380b395ea5bd792ad33084f2490addf01",2,0.0014,"25.3.0#dcbea44513feb7734af6b6c4aced2c4a7a2715d0","1.95.0","github:AquaToken/soroban-amm","","AnotherActionActive,NoActionActive,ActionNotReadyYet","version,init_admin,apply_upgrade,contract_name,commit_upgrade,revert_upgrade,get_emergency_mode,get_future_address,set_emergency_mode,apply_transfer_ownership,commit_transfer_ownership,revert_transfer_ownership",""
"ed9d38f4f6c63858eb71be609bbc2a6d3a4e35bb3bd0ee97db838470d5a6dffb",1,0.0007,"22.0.11#34f7f53ae31e0fd02aab436a9872e79fa671ca02","1.95.0","","","NotInitialized,AlreadyInitialized,EscrowNotFound,NotInCreatedState,NotInCounterpartyApprovedState,NotInRefundableState,AlreadyResolved,TimeoutNotReached,FxComputationOverflow,InsufficientBalance,InvalidAmount,InvalidTimeout,InvalidCorridor,Unauthorized,ContractPaused,TransferFailed,InvalidRate","init,admin,pause,cancel,refund,settle,unpause,version,is_paused,get_escrow,get_oracle,set_oracle,escrow_count,list_escrows,create_escrow,transfer_admin,escrow_summaries,counterparty_approve",""
"edd0af824ba82f3b20fbef97dada4523535175e147e53a2d59992dc61eac4b44",13,0.0089,"25.3.0#dcbea44513feb7734af6b6c4aced2c4a7a2715d0","1.94.1","github:AquaToken/soroban-amm","","AnotherActionActive,NoActionActive,ActionNotReadyYet","a,swap,claim,ramp_a,deposit,version,get_info,share_id,withdraw,gauge_add,kill_swap,pool_type,get_gauges,get_tokens,initialize,kill_claim,stop_ramp_a,unkill_swap,gauge_remove,gauges_claim,get_decimals,get_reserves,kill_deposit,unkill_claim,apply_new_fee,apply_upgrade,contract_name,estimate_swap,commit_new_fee,commit_upgrade,initialize_all,revert_upgrade,unkill_deposit,get_pools_plane,get_user_reward,get_user_shares,set_pools_plane,estimate_deposit,get_fee_fraction,get_rewards_info,get_total_shares,init_pools_plane,calc_token_amount,checkpoint_reward,get_protocol_fees,get_rewards_state,get_unused_reward,get_virtual_price,kill_gauges_claim,set_rewards_state,withdraw_one_coin,get_emergency_mode,get_future_address,get_is_killed_swap,set_emergency_mode,set_rewards_config,backfill_plane_data,claim_protocol_fees,get_is_killed_claim,init_config_storage,swap_strict_receive,unkill_gauges_claim,get_privileged_addrs,return_unused_reward,set_privileged_addrs,gauge_schedule_reward,get_is_killed_deposit,revert_new_parameters,calc_withdraw_one_coin,gauges_get_reward_info,admin_set_rewards_state,initialize_boost_config,set_reward_boost_config,apply_transfer_ownership,estimate_working_balance,get_total_claimed_reward,commit_transfer_ownership,get_protocol_fee_fraction,get_total_excluded_shares,initialize_rewards_config,revert_transfer_ownership,set_protocol_fee_fraction,checkpoint_working_balance,remove_liquidity_imbalance,get_total_configured_reward,estimate_swap_strict_receive,get_total_accumulated_reward,adjust_total_accumulated_reward",""
"edd4674da5d5e5249436831c7cd6272b86715e06f148e63cce5a49c91cc40bbf",0,0.0000,"22.0.11#34f7f53ae31e0fd02aab436a9872e79fa671ca02","1.95.0","","","NotFound,InvalidSchema","get,clear,commit,version",""
"ee10e0f687690291c4d449a55e3bbdc57e17c5444b5e608a335027ea0daf88a3",1,0.0007,"26.1.0#175aa41306f383057a8cdfc84b68d931664fc34e","1.91.0","","","InvalidAmount,InvoiceExpired,ReceiptAlreadyExists,ReceiptNotFound,InvalidParties","pay,get_config,get_receipt,__constructor","PaymentEvent"
"ef7b3e6ff256f7398b29758558213b00795d715493a958eec448ceaba51dbce3",1,0.0007,"23.0.1#510d3feb724c2b01d7e7ab7652f03b9f8efc3f35","1.93.0-nightly","","","NotInitialized,AlreadyInitialized,OnlyManager,AmountZero,AssetNotWhitelisted,SharesZero,InsufficientUserShares,InsufficientShares,RouterNotSet,InvalidFeeBps,UnauthorizedPolicy,InsufficientLiquidity,InvalidBlendPosition,BlendAssetMismatch,InvalidBlendRiskPolicy,BlendOracleStale,BlendHealthFactorTooLow,BlendNavUnavailable,BlendOracleInvalid,CreditMarketNotConfigured,CreditActionNotAllowed,InvalidProtocolFeeBps,InvalidSwapRiskPolicy,SwapVenueNotAllowed,SwapTradeSizeExceeded,SwapOracleNotConfigured,SwapOracleStale,SwapOracleInvalid,SwapPriceImpactExceeded,SwapSlippageExceeded,SwapTwapDeviationExceeded,InvalidBootstrapAdmin,CreditBorrowPolicyNotConfigured,CreditBorrowLimitExceeded,InvalidCreditBorrowPolicy,BlendV2RiskSourceNotConfigured,BlendV2PoolNotVerified,ValuationOracleNotConfigured,ValuationOracleStale,ValuationOracleInvalid,ArithmeticOverflow,ShareAccountingMigrationRequired,ShareAccountingAlreadyMigrated,InvalidShareMigration","nav,fees,init,redeem,router,deposit,manager,upgrade,governor,set_fees,fee_state,rebalance,shares_of,whitelist,blend_lend,set_router,blend_repay,settle_fees,set_manager,share_token,swap_oracle,blend_borrow,credit_repay,denomination,set_governor,total_shares,blend_markets,credit_borrow,credit_supply,set_whitelist,blend_position,blend_withdraw,credit_markets,last_wasm_hash,liquid_balance,rebalance_auto,venue_registry,allowed_routers,blend_positions,bootstrap_admin,credit_position,credit_withdraw,set_share_token,set_swap_oracle,allowed_adapters,credit_positions,credit_protocols,swap_risk_policy,valuation_oracle,blend_risk_policy,protocol_treasury,blend_market_value,credit_risk_policy,set_allowed_venues,set_venue_registry,blend_health_factor,blend_market_assets,blend_market_status,credit_market_value,protocol_fee_policy,set_bootstrap_admin,blend_position_value,blend_v2_risk_source,clear_venue_registry,credit_borrow_policy,credit_health_factor,credit_market_assets,credit_market_config,credit_market_status,set_swap_risk_policy,set_valuation_oracle,blend_position_values,clear_bootstrap_admin,credit_market_configs,credit_position_value,set_blend_risk_policy,bootstrap_admin_active,credit_position_values,preview_fee_settlement,configure_credit_market,set_protocol_fee_policy,migrate_share_accounting,set_blend_v2_risk_source,set_credit_borrow_policy,share_accounting_version,blend_external_diagnostics,bootstrap_admin_expires_at,set_bootstrap_admin_expiry,set_blend_external_diagnostics",""
"efcc04290bb0517845b954f21546f329bed6d8c32f52e3ff08cbe265e5dbf8c5",1,0.0007,"20.3.2#1d7f9bd8030f69070634bfb07394339824ceb399","1.75.0","","","NotEnoughBalance,CurrenciesDoNotMatch,UnknownOrder,OrderAlreadyClosed,OrderTypesDoNotMatch,FacilitiesDoNotMatch,NotAuthorized,FacilityIsNotActive,FacilityIsAlreadyActive,Timelock,FeeExceedsMax,ZeroValue,UnknownFacility,Overflow","initialize,set_owner,accept_ownership,get_admin,set_execution_facility,disable_execution_facility,reactivate_execution_facility,get_active_facilities,get_execution_facility,is_execution_facility,set_facility_fee,get_facility_fee,set_facility_receiver,get_facility_receiver,set_facility_admin,get_facility_admin,buy_limit,sell_limit,buy_otc,sell_otc,buy_market,sell_market,cur_order,get_order,get_opened,get_closed,get_history,fill,cancel_order",""
"efd1bdeee02e27c0d94970321da011e8e7516fcbbb941c8ba6d48c31bc2a5132",1,0.0007,"26.1.0#175aa41306f383057a8cdfc84b68d931664fc34e","1.93.0","","","NotInitialized,Unauthorized,NotOwner,AlreadyListed,NotListed,BelowFloorPrice,ListingExpired,SelfTrade,ProposalExpired,InvalidSignature,ProductionDomain,SlippageExceeded","buy,list,cancel,buy_nft,upgrade,list_nft,get_offer,set_admin,cancel_nft,extend_ttl,initialize,get_listing,total_volume,__constructor,set_xld_token,execute_intent,buy_from_router,buy_nft_from_router,set_operator_wallet","NftSoldEvent,NftListedEvent,OfferMadeEvent,DomainSoldEvent,DomainListedEvent,NftCancelledEvent,PrivateTradeEvent,OfferAcceptedEvent,ListingCancelledEvent"
"f035668bfc64aff97c0fa81736bee3a4ce89d997c30a7e4c98d2b7dedd1c0ede",1,0.0007,"23.2.1#ab415a33cc1f6bdce20ac4a12f0ddbe41a648949","1.92.0","","","ZeroAmount,EmptyInstructions,TotalFeeBpsTooHigh,BpsOverflow,InvalidArgRef,InvalidIntermediateFee","route,execute,bump_ttl","Swap"
"f0bcd60db7ba75541fba5a1042eeb48600f19ce6be8664367eb65286e3dc55f5",1,0.0007,"26.1.0#175aa41306f383057a8cdfc84b68d931664fc34e","1.93.0","","","NotInitialized,Unauthorized,AuctionNotFound,AuctionEnded,AuctionActive,CommitmentExists,InvalidReveal,BelowReserve,NotCommitted,AlreadyRevealed,RevealPeriodActive,NoWinner,ZeroAmount","settle,upgrade,set_admin,commit_bid,extend_ttl,initialize,reveal_bid,get_auction,__constructor,create_auction,get_commitment","BidRevealedEvent,BidCommittedEvent,AuctionCreatedEvent,AuctionSettledEvent"
"f0e10c2924f73476027d5ae53e2c3ad9e63e251b31465559064bbb6555ae0a9e",5,0.0034,"22.0.8#f46e9e0610213bbb72285566f9dd960ff96d03d8","1.86.0","","","AnotherActionActive,NoActionActive,ActionNotReadyYet","__constructor,mint,redeem,redeem_one,sync_collateral_with_price,get_tokens,get_price_bounds,get_user_token_balances,get_total_token_supplies,get_collateral_info,get_summary,get_status,set_calculator,set_oracle,kill_mint,kill_redeem,unkill_mint,unkill_redeem,get_is_killed_mint,get_is_killed_redeem,get_price,get_scaled_price,version,contract_name,commit_upgrade,apply_upgrade,revert_upgrade,set_emergency_mode,get_emergency_mode,commit_transfer_ownership,apply_transfer_ownership,revert_transfer_ownership,get_future_address",""
"f0f508a9cd5f610f36db9a76ca5756d0ca56772cb8c4bd7725a80fcd71a22098",1,0.0007,"23.5.3#d3e1ab2424388b10893b796b0c8e405c5edd03d2","1.88.0","","","AlreadyInitialized,NotInitialized,EscrowAlreadyExists,EscrowNotFound,InvalidAmount,InvalidFee,InvalidTimeout,InvalidStatus,BuyerAlreadySet,BuyerMissing,Unauthorized,NotExpired","init,create,accept,release,refund,open_dispute,resolve_release,resolve_refund,get,admin,fee_address",""
"f1077e0b77da5e62d596e13aeae4160104cad99e7ef7f3183a6c9b6ec9e747cd",59,0.0403,"25.3.0#dcbea44513feb7734af6b6c4aced2c4a7a2715d0","1.95.0","github:AquaToken/soroban-amm","","AnotherActionActive,NoActionActive,ActionNotReadyYet","a,swap,claim,ramp_a,deposit,version,get_info,share_id,withdraw,gauge_add,kill_swap,pool_type,get_gauges,get_tokens,initialize,kill_claim,stop_ramp_a,unkill_swap,gauge_remove,gauges_claim,get_decimals,get_reserves,kill_deposit,unkill_claim,apply_new_fee,apply_upgrade,contract_name,estimate_swap,commit_new_fee,commit_upgrade,initialize_all,revert_upgrade,unkill_deposit,get_pools_plane,get_user_reward,get_user_shares,set_pools_plane,estimate_deposit,get_fee_fraction,get_rewards_info,get_total_shares,init_pools_plane,calc_token_amount,checkpoint_reward,get_protocol_fees,get_rewards_state,get_unused_reward,get_virtual_price,kill_gauges_claim,set_rewards_state,withdraw_one_coin,get_emergency_mode,get_future_address,get_is_killed_swap,set_emergency_mode,set_rewards_config,backfill_plane_data,claim_protocol_fees,get_is_killed_claim,init_config_storage,swap_strict_receive,unkill_gauges_claim,get_privileged_addrs,return_unused_reward,set_privileged_addrs,gauge_schedule_reward,get_is_killed_deposit,revert_new_parameters,calc_withdraw_one_coin,gauges_get_reward_info,admin_set_rewards_state,initialize_boost_config,set_reward_boost_config,apply_transfer_ownership,estimate_working_balance,get_total_claimed_reward,commit_transfer_ownership,get_protocol_fee_fraction,get_total_excluded_shares,initialize_rewards_config,revert_transfer_ownership,set_protocol_fee_fraction,checkpoint_working_balance,remove_liquidity_imbalance,get_total_configured_reward,estimate_swap_strict_receive,get_total_accumulated_reward,adjust_total_accumulated_reward",""
"f1b6240915e8704350668364192aa320240391f73f85d62419088eb5c748c041",1,0.0007,"25.3.1#e50d95af029c83196dd122f0154bac3f1302394b","1.95.0","","","NotInitialized,AlreadyInitialized,ReceivableNotFound,AlreadyMinted,InvalidAmount,Unauthorized","mint,is_minted,initialize,get_receivable","ReceivableMinted"
"f1c2178e470a57d99f1fe78aed8f234c338b41d800d578ac34fb779d279bfa46",1,0.0007,"23.0.1#510d3feb724c2b01d7e7ab7652f03b9f8efc3f35","1.93.0-nightly","","","AlreadyInitialized,NotInitialized,Unauthorized,InvalidPolicy,InvalidGuardian,InvalidBootstrapAdmin","init,admin,upgrade,guardian,lastprice,set_admin,set_governor,set_guardian,clear_guardian,inspect_symbol,last_wasm_hash,guardian_config,inspect_stellar,is_guardian_active,guardian_expires_at,symbol_asset_policy,stellar_asset_policy,bootstrap_admin_active,set_symbol_asset_policy,set_stellar_asset_policy,clear_symbol_asset_policy,pause_symbol_asset_policy,bootstrap_admin_expires_at,clear_stellar_asset_policy,pause_stellar_asset_policy,resume_symbol_asset_policy,set_bootstrap_admin_expiry,symbol_asset_policy_paused,resume_stellar_asset_policy,stellar_asset_policy_paused,clear_bootstrap_admin_expiry",""
"f201f0df6d7f78dc31f01186ef017390e74d55f885a6c861ced27b1428bb5071",1,0.0007,"22.0.8#f46e9e0610213bbb72285566f9dd960ff96d03d8","1.87.0","","","MissingStorage,MissingK","upgrade,__constructor,update_k,get_current_k,get_epoch,to_rebased,to_base_ceil,mint_from,has_role,get_role_member_count,get_role_member,get_role_admin,get_admin,grant_role,revoke_role,renounce_role,renounce_admin,transfer_admin_role,accept_admin_transfer,set_role_admin,total_supply,balance,allowance,transfer,transfer_from,approve,decimals,name,symbol,burn,burn_from,set_axelar_config,token_id,get_axelar_its,get_axelar_chain,get_axelar_gas_token",""
"f25795bcffa6d6b995cba6c0999180c403dede5472e4455c99bd4521f9e29a12",10,0.0068,"26.1.0#175aa41306f383057a8cdfc84b68d931664fc34e","1.92.0","","","NotAuthorized,KeyNotFound,KeyAlreadyExists,InvalidProof,NotInitialized,Overflow","find_key,get_root,delete_leaf,insert_leaf,update_admin,__constructor,verify_non_membership,approve,balance,transfer,allowance,transfer_from","LeafDeletedEvent,LeafInsertedEvent"
"f267df795b264d0a8c9ef9259f9f0b5af06efb108112e94c44f4dbd7593937a3",6,0.0041,"23.0.1#510d3feb724c2b01d7e7ab7652f03b9f8efc3f35","1.93.0-nightly","","","NotInitialized,AlreadyInitialized,OnlyManager,AmountZero,AssetNotWhitelisted,SharesZero,InsufficientUserShares,InsufficientShares,RouterNotSet,InvalidFeeBps,UnauthorizedPolicy,InsufficientLiquidity,InvalidBlendPosition,BlendAssetMismatch,InvalidBlendRiskPolicy,BlendOracleStale,BlendHealthFactorTooLow,BlendNavUnavailable,BlendOracleInvalid,CreditMarketNotConfigured,CreditActionNotAllowed,InvalidProtocolFeeBps,InvalidSwapRiskPolicy,SwapVenueNotAllowed,SwapTradeSizeExceeded,SwapOracleNotConfigured,SwapOracleStale,SwapOracleInvalid,SwapPriceImpactExceeded,SwapSlippageExceeded,SwapTwapDeviationExceeded,InvalidBootstrapAdmin,CreditBorrowPolicyNotConfigured,CreditBorrowLimitExceeded,InvalidCreditBorrowPolicy","nav,fees,init,redeem,router,deposit,manager,upgrade,governor,set_fees,fee_state,rebalance,shares_of,whitelist,blend_lend,set_router,blend_repay,settle_fees,set_manager,share_token,swap_oracle,blend_borrow,credit_repay,denomination,set_governor,blend_markets,credit_borrow,credit_supply,set_whitelist,blend_position,blend_withdraw,credit_markets,last_wasm_hash,liquid_balance,rebalance_auto,venue_registry,allowed_routers,blend_positions,bootstrap_admin,credit_position,credit_withdraw,set_share_token,set_swap_oracle,allowed_adapters,credit_positions,credit_protocols,swap_risk_policy,blend_risk_policy,protocol_treasury,blend_market_value,credit_risk_policy,set_allowed_venues,set_venue_registry,blend_health_factor,blend_market_assets,blend_market_status,credit_market_value,protocol_fee_policy,set_bootstrap_admin,blend_position_value,clear_venue_registry,credit_borrow_policy,credit_health_factor,credit_market_assets,credit_market_config,credit_market_status,set_swap_risk_policy,blend_position_values,clear_bootstrap_admin,credit_market_configs,credit_position_value,set_blend_risk_policy,bootstrap_admin_active,credit_position_values,preview_fee_settlement,configure_credit_market,set_protocol_fee_policy,set_credit_borrow_policy,blend_external_diagnostics,bootstrap_admin_expires_at,set_bootstrap_admin_expiry,set_blend_external_diagnostics",""
"f26873551532b1862136b5deff2db2f4bd081a6b56ece616a3dc4ed98b061b21",2,0.0014,"21.7.6#c6cca8f8cf75618c24ceb5d9ffdfe735486ae1e9","1.82.0","","","ReadyTwice,NotFound","sum,sub,mul,div,add_op,get_op,all_op,add_last_op,last_op",""
"f26f973ccd217325c752c974c14d223cf3b72e757bbf628c0588bafd7c5da9d3",1,0.0007,"26.1.0#175aa41306f383057a8cdfc84b68d931664fc34e","1.96.0","","","Paused,PrincipalTooSmall,InvalidTerm,PoolExpired,PoolNotApproved,PoolNotFound,WrapperInvalid,FeeExceedsPrincipal,NotionalMismatch,PositionNotFound,NotOwner,AlreadySettled,NotMatured,PositionNotSettled,EmptyBatch,BatchTooLarge,EmergencyNotEnabled,MathOverflow,PoolRevoked,PoolNotRevoked,UnpauseInEmergency,VammNotSet,AssetNotConfigured,InsufficientBalance,PoolNotMatured,InvalidAprRate,WorstCaseNotSet,StalePrice,InsufficientMargin,PositionNotFound,CannotLiquidate,PositionNotInDebt,DustResidue,VariableTokensNotFullyLiquidated,InvalidWorstCase,InvalidFeeAmount,FeeRootNotSet,InvalidFeeProof,NothingToClaim,FeePoolExhausted,NotEnoughFundsForFee,EsmNotSet,PoolExpired,InsufficientEsmBalance,MathOverflow,PoolNotInitialized,UnwindMadeNoProgress,VammTickUnavailable,InvalidProtocolFeeRate,InsufficientProtocolFees,InvalidDeficitAmount,InvalidAmount,NoDeficit,AdlCandidateNotEligible,DepositMaxReached,Paused,PositionBelowMin,CollateralBelowMin,PoolAlreadyInitialized,InvalidCollateral,InvalidRiskConfig,IsolatedConfigNotCleared,DepositRestricted,RestrictedBonusNonZero,NotionalMaxReached,PoolNotStarted,PoolBlacklisted,PoolAlreadyStarted,IsolatedMarginViolation,PositionMaxReached,Unauthorized,PoolClosing,EsmOpensExposure,AdlCandidateLiquidatable,AdlCoverBelowMinimum,StaleFeeRoot,EarlySettlementBlockedByAdl","vamm,admin,pause,engine,unpause,upgrade,is_paused,set_admin,set_paused,get_version,revoke_pool,approve_pool,get_position,positions_of,__constructor,calculate_fee,reapprove_pool,open_lock_yield,enable_emergency,is_pool_approved,next_position_id,settle_lock_yield,emergency_withdraw,get_position_stats,is_emergency_enabled,batch_settle_lock_yield","Opened,Settled,AdminSet,PausedSet,PoolRevoked,BatchSettled,PoolApproved,EmergencyEnabled,EmergencyWithdrawal"
"f29c8762a2b6976888d83ec8be6d16fa3808f7a783f58398d07ffa96e8850ad4",2,0.0014,"20.3.2#1d7f9bd8030f69070634bfb07394339824ceb399","1.76.0-nightly","","","NotInitialized,Initialized,Frozen,MinterFrozen,InvalidCollectionInfo,NotNFT,AlreadyMinted,NotAuthorized","initialize,transfer,mint,bulk_mint,burn,approve,revoke,approve_all,revoke_all,freeze_collection,update_minter,update_token_url,update_collection_info,upgrade,extend_ttl_collection,extend_ttl_item,is_collection_frozen,get_collection_info,get_token_info,get_tokens,get_max_token_id,get_tokens_count,version",""
"f2e7ee04e9e075bf9a4d14cf2bb5cb0b0c29c080493905534734ea3368c7d8e8",1,0.0007,"23.1.0#7456be9d91fe1f4cb070fc2732bac78244ce6c3f","1.91.1","","","InsufficientFactionPoints,InvalidAmount,InvalidFaction,FactionAlreadyLocked,PlayerNotFound,FactionNotSelected,GameNotWhitelisted,SessionNotFound,SessionAlreadyExists,InvalidSessionState,InvalidGameOutcome,GameExpired,EpochNotFinalized,EpochAlreadyFinalized,EpochNotReady,NoRewardsAvailable,RewardAlreadyClaimed,NotWinningFaction,SwapError,OverflowError,DivisionByZero,ContractPaused","pause,is_game,unpause,upgrade,add_game,end_game,get_admin,get_epoch,is_paused,set_admin,get_config,get_player,start_game,cycle_epoch,remove_game,__check_auth,__constructor,update_config,select_faction,get_epoch_player,get_current_epoch,claim_epoch_reward","GameAdded,GameEnded,EpochCycled,GameRemoved,GameStarted,AdminChanged,ConfigUpdated,ContractPaused,RewardsClaimed,FactionSelected,ContractUnpaused,TimeMultiplierReset"
"f2fd2c09e296861107b2c6fb9da9bbb73dac12f90784a1b918685d5c1977f231",2,0.0014,"23.5.3#d3e1ab2424388b10893b796b0c8e405c5edd03d2","1.93.1","","","NotInitialised,StillLocked,NoBalance","ping,owner,token,balance,withdraw,__constructor,unlock_ledger",""
"f318736d450946c8d6f3c1aad7ed2559cb71128e74b7935b7b33f8d6774eda2f",1,0.0007,"26.1.0#175aa41306f383057a8cdfc84b68d931664fc34e","1.94.1","","","MalformedVerifyingKey,NoPublicSignals,InvalidProof,AlreadySealed,FieldElementNotCanonical","is_sealed,submit_proof,verify_proof,get_attestation","Sealed"
"f36db4523572b3e137ff6be61ffd9f3aab050831c25e1f9eceeaaaec7010c651",1,0.0007,"26.0.1#f52b6aad85f18c5e312ff3f60e57cb613274e6bb","1.95.0","","","AlreadyInitialized,NotInitialized,PolicyNotFound,PolicyRevoked,PolicyExpired,AmountExceedsCap,PeriodNotElapsed,AuthContextUnsupported,SignatureInvalid,InvalidConfig,SessionNotFound,SessionRevoked,SessionExpired,WindowCapExceeded,RecipientNotAllowed,EmptyAllowlist","init,get_policy,__check_auth,revoke_policy,install_policy,get_agent_session,revoke_agent_session,install_agent_session",""
"f3c34bb8d77619e13e7980eda578b7c235aba9991db27b4137dfb8b5f81bea43",1,0.0007,"21.1.1#648cbcb799858b9ba9f240c82c0babcf621050bc","1.79.0","","","NotInitialized,NotFound,NotPermitted,AlreadyInitialized,JsonParseError,InvalidContext,ClientDataJsonChallengeIncorrect,Secp256r1PublicKeyParse,Secp256r1SignatureParse,Secp256r1VerifyFailed","init,upgrade,add_sig,rm_sig,re_super,__check_auth",""
"f3d93e8cff3216a8f7e1ae89e973c0686fba7f79cb18df6db10ead77178e5e4f",1,0.0007,"23.1.0#7456be9d91fe1f4cb070fc2732bac78244ce6c3f","1.91.1","","","InsufficientFactionPoints,InvalidAmount,InvalidFaction,FactionAlreadyLocked,PlayerNotFound,FactionNotSelected,GameNotWhitelisted,SessionNotFound,SessionAlreadyExists,InvalidSessionState,InvalidGameOutcome,GameExpired,EpochNotFinalized,EpochAlreadyFinalized,EpochNotReady,NoRewardsAvailable,RewardAlreadyClaimed,NotWinningFaction,SwapError,OverflowError,DivisionByZero,ContractPaused","pause,is_game,unpause,upgrade,add_game,end_game,get_admin,get_epoch,is_paused,set_admin,get_config,get_player,start_game,cycle_epoch,remove_game,__check_auth,__constructor,update_config,select_faction,get_epoch_player,get_current_epoch,claim_epoch_reward","GameAdded,GameEnded,EpochCycled,GameRemoved,GameStarted,AdminChanged,ConfigUpdated,ContractPaused,RewardsClaimed,FactionSelected,ContractUnpaused,TimeMultiplierReset"
"f3f1925f5f8306d3325c1b11e57d8ca8f82359648e3bc9d9789f288149cabaf8",1,0.0007,"25.3.1#e50d95af029c83196dd122f0154bac3f1302394b","1.95.0","","","AlreadyInitialized,NotInitialized,InvalidSplit,InvalidAmount,InsufficientBuffer,InsufficientYieldPrincipal","init,stats,config,release_buffer,deposit_payroll,rebalance_to_buffer",""
"f422c75335b1d3c089ad458c3be47d6e574e0bb3c6f476d81cfbfb26313ec5a0",2,0.0014,"20.5.0#9e2c3022b4355b224a7a814e13ba51761eeb14bb","1.75.0","","","AlreadyInitialized,NotInitialized,InvalidConfig,UnauthorizedOperator,WrongRole,WrongPhase,StateChanged,FlashAlreadyArmed,FlashNotArmed,CallbackMismatch,InsufficientCapital,SeedTooSmall,ProfitTooLow,ResidualTooHigh,Arithmetic","initialize_launcher,initialize_receiver,plan,launcher_targets,receiver_targets,status,flash_seed,arm,exec_op,collect_seed,advance_desync,advance_mint,finish,abort,rescue_blnd,rescue_usdc",""
"f45bb77d5182359414b86060f2bee55534c44101a72b5ffa337888b432de9fd4",1,0.0007,"25.3.2#076083c6fe32ab89660da9eb90f34445eea46079","1.95.0","","","AlreadyInitialized,NotInitialized,ProofAlreadyExists,ProofNotFound,NotProofOwner,ProofAlreadyRevoked","get_proof,initialize,create_proof,proof_exists,revoke_proof,get_owner_proofs","ProofCreatedEvent,ProofRevokedEvent"
"f49fa741a5001266e54a68aed501221f10628c7479f06b92a569fc0c95fa3a75",1,0.0007,"22.0.8#f46e9e0610213bbb72285566f9dd960ff96d03d8","1.86.0","","","AnotherActionActive,NoActionActive,ActionNotReadyYet","__constructor,deposit,withdraw,get_config,get_prices,get_balances,get_total_shares,get_user_shares,get_fee_config,get_summary,get_user_with_summary,estimate_trade,buy_long,sell_long,buy_short,sell_short,add_pair,set_fee_config,set_usdc_floor,get_protocol_fees,claim_protocol_fees,kill_deposit,kill_withdraw,kill_trade,kill_withdraw_floor,unkill_deposit,unkill_withdraw,unkill_trade,unkill_withdraw_floor,get_is_killed_deposit,get_is_killed_withdraw,get_is_killed_trade,get_is_killed_withdraw_floor,version,contract_name,commit_upgrade,apply_upgrade,revert_upgrade,set_emergency_mode,get_emergency_mode,commit_transfer_ownership,apply_transfer_ownership,revert_transfer_ownership,get_future_address",""
"f4f9e67f883302b5f9da3f947651f1db322bc3880a44a676fea96ef6c30c0fe8",1,0.0007,"25.3.1#e50d95af029c83196dd122f0154bac3f1302394b","1.95.0","","","Unauthorized,InvalidToken,BeneficiaryNotAssigned,CollateralNotSupported,DepositAmountInvalid,InsufficientCollateralBalance,RedemptionPending,RedemptionAmountInvalid,InsufficientTokenBalance,InsufficientTokenAllowance,RedemptionNotFound,Paused,SwapAmountInvalid,VersionMismatch,CollateralMustBeDisabled,InvalidFeeBps,NoTrustedSigners,UntrustedSigner,AttestationNotYetValid,AttestationExpired,AttestationRequired,SourceNotWhitelisted,OutputAmountTooSmall,CombinedFeeExceedsMaximum,AttestationNotTrustedSigner,PermitCallerMismatch,PermitSourceMismatch,PermitRecipientMismatch,PermitCollateralMismatch,PermitUsdmMismatch,PermitAmountMismatch,DepositPermitReplay,DepositPermitNotTrustedSigner,RedeemPermitReplay,RedeemPermitNotTrustedSigner,PermitTokenMismatch,StaleTimestamp,TokenNotSet,CollateralAlreadyExists,CollateralAlreadyDisabled,CollateralAlreadyEnabled,TrustedSignerAlreadyExists,TrustedSignerNotFound,MathOverflow","swap_v2,pause,sweep,unpause,upgrade,get_usdm0,get_usdm1,is_paused,get_config,assign_usdm0,assign_usdm1,get_operator,__constructor,set_base_fees,add_collateral,is_whitelisted,assign_operator,compute_feed_id,get_beneficiary,get_collaterals,add_to_whitelist,verify_signature,enable_collateral,get_administrator,is_trusted_signer,remove_collateral,add_trusted_signer,assign_beneficiary,disable_collateral,get_trusted_signers,set_collateral_fees,get_contract_version,rotate_administrator,get_collateral_config,get_redeem_permit_seq,remove_from_whitelist,remove_trusted_signer,get_deposit_permit_seq,reset_usdm_token_admin,assert_contract_version,set_collateral_disabled,get_base_deposit_fee_bps,build_redeem_permit_digest,build_deposit_permit_digest,get_base_redemption_fee_bps,build_price_attestation_digest,redeem,redeem_usdm0,get_redemption,cancel_redemption,process_redemption,deposit,deposit_for_usdm0","Swept,Paused,SwapV2,Deposit,Unpaused,Upgraded,Redemption,BaseFeesSet,AdminRotated,Usdm0Assigned,Usdm1Assigned,WhitelistAdded,CollateralAdded,OperatorAssigned,WhitelistRemoved,CollateralEnabled,CollateralFeesSet,CollateralRemoved,DepositFeeCharged,CollateralDisabled,TrustedSignerAdded,BeneficiaryAssigned,RedemptionCancelled,RedemptionProcessed,RedemptionFeeCharged,TrustedSignerRemoved"
"f5a06865c6ac90cd11c2f416fdad568da8350e0a7119fdb315595da5e8f9f230",1,0.0007,"21.1.1#648cbcb799858b9ba9f240c82c0babcf621050bc","1.79.0","","","NotFound,NotPermitted,ClientDataJsonChallengeIncorrect,Secp256r1PublicKeyParse,Secp256r1SignatureParse,Secp256r1VerifyFailed,JsonParseError","add,remove,update,__check_auth",""
"f5bb5a1d69d1996bd6c883ebe026e7a24989cb7dacfe1ffa8d285e1da3ef692a",0,0.0000,"20.4.0#70b12eb8c6af0593888154700f0ef68897521708","1.76.0","","","NotFound,NotEmpty,NotAuthorized,NotPermitted,NotOwned,AmountTooMuch,InvalidContract,InvalidArgs","initialize,admin,set_admin,appr,appr_all,get_appr,is_appr,amount,parent,owner,data,get_all_owned,is_disabled,transfer,transfer_from,mint_original,burn,split,redeem,set_external_token_provider,check_paid,check_expired,recipient,sign_off,pay_off,set_nft_data",""
"f60d33ec57eecee04b52d048c1c079983ff1b3834c8195fea811b025fb889361",2,0.0014,"22.0.2#31b2892ef4d20538004e52713cb81e4895a8de9a","1.83.0","github:reflector-network/reflector-dao-contract","reflector.network","NotInitialized,AlreadyInitialized,Unauthorized,InvalidAmount,InvalidBallotParams,Overflow,InvalidOperators,UnlockUnavailable,RefundUnavailable,BallotNotFound,BallotClosed","config,set_deposit,unlock,available,claim,create_ballot,get_ballot,retract_ballot,vote",""
"f620d7d55a23735f843564d3725632c1d1313c6a0deb6036850687ce05b847b4",0,0.0000,"21.6.0#f57d2454e520ae11dc9c8d55db610557a24a556e","1.80.0","","","AnotherActionActive,NoActionActive,ActionNotReadyYet","init_admin,set_pools_plane,get_pools_plane,get_liquidity,version,commit_upgrade,apply_upgrade,revert_upgrade,set_emergency_mode,get_emergency_mode,commit_transfer_ownership,apply_transfer_ownership,revert_transfer_ownership,get_future_address",""
"f63e5daba60d4a3febbbc264c31b41ce2a62ae70ff34ff4ded2f70ace9233823",1,0.0007,"26.1.0#175aa41306f383057a8cdfc84b68d931664fc34e","1.95.0","","","AlreadyInitialized,NotInitialized,NotAuthorized,PolicyMissing,PolicyInactive,InvalidAmount,InvalidTotalLimit,InvalidPaymentLimit,InvalidTimeWindow,OutsidePolicyWindow,TotalLimitExceeded,PolicyExists,Paused,NoPendingAdmin,InvalidMerchant,AmountAbovePaymentLimit,MathOverflow,PolicyTooLong,EmptyAssetAllowlist,EmptyMerchantAllowlist,AssetNotAllowed,MerchantNotAllowed,PaymentAlreadyUsed,TransactionCountExceeded,InvalidPaymentWindow,PaymentNonceAlreadyUsed","deposit,upgrade,withdraw,available,get_config,get_policy,set_paused,accept_admin,__constructor,create_policy,extend_policy,propose_admin,revoke_policy,execute_payment,is_payment_used,remaining_transactions","Upgraded,AdminChanged,AdminProposed,PausedChanged,PolicyCreated,PolicyRevoked,FundsDeposited,FundsWithdrawn,PaymentExecuted"
"f63fd5a402e82a620f2bf14bace22e012b0854e76cd9b960e1e0b9c5c7a74cf3",1,0.0007,"20.5.0#9e2c3022b4355b224a7a814e13ba51761eeb14bb","1.89.0","","","NotInitialized,AlreadyInitialized,DealNotFound,Unauthorized,InvalidAmount,DeadlineNotReached,DeadlinePassed,InvalidMilestone,MilestoneAlreadyReleased,ProtocolAlreadyCompleted,InvalidDeadline","initialize,create_deal,release_milestone,complete_deal,request_refund,get_deal",""
"f65bc50bf391c65dcce11060e510390ba39538315a9b73ae2c8fa9700938df64",0,0.0000,"26.1.0#175aa41306f383057a8cdfc84b68d931664fc34e","1.93.0","","","NotInitialized,Unauthorized,NotOwner,AlreadyListed,NotListed,BelowFloorPrice,ListingExpired,SelfTrade,ProposalExpired,InvalidSignature,ProductionDomain,SlippageExceeded","buy,list,cancel,buy_nft,upgrade,list_nft,get_offer,set_admin,cancel_nft,extend_ttl,initialize,get_listing,total_volume,__constructor,set_xld_token,execute_intent,buy_from_router,execute_nft_intent,buy_nft_from_router,set_operator_wallet,execute_listing_intent,execute_priv_nft_listing,execute_nft_listing_intent,execute_private_listing_intent","NftSoldEvent,NftListedEvent,OfferMadeEvent,DomainSoldEvent,DomainListedEvent,NftCancelledEvent,PrivateTradeEvent,OfferAcceptedEvent,ListingCancelledEvent"
"f668da8c78738e4871959e9eb1a8ab94c1f3e8cd17595cf00b3dfd0acbe9202d",3,0.0020,"22.0.5#25daaf397971f2c15fd2a5fd0a9967020a19cfcb","1.86.0","","","InsufficientCollateralization,CDPAlreadyExists,CDPNotFound,CDPNotInsolvent,CDPNotOpen,InsufficientCollateral,InsufficientBalance,RepaymentExceedsDebt,OutstandingDebt,InvalidMerge,InvalidLiquidation,InvalidWithdrawal,CDPNotOpenOrInsolvent,CDPNotOpenOrInsolventForRepay,StakeAlreadyExists,StakeDoesntExist,InvalidLedgerSequence,OraclePriceFetchFailed,OracleDecimalsFetchFailed,XLMTransferFailed,ClaimRewardsFirst,InsufficientStake,InsufficientInterest,PaymentExceedsInterestDue,InterestMustBePaidFirst,InsufficientXLMForInterest,InsufficientApprovedXLMForInterestRepayment,XLMInvocationFailed,InterestRepaidNotPositive","admin_get,admin_set,redeploy,xlm_contract,xlm_sac,asset_contract,pegged_asset,minimum_collateralization_ratio,lastprice_xlm,lastprice_asset,decimals_xlm_feed,decimals_asset_feed,open_cdp,cdp,freeze_cdp,add_collateral,withdraw_collateral,borrow_xasset,repay_debt,liquidate_cdp,merge_cdps,close_cdp,get_accrued_interest,pay_interest,cdp_init,set_xlm_sac,set_xlm_contract,set_asset_contract,set_pegged_asset,set_min_collat_ratio,set_interest_rate,get_interest_rate,get_total_interest_collected,allowance,approve,balance,transfer,transfer_from,burn,burn_from,decimals,name,symbol,increase_allowance,decrease_allowance,spendable_balance,authorized,set_authorized,mint,clawback,set_admin,deposit,withdraw,liquidate,claim_rewards,get_staker_deposit_amount,get_total_xasset,get_total_collateral,stake,unstake,get_available_assets,get_position,get_constants",""
"f66c2ce4bf7d37ab858642b259c1c5ab294becea4ee7fc8380b249cbf21671b3",3,0.0020,"22.0.8#f46e9e0610213bbb72285566f9dd960ff96d03d8","1.89.0","","","AlreadyInitialized,AlreadyProcessed,InvalidRoyaltyBps,NotInitialized,MissingValue,NotApprover,AdminNotSet","init,receive_token_payment,add_approver,remove_approver,set_royalty_bps,set_royalty_recipient,royalty_bps,royalty_recipient,is_processed",""
"f67404c389145541d053ab72ae2695abfcb45637aa2322f3faaf3c8730d9edd3",1,0.0007,"23.1.0#7456be9d91fe1f4cb070fc2732bac78244ce6c3f","1.91.1","","","MatchNotFound,NotPlayer,AlreadyCommitted,AlreadyRevealed,NotCommitted,WaitingForCommits,InvalidChoice,CommitmentMismatch,MatchAlreadyEnded,SelfPlay,RoundNotComplete,Timeout,AlreadyInQueue,NotInQueue,AlreadyInMatch","commit,reveal,upgrade,get_admin,get_match,get_queue,set_admin,find_match,get_timeout,set_timeout,start_match,cancel_queue,__constructor,claim_timeout,get_blendizzard,set_blendizzard,get_player_match,compute_commitment",""
"f6a39001923452afda4bb88bca2250f7a2b3f76ced6a5172f458d864b1460576",0,0.0000,"21.5.0#d40bd031c14fbd3d75cf4473486ef7ef15af3364","1.80.0","","","CannotSwapReward,CannotQuoteDeposit,NotGreaterThan0,TooMuchLostWithDeposit","upgrade,init,keeper,claim_fee,deposit,balance,withdraw",""
"f6c59a7b9f155a74360b48160fa84cabe67fe971b6fafe144d1ddf28d98bfb4c",4,0.0027,"23.0.1#510d3feb724c2b01d7e7ab7652f03b9f8efc3f35","1.93.0-nightly","","","NotInitialized,AlreadyInitialized,OnlyManager,AmountZero,AssetNotWhitelisted,SharesZero,InsufficientUserShares,InsufficientShares,RouterNotSet,InvalidFeeBps,UnauthorizedPolicy,InsufficientLiquidity,InvalidBlendPosition,BlendAssetMismatch,InvalidBlendRiskPolicy,BlendOracleStale,BlendHealthFactorTooLow,BlendNavUnavailable,BlendOracleInvalid,CreditMarketNotConfigured,CreditActionNotAllowed,InvalidProtocolFeeBps,InvalidSwapRiskPolicy,SwapVenueNotAllowed,SwapTradeSizeExceeded,SwapOracleNotConfigured,SwapOracleStale,SwapOracleInvalid,SwapPriceImpactExceeded,SwapSlippageExceeded,SwapTwapDeviationExceeded,InvalidBootstrapAdmin,CreditBorrowPolicyNotConfigured,CreditBorrowLimitExceeded,InvalidCreditBorrowPolicy,BlendV2RiskSourceNotConfigured,BlendV2PoolNotVerified","nav,fees,init,redeem,router,deposit,manager,upgrade,governor,set_fees,fee_state,rebalance,shares_of,whitelist,blend_lend,set_router,blend_repay,settle_fees,set_manager,share_token,swap_oracle,blend_borrow,credit_repay,denomination,set_governor,blend_markets,credit_borrow,credit_supply,set_whitelist,blend_position,blend_withdraw,credit_markets,last_wasm_hash,liquid_balance,rebalance_auto,venue_registry,allowed_routers,blend_positions,bootstrap_admin,credit_position,credit_withdraw,set_share_token,set_swap_oracle,allowed_adapters,credit_positions,credit_protocols,swap_risk_policy,blend_risk_policy,protocol_treasury,blend_market_value,credit_risk_policy,set_allowed_venues,set_venue_registry,blend_health_factor,blend_market_assets,blend_market_status,credit_market_value,protocol_fee_policy,set_bootstrap_admin,blend_position_value,blend_v2_risk_source,clear_venue_registry,credit_borrow_policy,credit_health_factor,credit_market_assets,credit_market_config,credit_market_status,set_swap_risk_policy,blend_position_values,clear_bootstrap_admin,credit_market_configs,credit_position_value,set_blend_risk_policy,bootstrap_admin_active,credit_position_values,preview_fee_settlement,configure_credit_market,set_protocol_fee_policy,set_blend_v2_risk_source,set_credit_borrow_policy,blend_external_diagnostics,bootstrap_admin_expires_at,set_bootstrap_admin_expiry,set_blend_external_diagnostics",""
"f749bab8cae43065041d0153259569613121cf6ebc3e851e84df355855551ee1",1,0.0007,"21.1.1#648cbcb799858b9ba9f240c82c0babcf621050bc","1.79.0","","","ArgumentLengthMismatch","deploy_contract",""
"f810e6d51153fc8365d1348a34349af2b2d1fe0903b81b6e25d6187353364552",1,0.0007,"23.0.3#6aa930b08eabfd578b7824a0d5de473cbd958282","1.90.0","","","NoFarmersProvided,BatchTooLarge,MismatchedArrays,FarmNotInitialized,PlantFailed,WorkFailed,HarvestFailed,InvalidBatchSize","__constructor,batch_plant,batch_work,batch_harvest,get_farm,max_batch_size",""
"f82af312de0de01dfc562c02a55942eaa7575c5ebcbbd7fe5512105c0c088f8d",1,0.0007,"27.0.1#19a2d480fffa003e739db7cbee0249111dbfd05c","1.97.1","","","MissingAdmin,MissingAccountWasmHash,MissingCertifier,MissingLbxSac,MissingFeeRecipients,MissingCertificationFee,InvalidWasmHash,InvalidFee,DuplicateFeeRecipient,AccountNotDeployed,SatelliteNotAllowed","upgrade,salt_for,certifier,account_for,__constructor,fee_recipients,deploy_identity,predict_identity,account_wasm_hash,certification_fee,satellite_allowed,set_account_wasm_hash,set_satellite_allowed","FactoryInitialized,IdentityAccountDeployed"
"f84321e8a35e598556761f331b22ec386f56338945152ec3f332d8b3ee9679f0",5,0.0034,"20.3.2#1d7f9bd8030f69070634bfb07394339824ceb399","1.76.0-nightly","","","NotInitialized,Initialized,Frozen,MinterFrozen,InvalidCollectionInfo,NotNFT,AlreadyMinted,NotAuthorized","initialize,transfer,mint,bulk_mint,burn,approve,revoke,approve_all,revoke_all,freeze_collection,update_token_url,update_collection_info,upgrade,extend_ttl_collection,extend_ttl_item,is_collection_frozen,get_collection_info,get_token_info,get_tokens,get_max_token_id,get_token_count,version",""
"f88a9f7bd280426943c82348a60f2a19cfcf302e49bbf0d627fe05b13ffb4185",1,0.0007,"22.0.11#34f7f53ae31e0fd02aab436a9872e79fa671ca02","1.94.1","","","CampaignNotFound,CouponNotFound,AlreadyRedeemed,CampaignExpired,SupplyExhausted,Unauthorized,InvalidCode,DuplicateCode","redeem,verify,is_valid,initialize,mint_batch,get_campaign,total_burned,total_minted,campaign_stats,create_campaign,total_campaigns",""
"f88af120cc08110e3e0e8b7d4dbc70a61833b39c482ce6445ef0bf166255849f",1,0.0007,"26.1.0#175aa41306f383057a8cdfc84b68d931664fc34e","1.93.0","","","NotInitialized,Unauthorized,NotOwner,AlreadyListed,NotListed,BelowFloorPrice,ListingExpired,SelfTrade,ProposalExpired,InvalidSignature,ProductionDomain,SlippageExceeded","buy,list,cancel,buy_nft,upgrade,list_nft,get_offer,set_admin,cancel_nft,extend_ttl,initialize,get_listing,total_volume,__constructor,set_xld_token,execute_intent,set_operator_wallet","NftSoldEvent,NftListedEvent,OfferMadeEvent,DomainSoldEvent,DomainListedEvent,NftCancelledEvent,PrivateTradeEvent,OfferAcceptedEvent,ListingCancelledEvent"
"f89eb3cca7365ba80ab88ff1a03fcd06b9ebf58d85f727ab60c9d7e79db59b07",1,0.0007,"22.0.11#34f7f53ae31e0fd02aab436a9872e79fa671ca02","1.96.0","","","AlreadyInitialized,NotInitialized,RecordAlreadyRegistered,RecordNotFound,AlreadyRevoked","get,revoke,register,initialize",""
"f8a5b1c4bb4f47ed2c302b6845514b5643f9eafc48ece6aa150d97047a385ee4",2,0.0014,"25.3.1#e50d95af029c83196dd122f0154bac3f1302394b","1.95.0","","","AlreadyInitialized,NotInitialized,InvalidAmount,InvalidSchedule,StreamAlreadyExists,StreamNotFound,InsufficientUnlockedBalance","init,config,balance,get_stream,create_stream,record_withdrawal",""
"f8a6ecbc63ba831b84935be731bbd635bcc1c9f5cb150a5c1033e142515125e5",0,0.0000,"21.5.0#d40bd031c14fbd3d75cf4473486ef7ef15af3364","1.80.0","","","CannotSwapReward,CannotQuoteDeposit,NotSupportedYet,NotGreaterThan0,TooMuchLostWithDeposit","upgrade,init,keeper,claim_fee,deposit,balance,withdraw",""
"f8bba407305dacfa3103255be26072297d04edb22b60a7274cb57740d7224212",1,0.0007,"23.2.1#ab415a33cc1f6bdce20ac4a12f0ddbe41a648949","1.92.0","","","ZeroAmount,EmptyInstructions,TotalFeeBpsTooHigh,BpsOverflow,InvalidArgRef,InvalidIntermediateFee","route,execute,bump_ttl","Swap"
"f8cfed711a546dc2c2fc3f5fffd221359bb7a8273b02349aa8492ff7bad933e5",1,0.0007,"26.0.0#e1bf74ba6c3ddb591593f5eb5dfb85458ff714c1","1.95.0","","","NotFound,NotActive,PeriodNotElapsed,MaxPeriodsReached,Expired,Unauthorized,InvalidConfig","get,pause,cancel,charge,create,resume,autocharge,mark_expired",""
"f8e49512fcda7c7e203109d569f7339fc7dbf9c2811a47be5f11e09d05630b09",2,0.0014,"25.1.1#94c2a3b3a5ded6b9cf9cef0c207bf8804f3eb294","1.93.1","","","InvalidFraction,InsufficientRepay","a,exec_op",""
"f8ea005fdb1267af0a50e6a87dd47e3267dd4bcb252ab0093c40f2681a15215a",1,0.0007,"25.3.1#e50d95af029c83196dd122f0154bac3f1302394b","1.94.1","","","NoBudgetSet,CapIsZero,DailyCapExceeded,InvalidAmount","set_cap,try_spend,get_budget",""
"f90fc838064695beefed9a4d4a2d45522c45e2b9136723048986bb48faf91bd5",0,0.0000,"21.7.7#5da789c50b18a4c2be53394138212fed56f0dfc4","1.91.1","","","NotInitialized,InvalidInput,InsufficientPendingAqua,NotFound,AlreadyExecuted,Unauthorized,PoolNotFound,PoolNotActive,MaxPoolsReached,PositionNotFound,InsufficientBalance,SlippageExceeded","upgrade,version,add_pool,set_admin,get_config,initialize,get_pool_info,vault_deposit,get_pool_count,vault_withdraw,get_aqua_balance,get_global_state,set_pending_aqua,set_vault_config,authorize_ice_lock,claim_and_compound,set_pool_lp_tokens,update_pool_status,get_all_ice_balances,setup_ice_trustlines,sync_all_ice_balances,get_upvote_ice_balance,get_user_vault_position,get_pending_aqua_for_ice,transfer_authorized_aqua,get_ice_lock_authorization",""
"f91e87156873f20bd14b47ae34e998670d398aceb87068fb5ad2585a3997ce5d",1,0.0007,"25.3.1#e50d95af029c83196dd122f0154bac3f1302394b","1.93.0","","","NotInitialized,AlreadyRegistered,DomainExpired,NotOwner,InvalidName,InvalidDuration,InsufficientPayment,DomainNotFound,Unauthorized,SubdomainLimitReached,ProductionLocked,GracePeriodActive,NotExpired,MarketplaceNotSet,BelowFloorPrice,TooManyRecords,NftNotFound,NotApproved,ApprovalExpired,RegistrationsPaused,NeedsUpgrade,BlacklistedName,ReservedName","name,renew,symbol,approve,balance,resolve,upgrade,owner_of,register,transfer,get_price,set_admin,token_uri,early_exit,extend_ttl,gift_renew,initialize,set_status,fix_pricing,get_xld_sac,set_records,set_xld_sac,get_approved,get_token_id,is_available,set_base_uri,set_reserved,total_minted,__constructor,expire_domain,set_subdomain,transfer_from,get_node_count,set_avatar_nft,upgrade_domain,approve_for_all,reverse_resolve,set_blacklisted,set_marketplace,set_ustry_token,get_pause_status,get_vault_shares,transfer_by_node,set_aquarius_pool,zap_public_deposit,get_operator_wallet,is_approved_for_all,register_with_ustry,set_aquarius_router,set_operator_wallet,get_early_exit_quote,marketplace_transfer,get_domain_attributes,set_pause_registrations,set_aquarius_pool_contract","NftMintEvent,EarlyExitEvent,NftApproveEvent,NftTransferEvent,DomainExpiredEvent,DomainRenewedEvent,RecordUpdatedEvent,RegistryPauseEvent,StatusChangedEvent,DomainRegisteredEvent,NftApproveForAllEvent,DomainTransferredEvent,MarketplaceTransferEvent"
"f92271f73b91633dc3da2d0becf53e86bd2e018fc51b341310b50fc808764915",1,0.0007,"22.0.11#34f7f53ae31e0fd02aab436a9872e79fa671ca02","1.96.1","","","NotAuthorized,InsufficientBalance,InsufficientAllowance,NegativeAmount","burn,mint,name,symbol,approve,balance,decimals,transfer,allowance,burn_from,set_admin,initialize,total_supply,transfer_from",""
"f9cee3ab0c46d5872b45b3e4e870b3e1396b82a40ffb3576f1dccb30bf43b57f",0,0.0000,"25.1.1#94c2a3b3a5ded6b9cf9cef0c207bf8804f3eb294","1.94.0","github:AquaToken/soroban-amm","","AnotherActionActive,NoActionActive,ActionNotReadyYet","version,init_admin,apply_upgrade,contract_name,get_liquidity,commit_upgrade,revert_upgrade,get_pools_plane,set_pools_plane,get_emergency_mode,get_future_address,set_emergency_mode,apply_transfer_ownership,commit_transfer_ownership,revert_transfer_ownership",""
"f9d4f0da9c7f8a7d1cfb739477201e9981c88405bb7281715132ee45f5361c8d",1,0.0007,"25.3.1#e50d95af029c83196dd122f0154bac3f1302394b","1.96.0","","","AlreadyInitialized,InsufficientBalance,AgentNotAuthorized,NotDeviceOwner,NothingToClaim,DuplicateAuth","claim,authorize,balance_of,initialize,fund_escrow,defund_escrow,pending_balance",""
"fa0fe8e94f45a4e708fd30e57583af3f6c768e25c99eba9f204a34c6d088e9a1",1,0.0007,"26.0.0#e1bf74ba6c3ddb591593f5eb5dfb85458ff714c1","1.95.0","","","TrustFailed,AuthorizationFailed","onboard",""
"fa2feaedc7622d45729e39e30a37946789934340a83bdd778981e7442194c06c",1,0.0007,"26.1.0#175aa41306f383057a8cdfc84b68d931664fc34e","1.92.0","","","NotYetExpired,NoQuorum,NotInitialized,InvalidConfig,OracleDisagreement,InvalidPythPayload","config,extend_ttl,__constructor,resolve_market,void_stale_market","Voided,Resolved"
"fa36076e2213145f9e0882ebf543bef9883e55405be5da7cd68e4af06317d120",1,0.0007,"23.2.1#ab415a33cc1f6bdce20ac4a12f0ddbe41a648949","1.92.0","","","ZeroAmount,EmptyInstructions,TotalFeeBpsTooHigh,BpsOverflow,InvalidArgRef,InvalidIntermediateFee","route,execute,bump_ttl","Swap"
"fa5931c6df700e43f5bcc367d1dc1e0cb8142911e22ff1064e0cd3c288f4bd7e",0,0.0000,"23.5.3#d3e1ab2424388b10893b796b0c8e405c5edd03d2","1.97.1","github:Dobprotocol/stellar-distribution-contracts","dobprotocol.com","NotInitialized,AlreadyInitialized,Unauthorized,CampaignNotActive,CampaignAlreadyFinalized,DeadlineNotReached,CampaignNotSucceeded,CampaignNotFailed,CampaignAlreadyActivated,InvalidSharesAmount,HardCapReached,NothingToRefund,InvalidPrice,InvalidCap,InvalidDeadline,Overflow,NoPendingActivation,ActivationTimelockPending,SplitterMismatch,InvalidSplitter,ActivationWindowExpired,ActivationWindowStillOpen,NoticePeriodOver,InvalidPayoutMode","init,refund,opt_out,upgrade,activate,finalize,contribute,get_config,get_status,get_splitter,get_contribution,get_total_raised,cancel_activation,expire_activation,propose_activation,get_pending_activation",""
"fa8a614e555c9f399d7ecebcb33ebdc2ea38a0b7028833d080c6f91d315b0301",1,0.0007,"26.1.0#175aa41306f383057a8cdfc84b68d931664fc34e","1.96.0","","","InvalidAmount,InvalidSplit,InsufficientSpend,InsufficientShares,SavingsLocked,LockNotExtended,EmptyWithdrawal,LockTooLong,SwitchTargetWithBalance,InvalidPath","pay,usdc,owner,pause,vault,paused,unpause,set_lock,set_split,account_of,blend_pool,__constructor,soroswap_pair,pay_with_token,withdraw_spend,set_yield_target,withdraw_savings","Paused,Unpaused"
"fab3e467fc6dbc4fa5cc2799a4acd1569024ce9aaf74f9aabc0f3433c317d7f1",0,0.0000,"21.6.0#f57d2454e520ae11dc9c8d55db610557a24a556e","1.80.0","","","AnotherActionActive,NoActionActive,ActionNotReadyYet","init_admin,set_pools_plane,get_pools_plane,get_liquidity,version,commit_upgrade,apply_upgrade,revert_upgrade,set_emergency_mode,get_emergency_mode,commit_transfer_ownership,apply_transfer_ownership,revert_transfer_ownership,get_future_address",""
"fae676d67ccf9a631f15b823ca78bab9c8060b4d6cf48cbaedee9a17b6011bf0",7,0.0048,"22.0.7#211569aa49c8d896877dfca1f2eb4fe9071121c8","1.88.0","JoseCToscano/passkey-kit","","NotFound,AlreadyExists,MissingContext,SignerExpired,FailedSignerLimits,FailedPolicySignerLimits,SignatureKeyValueMismatch,ClientDataJsonChallengeIncorrect,JsonParseError","__constructor,add_signer,update_signer,remove_signer,update_contract_code,__check_auth",""
"fb4f88ab8f745ff8db7fe65efc49ff2ce9a87c13dd66ee862ab4671c55af7d95",1,0.0007,"22.0.8#f46e9e0610213bbb72285566f9dd960ff96d03d8","1.89.0","","","AlreadyInitialized,AlreadyProcessed,InvalidRoyaltyBps,NotInitialized,MissingValue,NotApprover,AdminNotSet","init,receive_token_payment,add_approver,remove_approver,set_royalty_bps,set_royalty_recipient,royalty_bps,royalty_recipient,is_processed",""
"fb536966da5b8eff27d348fc8803d4942672c7aa01d2c1ec76540767afc49568",0,0.0000,"25.3.1#e50d95af029c83196dd122f0154bac3f1302394b","1.93.0","","","NotInitialized,AlreadyRegistered,DomainExpired,NotOwner,InvalidName,InvalidDuration,InsufficientPayment,DomainNotFound,Unauthorized,SubdomainLimitReached,ProductionLocked,GracePeriodActive,NotExpired,MarketplaceNotSet,BelowFloorPrice,TooManyRecords,NftNotFound,NotApproved,ApprovalExpired,RegistrationsPaused","name,renew,symbol,approve,balance,resolve,upgrade,owner_of,register,transfer,get_price,set_admin,token_uri,early_exit,extend_ttl,gift_renew,initialize,set_status,fix_pricing,set_records,get_approved,get_token_id,is_available,nft_transfer,set_base_uri,total_minted,expire_domain,set_subdomain,transfer_from,get_node_count,approve_for_all,reverse_resolve,set_marketplace,set_ustry_token,get_pause_status,get_vault_shares,is_approved_for_all,set_aquarius_router,marketplace_transfer,get_domain_attributes,set_pause_registrations","NftMintEvent,EarlyExitEvent,NftApproveEvent,NftTransferEvent,DomainExpiredEvent,DomainRenewedEvent,RecordUpdatedEvent,RegistryPauseEvent,StatusChangedEvent,DomainRegisteredEvent,NftApproveForAllEvent,DomainTransferredEvent,MarketplaceTransferEvent"
"fb5eaa7baa29810c21731200d501e22a6f308d413214f4e131860d0ca290946f",1,0.0007,"23.5.3#d3e1ab2424388b10893b796b0c8e405c5edd03d2","1.91.1","","","TaskNotFound,TaskAlreadyExists,InvalidTaskStatus,ContractNotInitialized,AlreadyInitialized,Unauthorized,NotTaskCreator,NotTaskContributor,NotAdmin,OnlyCreatorOrContributor,ContributorAlreadyAssigned,NoContributorAssigned,InsufficientBalance,TaskNotCompleted,TaskNotDisputed,TaskAlreadyResolved,CannotRefundWithContributor,TokenTransferFailed,InvalidTokenAmount,TokenContractNotSet,InvalidTaskId,InvalidAddress,InvalidAmount,InvalidDisputeReason,EmptyTaskId,TaskIdTooShort,TaskIdTooLong,InvalidTaskIdCharacters,AmountTooSmall,DisputeReasonTooShort,InvalidIssueUrl,ContractPaused","refund,release,upgrade,version,get_admin,set_admin,get_escrow,set_paused,admin_refund,admin_settle,dispute_task,__constructor,admin_release,create_escrow,get_usdc_token,decrease_bounty,increase_bounty,resolve_dispute,get_dispute_info,get_usdc_balance,update_usdc_token,approve_completion,assign_contributor,get_usdc_token_info,get_contract_usdc_balance,has_sufficient_usdc_balance,validate_usdc_token_contract","EscrowCreatedEvent,FundsReleasedEvent,BountyDecreasedEvent,BountyIncreasedEvent,DisputeResolvedEvent,RefundProcessedEvent,ContractUpgradedEvent,DisputeInitiatedEvent,ContributorAssignedEvent"
"fb824a851aaf30d482c4daa15860e2267e845f18a82f7eca0e159bf62df4fd03",1,0.0007,"20.4.0#70b12eb8c6af0593888154700f0ef68897521708","1.75.0","","","Unimplemented,Initialized,Uninitialized,Unauthorized,InvalidArg,InvalidChainId,InvalidOtherChainId,GasUsageNotSet,BrokenAddress,NotFound,TokenInsufficientBalance,CastFailed,ZeroAmount,PoolOverflow,ZeroChanges,ReservesExhausted,InsufficientReceivedAmount,BalanceRatioExceeded,Forbidden,UnauthorizedStopAuthority,SwapProhibited,AmountTooLowForFee,BridgeToTheZeroAddress,EmptyRecipient,SourceNotRegistered,WrongDestinationChain,UnknownAnotherChain,TokensAlreadySent,MessageProcessed,NotEnoughFee,NoMessage,NoReceivePool,NoPool,UnknownAnotherToken,WrongByteLength,HasMessage,InvalidPrimarySignature,InvalidSecondarySignature,NoGasDataForChain","initialize,swap_and_bridge,receive_tokens,swap,stop_swap,start_swap,set_gas_oracle,set_stop_authority,set_rebalancer,set_messenger,set_gas_usage,register_bridge,add_bridge_token,remove_bridge_token,add_pool,withdraw_gas_tokens,withdraw_bridging_fee_in_tokens,has_processed_message,has_received_message,get_pool_address,get_config,get_stop_authority,get_transaction_cost,get_gas_usage,get_admin,get_gas_oracle,get_another_bridge,set_admin,upgrade",""
"fbae2cb921c3fec3fc28aff850e89b26356ef3741837d8df09cce30369c4e8b8",1,0.0007,"23.0.1#510d3feb724c2b01d7e7ab7652f03b9f8efc3f35","1.93.0-nightly","","","NotInitialized,AlreadyInitialized,OnlyManager,AmountZero,AssetNotWhitelisted,SharesZero,InsufficientUserShares,InsufficientShares,RouterNotSet,InvalidFeeBps,UnauthorizedPolicy,InsufficientLiquidity,InvalidBlendPosition,BlendAssetMismatch,InvalidBlendRiskPolicy,BlendOracleStale,BlendHealthFactorTooLow,BlendNavUnavailable,BlendOracleInvalid,CreditMarketNotConfigured,CreditActionNotAllowed,InvalidProtocolFeeBps,InvalidSwapRiskPolicy,SwapVenueNotAllowed,SwapTradeSizeExceeded,SwapOracleNotConfigured,SwapOracleStale,SwapOracleInvalid,SwapPriceImpactExceeded,SwapSlippageExceeded,SwapTwapDeviationExceeded,InvalidBootstrapAdmin","nav,fees,init,redeem,router,deposit,manager,upgrade,governor,set_fees,fee_state,rebalance,shares_of,whitelist,blend_lend,set_router,blend_repay,settle_fees,set_manager,share_token,swap_oracle,blend_borrow,credit_repay,denomination,set_governor,blend_markets,credit_borrow,credit_supply,set_whitelist,blend_position,blend_withdraw,credit_markets,last_wasm_hash,liquid_balance,venue_registry,allowed_routers,blend_positions,bootstrap_admin,credit_position,credit_withdraw,set_share_token,set_swap_oracle,allowed_adapters,credit_positions,credit_protocols,swap_risk_policy,blend_risk_policy,protocol_treasury,blend_market_value,credit_risk_policy,set_allowed_venues,set_venue_registry,blend_health_factor,blend_market_assets,blend_market_status,credit_market_value,protocol_fee_policy,set_bootstrap_admin,blend_position_value,clear_venue_registry,credit_health_factor,credit_market_assets,credit_market_config,credit_market_status,set_swap_risk_policy,blend_position_values,clear_bootstrap_admin,credit_market_configs,credit_position_value,set_blend_risk_policy,bootstrap_admin_active,credit_position_values,preview_fee_settlement,configure_credit_market,set_protocol_fee_policy,blend_external_diagnostics,bootstrap_admin_expires_at,set_bootstrap_admin_expiry,set_blend_external_diagnostics",""
"fc1d4c5c7f447d0f561a7eec7b3240c329e0db18b092c41017cc21b5a54d178f",0,0.0000,"22.0.6#0c47dcfa187069d241f11fb082730f667b55e802","1.87.0","AquaToken/soroban-amm","","AnotherActionActive,NoActionActive,ActionNotReadyYet","pool_type,get_info,get_pool,share_id,get_total_shares,get_reserves,deposit,swap,estimate_swap,withdraw,get_liquidity,get_liquidity_calculator,set_liquidity_calculator,version,contract_name,commit_upgrade,apply_upgrade,revert_upgrade,set_emergency_mode,get_emergency_mode,init_admin,set_privileged_addrs,get_privileged_addrs,set_token_hash,set_pool_hash,set_stableswap_pool_hash,set_rewards_gauge_hash,configure_init_pool_payment,get_init_pool_payment_token,get_init_pool_payment_address,get_stable_pool_payment_amount,get_standard_pool_payment_amount,set_reward_token,set_reward_boost_config,set_protocol_fee_fraction,get_rewards_config,get_tokens_for_reward,get_total_liquidity,config_global_rewards,fill_liquidity,config_pool_rewards,get_rewards_info,get_user_reward,get_total_accumulated_reward,get_total_configured_reward,get_total_claimed_reward,get_total_outstanding_reward,distribute_outstanding_reward,claim,init_standard_pool,init_stableswap_pool,get_pools,remove_pool,get_tokens_sets_count,get_tokens,get_pools_for_tokens_range,get_protocol_fee_fraction,pool_gauge_set_reward_thresholds,pool_gauge_switch_token,pool_gauge_token_enabled,pool_gauge_schedule_reward,set_pools_plane,get_plane,swap_chained,swap_chained_strict_receive,commit_transfer_ownership,apply_transfer_ownership,revert_transfer_ownership,get_future_address,init_config_storage",""
"fc9b0df087ddc0c8f0cf38ae0d59bf275390b6be8e9de9ea4ec3de7bc43b55f3",3,0.0020,"23.0.2#a97daf8b07cdf24e9bd45e344db51a21b9ea77d3","1.89.0","","","Unauthorized,InvalidTickRange,InvalidLiquidity,InvalidAmount,InvalidSqrtPrice,InvalidFee,InvalidTickSpacing,TickOutOfBounds,PriceOutOfBounds,LiquidityOverflow,LiquidityUnderflow,DivisionByZero,MulDivOverflow,U128Overflow,I128Overflow,U64Overflow,U32Overflow,PoolNotInitialized,PoolAlreadyInitialized,PositionNotFound,InsufficientLiquidity,TickNotInitialized,TickNotSpacedCorrectly,OracleNotInitialized,InvalidObservation,ObservationTooOld,NotInitialized,AlreadyInitialized,TickLowerNotLessThanUpper,TickLowerTooLow,TickUpperTooHigh,InvalidPriceLimit,AmountShouldBeGreaterThanZero,NegativeAmount,InsufficientToken0,InsufficientToken1,InvalidFeeProtocol,ZeroPriceNotAllowed,ZeroLiquidityNotAllowed,OverflowInSqrtPriceCalculation,UnderflowInSqrtPriceCalculation,InsufficientRepayment0,InsufficientRepayment1,MustUseFlashExecutor,FlashNotLocked,IdenticalTokens,PoolAlreadyExists,FeeAmountAlreadyEnabled,InvalidFeeAmount","__constructor,set_owner,get_owner,get_flash_executor,set_protocol_fee,get_protocol_fee_0,get_protocol_fee_1,create_pool,create_and_initialize_pool,get_pool,set_default_router,clear_default_router,set_pool_router_authorized,e_fee_amt","FeeAmountEnabledEvent,PoolCreatedEvent,SetProtocolFeeEvent"
"fcb0f7134e734386477b07f7d05bad3e2b5ba728b4ccf82e7d35115fd95bbc01",0,0.0000,"21.7.7#5da789c50b18a4c2be53394138212fed56f0dfc4","1.91.1","","","NotInitialized,InvalidInput,InsufficientPendingAqua,NotFound,AlreadyExecuted,Unauthorized,PoolNotFound,PoolNotActive,MaxPoolsReached,PositionNotFound,InsufficientBalance,SlippageExceeded","upgrade,version,add_pool,set_admin,get_config,initialize,get_pool_info,vault_deposit,get_pool_count,vault_withdraw,get_aqua_balance,get_global_state,set_pending_aqua,set_vault_config,authorize_ice_lock,claim_and_compound,set_pool_lp_tokens,update_pool_status,get_all_ice_balances,setup_ice_trustlines,sync_all_ice_balances,get_upvote_ice_balance,get_user_vault_position,get_pending_aqua_for_ice,transfer_authorized_aqua,get_ice_lock_authorization",""
"fcd1685d0e8b7eb82758b84430fdb1755c90816694f42d1757a0d7b5b1f0bbb3",0,0.0000,"20.5.0#9e2c3022b4355b224a7a814e13ba51761eeb14bb","1.80.0","","","InvalidToken,NotAuthorizedMethod,StakingNotAllowed,WithdrawNotAllowed,StakingAmountExceeded,NotEnoughStaked,NotEnoughBalance,StakingTimeClosed,BuildingProject,ThresholdNotReached,NotReachedTargetDate,InvalidUser,DateOlderThanLedger,NoReclaimableProjectToken","initialize,deposit,withdraw_reward,claim_project_token_reward,stake_token,retrieve_staked_tokens,update_close_date,get_progress",""
"fd11bdee498f10d46d90a1b0391cd4bf5b4222894b057326c6d4ae4186e8c9fa",1,0.0007,"25.3.1#e50d95af029c83196dd122f0154bac3f1302394b","1.94.1","","","NotInitialized,AlreadyInitialized,DuplicateId,InvalidTipo,RecordNotFound","get,owner,register,initialize",""
"fd467fae9029ada13c4d3c1fd55117494c19c4a119917ce8f06ecc176228acdd",4,0.0027,"21.7.7#5da789c50b18a4c2be53394138212fed56f0dfc4","1.81.0","","","InvalidMerchant,InvalidAmount,PaymentAlreadyCompleted,InsufficientBalance,Unauthorized,InvalidFeeRate,TransferFailed","initialize,split_payment,split_payment_fixed,get_payment,get_payment_count,update_fee_wallet,update_platform_fee_rate,get_fee_wallet,get_platform_fee_rate,get_token_address",""
"fdb6971a3197ba1d67567dcd7e2da1934c946096197481028e4495ea1b1eb81b",0,0.0000,"25.3.1#e50d95af029c83196dd122f0154bac3f1302394b","1.93.0","","","NotInitialized,AlreadyRegistered,DomainExpired,NotOwner,InvalidName,InvalidDuration,InsufficientPayment,DomainNotFound,Unauthorized,SubdomainLimitReached,ProductionLocked,GracePeriodActive,NotExpired,MarketplaceNotSet,BelowFloorPrice,TooManyRecords,NftNotFound,NotApproved,ApprovalExpired,RegistrationsPaused,NeedsUpgrade,BlacklistedName,ReservedName","name,renew,symbol,approve,balance,resolve,upgrade,owner_of,register,transfer,get_price,set_admin,token_uri,early_exit,extend_ttl,gift_renew,initialize,set_status,fix_pricing,get_xld_sac,set_records,set_xld_sac,get_approved,get_token_id,is_available,set_base_uri,set_reserved,total_minted,__constructor,admin_reclaim,expire_domain,set_subdomain,transfer_from,get_node_count,set_avatar_nft,upgrade_domain,approve_for_all,reverse_resolve,set_blacklisted,set_marketplace,set_ustry_token,get_pause_status,get_vault_shares,transfer_by_node,get_domain_status,set_aquarius_pool,zap_public_deposit,get_operator_wallet,is_approved_for_all,register_with_ustry,set_aquarius_router,set_operator_wallet,get_early_exit_quote,marketplace_transfer,get_domain_attributes,set_pause_registrations,set_aquarius_pool_contract","NftMintEvent,EarlyExitEvent,NftApproveEvent,NftTransferEvent,DomainExpiredEvent,DomainRenewedEvent,RecordUpdatedEvent,RegistryPauseEvent,StatusChangedEvent,DomainRegisteredEvent,NftApproveForAllEvent,DomainTransferredEvent,MarketplaceTransferEvent"
"fdb6c3cbd12037e3bdd14701f4a6f74cc4d5d184860a05b7a35973b4cdd517e2",1,0.0007,"27.0.0#e5cb4b52c3da8e56fc48adfd7b85d85976c1a059","1.97.0","","","NotInitialized,AlreadyInitialized,PaymentFailed,DailyLimitExceeded,TooEarlyToRenew","subscribe,__constructor,get_user_tier,check_nft_access,record_transaction,cancel_subscription,get_remaining_transactions",""
"fdefad64b96837147e1c333e51f537b696eab925e9f147e63d597c04e3c903f0",0,0.0000,"27.0.0#e5cb4b52c3da8e56fc48adfd7b85d85976c1a059","1.94.0","","","SignerNotFound,SignerAlreadyExists,SignerExpired,LastAdminSigner,LastSigner,MissingContext,SignatureKeyValueMismatch,ClientDataJsonTooLarge,ClientDataJsonParseError,ClientDataJsonChallengeIncorrect,InvalidWebAuthnType,InvalidAuthenticatorData,UserPresenceRequired,AuthenticatorDataTooLarge","upgrade,add_signer,get_signer,__check_auth,__constructor,remove_signer,update_signer","Upgraded,SignerAdded,SignerRemoved,SignerUpdated"
"fe16484087d72e2e4b471cb099792ad06b1a1987624bc2d22d942d660a8e81a2",0,0.0000,"21.7.6#c6cca8f8cf75618c24ceb5d9ffdfe735486ae1e9","1.76.0-nightly","","","NotInitialized,Initialized,TokenLockNotExist,TokenLockKeyExist,TokenLockInProgress,TokenVestingNotExist,TokenVestingKeyExist,SPInvalidShareAmount,SPInsufficientBalance,SPInvalidLockPeriod,StakingCampaignInvalid,StakingCampaignNotExist,StakingCampaignKeyExist,StakingCampaignMaxTiersLimit,StakingCampaignPaidTierRequired,StakingCampaignInvalidTier,StakingCampaignInvalidUpdateInterval,StakingCampaignNotStarted,StakingCampaignEnded,StakingCampaignActive,StakingCampaignInvalidReferralData,StakingDataInvalid,StakingDataNotExist,StakingDataExist,StakingDataMaxTierUnlockLimit,StakingDataMaxPriceLimit,StakingDataMinStakeLimit,StakingDataInvalidUnstakeAmount,AirdropCampaignInvalid,AirdropCampaignNotExist,AirdropCampaignKeyExist,AirdropCampaignNotStarted,AirdropCampaignEnded,AirdropCampaignActive","initialize,upgrade,version,get_user,unlock_tokens,claim_vested,sp_stake,sp_unstake,sp_lock_shares,staking_new_campaign,staking_change_tier_price,staking_unlock_tier,staking_extend_tier,staking_stake,staking_unstake,staking_claim,staking_claim_remaining_rewards,staking_get_campaign,airdrop_new_campaign,airdrop_participate,airdrop_claim,airdrop_get_campaign",""
"fe76525437b6dd9c484ae22f51626c596bd1a3138c4494f091480c9e1586b8a8",1,0.0007,"23.1.0#7456be9d91fe1f4cb070fc2732bac78244ce6c3f","1.91.1","","","InsufficientFactionPoints,InvalidAmount,InvalidFaction,FactionAlreadyLocked,PlayerNotFound,FactionNotSelected,GameNotWhitelisted,SessionNotFound,SessionAlreadyExists,InvalidSessionState,InvalidGameOutcome,GameExpired,EpochNotFinalized,EpochAlreadyFinalized,EpochNotReady,NoRewardsAvailable,RewardAlreadyClaimed,NotWinningFaction,DepositRequiredToClaim,SwapError,OverflowError,DivisionByZero,ContractPaused,GameNotRegistered,GameNoContributions,DevRewardAlreadyClaimed,NotGameDeveloper","pause,is_game,unpause,upgrade,add_game,end_game,get_admin,get_epoch,is_paused,set_admin,get_config,get_player,start_game,cycle_epoch,remove_game,__check_auth,__constructor,update_config,select_faction,claim_dev_reward,get_epoch_player,get_current_epoch,claim_epoch_reward","GameAdded,GameEnded,EpochCycled,GameRemoved,GameStarted,AdminChanged,ConfigUpdated,ContractPaused,RewardsClaimed,FactionSelected,ContractUnpaused,DevRewardClaimed,TimeMultiplierReset"
"fe8291020e7e519e36399f9e6c30bf37c4af3dbc8a62b24a92b449b6191dcb44",1,0.0007,"27.0.2#45d378a6cb4a026d23fc7286b6ee3add9c9dd0b9","1.97.1","","","AlreadyInitialized,NotInitialized,InvoiceExists,InvoiceNotFound,InvalidParty,InvalidAmount,InvalidDueLedger,InvalidStatus","pay,admin,cancel,refund,initialize,get_invoice,mark_settled,create_invoice,native_xlm_sac","Initialized,InvoicePaid,InvoiceCreated,InvoiceSettled,InvoiceRefunded,InvoiceCancelled"
"fe9b9d1da2b325169fc6bcf9d0591984c86b87b2ab9339475aa91ea20899151e",1,0.0007,"23.0.2#a97daf8b07cdf24e9bd45e344db51a21b9ea77d3","1.88.0","","","HexLengthInsufficient,MulDivFailed,InvalidPriceRange,U256ToU128ConversionFailed,TransactionTooOld,AlreadyInitialized,FactoryNotInitialized,XlmAddressNotInitialized,TokenDoesNotExist,NotTokenOwner,Unauthorized,InsufficientBalance,InvalidTickRange,TickNotAligned,TickOutOfBounds,PoolNotFound,MathOverflow,PriceSlippageCheck,NothingToCollect,TokensNotOrdered,LiquidityCalculationFailed,PoolKeyMissing,TokenDescriptorNotSet,NoApprovedAddress,PositionNotCleared","__constructor,get_factory,get_pools_data,get_pools_by_pairs,get_pool_data,get_pools_data_with_bal,get_pool_data_with_bal,init,quote_exact_input_single,quote_exact_input,quote_exact_output_single,quote_exact_output,init_v2,quote_exact_input_v2,quote_exact_output_v2,quote_exact_input_single_v2,quote_exact_output_single_v2,get_populated_ticks_in_word,get_populated_ticks_in_range",""
"feee457c765f3523b252fc90254f746b6c1cf491f659f577163e11527f200354",0,0.0000,"25.0.2#59a2e01a26f9330f8d516690911cb2ca87a6f1b3","1.93.0","","","GameNotFound,NotPlayer,AlreadyMoved,BothPlayersNotMoved,GameAlreadyEnded","get_hub,set_hub,upgrade,get_game,get_admin,set_admin,start_game,submit_move,__constructor,reveal_winner",""
"ffd2249433d021c6a215e08d21b834ee985e92b8e6dccb816849033fa4523ab9",0,0.0000,"20.5.0#9e2c3022b4355b224a7a814e13ba51761eeb14bb","1.76.0","","","NotFound,NotEmpty,NotAuthorized,NotPermitted,MissingWidth,MissingId,MissingAddress,MissingBuy,NotInitialized","initialize,update,upgrade,colors_mine,colors_transfer,color_balance,glyph_mint,glyph_transfer,glyph_scrape,glyph_get,offer_post,offer_delete,offers_get",""
"ffefe2374b3552b58991c1483d030063bc3fb92410dae2719c3ed8749cb22da7",1,0.0007,"26.1.1#8ac18efb681a1c0b4b85a38c5a380300344e3f39","1.93.0","","","NotInitialized,Unauthorized,AuctionNotFound,AuctionEnded,AuctionActive,CommitmentExists,InvalidReveal,BelowReserve,NotCommitted,AlreadyRevealed,RevealPeriodActive,NoWinner,ZeroAmount","settle,upgrade,set_admin,commit_bid,extend_ttl,initialize,reveal_bid,get_auction,__constructor,set_xld_token,create_auction,get_commitment,set_vault_contract,settle_from_router,set_operator_wallet","BidRevealedEvent,BidCommittedEvent,AuctionCreatedEvent,AuctionSettledEvent"
