wasm_hash,events,functions
00b1b70550f887bd87835270ddee76307ced7a00aa6ad354ed744bc0544a03ac,"MintAndForward,AttesterEnabled,AttesterDisabled,AttesterManagerUpdated,SignatureThresholdUpdated,Denylisted,UnDenylisted,DenylisterChanged,FeeRecipientSet,TokenPairLinked,TokenPairUnlinked,SetTokenController,SwapMinterConfigSet,SetBurnLimitPerMessage,SwapMinterConfigRemoved,TokenDecimalConfigAdded,MinFeeSet,MinFeeControllerSet,RemoteTokenMessengerAdded,RemoteTokenMessengerRemoved,AdminChanged,AdminChangeStarted,PauserChanged,RescuerChanged,SetRoot,SetClaimed,Paused,Unpaused,RoleGranted,RoleRevoked,AdminRenounced,RoleAdminChanged,AdminTransferCompleted,AdminTransferInitiated,OwnershipTransfer,OwnershipRenounced,OwnershipTransferCompleted","pause,paused,unpause,upgrade,get_admin,get_owner,get_pauser,get_rescuer,accept_admin,rescue_sep41,__constructor,update_pauser,transfer_admin,update_rescuer,accept_ownership,mint_and_forward,get_pending_admin,get_pending_owner,transfer_ownership,get_message_transmitter,get_token_messenger_minter,get_expected_message_version,get_expected_burn_msg_version"
03a8630ff42439b7484d7cf4971e3311504a79a98db9b88c81ab0efe748f8fe3,"FlashLoanEvent,LiquidationEvent,ClaimRevenueEvent,CleanBadDebtEvent,FlashPositionEvent,BlendMigrationEvent,AccountDelegateEvent,UpdatePositionBatchEvent,InitialMultiplyPaymentEvent,CreateHubEvent,UpdateSpokeEvent,ApproveBlendPoolEvent,RemoveSpokeAssetEvent,UpdateSpokeAssetEvent,UpdateAccumulatorEvent,UpdatePositionLimitsEvent,UpdateSwapAggregatorEvent,UpdatePriceAggregatorEvent,UpdateMinBorrowCollateralEvent,CreateMarketEvent,UpdateMarketParamsEvent,OwnershipTransfer,OwnershipTransferCompleted,Paused,Unpaused","pause,repay,borrow,supply,migrate,unpause,upgrade,multiply,withdraw,add_spoke,get_spoke,liquidate,swap_debt,create_hub,flash_loan,deploy_pool,add_delegate,recapitalize,remove_spoke,upgrade_pool,__constructor,claim_revenue,renew_account,account_exists,clean_bad_debt,flash_position,update_indexes,get_app_version,get_spoke_asset,get_spoke_usage,is_liquidatable,remove_delegate,set_accumulator,swap_collateral,accept_ownership,get_market_index,get_pool_address,price_aggregator,get_borrow_amount,get_health_factor,revoke_blend_pool,add_asset_to_spoke,approve_blend_pool,migrate_from_blend,transfer_ownership,deploy_position_nft,edit_asset_in_spoke,set_position_limits,set_swap_aggregator,get_total_borrow_usd,set_position_manager,set_price_aggregator,upgrade_position_nft,create_liquidity_pool,get_account_positions,get_collateral_amount,set_spoke_asset_flags,get_account_attributes,get_ltv_collateral_usd,is_blend_pool_approved,remove_asset_from_spoke,force_socialize_bad_debt,get_liquidation_estimate,get_total_collateral_usd,update_account_threshold,get_liquidation_collateral,repay_debt_with_collateral,get_market_indexes_detailed,set_spoke_liquidation_curve,get_min_borrow_collateral_usd,set_min_borrow_collateral_usd,upgrade_liquidity_pool_params"
03cd10f1c31084ad920dd34ca9d8002a20cd6b87a0e88cd146360d6e99acbabe,"GovPaused,GovUnpaused,TreasurySent,GovOpsUpdated,BurnedFromPool,GovInitialized,HotWalletAdded,BurnCapsUpdated,GovAdminUpdated,HotWalletRemoved,SacAdminProposed,GovTreasuryUpdated,GovUpgradeCanceled,GovUpgradeExecuted,GovUpgradeProposed,GovTreasuryProposed,SacAdminHandoffCanceled,SacAdminHandoffExecuted,TreasurySendCapsUpdated,SacAdminProposalReplaced,GovUpgradeProposalReplaced,GovTreasuryProposalReplaced,GovTreasuryRotationCanceled","pause,set_ops,unpause,set_admin,__constructor,set_burn_caps,treasury_send,add_hot_wallet,burn_from_pool,cancel_upgrade,execute_upgrade,propose_upgrade,propose_treasury,propose_sac_admin,remove_hot_wallet,set_treasury_send_caps,cancel_sac_admin_handoff,cancel_treasury_rotation,execute_sac_admin_handoff,execute_treasury_rotation"
0405b19fad70b482c88a4bb8ae75b2527c68e926f7797128bfa203d20bb94432,"","upgrade,__constructor,mint_from,mint,total_supply,balance,allowance,transfer,transfer_from,approve,decimals,name,symbol,burn,burn_from,has_role,get_role_member_count,get_role_member,get_role_admin,get_admin,grant_role,revoke_role,renounce_role,renounce_admin,transfer_admin_role,accept_admin_transfer,set_role_admin,get_underlying_for_amount,get_amount_for_underlying,deposit,withdraw,set_axelar_config,token_id,get_axelar_its,get_axelar_chain,get_axelar_gas_token,interchain_transfer,get_merkle_epoch,get_banned_amount,set_new_epoch,get_merkle_root,is_claimed,amt_to_claim,sync_balances"
05a9f707ecc83974311323eda9b33072b40c9ad358575061589a05a493554cbb,"UserCreated,Initialized,ChunkCreated,PixelClaimed","get_chunk,claim_pixel,create_chunk,__constructor"
0646be6763a7c3d63e94da44d884ae82f47bc1160cbfce11b3f0ffa971e562e3,"RoleGranted,RoleRevoked,AdminRenounced,RoleAdminChanged,AdminTransferCompleted,AdminTransferInitiated,Paused,Unpaused,Burn,Mint,Approve,Transfer,MuxedTransfer,UserAllowed,UserDisallowed","burn,mint,name,pause,paused,symbol,allowed,approve,balance,unpause,upgrade,decimals,has_role,transfer,allowance,burn_from,get_admin,allow_user,grant_role,revoke_role,total_supply,__constructor,disallow_user,renounce_role,transfer_from,get_role_admin,renounce_admin,set_role_admin,get_role_member,get_existing_roles,transfer_admin_role,accept_admin_transfer,get_role_member_count"
07d2be4bff8337a9c2b7996977d11442b7e4e2d90bb09c91de1c192b595da176,"SetRoot,SetClaimed,Paused,Unpaused","burn,name,symbol,approve,balance,upgrade,decimals,has_role,transfer,allowance,burn_from,get_admin,mint_from,grant_role,revoke_role,total_supply,__constructor,renounce_role,transfer_from,get_role_admin,renounce_admin,set_role_admin,get_role_member,get_existing_roles,transfer_admin_role,accept_admin_transfer,get_role_member_count"
080cf2f904fef8ba0939df6b54d1e4b121b5b22e6616c2bfa4fed9fc343f100a,"RoleGranted,RoleRevoked,AdminRenounced,RoleAdminChanged,AdminTransferCompleted,AdminTransferInitiated,Paused,Unpaused,Mint,Approve,Transfer,ApproveForAll,Burn,SetTokenRoyalty,SetDefaultRoyalty,RemoveTokenRoyalty","burn,mint,name,pause,paused,symbol,approve,balance,unpause,upgrade,has_role,owner_of,transfer,burn_from,get_admin,token_uri,grant_role,revoke_role,get_approved,get_token_id,royalty_info,total_supply,__constructor,renounce_role,transfer_from,get_role_admin,renounce_admin,set_role_admin,approve_for_all,get_role_member,set_token_royalty,get_existing_roles,get_owner_token_id,is_approved_for_all,set_default_royalty,transfer_admin_role,remove_token_royalty,accept_admin_transfer,get_role_member_count"
082178f13c7a74a62bacbdbfbe4436cea2660761a96df547e17cf1618ca94bd3,"","__constructor,mint,update_metadata,metadata,total_supply,balance,allowance,transfer,transfer_from,approve,decimals,name,symbol,burn,burn_from,get_owner,transfer_ownership,accept_ownership,renounce_ownership"
089b082618c3b6cb734a6cf25d0864bdb7a6a56d18ac2913e380b6666b9e8737,"Burn,ClaimTopicAdded,ClaimTopicRemoved,TrustedIssuerAdded,IssuerTopicsUpdated,TrustedIssuerRemoved,UserAllowed,UserDisallowed,ModuleAdded,ModuleRemoved,KeyAllowed,KeyRemoved,ClaimRevoked,SignaturesInvalidated,UserBlocked,UserUnblocked,Burn,Mint,TokensFrozen,AddressFrozen,ComplianceSet,TokensUnfrozen,RecoverySuccess,IdentityVerifierSet,TokenOnchainIdUpdated,ClaimTopicsAndIssuersSet,Deposit,Withdraw,Mint,Approve,Transfer,DocumentRemoved,DocumentUpdated,TokenBound,TokenUnbound,Burn,ConsecutiveMint,Mint,Approve,Transfer,ApproveForAll,ClaimAdded,ClaimChanged,ClaimRemoved,IdentityStored,CountryDataAdded,IdentityModified,IdentityUnstored,IdentityRecovered,CountryDataRemoved,CountryDataModified,SetTokenRoyalty,SetDefaultRoyalty,RemoveTokenRoyalty,SetRoot,SetClaimed,Paused,Unpaused,RoleGranted,RoleRevoked,AdminRenounced,RoleAdminChanged,AdminTransferCompleted,AdminTransferInitiated,OwnershipTransfer,OwnershipRenounced,OwnershipTransferCompleted","burn,name,pause,paused,symbol,approve,balance,blocked,unpause,upgrade,decimals,has_role,transfer,allowance,burn_from,get_admin,mint_from,block_user,force_burn,grant_role,revoke_role,total_supply,unblock_user,__constructor,renounce_role,transfer_from,get_role_admin,renounce_admin,set_role_admin,get_role_member,get_existing_roles,transfer_admin_role,accept_admin_transfer,get_role_member_count"
0915e04080abb775e973b1f5e1d3d76030234fb196758d88524a640ca6a604a1,"Burn,Mint,Approve,Transfer,ApproveForAll","burn,mint,name,pause,symbol,approve,balance,unpause,upgrade,version,has_role,owner_of,transfer,is_paused,token_uri,enable_nft,grant_role,disable_nft,revoke_role,get_approved,get_nft_data,set_base_uri,__constructor,get_token_url,renounce_role,transfer_from,get_role_admin,approve_for_all,get_nft_counter,update_role_admin,is_approved_for_all"
09f1a7ff26564a22b10fc9a105e9e47d1218697c49aab13b041e4216e402bdda,"RoleGranted,RoleRevoked,AdminRenounced,RoleAdminChanged,AdminTransferCompleted,AdminTransferInitiated,Burn,Mint,Approve,Transfer,MuxedTransfer","burn,name,symbol,approve,balance,execute,gateway,upgrade,decimals,has_role,set_name,token_id,transfer,allowance,burn_from,get_admin,mint_from,grant_role,max_apy_bps,revoke_role,burn_rebased,total_supply,__constructor,renounce_role,transfer_from,get_axelar_its,get_role_admin,renounce_admin,set_role_admin,shares_balance,base_to_rebased,get_role_member,get_vault_ratio,rebased_to_base,seconds_per_year,seed_vault_ratio,set_axelar_config,get_axelar_gateway,get_existing_roles,transfer_admin_role,base_to_rebased_ceil,get_axelar_gas_token,last_ratio_update_ts,accept_admin_transfer,get_role_member_count,get_trusted_source_chain,interchain_token_service,execute_with_interchain_token"
0ba7ff671737db8fd43219ac3957ca54f3e343bc346dc709964a0978802300ff,"Initialized,SacAdminSet,MintInterest,MintWithReceipt,BurnWithRedemption,RoleGranted,RoleRevoked,AdminRenounced,RoleAdminChanged,AdminTransferCompleted,AdminTransferInitiated,OwnershipTransfer,OwnershipRenounced,OwnershipTransferCompleted","get_sac,upgrade,version,__constructor,mint_interest,set_sac_admin,mint_with_receipt,burn_with_redemption"
0beca59283cb31f69d9437712b3f8fdd63f5f4a14421aa9704ff118c276cdddb,"RoleGranted,RoleRevoked,AdminRenounced,RoleAdminChanged,AdminTransferCompleted,AdminTransferInitiated,Paused,Unpaused,Burn,Mint,Approve,Transfer,MuxedTransfer,UserBlocked,UserUnblocked","burn,mint,name,pause,paused,symbol,approve,balance,blocked,unpause,upgrade,decimals,has_role,transfer,allowance,burn_from,get_admin,block_user,grant_role,revoke_role,total_supply,unblock_user,__constructor,renounce_role,transfer_from,get_role_admin,renounce_admin,set_role_admin,get_role_member,get_existing_roles,transfer_admin_role,accept_admin_transfer,get_role_member_count"
0c6dbd0a4a658747414d289f861e1f1fea0e4d482eb36959165511f94c7e778f,"RoleGranted,RoleRevoked,AdminRenounced,RoleAdminChanged,AdminTransferCompleted,AdminTransferInitiated,Burn,Mint,Approve,Transfer,MuxedTransfer","burn,name,wrap,symbol,unwrap,approve,backing,balance,upgrade,decimals,has_role,transfer,allowance,burn_from,get_admin,grant_role,revoke_role,total_supply,__constructor,renounce_role,transfer_from,wrapped_token,get_role_admin,renounce_admin,set_role_admin,get_role_member,set_axelar_config,get_existing_roles,transfer_admin_role,accept_admin_transfer,get_role_member_count,interchain_token_service,execute_with_interchain_token"
0db32ce1f06fb3dedca86adaa9583832e234944092df15239d8aa5c59efc6c60,"OwnershipTransfer,OwnershipRenounced,OwnershipTransferCompleted,Burn,Mint,Approve,Transfer,MuxedTransfer","burn,mint,name,symbol,approve,balance,upgrade,decimals,transfer,allowance,burn_from,get_owner,total_supply,__constructor,transfer_from,accept_ownership,renounce_ownership,transfer_ownership"
0e7f3ce1012e76b877ef021c2d8de5aef0303a509aa3138dfab4f8ae60347663,"RoleUpdatedEvent,RecallFlaggedEvent,BatteryRecycledEvent,InspectionAddedEvent,PassportCreatedEvent,AdminTransferredEvent,PassportVerifiedEvent,RecyclingApprovedEvent,RecyclingRequestedEvent,RegistryInitializedEvent,OwnershipTransferredEvent","has_role,get_audit,get_roles,get_stats,get_config,grant_role,flag_recall,revoke_role,get_passport,__constructor,add_inspection,transfer_admin,transfer_owner,create_passport,get_audit_count,verify_passport,refresh_role_ttl,approve_recycling,execute_recycling,get_recent_audits,request_recycling,refresh_passport_ttl,get_recycling_approval"
0e8d68e206d66b087a2e0b64430356aec834ff906260e057180702d74d6f81f4,"MaxAgeUpdated,OracleUpdated,PriceBoundsUpdated,DejtrsyWrapperInitialized,Wrap,Unwrap,Upgraded,RewardsProxyUpdated,RoleGranted,RoleRevoked,AdminTransferCompleted,AdminTransferInitiated,Paused,Unpaused,Approve,Transfer,MuxedTransfer","mint,name,wrap,admin,pause,oracle,paused,redeem,symbol,unwrap,approve,balance,deposit,max_age,unpause,upgrade,decimals,has_role,max_mint,transfer,withdraw,allowance,grant_role,max_redeem,set_oracle,max_deposit,query_asset,revoke_role,set_max_age,vault_share,max_withdraw,preview_mint,preview_wrap,price_bounds,total_assets,total_supply,__constructor,claim_rewards,current_price,expected_base,rewards_proxy,transfer_from,preview_redeem,preview_unwrap,preview_deposit,preview_withdraw,set_price_bounds,convert_to_assets,convert_to_shares,set_rewards_proxy,total_vault_shares,calibrated_decimals,transfer_admin_role,live_oracle_decimals,wrap_with_min_shares,accept_admin_transfer,unwrap_with_min_vault_shares,convert_to_assets_with_rounding,convert_to_shares_with_rounding"
0eb943385bc490c0c540d41d7aee553d6f17dacf2915dc010653b313ea3395c7,"","upgrade,__constructor,mint_from,mint,total_supply,balance,allowance,transfer,transfer_from,approve,decimals,name,symbol,burn,burn_from,has_role,get_role_member_count,get_role_member,get_role_admin,get_admin,grant_role,revoke_role,renounce_role,renounce_admin,transfer_admin_role,accept_admin_transfer,set_role_admin,get_underlying_for_amount,get_amount_for_underlying,deposit,withdraw,set_axelar_config,token_id,get_axelar_its,get_axelar_chain,get_axelar_gas_token,interchain_transfer,get_merkle_epoch,get_banned_amount,set_new_epoch,get_merkle_root,is_claimed,amt_to_claim,sync_balances"
0ef011ec6afb97e24675cdf83e4def5d59ef4bc5963ae12806afe9bde07e4bad,"MemberAdded,SignerAdded,MemberRemoved,QuorumCreated,SignerRemoved,ProposalCreated,ProposalApproved,ProposalExecuted,ProposalRejected,ThresholdUpdated,ProposalCancelled,PolicyAdded,SignerAdded,PolicyRemoved,SignerRemoved,ContextRuleAdded,ContextRuleRemoved,ContextRuleUpdated,SpendingLimitPolicyEnforced,SimplePolicyEnforced,WeightedPolicyEnforced","cancel,reject,approve,propose,add_member,add_signer,get_member,get_members,__check_auth,get_proposal,__constructor,get_threshold,remove_member,remove_signer,set_threshold,get_proposal_ids"
0f770d0d25e6f61477d6eabc86dedab6a898f39aa706bfc83fb3556a84608c81,"","__constructor,seed_stakes,bond,unbond,create_distribution_flow,distribute_rewards,withdraw_rewards,query_config,query_admin,query_staked,query_total_staked,query_withdrawable_rewards,migrate_admin_key,update"
10d68cd80caa6e79706b8e24f5583bc7beb5f7beb760af333346e41c26223889,"SetDstConfig,SetUpgrader,PacketSent,PacketVerified,PacketDelivered,LzReceiveAlert,ZroSet,DelegateSet,InboundNonceSkipped,PacketNilified,PacketBurnt,LibraryRegistered,DefaultSendLibrarySet,DefaultReceiveLibrarySet,DefaultReceiveLibTimeoutSet,SendLibrarySet,ReceiveLibrarySet,ReceiveLibraryTimeoutSet,ComposeSent,ComposeDelivered,LzComposeAlert,SignerSet,ThresholdSet,OwnershipTransferred,OwnershipTransferring,OwnershipTransferCancelled,OwnershipRenounced,RoleGranted,RoleRevoked,RoleAdminChanged,TtlConfigsSet,TtlConfigsFrozen,SetAdmin,SetSupportedMessageLib,SetAllowlist,SetDenylist,Paused,Unpaused,SetDefaultMultiplierBps,SetDepositAddress,SetPriceFeed,SetSupportedOptionTypes,SetWorkerFeeLib","__check_auth,set_paused,set_admin,set_supported_message_lib,set_allowlist,set_denylist,set_default_multiplier_bps,set_deposit_address,set_supported_option_types,set_worker_fee_lib,set_price_feed,paused,is_admin,admins,is_supported_message_lib,message_libs,is_on_allowlist,allowlist_size,is_on_denylist,has_acl,default_multiplier_bps,deposit_address,get_supported_option_types,worker_fee_lib,price_feed,get_fee,assign_job,execute_transaction,set_upgrader,upgrader,set_dst_config,dst_config,vid,hash_call_data,__constructor,set_admin_by_admin,upgrade,migrate,authorizer,set_signer,set_threshold,get_signers,total_signers,is_signer,threshold,verify_signatures,verify_n_signatures,extend_instance_ttl,set_ttl_configs,ttl_configs,freeze_ttl_configs,is_ttl_configs_frozen"
11b4bacca38f670e792b7a1bbd6c6888f9e572c06e1def9cc5adf9294403bbb2,"Upgraded,RewardsProxyUpdated,RoleGranted,RoleRevoked,AdminTransferCompleted,AdminTransferInitiated,Paused,Unpaused,Deposit,Withdraw,Approve,Transfer,MuxedTransfer","mint,name,pool,wrap,admin,pause,paused,redeem,symbol,unwrap,approve,balance,deposit,unpause,upgrade,decimals,has_role,max_mint,transfer,withdraw,allowance,grant_role,max_redeem,max_deposit,query_asset,revoke_role,vault_share,max_withdraw,preview_mint,preview_wrap,total_assets,total_supply,__constructor,claim_rewards,rewards_proxy,transfer_from,preview_redeem,preview_unwrap,preview_deposit,preview_withdraw,convert_to_assets,convert_to_shares,set_rewards_proxy,total_vault_shares,transfer_admin_role,wrap_with_min_shares,accept_admin_transfer,unwrap_with_min_vault_shares,convert_to_assets_with_rounding,convert_to_shares_with_rounding"
1223ecc4b973155337b26b12b7595b49856cb3274d338d2176ae89e49dd7dcd3,"CleanBadDebtEvent,CreateHubEvent,UpdateSpokeEvent,ApproveBlendPoolEvent,RemoveSpokeAssetEvent,UpdateSpokeAssetEvent,UpdateAccumulatorEvent,UpdatePositionLimitsEvent,UpdateSwapAggregatorEvent,UpdatePriceAggregatorEvent,UpdateMinBorrowCollateralEvent,CreateMarketEvent,UpdateMarketParamsEvent,AccountDelegateEvent,FlashLoanEvent,LiquidationEvent,FlashPositionEvent,UpdatePositionBatchEvent,BlendMigrationEvent,InitialMultiplyPaymentEvent,OwnershipTransfer,OwnershipTransferCompleted,Paused,Unpaused","pause,repay,borrow,supply,migrate,unpause,upgrade,multiply,withdraw,add_spoke,get_spoke,liquidate,swap_debt,create_hub,flash_loan,deploy_pool,add_delegate,recapitalize,remove_spoke,upgrade_pool,__constructor,claim_revenue,renew_account,account_exists,clean_bad_debt,flash_position,update_indexes,get_app_version,get_spoke_asset,get_spoke_usage,is_liquidatable,remove_delegate,set_accumulator,swap_collateral,accept_ownership,get_market_index,get_pool_address,price_aggregator,get_borrow_amount,get_health_factor,revoke_blend_pool,add_asset_to_spoke,approve_blend_pool,migrate_from_blend,transfer_ownership,deploy_position_nft,edit_asset_in_spoke,set_position_limits,set_swap_aggregator,get_total_borrow_usd,set_position_manager,set_price_aggregator,upgrade_position_nft,create_liquidity_pool,get_account_positions,get_collateral_amount,set_spoke_asset_flags,get_account_attributes,get_ltv_collateral_usd,is_blend_pool_approved,remove_asset_from_spoke,force_socialize_bad_debt,get_liquidation_estimate,get_total_collateral_usd,update_account_threshold,get_liquidation_collateral,repay_debt_with_collateral,get_market_indexes_detailed,set_spoke_liquidation_curve,get_min_borrow_collateral_usd,set_min_borrow_collateral_usd,upgrade_liquidity_pool_params"
12fd219457b92f1de40da737aac2055d18ad9b2d97af4827b9b16ff1ad5ad725,"","burn,mint,name,pause,paused,symbol,approve,balance,blocked,unpause,upgrade,decimals,has_role,transfer,allowance,burn_from,get_admin,block_user,grant_role,revoke_role,total_supply,unblock_user,renounce_role,transfer_from,__constructor,get_role_admin,renounce_admin,set_role_admin,get_role_member,transfer_admin_role,accept_admin_transfer,get_role_member_count"
13b158655e40396957537bf1c528c6542b315930c1c9e0df640f57293c8af2ca,"","provide_liquidity,swap,withdraw_liquidity,update_config,upgrade,query_config,query_share_token_address,query_stake_contract_address,query_pool_info,query_pool_info_for_factory,simulate_swap,simulate_reverse_swap,query_share,query_total_issued_lp,migrate_admin_key,propose_admin,revoke_admin_change,accept_admin,query_admin,__constructor,query_version,add_new_key_to_storage"
13f2599d4028f68e97deaffeb04b4a3cf025275085a5e11b219520691e474f59,"","upgrade_contract,handle_upgrade_contract,upgrade_contract_completed,__constructor,deploy,remove_deployed_contract,deployed_contract_for,total_deployed_contracts,admin,set_admin,loyalty_token_wasm_hash,set_loyalty_token_wasm_hash,set_invitations_enabled,invitations_enabled,request_invitation,approve_invitation,invitation_approved"
1452052c3c9ed3297b82a02e99baafb0c9ba5209f03ad941e6427c3aae5b07f7,"PausedSet,BridgeChanged,BrokerChanged,EngineChanged,RegistryChanged,ExecuteCompleted,MinGasFloorChanged,RoleGranted,RoleRevoked,AdminTransferCompleted,AdminTransferInitiated,Paused,Unpaused","pause,paused,execute,unpause,upgrade,has_role,get_bridge,get_broker,get_engine,grant_role,set_bridge,set_broker,set_engine,revoke_role,get_registry,set_registry,__constructor,get_min_gas_floor,set_min_gas_floor,transfer_admin_role,accept_admin_transfer"
14cd94d7dd4b508e8013fe8c6e5a6da97b0c4df6361bf9517695bb2952864cf5,"BurnEvent,MintEvent,ChfdTransferEvent,ForceTransferEvent,VaspContractAddressUpdated,RoleGranted,RoleRevoked,Paused,Unpaused,Burn,Mint,Approve,Transfer,MuxedTransfer","burn,mint,name,pause,paused,symbol,approve,balance,unpause,upgrade,decimals,transfer,allowance,burn_from,is_burner,is_minter,is_paused,total_supply,__constructor,burn_with_ref,transfer_from,force_transfer,is_enforcement,burner_burn_from,is_default_admin,grant_burner_role,grant_minter_role,revoke_burner_role,revoke_minter_role,burn_from_with_auth,enforcement_burn_from,grant_mint_burn_roles,grant_enforcement_role,revoke_mint_burn_roles,revoke_enforcement_role,grant_default_admin_role,get_vasp_contract_address,revoke_default_admin_role,set_vasp_contract_address"
16223a9f6dc7d733e3f56464c3ddf8eedd6e72f2b7d4cadf6c2a947cdda69525,"Commit,VoteCast,MemberAdded,VoteRemoved,BadgesUpdated,UpgradeStatus,ContractPaused,ContractUpdated,ProposalCreated,UpgradeApproved,UpgradeProposed,ProposalExecuted,ProjectRegistered,SubProjectsUpdated,AnonymousVotingSetup,ProjectConfigUpdated,ConflictOfInterestUpdated","vote,proof,execute,get_dao,remove_vote,get_proposal,create_proposal,revoke_proposal,anonymous_voting_setup,add_conflict_of_interest,get_conflict_of_interest,get_anonymous_voting_config,remove_conflict_of_interest,build_commitments_from_votes,pause,version,__constructor,approve_upgrade,propose_upgrade,finalize_upgrade,set_nqg_contract,get_admins_config,require_not_paused,set_domain_contract,get_upgrade_proposal,set_collateral_contract,projects_migration,add_member,get_badges,get_member,set_badges,update_member,get_max_weight,commit,register,get_commit,get_project,get_projects,update_config,get_sub_projects,set_sub_projects"
167ab414a226427de34c19947ef9c5cf38c6c0ed91ecf9392f7cef3278ff506c,"","provide_liquidity,swap,withdraw_liquidity,update_config,upgrade,query_config,query_share_token_address,query_stake_contract_address,query_pool_info,query_pool_info_for_factory,simulate_swap,simulate_reverse_swap,query_share,query_total_issued_lp,migrate_admin_key,propose_admin,revoke_admin_change,accept_admin,query_admin,__constructor,query_version,add_new_key_to_storage"
16b2a6b175349b071927ad96927cdc668598dc32055d4fcfcfc29afdf73c6420,"AreaClaimed,Initialized,ChunkCreated,PixelClaimed,PixelsBatchClaimed","upgrade,get_chunk,claim_cells,claim_pixel,claim_pixels,create_chunk,__constructor,get_cell_claim,clear_cell_claim"
16f229fbdacc7f9266bc49613c8b3fa898714ff857c42c4211922d567bb1cbaa,"","upgrade,__constructor,paused,pause,unpause,transfer,transfer_from,approve,total_supply,balance,allowance,decimals,name,symbol,burn,burn_from,mint_from,add_to_blacklist,remove_from_blacklist,is_blacklisted,burn_blacklisted_tokens_by_admin,add_minter_by_manager,remove_minter_by_manager,get_minters,is_minter,set_blacklist_manager,set_minter_manager,is_blacklist_manager,get_blacklist_manager,is_minter_manager,get_minter_manager,get_admin,get_owner,transfer_ownership,accept_ownership,renounce_ownership"
172bba5089fb1dc27ffd25f8c025c8fbb1ceda47be773e51f032cd4d247915cf,"SetRoot,SetClaimed,Paused,Unpaused","burn,name,symbol,approve,balance,upgrade,decimals,has_role,transfer,allowance,burn_from,get_admin,mint_from,grant_role,revoke_role,total_supply,__constructor,renounce_role,transfer_from,get_role_admin,renounce_admin,set_role_admin,get_role_member,get_existing_roles,transfer_admin_role,accept_admin_transfer,get_role_member_count"
191a9dcfc76dd609c1e086103756aa79abf9b1ebc02744d4fcb4cc3aa26eb574,"RoleGranted,RoleRevoked,AdminRenounced,RoleAdminChanged,AdminTransferCompleted,AdminTransferInitiated,Paused,Unpaused,Burn,Mint,TokensFrozen,AddressFrozen,TokensUnfrozen,UserAllowed,UserDisallowed,UserBlocked,UserUnblocked,Approve,Transfer,MuxedTransfer","cap,burn,mint,name,admin,pause,paused,symbol,allowed,approve,balance,blocked,unpause,decimals,has_role,transfer,allowance,burn_from,get_admin,is_frozen,allow_user,block_user,grant_role,free_tokens,revoke_role,total_supply,unblock_user,__constructor,disallow_user,frozen_tokens,renounce_role,transfer_from,get_role_admin,renounce_admin,set_role_admin,get_role_member,get_existing_roles,set_address_frozen,transfer_admin_role,accept_admin_transfer,freeze_partial_tokens,get_role_member_count,unfreeze_partial_tokens"
198e66fa8d07c24456055c7286a9a43d7a0203812f9c3e837518ac593679bdae,"","__constructor,deploy,deploy_idempotent,upload_and_deploy,get_deployed_address,has_role,get_role_member_count,get_role_member,get_role_admin,get_admin,grant_role,revoke_role,renounce_role,renounce_admin,transfer_admin_role,accept_admin_transfer,set_role_admin"
1affa1858ae489154bb0f9d0b58fa944745bad3976295261fe6b9db2a5fbcb43,"","upgrade_contract,handle_upgrade_contract,upgrade_contract_completed,__constructor,deploy,remove_deployed_contract,deployed_contract_for,total_deployed_contracts,admin,set_admin,loyalty_token_wasm_hash,set_loyalty_token_wasm_hash,set_invitations_enabled,invitations_enabled,request_invitation,approve_invitation,invitation_approved"
1b5f4534a76322da2ad7c745f6900857a6802b0ca79850c35a03561df997785a,"PolicyAdded,SignerAdded,PolicyRemoved,SignerRemoved,ContextRuleAdded,PolicyRegistered,SignerRegistered,ContextRuleRemoved,PolicyDeregistered,SignerDeregistered,ContextRuleMetaUpdated","execute,upgrade,add_policy,add_signer,__check_auth,__constructor,get_policy_id,get_signer_id,remove_policy,remove_signer,add_context_rule,batch_add_signer,get_context_rule,remove_context_rule,get_context_rules_count,update_context_rule_name,update_context_rule_valid_until"
1c00a45fe5d6c28368a76597d33301a96aa714f8bce25a21717f46ee4ac864c2,"","__constructor,set_admin_a,set_admin_b,pause,unpause,add_simulated_revenue,set_default_lock_time,set_platform_fee_rate,set_reward_rate,transfer_funds,deposit,withdraw,calculate_rewards,claim_rewards,set_user_lock_time,reward_rate,total_revenue,is_paused,user,balance,total_claimed_rewards,total_deposits,default_lock_time,platform_fee_rate,user_lock_time"
1d9057993dce4c885d84478c9fe58c727830897204f4d44bd51797cf226e94e9,"","pause,paused,unpause,upgrade,has_role,is_admin,get_admin,get_owner,extend_ttl,grant_role,grant_admin,revoke_role,revoke_admin,renounce_role,__constructor,get_role_admin,renounce_admin,set_role_admin,get_role_member,set_admin_token,accept_ownership,is_system_wallet,add_system_wallet,propose_new_owner,get_locked_balance,get_system_wallets,extend_ttl_instance,is_transaction_used,transfer_admin_role,get_current_chain_id,remove_system_wallet,set_current_chain_id,accept_admin_transfer,get_role_member_count,get_system_wallet_count,execute_bridge_operation"
1de520344c09e25ffb0ec0a38c5cb1c98a153548ea51a721e4aac4a166af148a,"OracleEnabledEvent,OracleDisabledEvent,ContractUpgradedEvent,OracleSetDecimalsEvent,OracleSetPriceThresholdEvent,RoleGranted,RoleRevoked,RoleAdminChanged","upgrade,version,has_role,grant_role,is_enabled,fetch_price,revoke_role,setup_asset,__constructor,enable_oracle,renounce_role,disable_oracle,get_role_admin,get_rwa_oracle,get_cached_price,update_role_admin,get_price_decimals,set_price_decimals,fetch_forward_price,fetch_inverse_price,set_price_threshold,fetch_forward_prices,fetch_inverse_prices,fetch_price_threshold"
1e25669bacd907ec14114b9e943312a6ec4ab265cb407646cfb567517009ba70,"PolicyAdded,SignerAdded,PolicyRemoved,SignerRemoved,ContextRuleAdded,PolicyRegistered,SignerRegistered,ContextRuleRemoved,PolicyDeregistered,SignerDeregistered,ContextRuleMetaUpdated","execute,upgrade,add_policy,add_signer,__check_auth,__constructor,get_policy_id,get_signer_id,remove_policy,remove_signer,add_context_rule,batch_add_signer,get_context_rule,remove_context_rule,get_context_rules_count,update_context_rule_name,update_context_rule_valid_until"
1e8b2519f02c01b42e262f86861aaa0795e7bd4ac5e9bcb3987f7820a38bd746,"RoleGranted,RoleRevoked,AdminRenounced,RoleAdminChanged,AdminTransferCompleted,AdminTransferInitiated,Frozen,Unfrozen,ComplianceConfigChanged,Merge,Deposit,Register,Transfer,Withdraw,AuditorSet,SetSpender,VerifierSet,RevokeSpender,SpenderTransfer,AddressAsFieldSet,UnderlyingAssetSet","merge,freeze,deposit,upgrade,has_role,register,unfreeze,withdraw,get_admin,is_frozen,grant_role,is_spender,revoke_role,set_spender,__constructor,renounce_role,get_role_admin,renounce_admin,revoke_spender,set_role_admin,get_role_member,compliance_config,get_existing_roles,transfer_admin_role,confidential_balance,accept_admin_transfer,confidential_transfer,get_role_member_count,set_compliance_config,get_spender_delegation,spender_delegation_xdr,confidential_balance_xdr,confidential_transfer_from"
1ed72fbdfd79269dbddbae3d35dff987dcac93f2b0c89e164317a5b82b01f4e2,"Initialized,ChunkCreated,PixelClaimed,PixelsBatchClaimed","upgrade,get_chunk,claim_pixel,claim_pixels,create_chunk,__constructor"
1f00dce865cbb94e935773a81a8490030b57f03b0411eab2f2721b307d907038,"RoleGranted,RoleRevoked,AdminRenounced,RoleAdminChanged,AdminTransferCompleted,AdminTransferInitiated,Burn,Mint,Approve,Transfer,MuxedTransfer","burn,name,wrap,symbol,unwrap,approve,backing,balance,upgrade,decimals,has_role,transfer,allowance,burn_from,get_admin,grant_role,revoke_role,total_supply,__constructor,renounce_role,transfer_from,wrapped_token,get_role_admin,renounce_admin,set_role_admin,get_role_member,set_axelar_config,get_existing_roles,transfer_admin_role,accept_admin_transfer,get_role_member_count,interchain_token_service,execute_with_interchain_token"
20006828aee939e80978c7d73f3ad60223f2b7ec9c6093b24d28e3aafbaecf30,"K2WrapperInitialized,Wrap,Unwrap,Upgraded,RewardsProxyUpdated,RoleGranted,RoleRevoked,AdminTransferCompleted,AdminTransferInitiated,Paused,Unpaused,Deposit,Withdraw,Approve,Transfer,MuxedTransfer","mint,name,wrap,admin,pause,paused,redeem,router,symbol,unwrap,approve,balance,deposit,unpause,upgrade,decimals,has_role,max_mint,transfer,withdraw,allowance,grant_role,max_redeem,max_deposit,query_asset,revoke_role,vault_share,max_withdraw,preview_mint,preview_wrap,total_assets,total_supply,__constructor,claim_rewards,rewards_proxy,transfer_from,preview_redeem,preview_unwrap,preview_deposit,preview_withdraw,convert_to_assets,convert_to_shares,set_rewards_proxy,total_vault_shares,transfer_admin_role,wrap_with_min_shares,accept_admin_transfer,unwrap_with_min_vault_shares,convert_to_assets_with_rounding,convert_to_shares_with_rounding"
202079983fe1fdfea29ef9aa08f38f3f349cb0e30fcbf993a5b4ca4dd33179e4,"","get_bounty,get_project,close_bounty,get_bounties,get_projects,update_admin,check_judging,create_bounty,delete_bounty,get_hackathon,update_bounty,__constructor,get_hackathons,get_submission,select_winners,apply_to_bounty,cancel_hackathon,create_hackathon,update_hackathon,get_bounty_status,get_user_bounties,update_submission,cancel_project_gig,create_project_gig,create_project_job,get_bounties_count,get_bounty_winners,get_owner_bounties,get_owner_projects,update_fee_account,update_project_gig,update_project_job,get_active_bounties,get_hackathons_count,get_hackathon_status,get_bounties_by_token,get_bounty_applicants,get_bounties_by_status,get_bounty_submissions,get_projects_by_status,get_user_bounties_count,get_hackathons_by_status,get_owner_bounties_count,release_milestone_payment,distribute_hackathon_prizes,get_bounties_by_token_count,get_bounties_by_status_count"
2093072112c02305521c7410edbb8f0c46455b0c34b736341bb34f9a75bc1e7c,"Clawback,Initialized,SacAdminSet,MintInterest,MintWithReceipt,BurnWithRedemption,RoleGranted,RoleRevoked,AdminRenounced,RoleAdminChanged,AdminTransferCompleted,AdminTransferInitiated,OwnershipTransfer,OwnershipRenounced,OwnershipTransferCompleted","get_sac,upgrade,version,clawback,__constructor,mint_interest,set_sac_admin,mint_with_receipt,burn_with_redemption"
20ec1744c3f9e2c840c714b4ad2dc42d844d2eb7c164ced8c685cf267516b0f0,"OrderFilled,OrderCancelled,RegistryChange,OrderRegistered,FeeCollectorChange,LimitOrderFeeChange,LimitOrderEngineInitialized,RoleGranted,RoleRevoked,AdminTransferCompleted,AdminTransferInitiated,Paused,Unpaused","pause,paused,unpause,upgrade,has_role,grant_role,hash_order,fill_orders,revoke_role,cancel_order,get_fee_rate,get_registry,order_status,set_fee_rate,set_registry,__constructor,order_statuses,register_order,order_status_raw,get_fee_collector,set_fee_collector,order_statuses_raw,cancel_orders_batch,get_secs_per_ledger,set_secs_per_ledger,transfer_admin_role,accept_admin_transfer,register_orders_batch"
21467e8a5dfbfd2ccccf5d60473eb9f6d51b8f4b29f98e42034b770701165f0d,"AccountDeployed,FactoryInitialized,FactoryAdminUpdated,FactoryAuthVkUpdated,AccountWasmHashUpdated","admin,auth_vk,upgrade,set_admin,set_auth_vk,__constructor,upgrade_child,deploy_lockb0x,account_wasm_hash,set_account_wasm_hash,predict_lockb0x_address"
22921036280bb2ca5cb8401540205140adfc18e1019731d12b4a2a0d738d8eb2,"","pause,deposit,migrate,unpause,version,withdraw,is_paused,add_rewards,get_position,__constructor,cancel_upgrade,check_solvency,add_lock_period,execute_upgrade,get_period_data,propose_upgrade,set_blend_token,remove_lock_period,set_defindex_vault,refresh_position_ttl,lock_upgrades_forever,withdraw_protocol_fees,update_early_withdrawal_fee,update_upgrade_timelock_secs"
23e5051b5295704e29db897ff424b66d22f40c515de13600d25b96e2cb65de56,"","pause,deposit,migrate,unpause,version,withdraw,is_paused,add_rewards,get_position,__constructor,cancel_upgrade,check_solvency,add_lock_period,execute_upgrade,get_period_data,propose_upgrade,set_blend_token,remove_lock_period,set_defindex_vault,refresh_position_ttl,lock_upgrades_forever,withdraw_protocol_fees,emergency_withdraw_rewards,update_early_withdrawal_fee,update_upgrade_timelock_secs"
2468b94fb5017b6d8086e106b109e258a2dce5924d9cf31dda9b3451f88b8775,"DstConfigSet,NativeDropApplied,PacketSent,PacketVerified,PacketDelivered,LzReceiveAlert,ZroSet,DelegateSet,InboundNonceSkipped,PacketNilified,PacketBurnt,LibraryRegistered,DefaultSendLibrarySet,DefaultReceiveLibrarySet,DefaultReceiveLibTimeoutSet,SendLibrarySet,ReceiveLibrarySet,ReceiveLibraryTimeoutSet,ComposeSent,ComposeDelivered,LzComposeAlert,SignerSet,ThresholdSet,OwnershipTransferred,OwnershipTransferring,OwnershipTransferCancelled,OwnershipRenounced,RoleGranted,RoleRevoked,RoleAdminChanged,TtlConfigsSet,TtlConfigsFrozen,SetAdmin,SetSupportedMessageLib,SetAllowlist,SetDenylist,Paused,Unpaused,SetDefaultMultiplierBps,SetDepositAddress,SetPriceFeed,SetSupportedOptionTypes,SetWorkerFeeLib","__check_auth,set_paused,set_admin,set_supported_message_lib,set_allowlist,set_denylist,set_default_multiplier_bps,set_deposit_address,set_supported_option_types,set_worker_fee_lib,set_price_feed,paused,is_admin,admins,is_supported_message_lib,message_libs,is_on_allowlist,allowlist_size,is_on_denylist,has_acl,default_multiplier_bps,deposit_address,get_supported_option_types,worker_fee_lib,price_feed,assign_job,get_fee,set_dst_config,dst_config,native_drop,endpoint,__constructor,withdraw_token,set_executor_helper,executor_helper,upgrade,migrate,authorizer,owner,pending_owner,transfer_ownership,begin_ownership_transfer,accept_ownership,renounce_ownership,extend_instance_ttl,set_ttl_configs,ttl_configs,freeze_ttl_configs,is_ttl_configs_frozen"
257b603c6fc6798985cfb5541a2e03559e81461efd13f6e3816f817607f18b19,"","__constructor,mint,update_metadata,metadata,total_supply,balance,allowance,transfer,transfer_from,approve,decimals,name,symbol,get_owner,transfer_ownership,accept_ownership,renounce_ownership"
25e310b6e60a61af53a6d2fdcdde42608ae73bdbda4ef4dd6e419e3fea02e22d,"","upgrade,__constructor,update_k,get_current_k,shares_balance,to_rebased,to_base_ceil,mint_from,has_role,get_role_member_count,get_role_member,get_role_admin,get_admin,grant_role,revoke_role,renounce_role,renounce_admin,transfer_admin_role,accept_admin_transfer,set_role_admin,total_supply,balance,allowance,transfer,transfer_from,approve,decimals,name,symbol,burn,burn_from,burn_rebased,interchain_transfer,set_axelar_config,token_id,get_axelar_its,get_axelar_chain,get_axelar_gas_token"
26dd8e49ecb6ce2fc4a148c4a7ef2b0ee9ebdc850fb0410ed58a24d9ddc5d834,"BurnEvent,MintEvent,ChfdTransferEvent,ForceTransferEvent,VaspContractAddressUpdated,RoleGranted,RoleRevoked,Paused,Unpaused,Burn,Mint,Approve,Transfer,MuxedTransfer","burn,mint,name,pause,paused,symbol,approve,balance,unpause,upgrade,decimals,transfer,allowance,burn_from,is_burner,is_minter,is_paused,total_supply,__constructor,burn_with_ref,transfer_from,force_transfer,is_enforcement,burner_burn_from,is_default_admin,grant_burner_role,grant_minter_role,revoke_burner_role,revoke_minter_role,burn_from_with_auth,enforcement_burn_from,grant_mint_burn_roles,grant_enforcement_role,revoke_mint_burn_roles,revoke_enforcement_role,grant_default_admin_role,get_vasp_contract_address,revoke_default_admin_role,set_vasp_contract_address"
26f71e210a0bc650caed1cf60a1b96a8e96a88a682b35de2c661adcf56c43f44,"RoleGranted,RoleRevoked,AdminRenounced,RoleAdminChanged,AdminTransferCompleted,AdminTransferInitiated,Burn,Mint,Approve,Transfer,MuxedTransfer","burn,name,symbol,approve,balance,execute,gateway,upgrade,decimals,has_role,token_id,transfer,allowance,burn_from,get_admin,mint_from,grant_role,max_apy_bps,revoke_role,burn_rebased,total_supply,__constructor,renounce_role,transfer_from,get_axelar_its,get_role_admin,renounce_admin,set_role_admin,shares_balance,base_to_rebased,get_role_member,get_vault_ratio,rebased_to_base,seconds_per_year,set_axelar_config,get_axelar_gateway,get_existing_roles,transfer_admin_role,base_to_rebased_ceil,get_axelar_gas_token,last_ratio_update_ts,accept_admin_transfer,get_role_member_count,get_trusted_source_chain,interchain_token_service,execute_with_interchain_token"
281626b69f74d84d98f3fe8be63612b30b75730904d1b852bb98467a879c85d5,"DeployControllerEvent,DeployPriceAggregatorEvent,RoleGranted,RoleRevoked,AdminTransferCompleted,AdminTransferInitiated,OwnershipTransfer,OwnershipTransferCompleted,MinDelayChanged,OperationExecuted,OperationCancelled,OperationScheduled","pause,cancel,execute,propose,has_role,add_spoke,controller,create_hub,execute_self,get_min_delay,hash_operation,set_sanity_band,accept_ownership,price_aggregator,deploy_controller,get_operation_state,get_operation_ledger,resolve_asset_oracle,revoke_role_immediate,set_spoke_asset_flags,deploy_price_aggregator,execute_canceller_reset,propose_canceller_reset,resolve_oracle_tolerance,__constructor"
295aafdaee65cb1de20e3edd9394cc2cd3f74654a24087b34c15ab9e89b6f226,"","upgrade,interchain_token_service,execute_with_interchain_token,gateway,execute,__constructor,update_k,get_current_k,shares_balance,to_rebased,to_base_ceil,mint_from,burn_rebased,has_role,get_role_member_count,get_role_member,get_role_admin,get_admin,grant_role,revoke_role,renounce_role,renounce_admin,transfer_admin_role,accept_admin_transfer,set_role_admin,total_supply,balance,allowance,transfer,transfer_from,approve,decimals,name,symbol,burn,burn_from,set_axelar_config,token_id,get_axelar_its,get_axelar_gateway,get_axelar_chain,get_axelar_gas_token,get_evm_source_chain,get_evm_source_address"
29d91418f16b9c27177390540a0bd860c1de762958bb4c3eeae608ff045588e0,"Deposit,Withdraw,Mint,Approve,Transfer,ModuleAdded,ModuleRemoved,KeyAllowed,KeyRemoved,ClaimRevoked,SignaturesInvalidated,Burn,ClaimAdded,ClaimChanged,ClaimRemoved,ClaimTopicAdded,ClaimTopicRemoved,TrustedIssuerAdded,IssuerTopicsUpdated,TrustedIssuerRemoved,IdentityStored,CountryDataAdded,IdentityModified,IdentityUnstored,IdentityRecovered,CountryDataRemoved,CountryDataModified,TokenBound,TokenUnbound,Burn,SetTokenRoyalty,SetDefaultRoyalty,RemoveTokenRoyalty,UserBlocked,UserUnblocked,Burn,Mint,TokensFrozen,AddressFrozen,ComplianceSet,TokensUnfrozen,RecoverySuccess,IdentityVerifierSet,TokenOnchainIdUpdated,ClaimTopicsAndIssuersSet,ConsecutiveMint,Mint,Approve,Transfer,ApproveForAll,UserAllowed,UserDisallowed,DocumentRemoved,DocumentUpdated,SetRoot,SetClaimed,Paused,Unpaused,RoleGranted,RoleRevoked,AdminRenounced,RoleAdminChanged,AdminTransferCompleted,AdminTransferInitiated,OwnershipTransfer,OwnershipRenounced,OwnershipTransferCompleted","burn,mint,name,symbol,approve,balance,blocked,decimals,has_role,transfer,allowance,burn_from,get_admin,block_user,grant_role,revoke_role,total_supply,unblock_user,__constructor,renounce_role,transfer_from,get_role_admin,renounce_admin,set_role_admin,get_role_member,get_existing_roles,transfer_admin_role,accept_admin_transfer,get_role_member_count"
2a8789bf5dd392b91ddfe6591072a0cb9fae70045abf379fd1dbbc2db4af1de3,"EventCreated,EventCancelled,FundsAdded,ContributorRefunded,OwnerResidualRefunded,Applied,ApplicationWithdrawn,Submitted,SubmissionWithdrawn,WinnersSelected,WinnerPaid,MilestoneClaimed,TokenRegistered,TokenDeregistered,AdminUpdated,PendingAdminSet,FeeAccountUpdated,FeeBpsUpdated,ProfileContractUpdated,Paused,Unpaused,Upgraded,PendingUpgradeProposed,PendingUpgradeCancelled,UpgradeApplied,Migrated","__constructor,set_admin,accept_admin,set_fee_bps,set_fee_account,set_profile_contract,pause,unpause,propose_upgrade,apply_upgrade,cancel_pending_upgrade,migrate,register_supported_token,deregister_supported_token,is_supported_token,supported_token_count,supported_token_at,create_event,start_cancel,process_cancel_batch,finalize_cancel,add_funds,apply_to_bounty,withdraw_application,submit,withdraw_submission,select_winners,set_manager,get_manager,claim_milestone,get_event,get_submission,get_applicants,get_applicant_count,get_applicant_at,get_winners,get_winner_count,get_winner_at,get_contributors,get_contributor_count,get_contributor_at,get_contributor_amount,get_admin,get_fee_bps,get_fee_account,get_profile_contract,is_paused,version,get_pending_upgrade,get_migrated_to_version,id_base"
2b48212aa3f2af4b81e9dcee3000c6396eaf00afe8613d0fa2665f9cdfee0adf,"PolicyAdded,SignerAdded,PolicyRemoved,SignerRemoved,ContextRuleAdded,PolicyRegistered,SignerRegistered,ContextRuleRemoved,PolicyDeregistered,SignerDeregistered,ContextRuleMetaUpdated,SpendingLimitPolicyEnforced,SimplePolicyEnforced,WeightedPolicyEnforced","execute,add_policy,add_signer,__check_auth,__constructor,get_signer_id,remove_policy,remove_signer,recover_wallet,add_context_rule,get_context_rule,get_verifier_key,get_recovery_signer,remove_context_rule,get_context_rules_count,update_context_rule_name,update_context_rule_valid_until"
2bd0323a98acb8469606808368da6c79824f2dd8391494b94ddbeb3d22c1a957,"VCIssued,VCPushed,VCRevoked,IssuerDenied,VaultCreated,VaultRevoked,IssuerAllowed,AdminNominated,VaultDidChanged,AdminTransferred,VaultAdminChanged,ContractInitialized","push,issue,get_vc,revoke,version,vc_count,vault_did,verify_vc,batch_issue,deny_issuer,list_vc_ids,vault_owner,allow_issuer,receive_push,revoke_vault,__constructor,set_vault_did,nominate_admin,set_vault_admin,denied_issuer_count,list_denied_issuers,accept_contract_admin"
2ca338e04b72469e956a116a5d271b3de4f900bcb8228039473f7302bae3aa76,"","upgrade,__constructor,mint_from,mint,total_supply,balance,allowance,transfer,transfer_from,approve,decimals,name,symbol,burn,burn_from,has_role,get_role_member_count,get_role_member,get_role_admin,get_admin,grant_role,revoke_role,renounce_role,renounce_admin,transfer_admin_role,accept_admin_transfer,set_role_admin,get_underlying_for_amount,get_amount_for_underlying,deposit,withdraw,set_axelar_config,token_id,get_axelar_its,get_axelar_chain,get_axelar_gas_token,interchain_transfer,get_merkle_epoch,get_banned_amount,force_new_epoch,set_new_epoch,get_merkle_root,is_claimed,amt_to_claim,sync_balances"
2e8c87f0cf923ad0a9798db9ec64cc53286c1c95a196802d1c922fbd527ed6eb,"RoleGranted,RoleRevoked,AdminRenounced,RoleAdminChanged,AdminTransferCompleted,AdminTransferInitiated,Mint,Approve,Transfer,ApproveForAll","mint,name,symbol,approve,balance,has_role,owner_of,transfer,get_admin,token_uri,grant_role,set_minter,revoke_role,accept_admin,get_approved,get_token_id,total_supply,__constructor,renounce_role,set_token_uri,transfer_from,get_role_admin,renounce_admin,set_role_admin,transfer_admin,approve_for_all,get_role_member,get_existing_roles,get_owner_token_id,is_approved_for_all,transfer_admin_role,accept_admin_transfer,get_role_member_count"
2eeeba73daa2dfb243ef73ae69a2535bd90cf5b07b2788d6a7676838c12eb734,"DepositEvent,WithdrawEvent,DepositAssetEvent,FeesWithdrawnEvent,WithdrawAssetEvent,ContractUpgradedEvent,YieldDistributedEvent,WithdrawAssetTreasuryEvent,EmergencyFundsWithdrawEvent,RoleGranted,RoleRevoked,RoleAdminChanged","deposit,upgrade,version,has_role,withdraw,grant_role,deposit_for,revoke_role,__constructor,renounce_role,withdraw_fees,fetch_asset_id,fetch_registry,get_role_admin,modify_staking,distribute_yield,fetch_vault_data,update_role_admin,emergency_withdraw,calculate_price_differentiation"
2f924dcb03d59fbaa4e908a1acc2a83f6accec1735f08046ffc1a972950d3323,"RoleGranted,RoleRevoked,AdminRenounced,RoleAdminChanged,AdminTransferCompleted,AdminTransferInitiated,OwnershipTransfer,OwnershipRenounced,OwnershipTransferCompleted,SetRoot,SetClaimed,Paused,Unpaused,ConsecutiveMint,Burn,SetTokenRoyalty,SetDefaultRoyalty,RemoveTokenRoyalty,Mint,Approve,Transfer,ApproveForAll,ModuleAdded,ModuleRemoved,DocumentRemoved,DocumentUpdated,KeyAllowed,KeyRemoved,ClaimRevoked,SignaturesInvalidated,ClaimAdded,ClaimChanged,ClaimRemoved,Burn,Mint,ClaimTopicAdded,ClaimTopicRemoved,TrustedIssuerAdded,IssuerTopicsUpdated,TrustedIssuerRemoved,IdentityStored,CountryDataAdded,IdentityModified,IdentityUnstored,IdentityRecovered,CountryDataRemoved,CountryDataModified,TokensFrozen,AddressFrozen,ComplianceSet,TokensUnfrozen,RecoverySuccess,IdentityVerifierSet,TokenOnchainIdUpdated,ClaimTopicsAndIssuersSet,TokenBound,TokenUnbound,Deposit,Withdraw,UserAllowed,UserDisallowed,UserBlocked,UserUnblocked,Approve,Transfer","burn,name,bridge,symbol,approve,balance,decimals,transfer,allowance,burn_from,message_send,total_supply,__constructor,approve_token,transfer_from,message_process,set_message_owner,get_received_texts,get_message_gateway,set_message_gateway,set_project_signers,decode_abi_chain_data,encode_abi_chain_data,set_contract_relayers,set_message_endpoints,validate_chain_sender,get_endpoint_by_chain_id,transfer_message_gateway,__message_client_constructor,message_process_from_gateway"
308f13398e80c8c523149073af83846b996e469597c2e4baa8c436722037a5e8,"","__constructor,add_stablecoin,increase_supply,decrease_supply,claim,keep_peg,set_pegkeeper,set_admin,upgrade"
30affd8d738e21caa79bdbe4fa1b3a42d96412f2a8d387fc67bcac69ac5e6cbd,"PriceUpdated,ConfigUpdated,OracleInitialized,ContractUpgradedEvent,RoleGranted,RoleRevoked,RoleAdminChanged,Paused,Unpaused","base,pause,price,assets,prices,unpause,upgrade,decimals,has_role,is_paused,lastprice,grant_role,resolution,revoke_role,update_price,__constructor,renounce_role,update_config,get_role_admin,update_role_admin,get_contract_version"
31a37e177857c117ef3a790cca89bdf5cda64e41824bfcb56f9eddf226ac9db3,"AddVaspEvent,AddHolderEvent,AddVaspAdminEvent,SetVaspStatusEvent,SetHolderLimitEvent,RemoveVaspAdminEvent,SetHolderStatusEvent,RoleGranted,RoleRevoked","upgrade,add_vasp,add_holder,__constructor,add_vasp_admin,set_vasp_status,get_vasp_details,is_default_admin,set_holder_limit,remove_vasp_admin,set_holder_status,validate_transfer,verify_vasp_admin,get_holder_details,get_holder_vasp_id,is_update_operator,get_transfer_vasp_ids,get_vasp_admin_status,grant_update_operator,revoke_update_operator,grant_default_admin_role,revoke_default_admin_role"
31b4e7b0e96544c52431502238b18e9c5af3975ac6297f577413fb366e1b9e5c,"RoleGranted,RoleRevoked,AdminRenounced,RoleAdminChanged,AdminTransferCompleted,AdminTransferInitiated,Burn,Mint,Approve,Transfer,MuxedTransfer,UserBlocked,UserUnblocked","burn,mint,name,symbol,approve,balance,blocked,upgrade,decimals,has_role,transfer,allowance,burn_from,get_admin,block_user,grant_role,revoke_role,total_supply,unblock_user,__constructor,renounce_role,transfer_from,get_role_admin,renounce_admin,set_role_admin,get_role_member,get_existing_roles,transfer_admin_role,accept_admin_transfer,get_role_member_count"
33811c29b7bec48f48776f680ae5d74d79fc37ab6c8012eef016aee4cc16d181,"","upgrade_contract,handle_upgrade_contract,upgrade_contract_completed,__constructor,deploy,remove_deployed_contract,deployed_contract_for,total_deployed_contracts,admin,set_admin,subscription_wasm_hash,set_subscription_wasm_hash,merchant,set_merchant,plan,set_plan,remove_plan"
3386f2353b1efeb94935522534a440f03e9babd11510d2b12d3f15bb56f5b62a,"PolicyAdded,SignerAdded,PolicyRemoved,SignerRemoved,ContextRuleAdded,PolicyRegistered,SignerRegistered,ContextRuleRemoved,PolicyDeregistered,SignerDeregistered,ContextRuleMetaUpdated","execute,add_policy,add_signer,__check_auth,__constructor,get_policy_id,get_signer_id,remove_policy,remove_signer,add_context_rule,batch_add_signer,get_context_rule,remove_context_rule,get_context_rules_count,update_context_rule_name,update_context_rule_valid_until"
33e28da428cceaed68e7723f79c10ff74d6e5e9d20d2a8e3c5834b751339f25a,"Clawback,Initialized,SacAdminSet,MintInterest,MintWithReceipt,BurnWithRedemption,SacAuthorizationSet,OwnershipTransfer,OwnershipTransferCompleted,Paused,Unpaused","pause,paused,get_sac,unpause,upgrade,version,clawback,get_owner,__constructor,mint_interest,set_sac_admin,set_authorized,accept_ownership,mint_with_receipt,transfer_ownership,burn_with_redemption"
3656430ac7cf5e7cf1c26948b46314c37866c2d7e928ea89d7d1f89b8aa0ef3c,"Paused,Unpaused,Upgraded,MandateRevoked,PaymentExecuted,MandateRegistered,AssetPolicyChanged,RoleGranted,RoleRevoked,AdminRenounced,RoleAdminChanged,AdminTransferCompleted,AdminTransferInitiated","pause,unpause,upgrade,has_role,role_ids,get_admin,is_paused,grant_role,keep_alive,get_mandate,revoke_role,__constructor,renounce_role,get_role_admin,renounce_admin,revoke_mandate,set_role_admin,execute_payment,get_role_member,is_asset_allowed,register_mandate,validate_mandate,set_asset_allowed,get_existing_roles,get_schema_version,transfer_admin_role,accept_admin_transfer,get_role_member_count"
36fd0482f60c3b5e6b90e67cb64ffaf5aeb851007e2dbf05569a76e3c6a1abb2,"VaultDeployed,WasmHashUpdated,WasmHashChangePending,RoleGranted,RoleRevoked,AdminRenounced,RoleAdminChanged,AdminTransferCompleted,AdminTransferInitiated,OwnershipTransfer,OwnershipRenounced,OwnershipTransferCompleted,SetRoot,SetClaimed,Paused,Unpaused","upgrade,has_role,get_admin,get_vaults,grant_role,revoke_role,deploy_vault,__constructor,renounce_role,get_role_admin,renounce_admin,set_role_admin,get_role_member,get_vault_wasm_hash,transfer_admin_role,accept_admin_transfer,get_role_member_count,accept_vault_wasm_hash,propose_vault_wasm_hash,get_pending_vault_wasm_hash"
39632a78aa793df69c4fda8c64df616c2cf7ef23eee1218e5120570a5dce711c,"RoleGranted,RoleRevoked,AdminRenounced,RoleAdminChanged,AdminTransferCompleted,AdminTransferInitiated","oracle,policy,upgrade,has_role,get_admin,grant_role,set_policy,haircut_bps,is_eligible,revoke_role,__constructor,renounce_role,get_role_admin,max_tenor_days,renounce_admin,set_role_admin,get_role_member,get_existing_roles,transfer_admin_role,accept_admin_transfer,get_role_member_count,max_staleness_ledgers"
39795312f1bb92c65510465c7b48731dceabc513c89ee16930da0b9b2cf1b46c,"RoleGranted,RoleRevoked,AdminRenounced,RoleAdminChanged,AdminTransferCompleted,AdminTransferInitiated,Mint,Approve,Transfer,ApproveForAll,Burn,SetTokenRoyalty,SetDefaultRoyalty,RemoveTokenRoyalty","burn,mint,name,symbol,approve,balance,upgrade,has_role,owner_of,transfer,burn_from,get_admin,token_uri,grant_role,revoke_role,get_approved,get_token_id,royalty_info,total_supply,__constructor,renounce_role,transfer_from,get_role_admin,renounce_admin,set_role_admin,approve_for_all,get_role_member,set_token_royalty,get_existing_roles,get_owner_token_id,is_approved_for_all,set_default_royalty,transfer_admin_role,remove_token_royalty,accept_admin_transfer,get_role_member_count"
39b541a812b85dc745adf6518ae1d150b4667a269a440e7d247500a39e7c7efd,"","upgrade,__constructor,add_signer,update_signer,revoke_signer,get_signer,has_signer,install_plugin,uninstall_plugin,is_plugin_installed,is_deployed,__check_auth"
3a32d41eed54b2292852f27a014c3a62fca7ff62923d24ab44e6ac4eb37af8f8,"PolicyAdded,SignerAdded,PolicyRemoved,SignerRemoved,ContextRuleAdded,PolicyRegistered,SignerRegistered,ContextRuleRemoved,PolicyDeregistered,SignerDeregistered,ContextRuleMetaUpdated","execute,upgrade,add_policy,add_signer,__check_auth,__constructor,get_policy_id,get_signer_id,remove_policy,remove_signer,add_context_rule,batch_add_signer,get_context_rule,remove_context_rule,get_context_rules_count,update_context_rule_name,update_context_rule_valid_until"
3a6d5abf7e6c9a215e8ec9d452d9dd2d3717edfb2a52c2ed7a1f14af01a067b9,"RoleGranted,RoleRevoked,MinDelayChanged,OperationExecuted,OperationCancelled,OperationScheduled","cancel,execute,upgrade,has_role,schedule,adl_delay,grant_role,execute_adl,revoke_role,execute_self,__constructor,deployer_call,deployer_delay,guardian_pause,operation_tier,standard_delay,sensitive_delay,fee_distribution_delay,owner_schedule_role_change"
3b0f6a9fd464ca2ea0493f3272faa47125c66f6a0574304735411871d40e9199,"MemberAdded,SignerAdded,MemberRemoved,QuorumCreated,SignerRemoved,ProposalCreated,ProposalApproved,ProposalExecuted,ProposalRejected,ThresholdUpdated,ProposalCancelled,PolicyAdded,SignerAdded,PolicyRemoved,SignerRemoved,ContextRuleAdded,ContextRuleRemoved,ContextRuleUpdated,SpendingLimitPolicyEnforced,SimplePolicyEnforced,WeightedPolicyEnforced","cancel,reject,approve,execute,propose,add_member,add_signer,get_member,get_members,__check_auth,get_proposal,__constructor,get_threshold,remove_member,remove_signer,set_threshold,get_proposal_ids"
3b13dc688381c17aef9c2dcff38a4ff7afd9372518dd1c6494308941d880b62a,"","upgrade,__constructor,mint_from,mint,total_supply,balance,allowance,transfer,transfer_from,approve,decimals,name,symbol,burn,burn_from,has_role,get_role_member_count,get_role_member,get_role_admin,get_admin,grant_role,revoke_role,renounce_role,renounce_admin,transfer_admin_role,accept_admin_transfer,set_role_admin,get_underlying_for_amount,get_amount_for_underlying,deposit,withdraw,set_axelar_config,token_id,get_axelar_its,get_axelar_chain,get_axelar_gas_token,interchain_transfer,get_merkle_epoch,get_banned_amount,set_new_epoch,get_merkle_root,is_claimed,amt_to_claim,sync_balances"
3bd05dfa2bf65299d359e86a4672a45900e8c5768d9f056ad8da5ccd779bcd12,"AdminSet,OperatorSet,VaultPaused,VaultUnpaused,SubaccountAdded,AumLimitsChanged,SubaccountRemoved,DepositToSubaccount,AdminTransferAccepted,AdminTransferProposed,DeployedAssetsChanged,WalletBalanceDiverged,WalletDeployedUpdated,AdminTransferCancelled,AumWindowLimitsChanged,WithdrawFromSubaccount,WalletNetDeployedSeeded,WalletBalanceProbeFailed,StrategyBalanceProbeFailed,WalletDeployedBatchApplied,SetRoot,SetClaimed,Paused,Unpaused,DelegateChanged,DelegateVotesChanged,MinDelayChanged,OperationExecuted,OperationCancelled,OperationScheduled,ConsecutiveMint,Burn,SetTokenRoyalty,SetDefaultRoyalty,RemoveTokenRoyalty,Mint,Approve,Transfer,ApproveForAll,ModuleAdded,ModuleRemoved,DocumentRemoved,DocumentUpdated,KeyAllowed,KeyRemoved,ClaimRevoked,SignaturesInvalidated,ClaimAdded,ClaimChanged,ClaimRemoved,Burn,Mint,ClaimTopicAdded,ClaimTopicRemoved,TrustedIssuerAdded,IssuerTopicsUpdated,TrustedIssuerRemoved,IdentityStored,CountryDataAdded,IdentityModified,IdentityUnstored,IdentityRecovered,CountryDataRemoved,CountryDataModified,TokensFrozen,AddressFrozen,ComplianceSet,TokensUnfrozen,RecoverySuccess,IdentityVerifierSet,TokenOnchainIdUpdated,ClaimTopicsAndIssuersSet,TokenBound,TokenUnbound,Deposit,Withdraw,UserAllowed,UserDisallowed,UserBlocked,UserUnblocked,Approve,Transfer","mint,name,pause,redeem,symbol,approve,balance,deposit,unpause,upgrade,decimals,max_mint,transfer,withdraw,allowance,get_admin,is_paused,extend_ttl,max_redeem,max_deposit,query_asset,accept_admin,get_operator,max_withdraw,preview_mint,set_operator,total_assets,total_supply,__constructor,propose_admin,transfer_from,add_subaccount,preview_redeem,set_aum_limits,get_subaccounts,preview_deposit,preview_withdraw,convert_to_assets,convert_to_shares,get_pending_admin,remove_subaccount,get_deployed_assets,get_subaccount_type,cancel_admin_proposal,deposit_to_subaccount,get_strategy_balances,set_aum_window_limits,get_aum_decrease_limit,get_aum_increase_limit,update_deployed_assets,update_wallet_deployed,get_aum_window_duration,get_wallet_net_deployed,get_aum_window_dec_limit,get_aum_window_inc_limit,seed_wallet_net_deployed,withdraw_from_subaccount,get_wallet_deployed_assets,remove_wallet_and_reconcile,update_wallet_deployed_batch"
3c2f68775af6c3c38032e67aae2946562e93ac0701437bdd3867d028f264078a,"","upgrade,__constructor,deposit,withdraw_request,withdraw_request_with_allowance,withdraw,treasurer_deposit,add_currency_by_admin,remove_currency_by_admin,get_supported_currencies,is_currency_supported,get_withdraw_currency,get_shares_token,set_withdraw_verifier_by_admin,set_oracle_by_admin,set_treasurer_by_admin,set_deposit_fee_ratio_by_admin,set_withdraw_fee_ratio_by_admin,set_withdraw_fee_recv_by_admin,get_admin,get_withdraw_verifier,get_oracle,get_treasurer,get_withdraw_fee_ratio,get_deposit_fee_ratio,get_withdraw_fee_receiver,get_owner,transfer_ownership,accept_ownership,renounce_ownership"
3cda0d78dfcd8f3b7aab36a8002e887146e17ae982e9553a3f55b4ce61ec17ae,"","__constructor,bond,unbond,create_distribution_flow,distribute_rewards,withdraw_rewards,query_config,query_admin,query_staked,query_total_staked,query_withdrawable_rewards,migrate_admin_key,update"
3d3c0447351c24e4fadaece14088c724d742e8172a587022d9cd65af9ce9089e,"","upgrade,__constructor,add_signer,update_signer,revoke_signer,install_plugin,uninstall_plugin,is_deployed,__check_auth"
3e24f11c4f11d86bf620e6105199336b56229fcb1ee4e6a706d1b26fed772ca1,"PolicyAdded,SignerAdded,PolicyRemoved,SignerRemoved,ContextRuleAdded,PolicyRegistered,SignerRegistered,ContextRuleRemoved,PolicyDeregistered,SignerDeregistered,ContextRuleMetaUpdated","execute,upgrade,add_policy,add_signer,__check_auth,__constructor,get_policy_id,get_signer_id,remove_policy,remove_signer,add_context_rule,batch_add_signer,get_context_rule,remove_context_rule,get_context_rules_count,update_context_rule_name,update_context_rule_valid_until"
3e44006fa7750ef252ab0ffdb5150fc82caf3d9d7c82d69e1b91600f64b7834b,"","upgrade,interchain_token_service,execute_with_interchain_token,gateway,execute,__constructor,update_k,get_current_k,shares_balance,to_rebased,to_base_ceil,mint_from,burn_rebased,has_role,get_role_member_count,get_role_member,get_role_admin,get_admin,grant_role,revoke_role,renounce_role,renounce_admin,transfer_admin_role,accept_admin_transfer,set_role_admin,total_supply,balance,allowance,transfer,transfer_from,approve,decimals,name,symbol,burn,burn_from,set_axelar_config,token_id,get_axelar_its,get_axelar_gateway,get_axelar_chain,get_axelar_gas_token,get_evm_source_chain,get_evm_source_address"
4045e01865653cb2eb2e5cc39dc533a655efa8e365f11054faaef8c228524364,"PriceUpdated,ConfigUpdated,OracleInitialized,ContractUpgradedEvent,RoleGranted,RoleRevoked,RoleAdminChanged,Paused,Unpaused","base,pause,price,assets,prices,unpause,upgrade,decimals,has_role,is_paused,lastprice,grant_role,resolution,revoke_role,update_price,__constructor,renounce_role,update_config,get_role_admin,update_role_admin,get_contract_version"
40740fff41c64737aa80a6b81341bc1ab1201624bf60f8ee801c93089ee42444,"","upgrade,__constructor,paused,pause,unpause,transfer,transfer_from,approve,total_supply,balance,allowance,decimals,name,symbol,burn,burn_from,mint_from,add_to_blacklist,remove_from_blacklist,is_blacklisted,burn_blacklisted_tokens_by_admin,add_minter_by_manager,remove_minter_by_manager,get_minters,is_minter,set_blacklist_manager,set_minter_manager,is_blacklist_manager,get_blacklist_manager,is_minter_manager,get_minter_manager,get_admin,get_owner,transfer_ownership,accept_ownership,renounce_ownership"
4098a4b7331bc965731333eb838649add4cf2fa786cf7d3c693dc4ad88111029,"","upgrade,__constructor,mint,transfer,transfer_from,approve,total_supply,balance,allowance,decimals,name,symbol,blocked,block_user,unblock_user,block_users,unblock_users,burn_from_blacklisted_address,burn_from,paused,pause,unpause,has_role,get_role_member_count,get_role_member,get_role_admin,get_admin,grant_role,revoke_role,renounce_role,renounce_admin,transfer_admin_role,accept_admin_transfer,set_role_admin"
416704f4bce9a1a69d10b468deb0ed98944a6d21a5341663636b085df773c8a6,"SetAdmin,Initialize,Approve,TransferWithAmountOnly,Transfer,Burn,MintWithAmountOnly,Mint,Clawback","__constructor,set_file_metadata,mint,set_admin,ipfs_hash,file_type,gateways,ipns_hash,allowance,approve,balance,transfer,transfer_from,burn,burn_from,decimals,name,symbol"
431d700fa4cc38116671995934b220f923992cf2abee009f2e007d06540eb126,"","hashes,upgrade,registry,grant_role,set_hashes,deploy_deal,revoke_role,stack_admin,maintain_ttl,set_registry,__constructor,set_stack_admin"
43b83ae4e5ae689f004278f936a8616a2add5e09bb1024e8830c7f266f464963,"Paused,Applied,Migrated,Unpaused,Upgraded,Submitted,FundsAdded,WinnerPaid,AdminUpdated,EventCreated,FeeBpsUpdated,EventCancelled,ManagerChanged,UpgradeApplied,ManagerProposed,PendingAdminSet,TokenRegistered,WinnersSelected,MilestoneClaimed,FeeAccountUpdated,TokenDeregistered,ContributorRefunded,SubmissionWithdrawn,ApplicationWithdrawn,OwnerResidualRefunded,PendingUpgradeProposed,ProfileContractUpdated,PendingManagerCancelled,PendingUpgradeCancelled","pause,submit,id_base,migrate,unpause,version,add_funds,get_admin,get_event,is_paused,set_admin,claim_prize,get_fee_bps,get_manager,get_winners,set_fee_bps,accept_admin,create_event,start_cancel,__constructor,apply_upgrade,get_winner_at,accept_manager,get_applicants,get_submission,select_winners,apply_to_bounty,claim_milestone,finalize_cancel,get_fee_account,propose_manager,propose_upgrade,set_fee_account,get_applicant_at,get_contributors,get_winner_count,get_winners_page,get_contributor_at,is_supported_token,supported_token_at,get_applicant_count,get_applicants_page,get_pending_manager,get_pending_upgrade,withdraw_submission,get_profile_contract,process_cancel_batch,set_profile_contract,withdraw_application,get_contributor_count,get_contributors_page,supported_token_count,cancel_pending_manager,cancel_pending_upgrade,get_contributor_amount,get_migrated_to_version,register_supported_token,deregister_supported_token"
43f848b9d5368c9ea23c06a559357b633487844a3df14fa519ee832e83dbf8aa,"","upgrade,__constructor,add_signer,update_signer,revoke_signer,is_deployed,__check_auth"
450a59a3452072b688b113ff326f21ef90e2f6b52bd9c07e382e0fb5beb2677c,"EventCreated,EventCancelled,FundsAdded,ContributorRefunded,OwnerResidualRefunded,Applied,ApplicationWithdrawn,Submitted,SubmissionWithdrawn,WinnersSelected,WinnerPaid,MilestoneClaimed,TokenRegistered,TokenDeregistered,AdminUpdated,PendingAdminSet,FeeAccountUpdated,FeeBpsUpdated,ProfileContractUpdated,Paused,Unpaused,Upgraded,PendingUpgradeProposed,PendingUpgradeCancelled,UpgradeApplied,Migrated","__constructor,set_admin,accept_admin,set_fee_bps,set_fee_account,set_profile_contract,pause,unpause,propose_upgrade,apply_upgrade,cancel_pending_upgrade,migrate,register_supported_token,deregister_supported_token,is_supported_token,supported_token_count,supported_token_at,create_event,start_cancel,process_cancel_batch,finalize_cancel,add_funds,apply_to_bounty,withdraw_application,submit,withdraw_submission,select_winners,set_manager,get_manager,claim_milestone,get_event,get_submission,get_applicants,get_applicant_count,get_applicant_at,get_winners,get_winner_count,get_winner_at,get_contributors,get_contributor_count,get_contributor_at,get_contributor_amount,get_admin,get_fee_bps,get_fee_account,get_profile_contract,is_paused,version,get_pending_upgrade,get_migrated_to_version,id_base"
4536723b074aa9290d5b79a69ff8dff0eb0804183dbb2b340850564b293c9928,"","upgrade,__constructor,add_signer,update_signer,revoke_signer,get_signer,has_signer,install_plugin,uninstall_plugin,is_plugin_installed,is_deployed,__check_auth"
466e59f1477cd2cadb1e649d3bc09648f42f784ebc527f28566bc8d9c10ae785,"RoleGranted,RoleRevoked,AdminRenounced,RoleAdminChanged,AdminTransferCompleted,AdminTransferInitiated,Burn,Mint,Approve,Transfer,MuxedTransfer","burn,name,symbol,approve,balance,upgrade,decimals,has_role,transfer,allowance,burn_from,get_admin,mint_from,grant_role,revoke_role,total_supply,__constructor,renounce_role,transfer_from,get_role_admin,renounce_admin,set_role_admin,get_role_member,get_existing_roles,transfer_admin_role,accept_admin_transfer,get_role_member_count"
47fdce86e8fb24ac4cade3b7b20af6102a33dd880059ef133c5850bb503a162f,"SeedSet,TransactionExecuted,ExecutorSet,ExecutorRequiredSet,SignerSet,ThresholdSet,OwnershipTransferred,OwnershipTransferring,OwnershipTransferCancelled,OwnershipRenounced,RoleGranted,RoleRevoked,RoleAdminChanged,TtlConfigsSet,TtlConfigsFrozen","set_executor,set_executor_required,get_executors,is_executor,total_executors,executor_required,__check_auth,set_seed,execute_transaction,verify_merkle_root,verify_transaction_proof,encode_leaf,can_execute_transaction,onesig_id,nonce,seed,version,leaf_encoding_version,__constructor,authorizer,set_signer,set_threshold,get_signers,total_signers,is_signer,threshold,verify_signatures,verify_n_signatures,extend_instance_ttl,set_ttl_configs,ttl_configs,freeze_ttl_configs,is_ttl_configs_frozen"
497adb62a98134658ab04edb8a7a4dd9b008432bfa5c0a38f8ec95cc07f5fe83,"","init,get_policy,__check_auth,__constructor,revoke_policy,install_policy,get_agent_session,revoke_agent_session,install_agent_session"
49e1153e35206d1b1ec54ef3f68818716a8fa80cb470596396ba50803e601681,"CallSalt,BatchCallExecuted,BatchCallScheduled,RoleGranted,RoleRevoked,AdminRenounced,RoleAdminChanged,AdminTransferCompleted,AdminTransferInitiated,OwnershipTransfer,OwnershipRenounced,OwnershipTransferCompleted,MinDelayChanged,OperationExecuted,OperationCancelled,OperationScheduled","has_role,cancel_op,get_admin,execute_op,grant_role,revoke_role,schedule_op,__check_auth,update_delay,__constructor,execute_batch,get_min_delay,get_timestamp,renounce_role,get_role_admin,hash_operation,renounce_admin,schedule_batch,set_role_admin,get_role_member,operation_exists,is_operation_done,get_existing_roles,is_operation_ready,get_operation_state,transfer_admin_role,hash_operation_batch,is_operation_pending,accept_admin_transfer,get_role_member_count"
4a4cd0c413a0dc57a4edcfa6c9395d3a8c87f6e0cda4d5cd8b9e6ccfe5c9165e,"OwnershipTransfer,OwnershipRenounced,OwnershipTransferCompleted,Burn,Mint,Approve,Transfer,MuxedTransfer","burn,mint,name,symbol,approve,balance,upgrade,decimals,transfer,allowance,burn_from,get_owner,total_supply,__constructor,transfer_from,accept_ownership,renounce_ownership,transfer_ownership"
4a845e321c6179cb327b8b6df3cd288bea0215ccd377f95511b6216b8b588379,"Initialized,ChunkCreated,PixelClaimed","upgrade,get_chunk,claim_pixel,create_chunk,__constructor"
4ae21f458f506a6e4ae453e5f68c2676d92285739c463393df17994703b58ae1,"","__constructor,deploy,deploy_idempotent,upload_and_deploy,get_deployed_address,has_role,get_role_member_count,get_role_member,get_role_admin,get_admin,grant_role,revoke_role,renounce_role,renounce_admin,transfer_admin_role,accept_admin_transfer,set_role_admin"
4b3d9f6b09f7127b0ce81b0ce9d8428f3f960e4e3ce13c11c1cbb446cccc9e73,"AdminSet,OperatorSet,VaultPaused,VaultUnpaused,SubaccountAdded,AumLimitsChanged,SubaccountRemoved,DepositToSubaccount,AdminTransferAccepted,AdminTransferProposed,DeployedAssetsChanged,WalletBalanceDiverged,WalletDeployedUpdated,AdminTransferCancelled,AumWindowLimitsChanged,WithdrawFromSubaccount,WalletNetDeployedSeeded,WalletBalanceProbeFailed,StrategyBalanceProbeFailed,WalletDeployedBatchApplied,SetRoot,SetClaimed,Paused,Unpaused,DelegateChanged,DelegateVotesChanged,MinDelayChanged,OperationExecuted,OperationCancelled,OperationScheduled,ConsecutiveMint,Burn,SetTokenRoyalty,SetDefaultRoyalty,RemoveTokenRoyalty,Mint,Approve,Transfer,ApproveForAll,ModuleAdded,ModuleRemoved,DocumentRemoved,DocumentUpdated,KeyAllowed,KeyRemoved,ClaimRevoked,SignaturesInvalidated,ClaimAdded,ClaimChanged,ClaimRemoved,Burn,Mint,ClaimTopicAdded,ClaimTopicRemoved,TrustedIssuerAdded,IssuerTopicsUpdated,TrustedIssuerRemoved,IdentityStored,CountryDataAdded,IdentityModified,IdentityUnstored,IdentityRecovered,CountryDataRemoved,CountryDataModified,TokensFrozen,AddressFrozen,ComplianceSet,TokensUnfrozen,RecoverySuccess,IdentityVerifierSet,TokenOnchainIdUpdated,ClaimTopicsAndIssuersSet,TokenBound,TokenUnbound,Deposit,Withdraw,UserAllowed,UserDisallowed,UserBlocked,UserUnblocked,Approve,Transfer","mint,name,pause,redeem,symbol,approve,balance,deposit,unpause,upgrade,decimals,max_mint,transfer,withdraw,allowance,get_admin,is_paused,extend_ttl,max_redeem,max_deposit,query_asset,accept_admin,get_operator,max_withdraw,preview_mint,set_operator,total_assets,total_supply,__constructor,propose_admin,transfer_from,add_subaccount,preview_redeem,set_aum_limits,get_subaccounts,preview_deposit,preview_withdraw,convert_to_assets,convert_to_shares,get_pending_admin,remove_subaccount,get_deployed_assets,get_subaccount_type,cancel_admin_proposal,deposit_to_subaccount,get_strategy_balances,set_aum_window_limits,get_aum_decrease_limit,get_aum_increase_limit,update_deployed_assets,update_wallet_deployed,get_aum_window_duration,get_wallet_net_deployed,get_aum_window_dec_limit,get_aum_window_inc_limit,seed_wallet_net_deployed,withdraw_from_subaccount,get_wallet_deployed_assets,remove_wallet_and_reconcile,update_wallet_deployed_batch"
4beb4b6f90eb65291db698ca148903cf1946b20b7ffb381f5b1e25fe779af700,"MinterUpdated,PrimaryPurchase,Burn,SetTokenRoyalty,SetDefaultRoyalty,RemoveTokenRoyalty,Mint,Approve,Transfer,ApproveForAll","burn,mint,name,owner,symbol,approve,balance,owner_of,purchase,transfer,burn_from,is_minter,token_uri,set_minter,sale_config,disable_sale,get_approved,royalty_info,__constructor,transfer_from,approve_for_all,set_sale_config,set_token_royalty,transfer_ownership,is_approved_for_all,set_default_royalty,remove_token_royalty"
4e078251341d0ace55ce437f898015e6470d50806fd3f1119793583f8e5ae328,"RoleGranted,RoleRevoked,AdminRenounced,RoleAdminChanged,AdminTransferCompleted,AdminTransferInitiated,OwnershipTransfer,OwnershipRenounced,OwnershipTransferCompleted,SetRoot,SetClaimed,Paused,Unpaused,DelegateChanged,DelegateVotesChanged,VoteCast,QuorumChanged,ProposalQueued,ProposalCreated,ProposalExecuted,ProposalCancelled,MinDelayChanged,OperationExecuted,OperationCancelled,OperationScheduled,ConsecutiveMint,Burn,SetTokenRoyalty,SetDefaultRoyalty,RemoveTokenRoyalty,Mint,Approve,Transfer,ApproveForAll,ModuleAdded,ModuleRemoved,DocumentRemoved,DocumentUpdated,KeyAllowed,KeyRemoved,ClaimRevoked,SignaturesInvalidated,ClaimAdded,ClaimChanged,ClaimRemoved,Burn,Mint,ClaimTopicAdded,ClaimTopicRemoved,TrustedIssuerAdded,IssuerTopicsUpdated,TrustedIssuerRemoved,IdentityStored,CountryDataAdded,IdentityModified,IdentityUnstored,IdentityRecovered,CountryDataRemoved,CountryDataModified,TokensFrozen,AddressFrozen,ComplianceSet,TokensUnfrozen,RecoverySuccess,IdentityVerifierSet,TokenOnchainIdUpdated,ClaimTopicsAndIssuersSet,TokenBound,TokenUnbound,Deposit,Withdraw,Burn,UserAllowed,UserDisallowed,UserBlocked,UserUnblocked,Mint,Approve,Transfer","has_role,get_admin,grant_role,revoke_role,__constructor,renounce_role,get_role_admin,renounce_admin,set_role_admin,add_claim_topic,get_role_member,has_claim_topic,get_claim_topics,is_trusted_issuer,add_trusted_issuer,get_existing_roles,remove_claim_topic,get_trusted_issuers,transfer_admin_role,accept_admin_transfer,get_role_member_count,remove_trusted_issuer,get_claim_topic_issuers,update_issuer_claim_topics,get_claim_topics_and_issuers,get_trusted_issuer_claim_topics"
4e0df4342d505504d3e7fde2cf664fe896b8a01ed992426192968189ed83e821,"","domain_separator,minimum_rotation_delay,previous_signers_retention,approve_messages,rotate_signers,epoch,epoch_by_signers_hash,signers_hash_by_epoch,validate_proof,call_contract,is_message_approved,is_message_executed,validate_message,__constructor,operator,transfer_operatorship,owner,transfer_ownership,paused,pause,unpause,version,upgrade,migrate"
502ea4e7bdb3ea99880941f1d35ceb67fb598692c0bb40f842ef9c9f17d58b58,"Upgraded,SignerAdded,SignerRemoved,SignerUpdated","upgrade,add_signer,get_signer,__check_auth,__constructor,remove_signer,update_signer"
503c77f2b0d7810273544c4a56ef5c6d38730d48481c1860de3c41a3e6404a92,"","upgrade,interchain_token_service,execute_with_interchain_token,gateway,execute,__constructor,update_k,get_current_k,shares_balance,to_rebased,to_base_ceil,mint_from,burn_rebased,has_role,get_role_member_count,get_role_member,get_role_admin,get_admin,grant_role,revoke_role,renounce_role,renounce_admin,transfer_admin_role,accept_admin_transfer,set_role_admin,total_supply,balance,allowance,transfer,transfer_from,approve,decimals,name,symbol,burn,burn_from,set_axelar_config,token_id,get_axelar_its,get_axelar_gateway,get_axelar_chain,get_axelar_gas_token,get_evm_source_chain,get_evm_source_address"
516404e6eec328d9c6638f0aeade1df231aa5c043d1900048a59c12a5806be15,"RoleGranted,RoleRevoked,AdminRenounced,RoleAdminChanged,AdminTransferCompleted,AdminTransferInitiated,Approve,Transfer,ApproveForAll,ConsecutiveMint,Burn,SetTokenRoyalty,SetDefaultRoyalty,RemoveTokenRoyalty","burn,name,symbol,approve,balance,upgrade,has_role,owner_of,transfer,burn_from,get_admin,token_uri,batch_mint,grant_role,revoke_role,get_approved,royalty_info,__constructor,renounce_role,transfer_from,get_role_admin,renounce_admin,set_role_admin,approve_for_all,get_role_member,set_token_royalty,get_existing_roles,is_approved_for_all,set_default_royalty,transfer_admin_role,remove_token_royalty,accept_admin_transfer,get_role_member_count"
52ba2e1cdee4e0236eb1ce0ac415553adfe9da399df95beaa3204e15b3c5429b,"RoleGranted,RoleRevoked,AdminRenounced,RoleAdminChanged,AdminTransferCompleted,AdminTransferInitiated,OwnershipTransfer,OwnershipRenounced,OwnershipTransferCompleted,PolicyAdded,SignerAdded,PolicyRemoved,SignerRemoved,ContextRuleAdded,PolicyRegistered,SignerRegistered,ContextRuleRemoved,PolicyDeregistered,SignerDeregistered,ContextRuleMetaUpdated,SpendingLimitPolicyEnforced,SimplePolicyEnforced,WeightedPolicyEnforced","execute,upgrade,get_owner,add_policy,add_signer,__check_auth,__constructor,get_signer_id,remove_policy,remove_signer,recover_wallet,web_auth_verify,accept_ownership,add_context_rule,get_context_rule,get_verifier_key,renounce_ownership,transfer_ownership,get_recovery_signer,remove_context_rule,get_context_rules_count,update_context_rule_name,update_context_rule_valid_until"
53aedce077a1336d68972edcde6964272fcc95b74bcc0f95f259b50bf8caaeaa,"","upgrade,__constructor,deposit,withdraw_request,withdraw_request_with_allowance,withdraw,treasurer_deposit,add_currency_by_admin,remove_currency_by_admin,get_supported_currencies,is_currency_supported,get_withdraw_currency,get_shares_token,set_withdraw_verifier_by_admin,set_oracle_by_admin,set_treasurer_by_admin,set_deposit_fee_ratio_by_admin,set_withdraw_fee_ratio_by_admin,set_withdraw_fee_recv_by_admin,get_admin,get_withdraw_verifier,get_oracle,get_treasurer,get_withdraw_fee_ratio,get_deposit_fee_ratio,get_withdraw_fee_receiver,get_owner,transfer_ownership,accept_ownership,renounce_ownership"
5402ea4dd52db8575fd82f121b7ccae60cda0ae589d89710655a401be5ceaf3a,"Swap,Deposit,FeeTaken,Withdraw,RoleGranted,RoleRevoked,FeeSettingsSet,RelayerFeeTaken,IntegratorInfoSet","swap,deposit,relayer,upgrade,has_role,withdraw,grant_role,denominator,revoke_role,set_relayer,fee_settings,__constructor,renounce_role,integrator_info,deposit_approver,set_fee_settings,deposit_processed,withdraw_processed,extend_instance_ttl,set_integrator_info,set_deposit_approver,calculate_fee_amounts,extend_persistent_ttl,instance_ttl_settings,allbridge_core_address,persistent_ttl_settings,set_instance_ttl_settings,set_persistent_ttl_settings"
547a076fedf192ebf3fc0d274ca80fdc578c6a2c02176643554ffe46a45843da,"","burn,mint,name,admin,symbol,balance,decimals,transfer,initialize,__constructor"
54c79aac3d2a971fb8d11e7cbbab87ee2a4be10b60b48bb21e1d6254affe5bf3,"PtAdded,PtRemoved,FeeReduced,BridgeChange,RouterChange,FactoryChange,YieldFeeChange,PtWasmHashChange,RegistryUpgraded,YtWasmHashChange,FeeCollectorChange,PtFlashLoanFeeChange,TokenizationFeeChange,LimitOrderEngineChange,RoleGranted,RoleRevoked,AdminTransferCompleted,AdminTransferInitiated","add_pt,upgrade,has_role,get_pt_at,remove_pt,get_bridge,get_router,grant_role,reduce_fee,set_bridge,set_router,get_factory,revoke_role,set_factory,get_pt_count,__constructor,get_yield_fee,set_yield_fee,get_pt_wasm_hash,get_yt_wasm_hash,is_registered_pt,set_pt_wasm_hash,set_yt_wasm_hash,get_fee_collector,get_fee_reduction,set_fee_collector,transfer_admin_role,get_tokenization_fee,set_tokenization_fee,accept_admin_transfer,get_fee_collector_opt,get_pt_flash_loan_fee,set_pt_flash_loan_fee,get_limit_order_engine,set_limit_order_engine"
556a300afee794c559573f4d95dd858944e3036e7cea14487830f27bec601df2,"","__constructor,version,upgrade,update_signature_threshold,add_signer,remove_signer,get_signers,get_nonce,validate_op,execute_op,__check_auth"
56638944de087f45f3c9fd441204747ab91cc95331d4bde92811bec61bd12722,"","create_liquidity_pool,update_config,query_pools,query_pool_details,query_all_pools_details,query_for_pool_by_token_pair,get_admin,get_config,query_user_portfolio,migrate_admin_key,propose_admin,revoke_admin_change,accept_admin,__constructor,update,set_blend_wasm_hash,query_version,add_new_key_to_storage"
56697893f5198f26f6c0016aa7f84c92dab5eaa9ad3add2010adfa10786ec474,"","balance,clawback,purchase,transfer,add_admin,get_issuer,token_price,get_metadata,remove_admin,usdc_balance,withdraw_usdc,__constructor,bump_user_ttls,set_kyc_status,is_kyc_verified,check_compliance,bump_instance_ttl,set_compliance_status,configure_authorization,set_transfer_restriction"
567e85fd61a4be34bd1f5a1a5be43958c1649c662db0a6493de54ec389151346,"Buy,Fund,Sell,Batch,Redeem,Voided,Created,Resolved,FeesVested,PrivateBatch,LiquiditySettled,PrivateActivated","buy,cost,fund,sell,void,admin,redeem,status,batcher,outcome,resolve,resolver,fee_state,get_state,price_yes,quote_buy,shares_of,collateral,extend_ttl,quote_sell,apply_batch,market_info,quote_batch,set_batcher,set_resolver,__constructor,state_version,private_config,scenario_state,activate_private,required_funding,settle_liquidity,record_vested_fees,apply_private_batch,quote_private_batch,unallocated_balance,apply_private_batch_received"
57ba0367fd7f5edd8e01a3a1c432a441d49440fdb229fb3dd835528dfc7a41fd,"","__constructor,bond,unbond,create_distribution_flow,distribute_rewards,withdraw_rewards,query_config,query_admin,query_staked,query_total_staked,query_withdrawable_rewards,migrate_admin_key,update"
5991ae59e65b0d1e3a222939cabf197d80c41ee09a5e62fe4f7ed1526623a864,"MemberAdded,SignerAdded,MemberRemoved,QuorumCreated,SignerRemoved,ProposalCreated,ProposalApproved,ProposalExecuted,ProposalRejected,ThresholdUpdated,ProposalCancelled,PolicyAdded,SignerAdded,PolicyRemoved,SignerRemoved,ContextRuleAdded,ContextRuleRemoved,ContextRuleUpdated,SpendingLimitPolicyEnforced,SimplePolicyEnforced,WeightedPolicyEnforced","cancel,reject,approve,execute,propose,add_member,add_signer,get_member,get_members,__check_auth,get_proposal,__constructor,get_threshold,remove_member,remove_signer,set_threshold,get_proposal_ids"
5af47dcbc8ffecad7efe9fec0b29f0421b659a6b7cf9ad2126e5be8b94762df9,"SetRoot,SetClaimed,Paused,Unpaused","burn,mint,name,symbol,approve,balance,upgrade,decimals,has_role,transfer,allowance,burn_from,get_admin,mint_from,grant_role,to_rebased,revoke_role,mint_rebased,set_metadata,to_base_ceil,total_supply,__constructor,renounce_role,transfer_from,get_role_admin,renounce_admin,set_role_admin,shares_balance,get_role_member,mint_from_rebased,get_existing_roles,transfer_admin_role,accept_admin_transfer,get_role_member_count"
5afd1577414b3183f73b1bff0b53611ab7ba71fc3948c874e588d56496a1677d,"","burn,name,pause,paused,symbol,approve,balance,blocked,unpause,upgrade,decimals,has_role,transfer,allowance,burn_from,get_admin,mint_from,block_user,grant_role,revoke_role,total_supply,unblock_user,renounce_role,transfer_from,__constructor,get_role_admin,renounce_admin,set_role_admin,get_role_member,transfer_admin_role,accept_admin_transfer,get_role_member_count"
5c2c44a7e0401051cf6c5c09a360ad16e347df72e88febc9e3a0a9aca3b621e7,"","__constructor,deposit,accept,check_expiry,batch_check_expiry,dispute,resolve_dispute,set_admin,pause,unpause,extend_ttl,is_paused,admin,token,escrow_count,get_escrow,pending_ids,released_ids,refunded_ids,disputed_ids"
5d7e3d16c78437f14fc032d0d08962e9fb0a4ec426b9deb7ff38b081ff283d57,"","upgrade,__constructor,mint_from,mint,total_supply,balance,allowance,transfer,transfer_from,approve,decimals,name,symbol,burn,burn_from,has_role,get_role_member_count,get_role_member,get_role_admin,get_admin,grant_role,revoke_role,renounce_role,renounce_admin,transfer_admin_role,accept_admin_transfer,set_role_admin,get_underlying_for_amount,get_amount_for_underlying,deposit,withdraw,set_axelar_config,token_id,get_axelar_its,get_axelar_chain,get_axelar_gas_token,interchain_transfer,get_merkle_epoch,get_banned_amount,set_new_epoch,get_merkle_root,is_claimed,amt_to_claim,sync_balances"
5f72dd9ce62f3c7e3f7c21d428c5a1e7284edbbdeae9a7ec3e3727a6b98ef285,"Init,Pause,Cancel,Create,OwnXfer,Trigger,Unpause,Upgrade,TriggerN","get,pause,cancel,create,trigger,unpause,upgrade,trigger_n,__constructor,transfer_ownership"
60c64fb9c0a26e5a2c81282b57a54dd325fb91609123fe6e1a524ebb43377e11,"PutEvent,ExitEvent,ContractUpgradedEvent,RoleGranted,RoleRevoked,RoleAdminChanged","put,exit,upgrade,version,has_role,grant_role,revoke_role,__constructor,renounce_role,fetch_registry,get_role_admin,fetch_yld_token,fetch_usst_token,update_role_admin"
622df0f2b813e9beb2885ead499844cb75a39ead6755482791c5c4c17430c989,"RoleGranted,RoleRevoked,AdminRenounced,RoleAdminChanged,AdminTransferCompleted,AdminTransferInitiated,Burn,Mint,Approve,Transfer,MuxedTransfer","burn,name,symbol,approve,balance,upgrade,decimals,has_role,set_name,transfer,allowance,burn_from,get_admin,mint_from,grant_role,revoke_role,total_supply,__constructor,renounce_role,transfer_from,get_role_admin,renounce_admin,set_role_admin,get_role_member,get_existing_roles,transfer_admin_role,accept_admin_transfer,get_role_member_count"
630b0e919ab7fc1e103ba51664034bee109cef85a2e6afced6839c9a3ab45c26,"SimplePolicyEnforced,SpendingLimitPolicyEnforced,WeightedPolicyEnforced,ContextRuleAdded,ContextRuleUpdated,ContextRuleRemoved,SignerAdded,SignerRemoved,PolicyAdded,PolicyRemoved,SetRoot,SetClaimed,Paused,Unpaused","upgrade,__constructor,__check_auth,get_context_rule,get_context_rules,add_context_rule,update_context_rule_name,update_context_rule_valid_until,remove_context_rule,add_signer,remove_signer,add_policy,remove_policy,execute"
6365e9fc6983253bd858a36e8e2f8cb6d527ab1ec7a7a85ea6d206cc8f38d7e0,"Burn,ClaimTopicAdded,ClaimTopicRemoved,TrustedIssuerAdded,IssuerTopicsUpdated,TrustedIssuerRemoved,Deposit,Withdraw,Mint,Approve,Transfer,Burn,Mint,TokensFrozen,AddressFrozen,ComplianceSet,TokensUnfrozen,RecoverySuccess,IdentityVerifierSet,TokenOnchainIdUpdated,ClaimTopicsAndIssuersSet,UserAllowed,UserDisallowed,ModuleAdded,ModuleRemoved,KeyAllowed,KeyRemoved,ClaimRevoked,SignaturesInvalidated,UserBlocked,UserUnblocked,DocumentRemoved,DocumentUpdated,TokenBound,TokenUnbound,Burn,ConsecutiveMint,Mint,Approve,Transfer,ApproveForAll,ClaimAdded,ClaimChanged,ClaimRemoved,IdentityStored,CountryDataAdded,IdentityModified,IdentityUnstored,IdentityRecovered,CountryDataRemoved,CountryDataModified,SetTokenRoyalty,SetDefaultRoyalty,RemoveTokenRoyalty,SetRoot,SetClaimed,Paused,Unpaused,RoleGranted,RoleRevoked,AdminRenounced,RoleAdminChanged,AdminTransferCompleted,AdminTransferInitiated,OwnershipTransfer,OwnershipRenounced,OwnershipTransferCompleted","burn,mint,name,pause,paused,symbol,allowed,approve,balance,unpause,upgrade,decimals,has_role,transfer,allowance,burn_from,get_admin,allow_user,force_burn,grant_role,revoke_role,total_supply,__constructor,disallow_user,renounce_role,transfer_from,get_role_admin,renounce_admin,set_role_admin,get_role_member,get_existing_roles,transfer_admin_role,accept_admin_transfer,get_role_member_count"
646a683963fcf14d4bfd0e11ba7f1e07a790d446b06c87d34af69f0ba06361a5,"","__constructor,is_token_registered,is_doc_registered,is_paused,change_owner,decimals,name,symbol,total_supply,balance,transfer,allowance,transfer_from,approve,pause,unpause,mint,mint_to,burn,burn_from,grant_kyc,revoke_kyc,update_all_docs,register_doc,unregister_doc,register_token,unregister_token"
649715de2b14df3c34a560d9ffb01deeefe029404cd3e9ab184ba22702cbed79,"","__constructor,bond,unbond,create_distribution_flow,distribute_rewards,withdraw_rewards,update_config,query_config,query_admin,query_staked,query_total_staked,query_withdrawable_rewards,migrate_admin_key,update"
65e6fa754cc1edbbe365c69d8b86be71666329a8283b5305ac34efafdbfd28cd,"","__constructor,is_ended,is_claimed,claim,recover_unclaimed"
66e86faae2a7fa410981d518564472fa40751a846ad852ea5de6cc7c6549d5f6,"FacilityRepaid,FacilityBorrowed,FacilityCollateral,RoleGranted,RoleRevoked,AdminRenounced,RoleAdminChanged,AdminTransferCompleted,AdminTransferInitiated","pool,repay,borrow,upgrade,has_role,get_admin,grant_role,revoke_role,borrow_asset,__constructor,renounce_role,get_role_admin,renounce_admin,set_role_admin,get_role_member,supply_collateral,get_existing_roles,transfer_admin_role,withdraw_collateral,accept_admin_transfer,get_role_member_count"
67ab60cfad4ff37a1e972c871260bd7d058142a7f54103268630e569cabc1ac8,"ProposalSubmitted,ProposalAccepted,ProposalRevoked,OwnershipTransferSubmitted,ActionTtlSet,TtlExtended,RoleGranted,RoleRevoked","__constructor,next_proposal_id,get_proposal,get_effective_proposal_ttl,get_operation_ttl,create_proposal,cancel_proposal,execute_proposal,has_role,list_role,get_roles,active_ids,proxy_oracle,extend_ttl"
67ba2a36d61df77053d628f4f6bea50d300caa972fe0d9c539ace9636369f484,"","swap,simulate_swap,simulate_reverse_swap,migrate_admin_key,propose_admin,revoke_admin_change,accept_admin,query_admin,__constructor,update,query_version,add_new_key_to_storage"
680b9ccf2416bfd941962bc751921cc6c2a9abfdb520f68b2df950a1bbd41258,"HeartbeatUpdated,AggregatorUpdated,BurnedBlockedFunds,MaxBurnMintUpdated,MaxTransferUpdated,RoleGranted,RoleRevoked,AdminRenounced,RoleAdminChanged,AdminTransferCompleted,AdminTransferInitiated,OwnershipTransfer,OwnershipRenounced,OwnershipTransferCompleted,SetRoot,SetClaimed,Paused,Unpaused,ConsecutiveMint,Burn,SetTokenRoyalty,SetDefaultRoyalty,RemoveTokenRoyalty,Mint,Approve,Transfer,ApproveForAll,ModuleAdded,ModuleRemoved,DocumentRemoved,DocumentUpdated,KeyAllowed,KeyRemoved,ClaimRevoked,SignaturesInvalidated,ClaimAdded,ClaimChanged,ClaimRemoved,Burn,Mint,ClaimTopicAdded,ClaimTopicRemoved,TrustedIssuerAdded,IssuerTopicsUpdated,TrustedIssuerRemoved,IdentityStored,CountryDataAdded,IdentityModified,IdentityUnstored,IdentityRecovered,CountryDataRemoved,CountryDataModified,TokensFrozen,AddressFrozen,ComplianceSet,TokensUnfrozen,RecoverySuccess,IdentityVerifierSet,TokenOnchainIdUpdated,ClaimTopicsAndIssuersSet,TokenBound,TokenUnbound,Deposit,Withdraw,Burn,UserAllowed,UserDisallowed,UserBlocked,UserUnblocked,Mint,Approve,Transfer","burn,mint,name,admin,pause,symbol,approve,balance,unpause,upgrade,decimals,has_role,transfer,allowance,is_paused,aggregator,grant_role,is_blocked,revoke_role,accept_admin,max_transfer,total_supply,__constructor,max_burn_mint,transfer_from,block_accounts,set_aggregator,transfer_admin,set_max_transfer,unblock_accounts,set_max_burn_mint,get_latest_reserve,aggregator_heartbeat,set_aggregator_heartbeat,remove_funds_from_blocked"
6835c23806075288284c89e133b271a3ac9c61977fbe49121f92c5431f29a0e7,"DidUpdated,DidRegistered,DidDeactivated,AdminTransferred,ContractInitialized,DidControllerTransferred","get,update,register,get_admin,deactivate,accept_admin,__constructor,propose_admin,transfer_controller"
69909a7c5ad44ebad7206c2c081b8ddc13dd637f2f15039b9cfa2f1411a2f869,"Mint,Approve,Transfer,ApproveForAll,Burn,UserBlocked,UserUnblocked,Mint,Approve,Transfer,SetTokenRoyalty,SetDefaultRoyalty,RemoveTokenRoyalty,UserAllowed,UserDisallowed,Burn,ConsecutiveMint,ClaimAdded,ClaimChanged,ClaimRemoved,ClaimTopicAdded,ClaimTopicRemoved,TrustedIssuerAdded,IssuerTopicsUpdated,TrustedIssuerRemoved,DocumentRemoved,DocumentUpdated,KeyAllowed,KeyRemoved,ClaimRevoked,SignaturesInvalidated,TokenBound,TokenUnbound,IdentityStored,CountryDataAdded,IdentityModified,IdentityUnstored,IdentityRecovered,CountryDataRemoved,CountryDataModified,ModuleAdded,ModuleRemoved,Burn,Mint,TokensFrozen,AddressFrozen,ComplianceSet,TokensUnfrozen,RecoverySuccess,IdentityVerifierSet,TokenOnchainIdUpdated,ClaimTopicsAndIssuersSet,Deposit,Withdraw,SetRoot,SetClaimed,Paused,Unpaused,RoleGranted,RoleRevoked,AdminRenounced,RoleAdminChanged,AdminTransferCompleted,AdminTransferInitiated,OwnershipTransfer,OwnershipRenounced,OwnershipTransferCompleted","burn,mint,name,symbol,approve,balance,upgrade,decimals,has_role,transfer,allowance,burn_from,get_admin,mint_from,grant_role,to_rebased,revoke_role,mint_rebased,set_metadata,to_base_ceil,total_supply,__constructor,renounce_role,transfer_from,get_role_admin,renounce_admin,set_role_admin,shares_balance,get_role_member,mint_from_rebased,transfer_admin_role,accept_admin_transfer,get_role_member_count"
6b20edaab23fcaf4ba5661123a849938e5ff2e90a0283388fc563880df66978e,"DeployControllerEvent,DeployPriceAggregatorEvent,RoleGranted,RoleRevoked,AdminTransferCompleted,AdminTransferInitiated,OwnershipTransfer,OwnershipTransferCompleted,MinDelayChanged,OperationExecuted,OperationCancelled,OperationScheduled","pause,cancel,execute,propose,has_role,add_spoke,controller,create_hub,execute_self,get_min_delay,hash_operation,set_sanity_band,accept_ownership,price_aggregator,deploy_controller,get_operation_state,get_operation_ledger,resolve_asset_oracle,revoke_role_immediate,set_spoke_asset_flags,deploy_price_aggregator,execute_canceller_reset,propose_canceller_reset,resolve_oracle_tolerance,__constructor"
6b4804920a4068dfdcaaa711fac6390850e0a92f4b5ed4e46259694b61cbae12,"Paused,Migrated,Unpaused,Upgraded,AdminUpdated,UpgradeApplied,PendingAdminSet,ReputationBumped,ReputationSlashed,EarningsRegistered,ProfileBootstrapped,EventsContractUpdated,AdminReputationSlashed,PendingUpgradeProposed,EventsRotationCancelled,PendingUpgradeCancelled,PendingEventsContractSet","pause,migrate,unpause,version,bootstrap,get_admin,is_paused,set_admin,get_profile,accept_admin,get_earnings,__constructor,apply_upgrade,bootstrap_self,bump_reputation,propose_upgrade,slash_reputation,register_earnings,get_events_contract,get_pending_upgrade,set_events_contract,accept_events_contract,admin_slash_reputation,cancel_pending_upgrade,get_migrated_to_version,propose_events_contract,get_pending_events_contract,cancel_pending_events_contract"
6b5cfa77b52987cc75e764be8a610fdbc037bb588f67691f27d7f8167192825d,"RoleGranted,RoleRevoked,AdminRenounced,RoleAdminChanged,AdminTransferCompleted,AdminTransferInitiated,VerificationKeyUpdated,VerificationKeyRegistered","upgrade,has_role,get_admin,grant_role,revoke_role,verify_proof,__constructor,renounce_role,get_role_admin,renounce_admin,set_role_admin,get_role_member,get_existing_roles,transfer_admin_role,get_verification_key,accept_admin_transfer,get_role_member_count,update_verification_key,register_verification_key,register_verification_key_u32"
6bb5e9008b05099dc34415bf031823f42c09c0b0c9c87c5b886e8f64aab6e221,"Upgraded,VaultDeployed,UpgradePending,UpgraderUpdated,WasmHashUpdated,UpgradeCancelled,UpgraderChangePending,WasmHashChangePending,WasmHashChangeCancelled,RoleGranted,RoleRevoked,AdminRenounced,RoleAdminChanged,AdminTransferCompleted,AdminTransferInitiated,OwnershipTransfer,OwnershipRenounced,OwnershipTransferCompleted,SetRoot,SetClaimed,Paused,Unpaused","has_role,get_admin,get_vault,get_vaults,grant_role,revoke_role,deploy_vault,get_upgrader,__constructor,renounce_role,accept_upgrade,cancel_upgrade,get_role_admin,renounce_admin,set_role_admin,accept_upgrader,get_role_member,get_vault_count,propose_upgrade,propose_upgrader,get_pending_upgrade,get_vault_wasm_hash,transfer_admin_role,get_pending_upgrader,accept_admin_transfer,get_role_member_count,accept_vault_wasm_hash,cancel_vault_wasm_hash,propose_vault_wasm_hash,get_pending_vault_wasm_hash"
6c19d2b024c9a5f9bdfd00126160c280056e345e8856477a997eb6b6bcd46959,"Burn,ClaimTopicAdded,ClaimTopicRemoved,TrustedIssuerAdded,IssuerTopicsUpdated,TrustedIssuerRemoved,Deposit,Withdraw,Mint,Approve,Transfer,Burn,Mint,TokensFrozen,AddressFrozen,ComplianceSet,TokensUnfrozen,RecoverySuccess,IdentityVerifierSet,TokenOnchainIdUpdated,ClaimTopicsAndIssuersSet,UserAllowed,UserDisallowed,ModuleAdded,ModuleRemoved,KeyAllowed,KeyRemoved,ClaimRevoked,SignaturesInvalidated,UserBlocked,UserUnblocked,DocumentRemoved,DocumentUpdated,TokenBound,TokenUnbound,Burn,ConsecutiveMint,Mint,Approve,Transfer,ApproveForAll,ClaimAdded,ClaimChanged,ClaimRemoved,IdentityStored,CountryDataAdded,IdentityModified,IdentityUnstored,IdentityRecovered,CountryDataRemoved,CountryDataModified,SetTokenRoyalty,SetDefaultRoyalty,RemoveTokenRoyalty,SetRoot,SetClaimed,Paused,Unpaused,RoleGranted,RoleRevoked,AdminRenounced,RoleAdminChanged,AdminTransferCompleted,AdminTransferInitiated,OwnershipTransfer,OwnershipRenounced,OwnershipTransferCompleted","burn,mint,name,pause,paused,symbol,allowed,approve,balance,unpause,upgrade,decimals,has_role,transfer,allowance,burn_from,get_admin,allow_user,force_burn,grant_role,revoke_role,total_supply,__constructor,disallow_user,renounce_role,transfer_from,get_role_admin,renounce_admin,set_role_admin,get_role_member,get_existing_roles,transfer_admin_role,accept_admin_transfer,get_role_member_count"
6e6f87b920cb63e6115cdcd414b5afc752e3abded1b44b34754e834f4c6a6030,"Swap,Deposit,FeeTaken,Withdraw,RoleGranted,RoleRevoked,FeeSettingsSet,RelayerFeeTaken,IntegratorInfoSet","swap,deposit,relayer,upgrade,has_role,withdraw,grant_role,denominator,revoke_role,set_relayer,fee_settings,__constructor,renounce_role,integrator_info,deposit_approver,set_fee_settings,deposit_processed,withdraw_processed,extend_instance_ttl,set_integrator_info,set_deposit_approver,calculate_fee_amounts,extend_persistent_ttl,instance_ttl_settings,allbridge_core_address,persistent_ttl_settings,set_instance_ttl_settings,set_persistent_ttl_settings"
6f2afa08f67a68e225a5109103c52f313e42ea0449be0a40369a4ba1a9189fc4,"RoleGranted,RoleRevoked,AdminRenounced,RoleAdminChanged,AdminTransferCompleted,AdminTransferInitiated,Burn,Mint,Approve,Transfer,MuxedTransfer","burn,name,symbol,approve,balance,upgrade,decimals,has_role,set_name,transfer,allowance,burn_from,get_admin,mint_from,grant_role,revoke_role,total_supply,__constructor,renounce_role,transfer_from,get_role_admin,renounce_admin,set_role_admin,get_role_member,get_existing_roles,transfer_admin_role,accept_admin_transfer,get_role_member_count"
6fe099b64855bcba2b7fc6f4cd9b0d8e6cc98743eac6cd44042fc7ef0c22e3f7,"","provide_liquidity,swap,withdraw_liquidity,update_config,upgrade,query_config,query_share_token_address,query_stake_contract_address,query_pool_info,query_pool_info_for_factory,simulate_swap,simulate_reverse_swap,query_share,query_total_issued_lp,propose_admin,revoke_admin_change,accept_admin,query_admin,set_delegate,withdraw_to_delegate,deposit_from_delegate,donate,query_delegate_state,set_min_trading_balances,min_trading_balances,__constructor,query_version,add_new_key_to_storage"
7041b963b9da207bbc8f4010d64f222acb672f227ef259588d20c204f3a5183a,"","join,claim,pause,start,resume,migrate,upgrade,get_cycle,get_round,contribute,get_member,get_roster,get_system,keep_alive,open_round,void_round,get_received,get_solvency,request_exit,settle_round,__constructor,get_claimable,remove_member,get_obligation,get_join_amount,get_round_window,get_active_policy,get_schema_version,get_claimable_balance"
711eaa2bfb496b318eaa77215c4868522b55953b6ca8e7c9714baa2ebc92ace5,"","upgrade,__constructor,mint,transfer,transfer_from,approve,total_supply,balance,allowance,decimals,name,symbol,blocked,block_user,unblock_user,block_users,unblock_users,burn_from_blacklisted_address,burn_from,paused,pause,unpause,has_role,get_role_member_count,get_role_member,get_role_admin,get_admin,grant_role,revoke_role,renounce_role,renounce_admin,transfer_admin_role,accept_admin_transfer,set_role_admin"
71648e1b8ee1231ea03c096257ed3c6d55478effbfab77b8e587a5139ab84cbe,"","allowance,approve,balance,transfer,transfer_from,burn,burn_from,decimals,name,symbol,token_id,is_minter,mint_from,add_minter,remove_minter,set_admin,admin,set_authorized,authorized,mint,clawback,owner,transfer_ownership,__constructor,version,required_auths,upgrade,migrate"
7179354408bc25d9821ee005178485c62a7af21ba2b5d8b61aa65b4a3712cdc5,"Commit,VoteCast,MemberAdded,VoteRemoved,BadgesUpdated,UpgradeStatus,ContractPaused,ContractUpdated,ProposalCreated,UpgradeApproved,UpgradeProposed,ProposalExecuted,ProjectRegistered,SubProjectsUpdated,AnonymousVotingSetup,ProjectConfigUpdated,ConflictOfInterestUpdated","vote,proof,execute,get_dao,remove_vote,get_proposal,create_proposal,revoke_proposal,anonymous_voting_setup,add_conflict_of_interest,get_conflict_of_interest,get_anonymous_voting_config,remove_conflict_of_interest,build_commitments_from_votes,pause,version,__constructor,approve_upgrade,propose_upgrade,finalize_upgrade,set_nqg_contract,get_admins_config,require_not_paused,set_domain_contract,get_upgrade_proposal,set_collateral_contract,add_projects_to_pagination,add_member,get_badges,get_member,set_badges,update_member,get_max_weight,commit,register,get_commit,get_project,get_projects,update_config,get_sub_projects,set_sub_projects"
71c274fd6c0855c1a151f7cd0a00c4f37171ea7cc4a560b24d659db4b02383bc,"","__constructor,update_release_key,open,guard,seal,release_key,steward,update_steward,bound_aid,unbound_aid,aid_of,assigned_aid_of,available_aid_of,__check_auth"
72323cc4d5df445d7777f90d0ca3ab55b58afbbb0fb1bdebb03755090c96b5bb,"","__constructor,bond,unbond,create_distribution_flow,distribute_rewards,withdraw_rewards,query_config,query_admin,query_staked,query_total_staked,query_withdrawable_rewards,migrate_admin_key,update"
73a8013c0bfbd5e759fce70b36fa2e43684607a6a76a9d86688e74237209d059,"Transfer,TrustNew,VoteCast,MemberJoin,MemberLeave,GraceRevoked,RoleReleased,ClaimApproved,ClaimRejected,ClaimSubmitted,DemurrageSplit,GraceActivated,ProposalCreated,ReputationChanged,MigrationCompleted,GenesisMemberJoined,GenesisTrustCreated,ReputationThreshold,VerifierFundUpdated,VerifierElectionVote,VerifierElectionCreated,VerifierElectionFinalized,VerifierCompensationClaimed","init,mint,balance,transfer,get_admin,step_down,get_oracle,join_trust,get_account,leave_trust,get_election,get_proposal,get_verifier,migrate_data,total_supply,__constructor,set_probation,get_all_trusts,get_reputation,get_trust_info,get_work_claim,register_trust,create_proposal,is_on_probation,register_oracle,cross_trust_swap,get_genesis_pool,get_grace_period,process_proposal,vote_on_proposal,get_account_trust,get_all_proposals,get_next_claim_id,get_verifier_fund,register_verifier,reject_work_claim,submit_work_claim,unregister_oracle,update_role_score,approve_work_claim,implement_proposal,is_in_grace_period,join_genesis_trust,report_grace_abuse,designate_successor,extend_grace_period,get_all_reputations,get_reputation_data,get_trust_elections,unregister_verifier,get_genesis_trust_id,get_migration_status,get_next_proposal_id,get_protocol_version,get_total_supply_raw,activate_grace_period,can_multi_trust_verify,vote_verifier_election,calculate_exchange_rate,propose_verifier_election,simulate_cross_trust_swap,finalize_verifier_election,get_account_demurrage_rate,claim_verifier_compensation,get_verifier_pending_claims"
754486d7d80cc6de6af86a5db0ea6be39b6b654e6e61a9390a1e3ec13c2662c5,"DeployControllerEvent,DeployPriceAggregatorEvent,RoleGranted,RoleRevoked,AdminTransferCompleted,AdminTransferInitiated,OwnershipTransfer,OwnershipTransferCompleted,MinDelayChanged,OperationExecuted,OperationCancelled,OperationScheduled","pause,cancel,execute,propose,has_role,add_spoke,controller,create_hub,execute_self,get_min_delay,hash_operation,set_sanity_band,accept_ownership,price_aggregator,deploy_controller,get_operation_state,get_operation_ledger,resolve_asset_oracle,revoke_role_immediate,set_spoke_asset_flags,deploy_price_aggregator,execute_canceller_reset,propose_canceller_reset,resolve_oracle_tolerance,__constructor"
763ea32c344f79bbce87d814f55b3328b831237443084e726caf8b8e4ac2b4a7,"PtDeployed,FactoryUpgraded,FactoryInitialized,RoleGranted,RoleRevoked,AdminTransferCompleted,AdminTransferInitiated","upgrade,has_role,deploy_pt,grant_role,revoke_role,get_registry,__constructor,transfer_admin_role,accept_admin_transfer"
769c28e4ae8e08cb3e90c8b82420429441f2b4eb19d9cdcffb1c05afdaead46c,"","__constructor,deploy,deploy_idempotent,upload_and_deploy,get_deployed_address,has_role,get_role_member_count,get_role_member,get_role_admin,get_admin,grant_role,revoke_role,renounce_role,renounce_admin,transfer_admin_role,accept_admin_transfer,set_role_admin"
76cb15cdae479d33e7ecb80f1f78cf446d4de23827be987cd1dc7ade705bb35b,"AccessControlManagerUpdated,RoleGranted,RoleRevoked,AdminRenounced,RoleAdminChanged,AdminTransferCompleted,AdminTransferInitiated,OwnershipTransfer,OwnershipRenounced,OwnershipTransferCompleted","has_role,get_admin,extend_ttl,is_governor,add_governor,__constructor,get_role_admin,get_role_member,remove_governor,get_existing_roles,get_role_member_count,is_compatible_successor,is_governor_or_guardian,set_access_control_manager"
76d2ba826c1b5a7b6cc0aaebe058cc3ffc373c2171f90d63ebb7481a28f577bd,"","upgrade,__constructor,add_signer,update_signer,revoke_signer,get_signer,has_signer,install_plugin,uninstall_plugin,is_plugin_installed,is_deployed,__check_auth"
7759620455ec23b490994618b75f0cd445d1ce79067b0da790954eb31e2c9340,"MemberAdded,SignerAdded,MemberRemoved,QuorumCreated,SignerRemoved,ProposalCreated,ProposalApproved,ProposalExecuted,ProposalRejected,ThresholdUpdated,ProposalCancelled,MemberRolesUpdated,PolicyAdded,SignerAdded,PolicyRemoved,SignerRemoved,ContextRuleAdded,ContextRuleRemoved,ContextRuleUpdated,SpendingLimitPolicyEnforced,SimplePolicyEnforced,WeightedPolicyEnforced","cancel,reject,approve,propose,add_member,add_signer,get_member,get_members,__check_auth,get_proposal,__constructor,get_threshold,remove_member,remove_signer,set_threshold,get_proposal_ids,set_member_roles"
77bdc0a993960faa2b0dac7b43a5160d6ed745ee787573c2f0ad8d00d4806366,"","swap,simulate_swap,simulate_reverse_swap,migrate_admin_key,propose_admin,revoke_admin_change,accept_admin,query_admin,__constructor,update,query_version,add_new_key_to_storage"
77eddb6147fb374b2b4ec2797e0cd51a60e1d2eee77fb9874b30bfa71bab4c0a,"RoleGranted,RoleRevoked,TargetClosed,RoleAdminChanged,OperationCanceled,OperationExecuted,OperationScheduled,RoleGuardianChanged,RoleGrantDelayChanged,TargetAdminDelayUpdated,TargetFunctionRoleUpdated","cancel,execute,can_call,has_role,schedule,get_nonce,admin_role,get_access,grant_role,public_role,revoke_role,get_schedule,__constructor,renounce_role,get_role_admin,hash_operation,set_role_admin,set_grant_delay,is_target_closed,get_role_guardian,set_role_guardian,set_target_closed,get_role_grant_delay,get_target_admin_delay,set_target_admin_delay,get_target_function_role,set_target_function_role"
7807901b2c98c19a56de016c5cf42b4df1c37702a34e38b6d567ce08e41bc8e4,"UpdateAssetOracleEvent,OwnershipTransferCompleted","oracle,prices,quotes,upgrade,get_owner,set_oracle,price_spread,__constructor,set_tolerance,set_sanity_band"
78a81a6ec4e6ae29f4aac97ba31769b6f697a25d0fe25fb6e9682ce5c830640a,"AddAssetEvent,CutUpdateEvent,FeeUpdateEvent,CoreUpdateEvent,SetupAssetEvent,LimitUpdateEvent,OracleUpdateEvent,DurationUpdateEvent,TreasuryUpdateEvent,AssetStateUpdateEvent,ContractUpgradedEvent,AssetDepositDecrementEvent,AssetDepositIncrementEvent,AdditionalBufferUpdateEvent,RoleGranted,RoleRevoked,RoleAdminChanged","set_cut,upgrade,has_role,set_core,set_fees,add_asset,fetch_core,grant_role,set_limits,set_oracle,revoke_role,setup_asset,enable_asset,set_treasury,__constructor,disable_asset,fetch_counter,renounce_role,set_durations,fetch_deposits,fetch_treasury,get_role_admin,fetch_yld_token,fetch_asset_data,fetch_usst_token,update_role_admin,emergency_stop_asset,get_contract_version,set_additional_buffer,decrement_asset_deposits,increment_asset_deposits,is_deposit_limit_reached"
7ae002f14b115d7ebf9a58030eb5dcfe64501cff0cdfb0529f1943d3b519d526,"","__constructor,get_total_rebase_shares,get_total_fixed_shares,get_before_multiplier,get_after_multiplier,get_mult_incr_time,get_rebase_period,get_max_rebase_rate,get_active_multiplier,get_total_supply,get_rebase_shares,get_fixed_shares,is_addr_blocked,is_addr_blocked_from_receiving,mint,set_rebase_period,set_max_rebase_rate,set_next_multiplier,increase_rebase_multiplier,block_addrs,block_addrs_from_receiving,unblock_addrs,unblock_addrs_from_receiving,wipe_blocked_addr,upgrade,allowance,approve,balance,transfer,transfer_from,burn,burn_from,decimals,name,symbol,admin,pending_admin,grant_role,revoke_role,has_role,start_admin_transfer,accept_admin_transfer,pause,unpause,is_paused"
7b35a242887c1825ccd268e8adbda72849e4c0c66fe0a8ff15eab60ebec35f60,"RoleGranted,RoleRevoked,AdminRenounced,RoleAdminChanged,AdminTransferCompleted,AdminTransferInitiated,Paused,Unpaused,Approve,Transfer,ApproveForAll,ConsecutiveMint,Burn,SetTokenRoyalty,SetDefaultRoyalty,RemoveTokenRoyalty","burn,name,pause,paused,symbol,approve,balance,unpause,upgrade,has_role,owner_of,transfer,burn_from,get_admin,token_uri,batch_mint,grant_role,revoke_role,get_approved,royalty_info,__constructor,renounce_role,transfer_from,get_role_admin,renounce_admin,set_role_admin,approve_for_all,get_role_member,set_token_royalty,get_existing_roles,is_approved_for_all,set_default_royalty,transfer_admin_role,remove_token_royalty,accept_admin_transfer,get_role_member_count"
7c16b767fa3f60f6468fde431a738c210892896b10aa32457f4e88245a281537,"","pause,deposit,migrate,unpause,version,withdraw,is_paused,add_rewards,get_position,__constructor,cancel_upgrade,check_solvency,add_lock_period,execute_upgrade,get_period_data,propose_upgrade,set_blend_token,compute_deposit_id,remove_lock_period,set_defindex_vault,refresh_position_ttl,lock_upgrades_forever,withdraw_protocol_fees,update_early_withdrawal_fee,update_upgrade_timelock_secs"
7d6d8835ea2c70f0c073cd9ac52660785fc7a0d235e25cf419f1309b628ccc26,"OwnershipTransfer,OwnershipRenounced,OwnershipTransferCompleted,Paused,Unpaused,Burn,Mint,Approve,Transfer,MuxedTransfer","burn,mint,name,pause,paused,symbol,approve,balance,unpause,upgrade,decimals,transfer,allowance,burn_from,get_owner,total_supply,__constructor,transfer_from,accept_ownership,renounce_ownership,transfer_ownership"
7e2328d8924ab9d8084eae52aad40bfce2eb387ad2ba944be18230fdd2c72608,"","upgrade,__constructor,deposit,withdraw_request,withdraw,treasurer_deposit,add_currency_by_admin,remove_currency_by_admin,get_supported_currencies,is_currency_supported,get_withdraw_currency,set_withdraw_currency_by_admin,get_shares_token,set_withdraw_verifier_by_admin,set_oracle_by_admin,set_treasurer_by_admin,set_deposit_fee_ratio_by_admin,set_withdraw_fee_ratio_by_admin,set_withdraw_fee_recv_by_admin,get_admin,get_withdraw_verifier,get_oracle,get_treasurer,get_withdraw_fee_ratio,get_deposit_fee_ratio,get_eip712_domain_name,get_eip712_domain_version,get_eip712_chain_id,get_eip712_domain_separator,get_withdraw_fee_receiver,get_owner,transfer_ownership,accept_ownership,renounce_ownership"
7e3787a5845781aa1f18664a3a4d40ab6ab7fb3abffbd85895a5efaf196ff423,"Burn,ClaimTopicAdded,ClaimTopicRemoved,TrustedIssuerAdded,IssuerTopicsUpdated,TrustedIssuerRemoved,Deposit,Withdraw,Mint,Approve,Transfer,Burn,Mint,TokensFrozen,AddressFrozen,ComplianceSet,TokensUnfrozen,RecoverySuccess,IdentityVerifierSet,TokenOnchainIdUpdated,ClaimTopicsAndIssuersSet,UserAllowed,UserDisallowed,ModuleAdded,ModuleRemoved,KeyAllowed,KeyRemoved,ClaimRevoked,SignaturesInvalidated,UserBlocked,UserUnblocked,DocumentRemoved,DocumentUpdated,TokenBound,TokenUnbound,Burn,ConsecutiveMint,Mint,Approve,Transfer,ApproveForAll,ClaimAdded,ClaimChanged,ClaimRemoved,IdentityStored,CountryDataAdded,IdentityModified,IdentityUnstored,IdentityRecovered,CountryDataRemoved,CountryDataModified,SetTokenRoyalty,SetDefaultRoyalty,RemoveTokenRoyalty,SetRoot,SetClaimed,Paused,Unpaused,RoleGranted,RoleRevoked,AdminRenounced,RoleAdminChanged,AdminTransferCompleted,AdminTransferInitiated,OwnershipTransfer,OwnershipRenounced,OwnershipTransferCompleted","burn,mint,name,pause,paused,symbol,allowed,approve,balance,unpause,upgrade,decimals,has_role,transfer,allowance,burn_from,get_admin,allow_user,force_burn,grant_role,revoke_role,total_supply,__constructor,disallow_user,renounce_role,transfer_from,get_role_admin,renounce_admin,set_role_admin,get_role_member,get_existing_roles,transfer_admin_role,accept_admin_transfer,get_role_member_count"
7ebff3ba5016f7572e3cb5655deb31c4814a18008780f160091b0eb56cf87157,"","burn,name,pause,paused,symbol,approve,balance,blocked,unpause,upgrade,decimals,has_role,transfer,allowance,burn_from,get_admin,mint_from,block_user,grant_role,revoke_role,total_supply,unblock_user,renounce_role,transfer_from,__constructor,get_role_admin,renounce_admin,set_role_admin,get_role_member,transfer_admin_role,accept_admin_transfer,get_role_member_count"
7ef1e9297a7c5f9b3583f053c7f3f45aaabe0083ab066866f6662baab257fd3b,"IdentityRevoked,IdentityCertified,AccountInitialized","renew,revoke,certify,lbx_sac,upgrade,certifier,controller,__constructor,certification,fee_recipients,certification_fee,certification_revision"
7f59b1e8865ffd1bfb3437707ac5b12d87a3a828827e200e3ac9418809195945,"SeedSet,TransactionExecuted,ExecutorSet,ExecutorRequiredSet,SignerSet,ThresholdSet,OwnershipTransferred,OwnershipTransferring,OwnershipTransferCancelled,OwnershipRenounced,RoleGranted,RoleRevoked,RoleAdminChanged,TtlConfigsSet,TtlConfigsFrozen","set_executor,set_executor_required,get_executors,is_executor,total_executors,executor_required,__check_auth,set_seed,execute_transaction,verify_merkle_root,verify_transaction_proof,encode_leaf,can_execute_transaction,onesig_id,nonce,seed,version,leaf_encoding_version,__constructor,authorizer,set_signer,set_threshold,get_signers,total_signers,is_signer,threshold,verify_signatures,verify_n_signatures,extend_instance_ttl,set_ttl_configs,ttl_configs,freeze_ttl_configs,is_ttl_configs_frozen"
8028bcee9217ea574227696c5b767e806d6d554fca4dd5c7b5214ee6470d6436,"","provide_liquidity,swap,withdraw_liquidity,update_config,upgrade,query_config,query_share_token_address,query_stake_contract_address,query_pool_info,query_pool_info_for_factory,simulate_swap,simulate_reverse_swap,query_share,query_total_issued_lp,migrate_admin_key,propose_admin,revoke_admin_change,accept_admin,__constructor,query_version,add_new_key_to_storage"
825473d128ce20a794f155777caefd1b5126939492ac7e1527dde15068f45bef,"","upgrade,__constructor,mint_from,mint,total_supply,balance,allowance,transfer,transfer_from,approve,decimals,name,symbol,burn,burn_from,has_role,get_role_member_count,get_role_member,get_role_admin,get_admin,grant_role,revoke_role,renounce_role,renounce_admin,transfer_admin_role,accept_admin_transfer,set_role_admin,get_underlying_for_amount,get_amount_for_underlying,deposit,withdraw,set_axelar_config,token_id,get_axelar_its,get_axelar_chain,get_axelar_gas_token,interchain_transfer,get_merkle_epoch,set_new_epoch,get_merkle_root,is_claimed,amt_to_claim,sync_balances"
83582a6d2952eb3a36240a1888c1becd45fdc3a6010c8b4e6615ec6f72251848,"","upgrade,__constructor,mint,transfer,transfer_from,total_supply,balance,allowance,approve,decimals,name,symbol,allowed,allow_user,disallow_user,burn,burn_from,paused,pause,unpause,has_role,get_role_member_count,get_role_member,get_role_admin,get_admin,grant_role,revoke_role,renounce_role,renounce_admin,transfer_admin_role,accept_admin_transfer,set_role_admin"
83feef85dba5a6c1205daa685c66ebebdd6610c0057b1bac46dae8864cd2b113,"Commit,VoteCast,MemberAdded,VoteRemoved,BadgesUpdated,UpgradeStatus,ContractPaused,ContractUpdated,ProposalCreated,UpgradeApproved,UpgradeProposed,ProposalExecuted,ProjectRegistered,SubProjectsUpdated,AnonymousVotingSetup,ProjectConfigUpdated,ConflictOfInterestUpdated","vote,proof,execute,get_dao,remove_vote,get_proposal,create_proposal,revoke_proposal,anonymous_voting_setup,add_conflict_of_interest,get_conflict_of_interest,get_anonymous_voting_config,remove_conflict_of_interest,build_commitments_from_votes,pause,version,__constructor,approve_upgrade,propose_upgrade,finalize_upgrade,set_nqg_contract,get_admins_config,require_not_paused,set_domain_contract,get_upgrade_proposal,set_collateral_contract,projects_migration,add_member,get_badges,get_member,set_badges,update_member,get_max_weight,commit,register,get_commit,get_project,get_projects,update_config,get_sub_projects,set_sub_projects"
848e901e7b141af830c87227c4becb05abbfdaa6f97657dd29e166383cc8894e,"","upgrade,__constructor,mint,transfer,transfer_from,total_supply,balance,allowance,approve,decimals,name,symbol,burn,burn_from,paused,pause,unpause,get_owner,transfer_ownership,accept_ownership,renounce_ownership"
85693704d656eb99af464d553a0a8d99b62d039223e72e86b98655def0d345ca,"","allowance,approve,balance,transfer,transfer_from,burn,burn_from,decimals,name,symbol,token_id,is_minter,mint_from,add_minter,remove_minter,set_admin,admin,set_authorized,authorized,mint,clawback,owner,transfer_ownership,__constructor,version,upgrade,migrate"
8597e5afd2da9f1c398b0687728fe9590ca5b6bf516fed3ae6da7446d95e7fbe,"","__constructor,renew_request,renew_accept,renew_reject,approve_payments,change_plan_request,change_plan_accept,change_plan_reject,change_plan_request_values,renew_request_values,payments_allowance,make_payment,set_cancelled,set_suspended,billing_cycles_length,current_billing_cycle,current_cycle_start_timestamp,current_cycle_end_timestamp,status,currency_token,billing_period,price,plan_name,subscriber,merchant,billing_cycle_timestamp,billing_cycle_price,billing_cycle_plan_name,billing_payment,expiration_timestamp,expiration_ledger,upgrade_contract,handle_upgrade_contract,upgrade_contract_completed"
86ef6f7610c643c241cfa7dd76d0b3e4978cc76b83e70a49fa24df6bc3b27072,"Mint","__constructor"
870de1c00c6617b1110f387e299a869ed6a8e8399c5c0a4c20bc3e4ff6816ae0,"SetDstConfig,SetUpgrader,PacketSent,PacketVerified,PacketDelivered,LzReceiveAlert,ZroSet,DelegateSet,InboundNonceSkipped,PacketNilified,PacketBurnt,LibraryRegistered,DefaultSendLibrarySet,DefaultReceiveLibrarySet,DefaultReceiveLibTimeoutSet,SendLibrarySet,ReceiveLibrarySet,ReceiveLibraryTimeoutSet,ComposeSent,ComposeDelivered,LzComposeAlert,SignerSet,ThresholdSet,OwnershipTransferred,OwnershipTransferring,OwnershipTransferCancelled,OwnershipRenounced,RoleGranted,RoleRevoked,RoleAdminChanged,TtlConfigsSet,TtlConfigsFrozen,SetAdmin,SetSupportedMessageLib,SetAllowlist,SetDenylist,Paused,Unpaused,SetDefaultMultiplierBps,SetDepositAddress,SetPriceFeed,SetSupportedOptionTypes,SetWorkerFeeLib","__check_auth,set_paused,set_admin,set_supported_message_lib,set_allowlist,set_denylist,set_default_multiplier_bps,set_deposit_address,set_supported_option_types,set_worker_fee_lib,set_price_feed,paused,is_admin,admins,is_supported_message_lib,message_libs,is_on_allowlist,allowlist_size,is_on_denylist,has_acl,default_multiplier_bps,deposit_address,get_supported_option_types,worker_fee_lib,price_feed,get_fee,assign_job,execute_transaction,set_upgrader,upgrader,set_dst_config,dst_config,vid,hash_call_data,__constructor,set_admin_by_admin,upgrade,migrate,authorizer,set_signer,set_threshold,get_signers,total_signers,is_signer,threshold,verify_signatures,verify_n_signatures,extend_instance_ttl,set_ttl_configs,ttl_configs,freeze_ttl_configs,is_ttl_configs_frozen"
881f3f0a35e83b4c03c313b7ebb5bcdad5973863cfb2a89a233dd2d118d7f273,"UpdateAssetOracleEvent,OwnershipTransferCompleted","oracle,prices,quotes,get_owner,set_oracle,price_spread,__constructor,set_tolerance,set_sanity_band"
8a2b3fd944612968801d015af20b843db0552affc8e79ef2775f7f21fd7f34cf,"DstConfigSet,NativeDropApplied,PacketSent,PacketVerified,PacketDelivered,LzReceiveAlert,ZroSet,DelegateSet,InboundNonceSkipped,PacketNilified,PacketBurnt,LibraryRegistered,DefaultSendLibrarySet,DefaultReceiveLibrarySet,DefaultReceiveLibTimeoutSet,SendLibrarySet,ReceiveLibrarySet,ReceiveLibraryTimeoutSet,ComposeSent,ComposeDelivered,LzComposeAlert,SignerSet,ThresholdSet,OwnershipTransferred,OwnershipTransferring,OwnershipTransferCancelled,OwnershipRenounced,RoleGranted,RoleRevoked,RoleAdminChanged,TtlConfigsSet,TtlConfigsFrozen,SetAdmin,SetSupportedMessageLib,SetAllowlist,SetDenylist,Paused,Unpaused,SetDefaultMultiplierBps,SetDepositAddress,SetPriceFeed,SetSupportedOptionTypes,SetWorkerFeeLib","__check_auth,set_paused,set_admin,set_supported_message_lib,set_allowlist,set_denylist,set_default_multiplier_bps,set_deposit_address,set_supported_option_types,set_worker_fee_lib,set_price_feed,paused,is_admin,admins,is_supported_message_lib,message_libs,is_on_allowlist,allowlist_size,is_on_denylist,has_acl,default_multiplier_bps,deposit_address,get_supported_option_types,worker_fee_lib,price_feed,assign_job,get_fee,set_dst_config,dst_config,native_drop,endpoint,__constructor,withdraw_token,set_executor_helper,executor_helper,upgrade,migrate,authorizer,owner,pending_owner,transfer_ownership,begin_ownership_transfer,accept_ownership,renounce_ownership,extend_instance_ttl,set_ttl_configs,ttl_configs,freeze_ttl_configs,is_ttl_configs_frozen"
8a339bce6c59b2aa97b8e8efd2db061a7d65b8f5583ddcc4b3ec29a27f27930c,"","upgrade,__constructor,mint_from,mint,total_supply,balance,allowance,transfer,transfer_from,approve,decimals,name,symbol,burn,burn_from,has_role,get_role_member_count,get_role_member,get_role_admin,get_admin,grant_role,revoke_role,renounce_role,renounce_admin,transfer_admin_role,accept_admin_transfer,set_role_admin,get_underlying_for_amount,get_amount_for_underlying,deposit,withdraw,set_axelar_config,token_id,get_axelar_its,get_axelar_chain,get_axelar_gas_token,interchain_transfer,get_merkle_epoch,set_new_epoch,get_merkle_root,is_claimed,amt_to_claim,sync_balances"
8a3d3044c254070cbd3e5e21a0c207184a86b6c96c0457d1b0f124aa204bbfc9,"","pause,paused,unpause,upgrade,has_role,is_admin,get_admin,get_owner,extend_ttl,grant_role,grant_admin,revoke_role,revoke_admin,renounce_role,__constructor,get_role_admin,renounce_admin,set_role_admin,get_role_member,set_admin_token,accept_ownership,is_system_wallet,add_system_wallet,propose_new_owner,get_locked_balance,get_system_wallets,extend_ttl_instance,is_transaction_used,transfer_admin_role,get_current_chain_id,remove_system_wallet,set_current_chain_id,accept_admin_transfer,get_role_member_count,get_system_wallet_count,execute_bridge_operation"
8ad7472a0d3980aee12718a7e4e09dee9ad4657b4346e112057b57a4739b3fde,"RoleGranted,RoleRevoked,AdminRenounced,RoleAdminChanged,AdminTransferCompleted,AdminTransferInitiated,Burn,Mint,Approve,Transfer,MuxedTransfer","burn,name,symbol,approve,balance,execute,gateway,upgrade,decimals,has_role,token_id,transfer,allowance,burn_from,get_admin,mint_from,grant_role,max_apy_bps,revoke_role,burn_rebased,total_supply,__constructor,renounce_role,transfer_from,get_axelar_its,get_role_admin,renounce_admin,set_role_admin,shares_balance,base_to_rebased,get_role_member,get_vault_ratio,rebased_to_base,seconds_per_year,seed_vault_ratio,set_axelar_config,get_axelar_gateway,get_existing_roles,transfer_admin_role,base_to_rebased_ceil,get_axelar_gas_token,last_ratio_update_ts,accept_admin_transfer,get_role_member_count,get_trusted_source_chain,interchain_token_service,execute_with_interchain_token"
8cced6471a6f5db317d9d1e94cc8ddc43e2d6324b118c70c1555c7d990ae5499,"","upgrade,add_signer,get_signer,has_signer,is_deployed,__check_auth,revoke_signer,update_signer,__constructor,install_plugin,uninstall_plugin,is_plugin_installed"
8d7837d596cbe2f2bb2424e1dac877b77247ceb0acb45aba0034e1e407cd1875,"SetRoot,SetClaimed,Paused,Unpaused,UserAllowed,UserDisallowed,UserBlocked,UserUnblocked,Burn,Transfer,Approve,Mint,Burn,ConsecutiveMint,SetDefaultRoyalty,SetTokenRoyalty,RemoveTokenRoyalty,Transfer,Approve,ApproveForAll,Mint,KeyAllowed,KeyRemoved,ClaimRevoked,SignaturesInvalidated,ClaimTopicAdded,ClaimTopicRemoved,TrustedIssuerAdded,TrustedIssuerRemoved,IssuerTopicsUpdated,ModuleAdded,ModuleRemoved,DocumentUpdated,DocumentRemoved,ClaimAdded,ClaimRemoved,ClaimChanged,IdentityStored,IdentityUnstored,IdentityModified,IdentityRecovered,CountryDataAdded,CountryDataRemoved,CountryDataModified,TokenBound,TokenUnbound,TokenOnchainIdUpdated,RecoverySuccess,AddressFrozen,TokensFrozen,TokensUnfrozen,Mint,Burn,ComplianceSet,ClaimTopicsAndIssuersSet,IdentityVerifierSet,Deposit,Withdraw","__constructor,total_supply,balance,allowance,transfer,transfer_from,approve,decimals,name,symbol"
8e3caa61a01e018d33abadd9a51a955f908b6b6eefc4e088d0e137e023022718,"MaxAgeUpdated,OracleUpdated,PriceBoundsUpdated,DejtrsyWrapperInitialized,Wrap,Unwrap,Upgraded,RewardsProxyUpdated,RoleGranted,RoleRevoked,AdminTransferCompleted,AdminTransferInitiated,Paused,Unpaused,Approve,Transfer,MuxedTransfer","mint,name,wrap,admin,pause,oracle,paused,redeem,symbol,unwrap,approve,balance,deposit,max_age,unpause,upgrade,decimals,has_role,max_mint,transfer,withdraw,allowance,grant_role,max_redeem,set_oracle,max_deposit,query_asset,revoke_role,set_max_age,vault_share,max_withdraw,preview_mint,preview_wrap,price_bounds,total_assets,total_supply,__constructor,claim_rewards,current_price,expected_base,rewards_proxy,transfer_from,preview_redeem,preview_unwrap,preview_deposit,preview_withdraw,set_price_bounds,convert_to_assets,convert_to_shares,set_rewards_proxy,total_vault_shares,calibrated_decimals,transfer_admin_role,live_oracle_decimals,wrap_with_min_shares,accept_admin_transfer,unwrap_with_min_vault_shares,convert_to_assets_with_rounding,convert_to_shares_with_rounding"
8e89b10f6ce850028a6d390cbb229f0d0f20ef5a647daf3fc3c3f9b875a60deb,"","deploy,has_role,get_admin,grant_role,revoke_role,renounce_role,__constructor,get_role_admin,renounce_admin,set_role_admin,get_role_member,deploy_idempotent,upload_and_deploy,transfer_admin_role,get_deployed_address,accept_admin_transfer,get_role_member_count"
8e9b6760c249d5a67c3e6c4ff7cedcd5dfd7f5049f1c5956a52480fbf7bf447f,"","init,get_policy,__check_auth,__constructor,revoke_policy,install_policy,get_agent_session,revoke_agent_session,install_agent_session"
8fbd78ede40e9d722259f85e0511b347397c0ffcca4c8fa580a73d9d079da7f1,"","create_liquidity_pool,update_config,query_pools,query_pool_details,query_all_pools_details,query_for_pool_by_token_pair,query_pool_by_pair_type,get_admin,get_config,query_user_portfolio,migrate_admin_key,propose_admin,revoke_admin_change,accept_admin,__constructor,update,set_blend_wasm_hash,query_version,add_new_key_to_storage"
90d239cc651327d97ec064bd3d5d8587990facaea9e9de633be1f3de424034fd,"RewardClaimedEvent,StakingEnabledEvent,StakingDisabledEvent,ContractUpgradedEvent,RewardDistributedEvent,ExcessRewardsWithdrawnEvent,RoleGranted,RoleRevoked,RoleAdminChanged","claim,upgrade,version,has_role,grant_role,revoke_role,__constructor,renounce_role,enable_staking,fetch_asset_id,fetch_registry,get_role_admin,disable_staking,distribute_reward,update_role_admin,fetch_reward_index,fetch_staking_data,fetch_total_supply,withdraw_excess_rewards,calculate_rewards_earned,fetch_previous_distribution"
90d65279b7c21648875949c4885bd5c588ca547e343027f130b3d0ee34640336,"","upgrade,__constructor,mint_from,mint,total_supply,balance,allowance,transfer,transfer_from,approve,decimals,name,symbol,burn,burn_from,has_role,get_role_member_count,get_role_member,get_role_admin,get_admin,grant_role,revoke_role,renounce_role,renounce_admin,transfer_admin_role,accept_admin_transfer,set_role_admin,get_underlying_for_amount,get_amount_for_underlying,deposit,withdraw,get_merkle_epoch,set_new_epoch,get_merkle_root,is_claimed,amt_to_claim,sync_balances"
91a2cd56ba1a75d78eeb8ddc5d1841c5d439b7726a140bc84c850f73396298a9,"PolicyAdded,SignerAdded,PolicyRemoved,SignerRemoved,ContextRuleAdded,PolicyRegistered,SignerRegistered,ContextRuleRemoved,PolicyDeregistered,SignerDeregistered,ContextRuleMetaUpdated,SpendingLimitChanged,SpendingLimitEnforced,SpendingLimitInstalled,SpendingLimitUninstalled,SimpleEnforced,SimpleInstalled,SimpleUninstalled,SimpleThresholdChanged,WeightedEnforced,WeightedInstalled,WeightedUninstalled,WeightedThresholdChanged,WeightedSignerWeightChanged,SetRoot,SetClaimed,Paused,Unpaused","execute,upgrade,add_policy,add_signer,__check_auth,__constructor,get_policy_id,get_signer_id,remove_policy,remove_signer,add_context_rule,batch_add_signer,get_context_rule,remove_context_rule,get_context_rules_count,update_context_rule_name,update_context_rule_valid_until"
93773bc2317e4b6b3c2908f48437fdb772f427b572c5f7cf0bb202ddef65cba1,"Burn,Mint,Approve,Transfer,MuxedTransfer","burn,mint,name,admin,vault,paused,symbol,approve,balance,upgrade,decimals,transfer,allowance,burn_from,set_admin,set_vault,extend_ttl,set_paused,accept_admin,set_metadata,total_supply,__constructor,pending_admin,transfer_from,set_restrictions"
93f5d2b314e4d56a5b8b900ebf3af5b640315008d6a7293004018d167f535542,"","burn,name,pause,paused,symbol,approve,balance,blocked,unpause,upgrade,decimals,has_role,transfer,allowance,burn_from,get_admin,mint_from,block_user,grant_role,revoke_role,total_supply,unblock_user,renounce_role,transfer_from,__constructor,get_role_admin,renounce_admin,set_role_admin,get_role_member,transfer_admin_role,accept_admin_transfer,get_role_member_count"
961ef682ea88cf111e6f15b2ac7e03f2986a3fa36c7ca7d1d82ce4713d9bfa33,"RoleGranted,RoleRevoked,AdminRenounced,RoleAdminChanged,AdminTransferCompleted,AdminTransferInitiated,Burn,Mint,Approve,Transfer,MuxedTransfer","burn,name,wrap,symbol,unwrap,approve,backing,balance,upgrade,decimals,has_role,transfer,allowance,burn_from,get_admin,grant_role,revoke_role,total_supply,__constructor,renounce_role,transfer_from,wrapped_token,get_role_admin,redeem_to_xrpl,renounce_admin,set_role_admin,get_role_member,set_axelar_config,get_existing_roles,transfer_admin_role,accept_admin_transfer,get_role_member_count,interchain_token_service,execute_with_interchain_token"
9620f3f9a3315b8b144bd3b50733a40013742fd86e9c63162874b6eb047daff0,"RoleGranted,RoleRevoked,AdminRenounced,RoleAdminChanged,AdminTransferCompleted,AdminTransferInitiated,OwnershipTransfer,OwnershipRenounced,OwnershipTransferCompleted,SetRoot,SetClaimed,Paused,Unpaused,DelegateChanged,DelegateVotesChanged,VoteCast,QuorumChanged,ProposalQueued,ProposalCreated,ProposalExecuted,ProposalCancelled,MinDelayChanged,OperationExecuted,OperationCancelled,OperationScheduled,ConsecutiveMint,Burn,SetTokenRoyalty,SetDefaultRoyalty,RemoveTokenRoyalty,Mint,Approve,Transfer,ApproveForAll,ModuleAdded,ModuleRemoved,DocumentRemoved,DocumentUpdated,KeyAllowed,KeyRemoved,ClaimRevoked,SignaturesInvalidated,ClaimAdded,ClaimChanged,ClaimRemoved,Burn,Mint,ClaimTopicAdded,ClaimTopicRemoved,TrustedIssuerAdded,IssuerTopicsUpdated,TrustedIssuerRemoved,IdentityStored,CountryDataAdded,IdentityModified,IdentityUnstored,IdentityRecovered,CountryDataRemoved,CountryDataModified,TokensFrozen,AddressFrozen,ComplianceSet,TokensUnfrozen,RecoverySuccess,IdentityVerifierSet,TokenOnchainIdUpdated,ClaimTopicsAndIssuersSet,TokenBound,TokenUnbound,Deposit,Withdraw,Burn,UserAllowed,UserDisallowed,UserBlocked,UserUnblocked,Mint,Approve,Transfer","created,destroyed,bind_token,can_create,transferred,can_transfer,unbind_token,__constructor,add_module_to,linked_tokens,remove_module_from,get_modules_for_hook,is_module_registered"
964d30c5347fc975dad81d84634b22bb578b9d0e733f13a91b44ecd459001342,"","upgrade,__constructor,mint,transfer,transfer_from,total_supply,balance,allowance,approve,decimals,name,symbol,blocked,block_user,unblock_user,burn,burn_from,paused,pause,unpause,has_role,get_role_member_count,get_role_member,get_role_admin,get_admin,grant_role,revoke_role,renounce_role,renounce_admin,transfer_admin_role,accept_admin_transfer,set_role_admin"
97ce047884106b1c6c3bb40b8973cc48db1c4dad95c9e20462bf2c701daa764e,"Upgraded,SignerAdded,SignerRemoved,SignerUpdated","upgrade,add_signer,get_signer,__check_auth,__constructor,add_secp256r1,remove_signer,update_signer,get_secp256r1_binding"
9806c12b257cf57aed19c2b00ad510fa14a8acdbc1592a885e5ef2dc59d26429,"","pause,migrate,unpause,version,owner_of,transfer,is_paused,mint_badge,has_claimed,total_supply,badge_type_of,__constructor,cancel_upgrade,execute_upgrade,propose_upgrade,update_edition_cap,update_signing_key,lock_upgrades_forever,update_upgrade_timelock_secs"
99412caa6515ca93a6f17256480a6dbef5c3cb2e8b67cb9666a209b64d4a8142,"Clawback,Initialized,SacAdminSet,MintInterest,MintWithReceipt,BurnWithRedemption,RoleGranted,RoleRevoked,AdminRenounced,RoleAdminChanged,AdminTransferCompleted,AdminTransferInitiated,OwnershipTransfer,OwnershipRenounced,OwnershipTransferCompleted","get_sac,upgrade,version,clawback,__constructor,mint_interest,set_sac_admin,mint_with_receipt,burn_with_redemption"
99a32170feaf3521338adfadb25d1a2ea573e6d29ec5de97e9d9cc3e4a99da97,"RoleGranted,RoleRevoked,AdminRenounced,RoleAdminChanged,AdminTransferCompleted,AdminTransferInitiated,MinDelayChanged,OperationExecuted,OperationCancelled,OperationScheduled","cancel,execute,has_role,schedule,get_admin,grant_role,revoke_role,__check_auth,update_delay,__constructor,get_min_delay,renounce_role,get_role_admin,hash_operation,renounce_admin,set_role_admin,get_role_member,get_existing_roles,get_operation_state,transfer_admin_role,get_operation_ledger,accept_admin_transfer,get_role_member_count"
99bd0ddc506ee13fc4f433f0627092034dc38f4773ec16930a1823a1174431d4,"MessageSent,MessageReceived,MaxMessageBodySizeUpdated,AdminChanged,AdminChangeStarted,PauserChanged,RescuerChanged,SetRoot,SetClaimed,Paused,Unpaused,AttesterEnabled,AttesterDisabled,AttesterManagerUpdated,SignatureThresholdUpdated,Denylisted,UnDenylisted,DenylisterChanged,FeeRecipientSet,TokenPairLinked,TokenPairUnlinked,SetTokenController,SwapMinterConfigSet,SetBurnLimitPerMessage,SwapMinterConfigRemoved,TokenDecimalConfigAdded,MinFeeSet,MinFeeControllerSet,RemoteTokenMessengerAdded,RemoteTokenMessengerRemoved,RoleGranted,RoleRevoked,AdminRenounced,RoleAdminChanged,AdminTransferCompleted,AdminTransferInitiated,OwnershipTransfer,OwnershipRenounced,OwnershipTransferCompleted","pause,paused,unpause,upgrade,get_admin,get_owner,get_pauser,get_rescuer,get_version,accept_admin,rescue_sep41,send_message,__constructor,is_nonce_used,update_pauser,transfer_admin,update_rescuer,enable_attester,receive_message,accept_ownership,disable_attester,get_local_domain,get_pending_admin,get_pending_owner,transfer_ownership,is_enabled_attester,get_attester_manager,get_enabled_attester,get_signature_threshold,set_signature_threshold,update_attester_manager,get_max_message_body_size,get_num_enabled_attesters,set_max_message_body_size"
9a4cf40826124324d9c45c805d1512ca5b08cf6a6f70a11cf70e719194d9a36e,"","upgrade,__constructor,mint_from,mint,total_supply,balance,allowance,transfer,transfer_from,approve,decimals,name,symbol,burn,burn_from,has_role,get_role_member_count,get_role_member,get_role_admin,get_admin,grant_role,revoke_role,renounce_role,renounce_admin,transfer_admin_role,accept_admin_transfer,set_role_admin,get_underlying_for_amount,get_amount_for_underlying,deposit,withdraw,set_axelar_config,token_id,get_axelar_its,get_axelar_chain,get_axelar_gas_token,interchain_transfer,get_merkle_epoch,get_banned_amount,set_new_epoch,get_merkle_root,is_claimed,amt_to_claim,sync_balances"
9c6d98820f17229236d4f7be9c49204f12192b30bf94094c8c8c7c8389adecef,"ProjectRegistered,ProjectConfigUpdated,Commit,MemberAdded,BadgesUpdated,ProposalCreated,VoteCast,ProposalExecuted,ContractPaused,AnonymousVotingSetup,ContractUpdated,UpgradeProposed,UpgradeApproved,UpgradeStatus","anonymous_voting_setup,get_anonymous_voting_config,build_commitments_from_votes,create_proposal,revoke_proposal,vote,execute,proof,get_dao,get_proposal,add_member,get_member,set_badges,get_badges,get_max_weight,__constructor,pause,require_not_paused,get_admins_config,set_domain_contract,set_collateral_contract,propose_upgrade,approve_upgrade,finalize_upgrade,get_upgrade_proposal,version,register,update_config,commit,get_commit,get_project"
9cf1f0e5b99e5b0c5467d0cf67470aee9c37103c501948b6cdf264cabf55dc4a,"Withdrawn,RateUpdated,VaultPaused,DrawExecuted,PartnerAdded,VaultUnpaused,HotWalletAdded,MaxDrawUpdated,PartnerRemoved,VaultOpsUpdated,HotWalletRemoved,VaultInitialized,DepositCapUpdated,DepositRegistered,VaultAdminUpdated,EmergencyWithdrawn,PartnerWalletAdded,RateBandOverridden,PartnerWalletRemoved,VaultUpgradeCanceled,VaultUpgradeExecuted,VaultUpgradeProposed,ThrottledMaxDrawUpdated,VaultUpgradeProposalReplaced","draw,pause,status,set_ops,unpause,withdraw,set_admin,is_partner,add_partner,update_rate,current_rate,set_max_draw,__constructor,is_hot_wallet,add_hot_wallet,cancel_upgrade,remove_partner,execute_upgrade,propose_upgrade,set_deposit_cap,partner_position,register_deposit,is_partner_wallet,remove_hot_wallet,add_partner_wallet,emergency_withdraw,admin_override_rate,partner_deposit_cap,remove_partner_wallet,set_throttled_max_draw"
9cf5cbee345b9b64db1f15a2ee9b82223aab5788d9b637af618d9ed625c16135,"ProfileBootstrapped,CreditsSpent,CreditsEarned,CreditsRefunded,ReputationBumped,ReputationSlashed,EarningsRegistered,AdminCreditsGranted,AdminReputationSlashed,AdminUpdated,PendingAdminSet,EventsContractUpdated,PendingEventsContractSet,EventsRotationCancelled,BootstrapAmountSet,Paused,Unpaused,Upgraded,PendingUpgradeProposed,PendingUpgradeCancelled,UpgradeApplied,Migrated","__constructor,set_admin,accept_admin,set_events_contract,propose_events_contract,accept_events_contract,cancel_pending_events_contract,set_default_bootstrap_credits,pause,unpause,propose_upgrade,apply_upgrade,cancel_pending_upgrade,migrate,bootstrap,bootstrap_self,spend_credits,earn_credits,refund_credits,bump_reputation,slash_reputation,register_earnings,admin_grant_credits,admin_slash_reputation,get_profile,get_earnings,get_admin,get_events_contract,get_pending_events_contract,get_default_bootstrap_credits,is_paused,version,get_pending_upgrade,get_migrated_to_version"
9d55e19fd956cd9045d6a1b443934a9a96679ca1066f74ae2279ebf5bb72bd5a,"RoleGranted,RoleRevoked,AdminRenounced,RoleAdminChanged,AdminTransferCompleted,AdminTransferInitiated,OwnershipTransfer,OwnershipRenounced,OwnershipTransferCompleted,SetRoot,SetClaimed,Paused,Unpaused,ConsecutiveMint,Burn,SetTokenRoyalty,SetDefaultRoyalty,RemoveTokenRoyalty,Mint,Approve,Transfer,ApproveForAll,ModuleAdded,ModuleRemoved,DocumentRemoved,DocumentUpdated,KeyAllowed,KeyRemoved,ClaimRevoked,SignaturesInvalidated,ClaimAdded,ClaimChanged,ClaimRemoved,Burn,Mint,ClaimTopicAdded,ClaimTopicRemoved,TrustedIssuerAdded,IssuerTopicsUpdated,TrustedIssuerRemoved,IdentityStored,CountryDataAdded,IdentityModified,IdentityUnstored,IdentityRecovered,CountryDataRemoved,CountryDataModified,TokensFrozen,AddressFrozen,ComplianceSet,TokensUnfrozen,RecoverySuccess,IdentityVerifierSet,TokenOnchainIdUpdated,ClaimTopicsAndIssuersSet,TokenBound,TokenUnbound,Deposit,Withdraw,UserAllowed,UserDisallowed,UserBlocked,UserUnblocked,Approve,Transfer","burn,mint,name,symbol,approve,balance,blocked,decimals,has_role,transfer,allowance,burn_from,get_admin,block_user,grant_role,revoke_role,total_supply,unblock_user,__constructor,renounce_role,transfer_from,get_role_admin,renounce_admin,set_role_admin,get_role_member,get_existing_roles,transfer_admin_role,accept_admin_transfer,get_role_member_count"
9fbb577757daeb34dcfd597ab4b96b0fadfe6a5f5fdb26320bf6fe6d026c9414,"Upgraded,ProviderAdded,ProviderRemoved,ChannelStateChanged,ContractInitialized,OwnershipTransfer,OwnershipTransferCompleted","admin,upgrade,set_admin,is_provider,__check_auth,accept_admin,add_provider,__constructor,enable_channel,disable_channel,remove_provider"
9fc3ccb50803f1adf36bf82af31a802508219d9f6f30b58a69cea71b6dcabd41,"RepaymentLeafSeeded,RepaymentHistoryRootSet,RepaymentHistoryVerified,RoleGranted,RoleRevoked,AdminRenounced,RoleAdminChanged,AdminTransferCompleted,AdminTransferInitiated","leaf,upgrade,has_role,get_admin,seed_leaf,grant_role,revoke_role,history_root,__constructor,renounce_role,get_role_admin,renounce_admin,set_role_admin,verify_history,get_role_member,get_existing_roles,transfer_admin_role,accept_admin_transfer,finalize_history_root,get_role_member_count,is_proof_nullifier_used"
9fd01d6e0a14f56841d197c29cc5bee86fa63d56d724841dd559d53f9e4ca446,"RoleGranted,RoleRevoked,AdminRenounced,RoleAdminChanged,AdminTransferCompleted,AdminTransferInitiated,Burn,Mint,Approve,Transfer,MuxedTransfer,UserBlocked,UserUnblocked","burn,mint,name,symbol,approve,balance,blocked,upgrade,decimals,has_role,transfer,allowance,burn_from,get_admin,block_user,grant_role,revoke_role,total_supply,unblock_user,__constructor,renounce_role,transfer_from,get_role_admin,renounce_admin,set_role_admin,get_role_member,get_existing_roles,transfer_admin_role,accept_admin_transfer,get_role_member_count"
a0ea8cf0875dad586735ac36a88fee80d1488cb1f6683239f2f5023a39747628,"RoleGranted,RoleRevoked,AdminRenounced,RoleAdminChanged,AdminTransferCompleted,AdminTransferInitiated,Burn,Mint,Approve,Transfer,MuxedTransfer,UserAllowed,UserDisallowed","burn,mint,name,symbol,allowed,approve,balance,upgrade,decimals,has_role,transfer,allowance,burn_from,get_admin,allow_user,grant_role,revoke_role,total_supply,__constructor,disallow_user,renounce_role,transfer_from,get_role_admin,renounce_admin,set_role_admin,get_role_member,get_existing_roles,transfer_admin_role,accept_admin_transfer,get_role_member_count"
a12e8fa9621efd20315753bd4007d974390e31fbcb4a7ddc4dd0a0dec728bf2e,"PolicyAdded,SignerAdded,PolicyRemoved,SignerRemoved,ContextRuleAdded,ContextRuleRemoved,ContextRuleUpdated,SpendingLimitPolicyEnforced,SimplePolicyEnforced,WeightedPolicyEnforced,SetRoot,SetClaimed,Paused,Unpaused","execute,upgrade,add_policy,add_signer,__check_auth,__constructor,remove_policy,remove_signer,add_context_rule,get_context_rule,get_context_rules,remove_context_rule,update_context_rule_name,update_context_rule_valid_until"
a146703c0c72c4bb3b449e81cbb9bba13476141b0fe292110ee3d5ef5a803b29,"UpdateAssetOracleEvent,OwnershipTransferCompleted","oracle,prices,quotes,upgrade,get_owner,set_oracle,price_spread,__constructor,set_tolerance,set_sanity_band"
a28ad3587992c143de53ee0e154125c11eed7a9f4f322cac7c3ec45380027af1,"OwnershipTransfer,OwnershipRenounced,OwnershipTransferCompleted,Paused,Unpaused,Burn,Mint,Approve,Transfer,MuxedTransfer","burn,mint,name,pause,paused,symbol,approve,balance,unpause,upgrade,decimals,transfer,allowance,burn_from,get_owner,total_supply,__constructor,transfer_from,accept_ownership,renounce_ownership,transfer_ownership"
a2cb78501a0ad922a1a9ec2c1bfa87d508bada26e61384f8c4485ac9cb1bbdeb,"RoleGranted,RoleRevoked,AdminRenounced,RoleAdminChanged,AdminTransferCompleted,AdminTransferInitiated,OwnershipTransfer,OwnershipRenounced,OwnershipTransferCompleted,SetRoot,SetClaimed,Paused,Unpaused,DelegateChanged,DelegateVotesChanged,VoteCast,QuorumChanged,ProposalQueued,ProposalCreated,ProposalExecuted,ProposalCancelled,MinDelayChanged,OperationExecuted,OperationCancelled,OperationScheduled,ConsecutiveMint,Burn,SetTokenRoyalty,SetDefaultRoyalty,RemoveTokenRoyalty,Mint,Approve,Transfer,ApproveForAll,ModuleAdded,ModuleRemoved,DocumentRemoved,DocumentUpdated,KeyAllowed,KeyRemoved,ClaimRevoked,SignaturesInvalidated,ClaimAdded,ClaimChanged,ClaimRemoved,Burn,Mint,ClaimTopicAdded,ClaimTopicRemoved,TrustedIssuerAdded,IssuerTopicsUpdated,TrustedIssuerRemoved,IdentityStored,CountryDataAdded,IdentityModified,IdentityUnstored,IdentityRecovered,CountryDataRemoved,CountryDataModified,TokensFrozen,AddressFrozen,ComplianceSet,TokensUnfrozen,RecoverySuccess,IdentityVerifierSet,TokenOnchainIdUpdated,ClaimTopicsAndIssuersSet,TokenBound,TokenUnbound,Deposit,Withdraw,Burn,UserAllowed,UserDisallowed,UserBlocked,UserUnblocked,Mint,Approve,Transfer","burn,mint,name,pause,symbol,approve,balance,unpause,version,decimals,has_role,transfer,allowance,get_admin,is_frozen,compliance,grant_role,onchain_id,revoke_role,total_supply,__constructor,renounce_role,transfer_from,get_role_admin,renounce_admin,set_compliance,set_onchain_id,set_role_admin,forced_transfer,get_role_member,recover_balance,get_frozen_tokens,identity_verifier,get_existing_roles,set_address_frozen,transfer_admin_role,accept_admin_transfer,freeze_partial_tokens,get_role_member_count,set_identity_verifier,unfreeze_partial_tokens"
a2d0e1be0cbff60eb7f96d5ac28128b97534ea1869ba768bff6fba3625fbfab9,"","verify,upgrade,set_config,__constructor,update_config,is_initialized,activate_config,accept_ownership,deactivate_config,transfer_ownership,extend_contract_ttl"
a2d5dbe12b14fadbf7f3b12f96ae7af6cd578ff66f6cbf9b5be1c018dd098528,"Upgraded,VaultDeployed,UpgradePending,UpgraderUpdated,WasmHashUpdated,UpgradeCancelled,UpgraderChangePending,WasmHashChangePending,WasmHashChangeCancelled,RoleGranted,RoleRevoked,AdminRenounced,RoleAdminChanged,AdminTransferCompleted,AdminTransferInitiated,OwnershipTransfer,OwnershipRenounced,OwnershipTransferCompleted,SetRoot,SetClaimed,Paused,Unpaused","has_role,get_admin,get_vault,get_vaults,grant_role,revoke_role,deploy_vault,get_upgrader,__constructor,renounce_role,accept_upgrade,cancel_upgrade,get_role_admin,renounce_admin,set_role_admin,accept_upgrader,get_role_member,get_vault_count,get_vaults_page,propose_upgrade,propose_upgrader,get_pending_upgrade,get_vault_wasm_hash,transfer_admin_role,get_pending_upgrader,accept_admin_transfer,get_role_member_count,accept_vault_wasm_hash,cancel_vault_wasm_hash,propose_vault_wasm_hash,get_pending_vault_wasm_hash"
a48743861f342a5ab6a16ac11cf4d70f2a3f0878e223ed06d2d1224588ba6026,"GovPaused,GovUnpaused,TreasurySent,VaultAddrSet,GovOpsUpdated,BurnedFromPool,GovInitialized,HotWalletAdded,BurnCapsUpdated,GovAdminUpdated,HotWalletRemoved,SacAdminProposed,GovTreasuryUpdated,GovUpgradeCanceled,GovUpgradeExecuted,GovUpgradeProposed,GovTreasuryProposed,TreasurySentViaVault,SacAdminHandoffCanceled,SacAdminHandoffExecuted,TreasurySendCapsUpdated,SacAdminProposalReplaced,GovUpgradeProposalReplaced,GovTreasuryProposalReplaced,GovTreasuryRotationCanceled","pause,set_ops,unpause,set_admin,__constructor,set_burn_caps,treasury_send,add_hot_wallet,burn_from_pool,cancel_upgrade,set_vault_addr,execute_upgrade,propose_upgrade,propose_treasury,propose_sac_admin,remove_hot_wallet,set_treasury_send_caps,treasury_send_via_vault,cancel_sac_admin_handoff,cancel_treasury_rotation,execute_sac_admin_handoff,execute_treasury_rotation"
a5de7b6db5cd12afc7739a6dc453c49339828ea49ee9700b9a15c70e687ed9de,"Initialized,ChunkCreated,PixelClaimed","upgrade,get_chunk,claim_pixel,claim_pixels,create_chunk,__constructor"
a6c1acc6e367e46535733ce8a7320c718616ed42f762cf2f1a0aa77ac6e056f6,"DepositForBurn,MintAndWithdraw,AdminChanged,AdminChangeStarted,PauserChanged,RescuerChanged,SetRoot,SetClaimed,Paused,Unpaused,AttesterEnabled,AttesterDisabled,AttesterManagerUpdated,SignatureThresholdUpdated,Denylisted,UnDenylisted,DenylisterChanged,FeeRecipientSet,TokenPairLinked,TokenPairUnlinked,SetTokenController,SwapMinterConfigSet,SetBurnLimitPerMessage,SwapMinterConfigRemoved,TokenDecimalConfigAdded,MinFeeSet,MinFeeControllerSet,RemoteTokenMessengerAdded,RemoteTokenMessengerRemoved,RoleGranted,RoleRevoked,AdminRenounced,RoleAdminChanged,AdminTransferCompleted,AdminTransferInitiated,OwnershipTransfer,OwnershipRenounced,OwnershipTransferCompleted","pause,paused,unpause,upgrade,denylist,get_admin,get_owner,get_pauser,get_min_fee,get_rescuer,set_min_fee,un_denylist,accept_admin,rescue_sep41,__constructor,is_denylisted,update_pauser,get_denylister,transfer_admin,update_rescuer,get_local_token,link_token_pair,accept_ownership,deposit_for_burn,get_fee_recipient,get_pending_admin,get_pending_owner,set_fee_recipient,unlink_token_pair,update_denylister,get_min_fee_amount,transfer_ownership,get_token_controller,set_token_controller,get_min_fee_controller,get_swap_minter_config,set_min_fee_controller,set_swap_minter_config,get_message_body_version,get_token_decimal_config,set_token_decimal_config,remove_swap_minter_config,add_remote_token_messenger,deposit_for_burn_with_hook,get_remote_token_messenger,get_local_message_transmitter,handle_recv_finalized_message,remove_remote_token_messenger,get_max_burn_amount_per_message,handle_recv_unfinalized_message,set_max_burn_amount_per_message"
a71a844eec784d1a5ef201bbbd4c641980900fc128cb927b7c07720f7ae48cab,"","decimals,add_asset,lastprice,set_admin,__constructor"
a79347024cd23e83497d24125658b96620762ffde4cdcffd4c994fb180844fec,"Burn,Mint,Approve,Transfer,MuxedTransfer","burn,mint,name,pause,symbol,approve,balance,unpause,upgrade,version,decimals,has_role,transfer,allowance,burn_from,is_paused,grant_role,bridge_burn,bridge_mint,revoke_role,total_supply,__constructor,renounce_role,transfer_from,get_role_admin,is_blacklisted,enable_blacklist,disable_blacklist,update_role_admin"
a84fc7385a988a2b27cb6c7a3f5d65066759c9b72e6577b756c247f95d11e041,"","pause,migrate,unpause,version,owner_of,transfer,is_paused,mint_badge,has_claimed,total_supply,badge_type_of,__constructor,cancel_upgrade,execute_upgrade,propose_upgrade,update_edition_cap,update_signing_key,lock_upgrades_forever,update_upgrade_timelock_secs"
aa6fe035d9db8ae486e363b0b02bed566a8b68f83cd8d00d513422a9970ec334,"","mint,name,pause,paused,symbol,approve,balance,blocked,unpause,upgrade,decimals,has_role,transfer,allowance,burn_from,get_admin,block_user,grant_role,block_users,revoke_role,total_supply,unblock_user,renounce_role,transfer_from,unblock_users,__constructor,get_role_admin,renounce_admin,set_role_admin,get_role_member,transfer_admin_role,accept_admin_transfer,get_role_member_count,burn_from_blacklisted_address"
ab3bb0da02d07610872b4a2f5dbbe9cf0a40e0544f63981097604f9d08d2a164,"Open,Close,Withdraw,Refund","__constructor,top_up,token,from,to,refund_waiting_period,balance,deposited,withdrawn,prepare_commitment,settle,close,close_start,refund"
aba81900bc82d24a6f5b66a6fee775bc51543f91dc89e824bd96ffcf3879dba1,"Blocklisted,MintAssetSet,Unblocklisted,BlocklisterChanged,MinterRemoved,MinterConfigured,MinterAssetControllerChanged,AdminChanged,AdminChangeStarted,PauserChanged,RescuerChanged,SetRoot,SetClaimed,Paused,Unpaused,RoleGranted,RoleRevoked,AdminRenounced,RoleAdminChanged,AdminTransferCompleted,AdminTransferInitiated,OwnershipTransfer,OwnershipRenounced,OwnershipTransferCompleted","pause,paused,unpause,upgrade,blocklist,get_admin,get_owner,swap_mint,get_pauser,unblocklist,accept_admin,__constructor,remove_minter,update_pauser,get_mint_asset,is_blocklisted,transfer_admin,get_blocklister,accept_ownership,configure_minter,get_pending_admin,get_pending_owner,transfer_ownership,update_blocklister,get_minter_allow_asset,get_minter_asset_controller,update_minter_asset_controller"
ac2664946ffbed33592057bc9d8aa4a6c0db3c81a8ac7d8bac9bb69b8821f17e,"RoleGranted,RoleRevoked,AdminRenounced,RoleAdminChanged,AdminTransferCompleted,AdminTransferInitiated,Paused,Unpaused,Burn,Mint,Approve,Transfer,MuxedTransfer,UserAllowed,UserDisallowed","burn,mint,name,pause,paused,symbol,allowed,approve,balance,unpause,upgrade,decimals,has_role,transfer,allowance,burn_from,get_admin,allow_user,grant_role,revoke_role,total_supply,__constructor,disallow_user,renounce_role,transfer_from,get_role_admin,renounce_admin,set_role_admin,get_role_member,get_existing_roles,transfer_admin_role,accept_admin_transfer,get_role_member_count"
ac33fc812664a41c18da1bf04988835f861108131976b6aba343ca8a9d9e21f9,"","join,vote,claim,repay,start,propose,sponsor,upgrade,dissolve,get_owed,get_vote,get_round,contribute,get_config,get_member,keep_alive,get_members,accept_admin,get_proposal,is_cancelled,request_exit,settle_round,__constructor,get_claimable,get_owed_round,get_statistics,top_up_deposit,transfer_admin,cancel_proposal,contribute_late,execute_proposal,get_current_round,get_insurance_pool,calculate_recipient,get_round_shortfall,process_paused_exit,dissolve_recruiting_timeout"
accaff96540ec91e5df505dfc350634744ef084d96d7333a6ec2178aa7f9f8f7,"RoleGranted,RoleRevoked,AdminRenounced,RoleAdminChanged,AdminTransferCompleted,AdminTransferInitiated,Burn,Mint,Approve,Transfer,MuxedTransfer,UserAllowed,UserDisallowed","burn,mint,name,symbol,allowed,approve,balance,upgrade,decimals,has_role,transfer,allowance,burn_from,get_admin,allow_user,grant_role,revoke_role,total_supply,__constructor,disallow_user,renounce_role,transfer_from,get_role_admin,renounce_admin,set_role_admin,get_role_member,get_existing_roles,transfer_admin_role,accept_admin_transfer,get_role_member_count"
acfd39e3a7ec82a9c03592bbf4f98b0fb37498c06b9e51a17481e091ea77a8e8,"RoleGranted,RoleRevoked,AdminRenounced,RoleAdminChanged,AdminTransferCompleted,AdminTransferInitiated","status,upgrade,has_role,get_admin,grant_role,is_approved,revoke_role,__constructor,renounce_role,get_role_admin,renounce_admin,set_role_admin,get_role_member,set_participant,require_approved,get_existing_roles,transfer_admin_role,accept_admin_transfer,get_role_member_count"
ade634312f039e1835f138198634a00e7d2c05fc456653c6e88ea7a95ec6e7b1,"RoleGranted,RoleRevoked,AdminRenounced,RoleAdminChanged,AdminTransferCompleted,AdminTransferInitiated,Paused,Unpaused,Mint,Approve,Transfer,ApproveForAll,Burn,SetTokenRoyalty,SetDefaultRoyalty,RemoveTokenRoyalty","burn,mint,name,pause,paused,symbol,approve,balance,unpause,upgrade,has_role,owner_of,transfer,burn_from,get_admin,token_uri,grant_role,revoke_role,get_approved,royalty_info,__constructor,renounce_role,transfer_from,get_role_admin,renounce_admin,set_role_admin,approve_for_all,get_role_member,set_token_royalty,get_existing_roles,is_approved_for_all,set_default_royalty,transfer_admin_role,remove_token_royalty,accept_admin_transfer,get_role_member_count"
ae68869840391da72e9db3e07a5c3271a645b67101c0ef097ba9604f07823ad0,"","__constructor,upgrade,add_supply_controller,remove_supply_controller,update_limit_config,set_allow_any_mint_to_address,add_mint_address_to_list,remove_mint_address_from_list,get_supply_controller_config,get_all_sc_addresses,get_remaining_mint_amount,set_admin,set_authorized,mint,clawback,grant_role,has_role,get_role_member_count,get_role_member,get_role_admin,get_admin,revoke_role,renounce_role,renounce_admin,transfer_admin_role,accept_admin_transfer,set_role_admin,pause,unpause,paused"
b0427e26c0b5201be42b2d0577773081b2f5a382507995e1ad9ca7f0ee241da5,"Burn,Transfer,MuxedTransfer,Approve,Mint","total_supply,balance,allowance,transfer,transfer_from,approve,decimals,name,symbol,burn,burn_from,__constructor,mint,set_paused,paused,set_restrictions,set_admin,accept_admin,set_vault,set_metadata,admin,pending_admin,vault,extend_ttl,upgrade"
b2e858176fab112cc9afbe54590e13d12192ba7fa32dd83cf565d21f2f13179a,"Upgraded,SignerAdded,SignerRemoved,SignerUpdated","upgrade,add_signer,get_signer,__check_auth,__constructor,remove_signer,update_signer"
b2ffbefaafad05d4a2bde16b8fcf8b3d71c22a422caf19fe6a3fb744fb52fa20,"","swap,simulate_swap,simulate_reverse_swap,migrate_admin_key,propose_admin,revoke_admin_change,accept_admin,query_admin,__constructor,update,query_version,add_new_key_to_storage"
b359f16d7f0f29d5028fbe8779a8df86a889ba0691d4f8c8b963df4a6d889e76,"SimplePolicyEnforced,SpendingLimitPolicyEnforced,WeightedPolicyEnforced,ContextRuleAdded,ContextRuleUpdated,ContextRuleRemoved,SignerAdded,SignerRemoved,PolicyAdded,PolicyRemoved,SetRoot,SetClaimed,Paused,Unpaused","upgrade,__constructor,__check_auth,get_context_rule,get_context_rules,add_context_rule,update_context_rule_name,update_context_rule_valid_until,remove_context_rule,add_signer,remove_signer,add_policy,remove_policy,execute"
b52fc2d7f98c0d4592bad7d8634fdd53db908fa8d43f01bd1ee1ae342a22148e,"Minted,MintPaused,MintUnpaused,MintOpsUpdated,DailyCapUpdated,MintInitialized,TreasuryUpdated,MintAdminUpdated,MintUpgradeCanceled,MintUpgradeExecuted,MintUpgradeProposed,MintSacAdminCanceled,MintSacAdminExecuted,MintSacAdminProposed,MintUpgradeProposalReplaced,MintSacAdminProposalReplaced","pause,status,set_ops,unpause,set_admin,set_treasury,__constructor,set_daily_cap,cancel_upgrade,execute_upgrade,propose_upgrade,mint_to_treasury,propose_sac_admin,cancel_sac_admin_handoff,execute_sac_admin_handoff"
b64fa5b9e3f0074a772d10743c1951bc6c1a716d0f7521f205eb0b516b15cfab,"","create_liquidity_pool,update_config,query_pools,query_pool_details,query_all_pools_details,query_for_pool_by_token_pair,query_pool_by_pair_type,get_admin,get_config,query_user_portfolio,migrate_admin_key,propose_admin,revoke_admin_change,accept_admin,__constructor,update,set_blend_wasm_hash,query_version,add_new_key_to_storage"
b658588a255ba6f6cdfcef828341b6cbead30118b2bfc954ed11eb8a11484c3e,"","upgrade,__constructor,mint,transfer,transfer_from,total_supply,balance,allowance,approve,decimals,name,symbol,allowed,allow_user,disallow_user,burn,burn_from,paused,pause,unpause,has_role,get_role_member_count,get_role_member,get_role_admin,get_admin,grant_role,revoke_role,renounce_role,renounce_admin,transfer_admin_role,accept_admin_transfer,set_role_admin"
b73fe80ad74587eb8ffbbece1207c086d1b0182bc17c50fa263c2b818fa9eea2,"MemberAdded,SignerAdded,MemberRemoved,QuorumCreated,SignerRemoved,ProposalCreated,ProposalApproved,ProposalExecuted,ProposalRejected,ThresholdUpdated,ProposalCancelled,PolicyAdded,SignerAdded,PolicyRemoved,SignerRemoved,ContextRuleAdded,ContextRuleRemoved,ContextRuleUpdated,SpendingLimitPolicyEnforced,SimplePolicyEnforced,WeightedPolicyEnforced","cancel,reject,approve,propose,add_member,add_signer,get_member,get_members,__check_auth,get_proposal,__constructor,get_threshold,remove_member,remove_signer,set_threshold,get_proposal_ids"
b87365c16102f7242a8fc3e770f615991841741c40673bb241cb254130be4c26,"Paused,Applied,Migrated,Unpaused,Upgraded,Submitted,FundsAdded,WinnerPaid,AdminUpdated,EventCreated,FeeBpsUpdated,EventCancelled,ManagerChanged,UpgradeApplied,ManagerProposed,PendingAdminSet,TokenRegistered,WinnersSelected,MilestoneClaimed,FeeAccountUpdated,TokenDeregistered,ContributorRefunded,SubmissionWithdrawn,ApplicationWithdrawn,OwnerResidualRefunded,PendingUpgradeProposed,ProfileContractUpdated,PendingManagerCancelled,PendingUpgradeCancelled","pause,submit,id_base,migrate,unpause,version,add_funds,get_admin,get_event,is_paused,set_admin,claim_prize,get_fee_bps,get_manager,get_winners,set_fee_bps,accept_admin,create_event,start_cancel,__constructor,apply_upgrade,get_winner_at,accept_manager,get_applicants,get_submission,migrate_events,select_winners,apply_to_bounty,claim_milestone,finalize_cancel,get_fee_account,propose_manager,propose_upgrade,set_fee_account,get_applicant_at,get_contributors,get_winner_count,get_winners_page,get_contributor_at,is_supported_token,supported_token_at,get_applicant_count,get_applicants_page,get_pending_manager,get_pending_upgrade,withdraw_submission,get_profile_contract,process_cancel_batch,set_profile_contract,withdraw_application,get_contributor_count,get_contributors_page,supported_token_count,cancel_pending_manager,cancel_pending_upgrade,get_contributor_amount,get_migrated_to_version,register_supported_token,deregister_supported_token,get_applicant_submission_count"
b88a19b00ca3e89472c1521bd3bf4e845e120feb2c2a74f2a32be14d9121a499,"","__constructor,add_asset,set_oracles,decimals,lastprice,set_admin,upgrade"
b9e3500cfb559781e68359655f37775c78afffc5a8436daca9d1d1f8e3569b02,"ProfileBootstrapped,ReputationBumped,ReputationSlashed,EarningsRegistered,AdminReputationSlashed,AdminUpdated,PendingAdminSet,EventsContractUpdated,PendingEventsContractSet,EventsRotationCancelled,Paused,Unpaused,Upgraded,PendingUpgradeProposed,PendingUpgradeCancelled,UpgradeApplied,Migrated","__constructor,set_admin,accept_admin,set_events_contract,propose_events_contract,accept_events_contract,cancel_pending_events_contract,pause,unpause,propose_upgrade,apply_upgrade,cancel_pending_upgrade,migrate,bootstrap,bootstrap_self,bump_reputation,slash_reputation,register_earnings,admin_slash_reputation,get_profile,get_earnings,get_admin,get_events_contract,get_pending_events_contract,is_paused,version,get_pending_upgrade,get_migrated_to_version"
bb2df8d19b7bf22c234a9d601010c4037e0f0f863e9fbcf214e54639440e852e,"","pause,unpause,get_nonce,is_paused,get_policy,set_policy,set_policies,__constructor,cancel_upgrade,propose_upgrade,revoke_by_wallet,enable_delegation,disable_delegation,redeem_delegations,transfer_ownership,get_delegation_hash,register_delegation,get_policies_contract,get_wallet_delegation,set_policies_contract,is_delegation_disabled,update_current_contract_wasm"
bcd1765bd178020fa5f64752c48c79a15e296de4f056e5ab42981f5b68f58c17,"Withdrawn,GovAddrSet,RateUpdated,VaultPaused,DrawExecuted,PartnerAdded,VaultUnpaused,HotWalletAdded,MaxDrawUpdated,PartnerRemoved,VaultOpsUpdated,HotWalletRemoved,VaultInitialized,DepositCapUpdated,DepositRegistered,VaultAdminUpdated,EmergencyWithdrawn,PartnerWalletAdded,RateBandOverridden,PartnerWalletRemoved,VaultUpgradeCanceled,VaultUpgradeExecuted,VaultUpgradeProposed,ThrottledMaxDrawUpdated,AtomicSettlementConfigured,VaultUpgradeProposalReplaced","draw,pause,status,set_ops,unpause,withdraw,set_admin,is_partner,add_partner,update_rate,current_rate,set_gov_addr,set_max_draw,__constructor,is_hot_wallet,add_hot_wallet,cancel_upgrade,remove_partner,execute_upgrade,propose_upgrade,set_deposit_cap,cumulative_drift,partner_position,register_deposit,is_partner_wallet,remove_hot_wallet,add_partner_wallet,emergency_withdraw,admin_override_rate,partner_deposit_cap,remove_partner_wallet,set_throttled_max_draw,is_rate_band_overridden,set_require_atomic_settlement"
bfa08cbf2ad5e86a94ad7661cadf276ad9afaa74bd5206217c82c1cea0c5aa39,"ConsecutiveMint,ClaimAdded,ClaimChanged,ClaimRemoved,ClaimTopicAdded,ClaimTopicRemoved,TrustedIssuerAdded,IssuerTopicsUpdated,TrustedIssuerRemoved,ModuleAdded,ModuleRemoved,Burn,Mint,TokensFrozen,AddressFrozen,ComplianceSet,TokensUnfrozen,RecoverySuccess,IdentityVerifierSet,TokenOnchainIdUpdated,ClaimTopicsAndIssuersSet,Deposit,Withdraw,IdentityStored,CountryDataAdded,IdentityModified,IdentityUnstored,IdentityRecovered,CountryDataRemoved,CountryDataModified,DocumentRemoved,DocumentUpdated,KeyAllowed,KeyRemoved,ClaimRevoked,SignaturesInvalidated,TokenBound,TokenUnbound,Mint,Approve,Transfer,ApproveForAll,Burn,Burn,SetTokenRoyalty,SetDefaultRoyalty,RemoveTokenRoyalty,UserAllowed,UserDisallowed,UserBlocked,UserUnblocked,Mint,Approve,Transfer,SetRoot,SetClaimed,Paused,Unpaused,RoleGranted,RoleRevoked,AdminRenounced,RoleAdminChanged,AdminTransferCompleted,AdminTransferInitiated,OwnershipTransfer,OwnershipRenounced,OwnershipTransferCompleted","burn,name,symbol,approve,balance,upgrade,decimals,has_role,transfer,allowance,burn_from,get_admin,mint_from,grant_role,revoke_role,total_supply,__constructor,renounce_role,transfer_from,get_role_admin,renounce_admin,set_role_admin,get_role_member,transfer_admin_role,accept_admin_transfer,get_role_member_count"
bfab576fb405952fdeb0c502e3f662668601f3b63111bcf034c240cea4b6240d,"","migrate,upgrade,add_signer,get_signer,has_signer,is_deployed,__check_auth,revoke_signer,update_signer,__constructor,install_plugin,uninstall_plugin,is_plugin_installed"
bfb64fd1012d945e481df81d6849d742ee8c70f2043651d1be96f1f40ecdb2e7,"","upgrade,__constructor,mint,transfer,transfer_from,total_supply,balance,allowance,approve,decimals,name,symbol,blocked,block_user,unblock_user,burn,burn_from,paused,pause,unpause,has_role,get_role_member_count,get_role_member,get_role_admin,get_admin,grant_role,revoke_role,renounce_role,renounce_admin,transfer_admin_role,accept_admin_transfer,set_role_admin"
bfeea38590f0e23e355b47f61b1f71fe65f72d32fa457e769627d38b523324cc,"Burn,Transfer,MuxedTransfer,Approve,Mint","total_supply,balance,allowance,transfer,transfer_from,approve,decimals,name,symbol,burn,burn_from,__constructor,mint,set_paused,paused,set_restrictions,set_admin,accept_admin,set_vault,set_metadata,admin,pending_admin,vault,extend_ttl,upgrade"
c1179d4df9ca0c3b962ee8340c338b565df8f96f3c06f5807965f117d05c10cb,"RoleGranted,RoleRevoked,AdminRenounced,RoleAdminChanged,AdminTransferCompleted,AdminTransferInitiated","price,upgrade,has_role,price_e7,get_admin,set_price,grant_role,revoke_role,assert_fresh,__constructor,renounce_role,get_role_admin,renounce_admin,set_role_admin,updated_ledger,get_role_member,get_existing_roles,transfer_admin_role,accept_admin_transfer,get_role_member_count,refresh_from_reflector,refresh_from_reflector_symbol"
c176316822b58329498b62d9755e1fdb06dfd929681c8d0a61f81c2b01a9b0e1,"","upgrade,__constructor,add_signer,update_signer,revoke_signer,install_plugin,uninstall_plugin,is_plugin_installed,is_deployed,__check_auth"
c1b28d42da1b7b091307c9acb0d72b88f45cc29d404b4d3c30bca0250a9d565f,"PolicyAdded,SignerAdded,PolicyRemoved,SignerRemoved,ContextRuleAdded,PolicyRegistered,SignerRegistered,ContextRuleRemoved,PolicyDeregistered,SignerDeregistered,ContextRuleMetaUpdated","execute,add_policy,add_signer,extend_ttl,__check_auth,__constructor,get_policy_id,get_signer_id,last_rotation,remove_policy,remove_signer,recovery_rotate,add_context_rule,batch_add_signer,get_context_rule,remove_context_rule,get_recovery_registry,set_recovery_registry,apply_recovery_registry,get_context_rules_count,update_context_rule_name,pending_recovery_registry,propose_recovery_registry,cancel_recovery_registry_change,update_context_rule_valid_until"
c4321b895b962f7bd3199016992fb39f8749ff9e74272210e6a90efc5c8a67ed,"RoleGranted,RoleRevoked,AdminRenounced,RoleAdminChanged,AdminTransferCompleted,AdminTransferInitiated","upgrade,has_role,get_admin,grant_role,is_blocked,revoke_role,set_blocked,__constructor,is_authorized,renounce_role,get_role_admin,renounce_admin,set_role_admin,get_role_member,get_existing_roles,transfer_admin_role,accept_admin_transfer,get_role_member_count"
c54ba54bd9e37503a641fa661126cd858faf57738c1e903b84f72ac505016393,"","create_liquidity_pool,update_config,query_pools,query_pool_details,query_all_pools_details,query_for_pool_by_token_pair,get_admin,get_config,query_user_portfolio,migrate_admin_key,propose_admin,revoke_admin_change,accept_admin,__constructor,update,query_version,add_new_key_to_storage"
c54f36e053555c87675a8d71b95d0734bd58543fbe9418aae9973d712c0df0e9,"SeedSet,TransactionExecuted,ExecutorSet,ExecutorRequiredSet,SignerSet,ThresholdSet,OwnershipTransferred,OwnershipTransferring,OwnershipTransferCancelled,OwnershipRenounced,RoleGranted,RoleRevoked,RoleAdminChanged,TtlConfigsSet,TtlConfigsFrozen","set_executor,set_executor_required,get_executors,is_executor,total_executors,executor_required,__check_auth,set_seed,execute_transaction,verify_merkle_root,verify_transaction_proof,encode_leaf,can_execute_transaction,onesig_id,nonce,seed,version,leaf_encoding_version,__constructor,authorizer,set_signer,set_threshold,get_signers,total_signers,is_signer,threshold,verify_signatures,verify_n_signatures,extend_instance_ttl,set_ttl_configs,ttl_configs,freeze_ttl_configs,is_ttl_configs_frozen"
c69fac401be882b87ee24c74e56449695903983029324cac7c70ed98da441fea,"OracleEnabledEvent,OracleDisabledEvent,ContractUpgradedEvent,OracleSetDecimalsEvent,OracleSetPriceThresholdEvent,RoleGranted,RoleRevoked,RoleAdminChanged","upgrade,version,has_role,grant_role,is_enabled,fetch_price,revoke_role,setup_asset,__constructor,enable_oracle,renounce_role,disable_oracle,get_role_admin,get_rwa_oracle,get_cached_price,update_role_admin,get_price_decimals,set_price_decimals,fetch_forward_price,fetch_inverse_price,set_price_threshold,fetch_forward_prices,fetch_inverse_prices,fetch_price_threshold"
c6d58eb813ef20c80a88c72fc5d14ff02263e9316e2a2bf102696a60cd781354,"RoleGranted,RoleRevoked,AdminRenounced,RoleAdminChanged,AdminTransferCompleted,AdminTransferInitiated,Burn,Mint,Approve,Transfer,MuxedTransfer","burn,name,wrap,symbol,unwrap,approve,backing,balance,upgrade,decimals,has_role,transfer,allowance,burn_from,get_admin,grant_role,revoke_role,total_supply,__constructor,renounce_role,transfer_from,wrapped_token,get_role_admin,redeem_to_xrpl,renounce_admin,set_role_admin,get_role_member,set_axelar_config,get_existing_roles,transfer_admin_role,accept_admin_transfer,get_role_member_count,interchain_token_service,execute_with_interchain_token"
c725485aa6baf94d4cb64975d67d242e5069376d2e2a5b04c1651ad8706f56ba,"Burn,Transfer,MuxedTransfer,Approve,Mint","total_supply,balance,allowance,transfer,transfer_from,approve,decimals,name,symbol,burn,burn_from,__constructor,mint,set_paused,paused,set_restrictions,set_admin,accept_admin,set_vault,set_metadata,admin,pending_admin,vault,extend_ttl,upgrade"
c88ee1b8a60a7f9581969e6c098610d2a43a569df076e26fda43809daa16fe25,"AdminSet,OperatorSet,VaultPaused,VaultUnpaused,SubaccountAdded,AumLimitsChanged,SubaccountRemoved,DepositToSubaccount,AdminTransferAccepted,AdminTransferProposed,DeployedAssetsChanged,WalletBalanceDiverged,WalletDeployedUpdated,AdminTransferCancelled,AumWindowLimitsChanged,WithdrawFromSubaccount,WalletNetDeployedSeeded,WalletBalanceProbeFailed,StrategyBalanceProbeFailed,WalletDeployedBatchApplied,SetRoot,SetClaimed,Paused,Unpaused,DelegateChanged,DelegateVotesChanged,MinDelayChanged,OperationExecuted,OperationCancelled,OperationScheduled,ConsecutiveMint,Burn,SetTokenRoyalty,SetDefaultRoyalty,RemoveTokenRoyalty,Mint,Approve,Transfer,ApproveForAll,ModuleAdded,ModuleRemoved,DocumentRemoved,DocumentUpdated,KeyAllowed,KeyRemoved,ClaimRevoked,SignaturesInvalidated,ClaimAdded,ClaimChanged,ClaimRemoved,Burn,Mint,ClaimTopicAdded,ClaimTopicRemoved,TrustedIssuerAdded,IssuerTopicsUpdated,TrustedIssuerRemoved,IdentityStored,CountryDataAdded,IdentityModified,IdentityUnstored,IdentityRecovered,CountryDataRemoved,CountryDataModified,TokensFrozen,AddressFrozen,ComplianceSet,TokensUnfrozen,RecoverySuccess,IdentityVerifierSet,TokenOnchainIdUpdated,ClaimTopicsAndIssuersSet,TokenBound,TokenUnbound,Deposit,Withdraw,UserAllowed,UserDisallowed,UserBlocked,UserUnblocked,Approve,Transfer","mint,name,pause,redeem,symbol,approve,balance,deposit,unpause,upgrade,decimals,max_mint,transfer,withdraw,allowance,get_admin,is_paused,extend_ttl,max_redeem,max_deposit,query_asset,accept_admin,get_operator,max_withdraw,preview_mint,set_operator,total_assets,total_supply,__constructor,propose_admin,transfer_from,add_subaccount,preview_redeem,set_aum_limits,get_subaccounts,preview_deposit,preview_withdraw,convert_to_assets,convert_to_shares,get_pending_admin,remove_subaccount,get_deployed_assets,get_subaccount_type,cancel_admin_proposal,deposit_to_subaccount,get_strategy_balances,set_aum_window_limits,get_aum_decrease_limit,get_aum_increase_limit,update_deployed_assets,update_wallet_deployed,get_aum_window_duration,get_wallet_net_deployed,get_aum_window_dec_limit,get_aum_window_inc_limit,seed_wallet_net_deployed,withdraw_from_subaccount,get_wallet_deployed_assets,remove_wallet_and_reconcile,update_wallet_deployed_batch"
c93980da08d4db7c0b6df0f11913a792058512c1bcd5a9903938baded4f06cf7,"Burn,Transfer,MuxedTransfer,Approve,Mint","total_supply,balance,allowance,transfer,transfer_from,approve,decimals,name,symbol,burn,burn_from,__constructor,mint,set_paused,paused,set_restrictions,set_admin,accept_admin,set_vault,set_metadata,admin,pending_admin,vault,extend_ttl,upgrade"
cb2758e6a880d458985bf1fdef54de999d61dc09a9b236a1f1fba905a78bb583,"","__constructor,update_metadata,metadata,total_supply,balance,allowance,transfer,transfer_from,approve,decimals,name,symbol,get_owner,transfer_ownership,accept_ownership,renounce_ownership"
cbbb1bde44acab147b7e2eece89350ed37fe79f33c4b8938fba89c2583a6b52f,"LifiFee,LifiSwap,LifiBridge,AdminChanged,ContractPaused,ProposalStatus","pause,upgrade,set_admin,__constructor,require_not_paused,swap,bridge,swap_bridge,get_proposal,get_interface,create_proposal,approve_proposal,execute_proposal,get_operator_config"
cd236b809d35c4b1a62aa4e34ccfacd78935ae3014550a9fdb085d42d36fd8fc,"RoleGranted,RoleRevoked,AdminRenounced,RoleAdminChanged,AdminTransferCompleted,AdminTransferInitiated,Burn,Mint,Approve,Transfer,MuxedTransfer","burn,name,symbol,approve,balance,execute,gateway,upgrade,decimals,has_role,token_id,transfer,allowance,burn_from,get_admin,mint_from,grant_role,to_rebased,revoke_role,burn_rebased,to_base_ceil,total_supply,__constructor,renounce_role,transfer_from,get_axelar_its,get_role_admin,renounce_admin,set_role_admin,shares_balance,get_role_member,get_vault_ratio,set_axelar_config,get_axelar_gateway,get_existing_roles,update_vault_ratio,transfer_admin_role,get_axelar_gas_token,accept_admin_transfer,get_role_member_count,interchain_token_service,execute_with_interchain_token"
ce625cceae48a4f2867a6f7ba4d30bb3d904494847eb63e0b95f8df0c77d14bb,"","upgrade,interchain_token_service,execute_with_interchain_token,gateway,execute,__constructor,update_vault_ratio,get_vault_ratio,shares_balance,to_rebased,to_base_ceil,mint_from,burn_rebased,has_role,get_role_member_count,get_role_member,get_role_admin,get_admin,grant_role,revoke_role,renounce_role,renounce_admin,transfer_admin_role,accept_admin_transfer,set_role_admin,total_supply,balance,allowance,transfer,transfer_from,approve,decimals,name,symbol,burn,burn_from,set_axelar_config,token_id,get_axelar_its,get_axelar_gateway,get_axelar_gas_token"
ceb168b15ae12371c39507bf8ce3abc3de0a2d568587dec1fa6c754221e2b80a,"","upgrade,__constructor,mint_from,mint,total_supply,balance,allowance,transfer,transfer_from,approve,decimals,name,symbol,burn,burn_from,has_role,get_role_member_count,get_role_member,get_role_admin,get_admin,grant_role,revoke_role,renounce_role,renounce_admin,transfer_admin_role,accept_admin_transfer,set_role_admin,get_underlying_for_amount,get_amount_for_underlying,deposit,withdraw,set_axelar_config,token_id,get_axelar_its,get_axelar_chain,get_axelar_gas_token,interchain_transfer,get_merkle_epoch,get_banned_amount,set_new_epoch,get_merkle_root,is_claimed,amt_to_claim,sync_balances"
cf2df771b015c2a25e13ff0a5b9a8fc31cb3adf0b22ccaf78a544f141610cd93,"","upgrade,__constructor,mint_from,mint,total_supply,balance,allowance,transfer,transfer_from,approve,decimals,name,symbol,burn,burn_from,has_role,get_role_member_count,get_role_member,get_role_admin,get_admin,grant_role,revoke_role,renounce_role,renounce_admin,transfer_admin_role,accept_admin_transfer,set_role_admin,get_underlying_for_amount,get_amount_for_underlying,deposit,withdraw,set_axelar_config,token_id,get_axelar_its,get_axelar_chain,get_axelar_gas_token,interchain_transfer,get_merkle_epoch,set_new_epoch,get_merkle_root,is_claimed,amt_to_claim,sync_balances"
d0275d23b00b442672e5e925902c32e1356ba7d7ed48dcf056a4a1cbc908229a,"RoleGranted,RoleRevoked,AdminRenounced,RoleAdminChanged,AdminTransferCompleted,AdminTransferInitiated","lock,release,upgrade,get_lock,has_role,get_admin,is_locked,grant_role,revoke_role,__constructor,renounce_role,get_role_admin,renounce_admin,set_role_admin,get_role_member,get_existing_roles,transfer_admin_role,accept_admin_transfer,assert_revoke_allowed,get_role_member_count"
d07941bef95ad91e9e5f64fa1ecfad57ca7aacf1cc3cd0e54f1dfa0859b0f6fb,"","burn,name,pause,paused,symbol,approve,balance,blocked,unpause,upgrade,decimals,has_role,transfer,allowance,burn_from,get_admin,mint_from,block_user,grant_role,revoke_role,total_supply,unblock_user,renounce_role,transfer_from,__constructor,get_role_admin,renounce_admin,set_role_admin,get_role_member,transfer_admin_role,accept_admin_transfer,get_role_member_count"
d1d4e69b4f3b9c14382b5e8cfbc081afefb5f5306769339a7482acebdd5358a1,"Deploy,Rename,Publish,Register,SubRegistry,UpdateOwner,UpdateAddress,SecurityFlagContract","admin,deploy,manager,publish,upgrade,set_admin,dev_deploy,fetch_hash,set_manager,publish_hash,__constructor,flag_contract,process_batch,batch_register,deploy_unnamed,remove_manager,current_version,rename_contract,upgrade_contract,fetch_contract_id,register_contract,fetch_contract_owner,xcc_hash_and_version,proxy_invoke_contract,update_contract_owner,deploy_with_subregistry,update_contract_address"
d32eaaecb876cfe859cedc7f2ec7e7e3030eb5996d86ad139a19e443d876c0ac,"","provide_liquidity,swap,withdraw_liquidity,update_config,upgrade,query_config,query_share_token_address,query_stake_contract_address,query_pool_info,query_pool_info_for_factory,simulate_swap,simulate_reverse_swap,query_share,query_total_issued_lp,propose_admin,revoke_admin_change,accept_admin,query_admin,set_delegate,withdraw_to_delegate,deposit_from_delegate,donate,query_delegate_state,set_min_trading_balances,min_trading_balances,__constructor,query_version,add_new_key_to_storage"
d54d01e0d09005bd7d5267ce9e913a8c52163bfeb82252545351b76e86b41561,"","provide_liquidity,swap,withdraw_liquidity,update_config,upgrade,query_config,query_share_token_address,query_stake_contract_address,query_pool_info,query_pool_info_for_factory,simulate_swap,simulate_reverse_swap,query_share,query_total_issued_lp,migrate_admin_key,propose_admin,revoke_admin_change,accept_admin,query_admin,__constructor,query_version,add_new_key_to_storage,toggle_trading,query_trading_enabled"
d6717aa80e0a1e6f5e6e6b5a8a4c00219ecbd1d3c5be61a44134324dd56e7df2,"Open,Close,Refund,Withdraw","to,from,close,token,refund,settle,top_up,balance,deposited,withdrawn,close_start,__constructor,prepare_commitment,refund_waiting_period"
d68610690fa381aace03f16ef591334d61e808bcba0ac9e3a15d76df492aff24,"","domain_separator,minimum_rotation_delay,previous_signers_retention,approve_messages,rotate_signers,epoch,epoch_by_signers_hash,signers_hash_by_epoch,validate_proof,call_contract,is_message_approved,is_message_executed,validate_message,__constructor,operator,transfer_operatorship,owner,transfer_ownership,paused,pause,unpause,version,required_auths,upgrade,migrate"
d71983c8799ac1663a30b8d3f13fc38635cd7c18c217570f4eb50d3b4f79aa57,"AccessControlManagerUpdated,RoleGranted,RoleRevoked,AdminRenounced,RoleAdminChanged,AdminTransferCompleted,AdminTransferInitiated,OwnershipTransfer,OwnershipRenounced,OwnershipTransferCompleted","has_role,get_admin,extend_ttl,is_governor,add_governor,__constructor,get_role_admin,get_role_member,remove_governor,get_existing_roles,get_role_member_count,is_governor_or_guardian,set_access_control_manager"
d8b9ac96550e204c1d491ef2c24a25d9e3de4cfbdbbf77ec49e66cac2ccfea71,"AuthFailed,AuthSucceeded,VerifyDiagnostic,AccountInitialized,AccountAdminUpdated,AccountAuthVkUpdated,OwnerCommitmentUpdated","admin,auth_vk,upgrade,auth_mode,set_admin,set_auth_vk,__check_auth,__constructor,owner_commitment,set_owner_commitment"
d8d02417173001500af899629dc00cb2c718bd82ba45326cd62695706841e260,"RoleGranted,RoleRevoked,AdminRenounced,RoleAdminChanged,AdminTransferCompleted,AdminTransferInitiated,OwnershipTransfer,OwnershipRenounced,OwnershipTransferCompleted,SetRoot,SetClaimed,Paused,Unpaused,DelegateChanged,DelegateVotesChanged,VoteCast,QuorumChanged,ProposalQueued,ProposalCreated,ProposalExecuted,ProposalCancelled,MinDelayChanged,OperationExecuted,OperationCancelled,OperationScheduled,ConsecutiveMint,Burn,SetTokenRoyalty,SetDefaultRoyalty,RemoveTokenRoyalty,Mint,Approve,Transfer,ApproveForAll,ModuleAdded,ModuleRemoved,DocumentRemoved,DocumentUpdated,KeyAllowed,KeyRemoved,ClaimRevoked,SignaturesInvalidated,ClaimAdded,ClaimChanged,ClaimRemoved,Burn,Mint,ClaimTopicAdded,ClaimTopicRemoved,TrustedIssuerAdded,IssuerTopicsUpdated,TrustedIssuerRemoved,IdentityStored,CountryDataAdded,IdentityModified,IdentityUnstored,IdentityRecovered,CountryDataRemoved,CountryDataModified,TokensFrozen,AddressFrozen,ComplianceSet,TokensUnfrozen,RecoverySuccess,IdentityVerifierSet,TokenOnchainIdUpdated,ClaimTopicsAndIssuersSet,TokenBound,TokenUnbound,Deposit,Withdraw,Burn,UserAllowed,UserDisallowed,UserBlocked,UserUnblocked,Mint,Approve,Transfer","bind_token,add_identity,unbind_token,__constructor,linked_tokens,modify_identity,remove_identity,stored_identity,get_recovered_to,recover_identity,get_identity_profile"
dad52104f1cca8c51f1d9b2a1d8e9542c93c2b14f43fb20a640def603cc2bb0d,"RoleGranted,RoleRevoked,AdminRenounced,RoleAdminChanged,AdminTransferCompleted,AdminTransferInitiated,AuditorRotated,AuditorRegistered","get_key,upgrade,has_role,get_admin,grant_role,rotate_key,revoke_role,register_key,__constructor,renounce_role,get_role_admin,renounce_admin,set_role_admin,get_role_member,get_existing_roles,transfer_admin_role,accept_admin_transfer,get_role_member_count"
dae61b0ae32ed476188842dd20e155a62aabe5348e7d6b67df3a4aaf72904e49,"","__constructor,mint,owner_of,name,symbol,token_uri,token_image,is_approved,transfer,approve,transfer_from,set_user,is_user_of,user_of,is_token_id_allowed,get_owner,get_mint_price,get_token_count,set_base_uri,set_contract_uri,set_default_mint_price,set_mint_price,set_royalty,set_minter,set_forwarder,set_tokens_allowlist,set_tokens_are_allowed,add_allowed_token_id,remove_allowed_token_id,transfer_admin"
dbbaa6c65feb77b2afdf7f13fbf3a5d020e632c57d15340683a215d7d64c5af1,"PoolDeployed,FeeReceiverSet,OwnershipAccepted,FactoryInitialized,OwnershipCommitted,PoolImplementationSet,PoolImplementationRetired","admin,get_coins,pool_list,pool_count,get_n_coins,fee_receiver,future_admin,get_decimals,__constructor,set_fee_receiver,deploy_plain_pool,pool_implementation,set_pool_implementations,accept_transfer_ownership,commit_transfer_ownership,get_implementation_address"
dc7fbf08126a0eaa8122f27afd958e683a04c94a5eb1a65616494557414fa647,"PolicyAdded,SignerAdded,PolicyRemoved,SignerRemoved,ContextRuleAdded,ContextRuleRemoved,ContextRuleUpdated,SpendingLimitPolicyEnforced,SimplePolicyEnforced,WeightedPolicyEnforced,SetRoot,SetClaimed,Paused,Unpaused","execute,upgrade,add_policy,add_signer,__check_auth,__constructor,remove_policy,remove_signer,add_context_rule,get_context_rule,get_context_rules,remove_context_rule,get_context_rules_count,update_context_rule_name,update_context_rule_valid_until"
dd6dd50bc0bbf2834bfa2215bc66f6911aeba05c984a42590fe37df4da46e29d,"CleanBadDebtEvent,CreateHubEvent,UpdateSpokeEvent,ApproveBlendPoolEvent,RemoveSpokeAssetEvent,UpdateSpokeAssetEvent,UpdateAccumulatorEvent,UpdatePositionLimitsEvent,UpdateSwapAggregatorEvent,UpdatePriceAggregatorEvent,UpdateMinBorrowCollateralEvent,CreateMarketEvent,UpdateMarketParamsEvent,AccountDelegateEvent,ClaimRevenueEvent,FlashLoanEvent,LiquidationEvent,FlashPositionEvent,UpdatePositionBatchEvent,BlendMigrationEvent,InitialMultiplyPaymentEvent,OwnershipTransfer,OwnershipTransferCompleted,Paused,Unpaused","pause,repay,borrow,supply,migrate,unpause,upgrade,multiply,withdraw,add_spoke,get_spoke,liquidate,swap_debt,create_hub,flash_loan,deploy_pool,add_delegate,recapitalize,remove_spoke,upgrade_pool,__constructor,claim_revenue,renew_account,account_exists,clean_bad_debt,flash_position,update_indexes,get_app_version,get_spoke_asset,get_spoke_usage,is_liquidatable,remove_delegate,set_accumulator,swap_collateral,accept_ownership,get_market_index,get_pool_address,price_aggregator,get_borrow_amount,get_health_factor,revoke_blend_pool,add_asset_to_spoke,approve_blend_pool,migrate_from_blend,transfer_ownership,deploy_position_nft,edit_asset_in_spoke,set_position_limits,set_swap_aggregator,get_total_borrow_usd,set_position_manager,set_price_aggregator,upgrade_position_nft,create_liquidity_pool,get_account_positions,get_collateral_amount,set_spoke_asset_flags,get_account_attributes,get_ltv_collateral_usd,is_blend_pool_approved,remove_asset_from_spoke,force_socialize_bad_debt,get_liquidation_estimate,get_total_collateral_usd,update_account_threshold,get_liquidation_collateral,repay_debt_with_collateral,get_market_indexes_detailed,set_spoke_liquidation_curve,get_min_borrow_collateral_usd,set_min_borrow_collateral_usd,upgrade_liquidity_pool_params"
dfad78f7ef4262603f7ffa765a04bba61fbbe92dd1f5e6c22b5f274ba05860f8,"","upgrade,interchain_token_service,execute_with_interchain_token,gateway,execute,__constructor,update_vault_ratio,get_vault_ratio,shares_balance,to_rebased,to_base_ceil,mint_from,burn_rebased,has_role,get_role_member_count,get_role_member,get_role_admin,get_admin,grant_role,revoke_role,renounce_role,renounce_admin,transfer_admin_role,accept_admin_transfer,set_role_admin,total_supply,balance,allowance,transfer,transfer_from,approve,decimals,name,symbol,burn,burn_from,set_axelar_config,token_id,get_axelar_its,get_axelar_gateway,get_axelar_gas_token"
dfece7b1220342153009308b30ae7247a939ca249ccebbabbb0a379d378f0a3e,"RoleGranted,RoleRevoked,AdminRenounced,RoleAdminChanged,AdminTransferCompleted,AdminTransferInitiated,Paused,Unpaused,Burn,Mint,Approve,Transfer,MuxedTransfer,UserBlocked,UserUnblocked","burn,mint,name,pause,paused,symbol,approve,balance,blocked,unpause,upgrade,decimals,has_role,transfer,allowance,burn_from,get_admin,block_user,grant_role,revoke_role,total_supply,unblock_user,__constructor,renounce_role,transfer_from,get_role_admin,renounce_admin,set_role_admin,get_role_member,get_existing_roles,transfer_admin_role,accept_admin_transfer,get_role_member_count"
dffb5944dca54fc2227eb2648fa5cac46424fede28d485b17d36010b83558d85,"","claim,set_admin,__constructor,add_stablecoin,decrease_supply,increase_supply"
e047aca524cc12d5fd0912434c5ed0b6fff7578028410e50a2c2b5f5e77c70ce,"RoleGranted,RoleRevoked,RoleAdminChanged,AdminTransferInitiated,AdminTransferCompleted,AdminRenounced,OwnershipTransfer,OwnershipTransferCompleted,OwnershipRenounced,SetRoot,SetClaimed,Paused,Unpaused,UserAllowed,UserDisallowed,UserBlocked,UserUnblocked,Burn,Transfer,Approve,Mint,Burn,ConsecutiveMint,SetDefaultRoyalty,SetTokenRoyalty,RemoveTokenRoyalty,Transfer,Approve,ApproveForAll,Mint,KeyAllowed,KeyRemoved,ClaimRevoked,SignaturesInvalidated,ClaimTopicAdded,ClaimTopicRemoved,TrustedIssuerAdded,TrustedIssuerRemoved,IssuerTopicsUpdated,ModuleAdded,ModuleRemoved,DocumentUpdated,DocumentRemoved,ClaimAdded,ClaimRemoved,ClaimChanged,IdentityStored,IdentityUnstored,IdentityModified,IdentityRecovered,CountryDataAdded,CountryDataRemoved,CountryDataModified,TokenBound,TokenUnbound,TokenOnchainIdUpdated,RecoverySuccess,AddressFrozen,TokensFrozen,TokensUnfrozen,Mint,Burn,ComplianceSet,ClaimTopicsAndIssuersSet,IdentityVerifierSet,Deposit,Withdraw","__constructor,total_supply,balance,allowance,transfer,transfer_from,approve,decimals,name,symbol,get_owner,transfer_ownership,accept_ownership,renounce_ownership"
e151a630a9746cfe082c7a17575f2b8e36bbd0fb4815f8584b7047ff0f28bc88,"","upgrade,__constructor,get_nav,get_nav_decimals,get_admin,set_nav_manager_by_admin,set_vault_by_admin,get_nav_manager,set_nav_by_manager,get_owner,transfer_ownership,accept_ownership,renounce_ownership"
e2ba4ea96531887b012074404c7302fb5ba0933a4de0e911e87186f79662ddc1,"RoleGranted,RoleRevoked,AdminRenounced,RoleAdminChanged,AdminTransferCompleted,AdminTransferInitiated,Burn,Mint,Approve,Transfer,MuxedTransfer","burn,name,wrap,symbol,unwrap,approve,backing,balance,upgrade,decimals,has_role,set_name,transfer,allowance,burn_from,get_admin,grant_role,revoke_role,total_supply,__constructor,renounce_role,transfer_from,wrapped_token,get_role_admin,redeem_to_xrpl,renounce_admin,set_role_admin,get_role_member,set_axelar_config,get_existing_roles,transfer_admin_role,accept_admin_transfer,get_role_member_count,interchain_token_service,execute_with_interchain_token"
e3367532a27a015a0c051b68e5db1939295e946b7014f3c023ec125773ae1a06,"ConsecutiveMint,Burn,SetTokenRoyalty,SetDefaultRoyalty,RemoveTokenRoyalty,Mint,Approve,Transfer,ApproveForAll,ModuleAdded,ModuleRemoved,DocumentRemoved,DocumentUpdated,KeyAllowed,KeyRemoved,ClaimRevoked,SignaturesInvalidated,ClaimAdded,ClaimChanged,ClaimRemoved,Burn,Mint,ClaimTopicAdded,ClaimTopicRemoved,TrustedIssuerAdded,IssuerTopicsUpdated,TrustedIssuerRemoved,IdentityStored,CountryDataAdded,IdentityModified,IdentityUnstored,IdentityRecovered,CountryDataRemoved,CountryDataModified,TokensFrozen,AddressFrozen,ComplianceSet,TokensUnfrozen,RecoverySuccess,IdentityVerifierSet,TokenOnchainIdUpdated,ClaimTopicsAndIssuersSet,TokenBound,TokenUnbound,Deposit,Withdraw,Burn,UserAllowed,UserDisallowed,UserBlocked,UserUnblocked,Mint,Approve,Transfer,SetRoot,SetClaimed,Paused,Unpaused","__constructor"
e3b1ea0f41d5c625f2b03534e032c10313bd7304f0e89fbeae39ced744d0fe2f,"","__constructor,is_token_registered,is_doc_registered,is_paused,change_owner,name,symbol,decimals,balance,total_supply,transfer,allowance,transfer_from,approve,pause,unpause,mint,mint_to,burn,burn_from,grant_kyc,revoke_kyc,update_all_docs,register_doc,unregister_doc,register_token,unregister_token"
e3d543ac9a364f5ce8c1879a598b362f6ac77b715924e83266784e803e572ea7,"HeartbeatUpdated,AggregatorUpdated,BurnedBlockedFunds,MaxBurnMintUpdated,MaxTransferUpdated,RoleGranted,RoleRevoked,AdminRenounced,RoleAdminChanged,AdminTransferCompleted,AdminTransferInitiated,OwnershipTransfer,OwnershipRenounced,OwnershipTransferCompleted,SetRoot,SetClaimed,Paused,Unpaused,ConsecutiveMint,Burn,SetTokenRoyalty,SetDefaultRoyalty,RemoveTokenRoyalty,Mint,Approve,Transfer,ApproveForAll,ModuleAdded,ModuleRemoved,DocumentRemoved,DocumentUpdated,KeyAllowed,KeyRemoved,ClaimRevoked,SignaturesInvalidated,ClaimAdded,ClaimChanged,ClaimRemoved,Burn,Mint,ClaimTopicAdded,ClaimTopicRemoved,TrustedIssuerAdded,IssuerTopicsUpdated,TrustedIssuerRemoved,IdentityStored,CountryDataAdded,IdentityModified,IdentityUnstored,IdentityRecovered,CountryDataRemoved,CountryDataModified,TokensFrozen,AddressFrozen,ComplianceSet,TokensUnfrozen,RecoverySuccess,IdentityVerifierSet,TokenOnchainIdUpdated,ClaimTopicsAndIssuersSet,TokenBound,TokenUnbound,Deposit,Withdraw,Burn,UserAllowed,UserDisallowed,UserBlocked,UserUnblocked,Mint,Approve,Transfer","burn,mint,name,admin,pause,symbol,approve,balance,unpause,upgrade,decimals,has_role,transfer,allowance,is_paused,aggregator,grant_role,is_blocked,revoke_role,accept_admin,max_transfer,total_supply,__constructor,max_burn_mint,transfer_from,block_accounts,set_aggregator,transfer_admin,set_max_transfer,unblock_accounts,set_max_burn_mint,get_latest_reserve,aggregator_heartbeat,set_aggregator_heartbeat,remove_funds_from_blocked"
ea5d24bc6768196843dd3c43d004e5eda7e3936cab53de4fc47cf82a24c8d73f,"RoleGranted,RoleRevoked,AdminRenounced,RoleAdminChanged,AdminTransferCompleted,AdminTransferInitiated,OwnershipTransfer,OwnershipRenounced,OwnershipTransferCompleted,SetRoot,SetClaimed,Paused,Unpaused,Mint,Approve,Transfer,ApproveForAll,Burn,Mint,TokensFrozen,AddressFrozen,ComplianceSet,TokensUnfrozen,RecoverySuccess,IdentityVerifierSet,TokenOnchainIdUpdated,ClaimTopicsAndIssuersSet,Deposit,Withdraw,Approve,Transfer,ModuleAdded,ModuleRemoved,KeyAllowed,KeyRemoved,ClaimRevoked,SignaturesInvalidated,ClaimAdded,ClaimChanged,ClaimRemoved,ClaimTopicAdded,ClaimTopicRemoved,TrustedIssuerAdded,IssuerTopicsUpdated,TrustedIssuerRemoved,IdentityStored,CountryDataAdded,IdentityModified,IdentityUnstored,IdentityRecovered,CountryDataRemoved,CountryDataModified,ConsecutiveMint,Burn,SetTokenRoyalty,SetDefaultRoyalty,RemoveTokenRoyalty,DocumentRemoved,DocumentUpdated,TokenBound,TokenUnbound,UserAllowed,UserDisallowed,UserBlocked,UserUnblocked","burn,mint,name,symbol,approve,balance,decimals,transfer,allowance,burn_from,get_owner,__constructor,transfer_from,accept_ownership,renounce_ownership,transfer_ownership"
ea5d97cca1a7edac2ae8cf707346faba9897debc1b66fbef1fc53e7828013aab,"","upgrade,__constructor,get_nav,get_nav_decimals,get_admin,get_last_updated_at,set_nav_manager_by_admin,set_vault_by_admin,get_nav_manager,set_nav_by_manager,get_owner,transfer_ownership,accept_ownership,renounce_ownership"
eb817999b8e7cee5d6ceee3152e2911a75fd56e48b0bc86ed1971b062521109a,"RoleGranted,RoleRevoked,RoleAdminChanged,AdminTransferInitiated,AdminTransferCompleted,AdminRenounced,OwnershipTransfer,OwnershipTransferCompleted,OwnershipRenounced,SetRoot,SetClaimed,Paused,Unpaused,UserAllowed,UserDisallowed,UserBlocked,UserUnblocked,Burn,Transfer,Approve,Mint,Burn,ConsecutiveMint,SetDefaultRoyalty,SetTokenRoyalty,RemoveTokenRoyalty,Transfer,Approve,ApproveForAll,Mint,KeyAllowed,KeyRemoved,ClaimRevoked,SignaturesInvalidated,ClaimTopicAdded,ClaimTopicRemoved,TrustedIssuerAdded,TrustedIssuerRemoved,IssuerTopicsUpdated,ModuleAdded,ModuleRemoved,DocumentUpdated,DocumentRemoved,ClaimAdded,ClaimRemoved,ClaimChanged,IdentityStored,IdentityUnstored,IdentityModified,IdentityRecovered,CountryDataAdded,CountryDataRemoved,CountryDataModified,TokenBound,TokenUnbound,TokenOnchainIdUpdated,RecoverySuccess,AddressFrozen,TokensFrozen,TokensUnfrozen,Mint,Burn,ComplianceSet,ClaimTopicsAndIssuersSet,IdentityVerifierSet,Deposit,Withdraw","__constructor,total_supply,balance,allowance,transfer,transfer_from,approve,decimals,name,symbol,get_owner,transfer_ownership,accept_ownership,renounce_ownership"
eb85193d50deb8b62e449b06a3cd40be0d55674d2ee70dcb50914c1c32ce290c,"","__constructor,update_release_key,open,guard,seal,release_key,steward,update_steward,bound_aid,unbound_aid,aid_of,assigned_aid_of,available_aid_of,__check_auth"
ebc89ee1ea8b6d4ae48a4f74c06aa6ccc071abd49399677bb934142d0567ed8e,"","__constructor,add_asset,set_oracles,decimals,lastprice,set_admin,upgrade"
edd771dc600314f470857987586282e54b25a8add347a89daa314142521b0dff,"SetDstConfig,SetUpgrader,PacketSent,PacketVerified,PacketDelivered,LzReceiveAlert,ZroSet,DelegateSet,InboundNonceSkipped,PacketNilified,PacketBurnt,LibraryRegistered,DefaultSendLibrarySet,DefaultReceiveLibrarySet,DefaultReceiveLibTimeoutSet,SendLibrarySet,ReceiveLibrarySet,ReceiveLibraryTimeoutSet,ComposeSent,ComposeDelivered,LzComposeAlert,SignerSet,ThresholdSet,OwnershipTransferred,OwnershipTransferring,OwnershipTransferCancelled,OwnershipRenounced,RoleGranted,RoleRevoked,RoleAdminChanged,TtlConfigsSet,TtlConfigsFrozen,SetAdmin,SetSupportedMessageLib,SetAllowlist,SetDenylist,Paused,Unpaused,SetDefaultMultiplierBps,SetDepositAddress,SetPriceFeed,SetSupportedOptionTypes,SetWorkerFeeLib","__check_auth,set_paused,set_admin,set_supported_message_lib,set_allowlist,set_denylist,set_default_multiplier_bps,set_deposit_address,set_supported_option_types,set_worker_fee_lib,set_price_feed,paused,is_admin,admins,is_supported_message_lib,message_libs,is_on_allowlist,allowlist_size,is_on_denylist,has_acl,default_multiplier_bps,deposit_address,get_supported_option_types,worker_fee_lib,price_feed,get_fee,assign_job,execute_transaction,set_upgrader,upgrader,set_dst_config,dst_config,vid,hash_call_data,__constructor,set_admin_by_admin,upgrade,migrate,authorizer,set_signer,set_threshold,get_signers,total_signers,is_signer,threshold,verify_signatures,verify_n_signatures,extend_instance_ttl,set_ttl_configs,ttl_configs,freeze_ttl_configs,is_ttl_configs_frozen"
ee003d395f9508ae4b8c073d409056f5b245f52a2918bd1724b0a081ce1bf420,"RoleGranted,RoleRevoked,AdminRenounced,RoleAdminChanged,AdminTransferCompleted,AdminTransferInitiated,OwnershipTransfer,OwnershipRenounced,OwnershipTransferCompleted,SetRoot,SetClaimed,Paused,Unpaused,DelegateChanged,DelegateVotesChanged,VoteCast,QuorumChanged,ProposalQueued,ProposalCreated,ProposalExecuted,ProposalCancelled,MinDelayChanged,OperationExecuted,OperationCancelled,OperationScheduled,ConsecutiveMint,Burn,SetTokenRoyalty,SetDefaultRoyalty,RemoveTokenRoyalty,Mint,Approve,Transfer,ApproveForAll,ModuleAdded,ModuleRemoved,DocumentRemoved,DocumentUpdated,KeyAllowed,KeyRemoved,ClaimRevoked,SignaturesInvalidated,ClaimAdded,ClaimChanged,ClaimRemoved,Burn,Mint,ClaimTopicAdded,ClaimTopicRemoved,TrustedIssuerAdded,IssuerTopicsUpdated,TrustedIssuerRemoved,IdentityStored,CountryDataAdded,IdentityModified,IdentityUnstored,IdentityRecovered,CountryDataRemoved,CountryDataModified,TokensFrozen,AddressFrozen,ComplianceSet,TokensUnfrozen,RecoverySuccess,IdentityVerifierSet,TokenOnchainIdUpdated,ClaimTopicsAndIssuersSet,TokenBound,TokenUnbound,Deposit,Withdraw,Burn,UserAllowed,UserDisallowed,UserBlocked,UserUnblocked,Mint,Approve,Transfer","add_claim,get_claim,get_owner,remove_claim,__constructor,accept_ownership,get_claim_topics,get_token_details,renounce_ownership,transfer_ownership,get_identity_details,get_claim_ids_by_topic"
eed1addb9646570e63b89b1a8894bf72a01e46b7ea2c9f2f3a1be0089708643d,"DstConfigSet,NativeDropApplied,PacketSent,PacketVerified,PacketDelivered,LzReceiveAlert,ZroSet,DelegateSet,InboundNonceSkipped,PacketNilified,PacketBurnt,LibraryRegistered,DefaultSendLibrarySet,DefaultReceiveLibrarySet,DefaultReceiveLibTimeoutSet,SendLibrarySet,ReceiveLibrarySet,ReceiveLibraryTimeoutSet,ComposeSent,ComposeDelivered,LzComposeAlert,SignerSet,ThresholdSet,OwnershipTransferred,OwnershipTransferring,OwnershipTransferCancelled,OwnershipRenounced,RoleGranted,RoleRevoked,RoleAdminChanged,TtlConfigsSet,TtlConfigsFrozen,SetAdmin,SetSupportedMessageLib,SetAllowlist,SetDenylist,Paused,Unpaused,SetDefaultMultiplierBps,SetDepositAddress,SetPriceFeed,SetSupportedOptionTypes,SetWorkerFeeLib","__check_auth,set_paused,set_admin,set_supported_message_lib,set_allowlist,set_denylist,set_default_multiplier_bps,set_deposit_address,set_supported_option_types,set_worker_fee_lib,set_price_feed,paused,is_admin,admins,is_supported_message_lib,message_libs,is_on_allowlist,allowlist_size,is_on_denylist,has_acl,default_multiplier_bps,deposit_address,get_supported_option_types,worker_fee_lib,price_feed,assign_job,get_fee,set_dst_config,dst_config,native_drop,endpoint,__constructor,withdraw_token,set_executor_helper,executor_helper,upgrade,migrate,authorizer,owner,pending_owner,transfer_ownership,begin_ownership_transfer,accept_ownership,renounce_ownership,extend_instance_ttl,set_ttl_configs,ttl_configs,freeze_ttl_configs,is_ttl_configs_frozen"
ef63683721757a7d6bdb2691e9d1e4dbf0e446ff5b02ea2fb3d1f8d2c18e4872,"MemberAdded,SignerAdded,MemberRemoved,QuorumCreated,SignerRemoved,ProposalCreated,ProposalApproved,ProposalExecuted,ProposalRejected,ThresholdUpdated,ProposalCancelled,PolicyAdded,SignerAdded,PolicyRemoved,SignerRemoved,ContextRuleAdded,ContextRuleRemoved,ContextRuleUpdated,SpendingLimitPolicyEnforced,SimplePolicyEnforced,WeightedPolicyEnforced","cancel,reject,approve,propose,add_member,add_signer,get_member,get_members,__check_auth,get_proposal,__constructor,get_threshold,remove_member,remove_signer,set_threshold,get_proposal_ids"
f11078394fd06b3992b4274611a7c47809707bdce61254cffa6dd40fcaad364f,"","upgrade,__constructor,paused,pause,unpause,transfer,transfer_from,approve,total_supply,balance,allowance,decimals,name,symbol,burn,burn_from,mint_from,add_to_blacklist,remove_from_blacklist,is_blacklisted,burn_blacklisted_tokens_by_admin,add_minter_by_manager,remove_minter_by_manager,get_minters,is_minter,set_blacklist_manager,set_minter_manager,is_blacklist_manager,get_blacklist_manager,is_minter_manager,get_minter_manager,get_admin,get_owner,transfer_ownership,accept_ownership,renounce_ownership"
f1ceec13366e837c507ae6b432a5ba9901ccea2a55671a20f4bbfb816409480d,"","upgrade,__constructor,paused,pause,unpause,transfer,transfer_from,approve,total_supply,balance,allowance,decimals,name,symbol,burn,burn_from,mint_from,get_version,add_to_blacklist,remove_from_blacklist,is_blacklisted,burn_blacklisted_tokens_by_admin,add_minter_by_manager,remove_minter_by_manager,get_minters,is_minter,set_blacklist_manager,set_minter_manager,is_blacklist_manager,get_blacklist_manager,is_minter_manager,get_minter_manager,get_admin,get_owner,transfer_ownership,accept_ownership,renounce_ownership"
f201f0df6d7f78dc31f01186ef017390e74d55f885a6c861ced27b1428bb5071,"","upgrade,__constructor,update_k,get_current_k,get_epoch,to_rebased,to_base_ceil,mint_from,has_role,get_role_member_count,get_role_member,get_role_admin,get_admin,grant_role,revoke_role,renounce_role,renounce_admin,transfer_admin_role,accept_admin_transfer,set_role_admin,total_supply,balance,allowance,transfer,transfer_from,approve,decimals,name,symbol,burn,burn_from,set_axelar_config,token_id,get_axelar_its,get_axelar_chain,get_axelar_gas_token"
f2165f6574f321a7cddeee6699b903635dce99f6914e6b24885c9e35e136f2dd,"Repaid,CreditOpened,DrawExecuted,CollateralSeized,RoleGranted,RoleRevoked,AdminRenounced,RoleAdminChanged,AdminTransferCompleted,AdminTransferInitiated","pause,repay,paused,unpause,upgrade,has_role,position,get_admin,liquidate,grant_role,open_credit,revoke_role,execute_draw,__constructor,renounce_role,get_role_admin,renounce_admin,set_role_admin,get_role_member,is_nullifier_used,get_existing_roles,transfer_admin_role,accept_admin_transfer,get_role_member_count"
f23472368831f0ed7c9185b82899e7ed7993e570fdc3666117af5c037d5b9d7b,"RoleGranted,RoleRevoked,AdminRenounced,RoleAdminChanged,AdminTransferCompleted,AdminTransferInitiated,Mint,Approve,Transfer,ApproveForAll,Burn,SetTokenRoyalty,SetDefaultRoyalty,RemoveTokenRoyalty","burn,mint,name,symbol,approve,balance,upgrade,has_role,owner_of,transfer,burn_from,get_admin,token_uri,grant_role,revoke_role,get_approved,royalty_info,__constructor,renounce_role,transfer_from,get_role_admin,renounce_admin,set_role_admin,approve_for_all,get_role_member,set_token_royalty,get_existing_roles,is_approved_for_all,set_default_royalty,transfer_admin_role,remove_token_royalty,accept_admin_transfer,get_role_member_count"
f2bc5300f0f9a764276f78bf26107b89190a2e4bd72751b1f04ad41b3f0d2889,"","pause,deposit,migrate,unpause,version,withdraw,is_paused,add_rewards,get_position,__constructor,cancel_upgrade,check_solvency,add_lock_period,execute_upgrade,get_period_data,propose_upgrade,set_blend_token,remove_lock_period,set_defindex_vault,refresh_position_ttl,lock_upgrades_forever,withdraw_protocol_fees,update_early_withdrawal_fee,update_upgrade_timelock_secs"
f2c496095a9f91490e95ebd3c6a2796e112adf163da50fadcb1a2f4b64322027,"RoleGranted,RoleRevoked,AdminRenounced,RoleAdminChanged,AdminTransferCompleted,AdminTransferInitiated,OwnershipTransfer,OwnershipRenounced,OwnershipTransferCompleted,SetRoot,SetClaimed,Paused,Unpaused,DelegateChanged,DelegateVotesChanged,VoteCast,QuorumChanged,ProposalQueued,ProposalCreated,ProposalExecuted,ProposalCancelled,MinDelayChanged,OperationExecuted,OperationCancelled,OperationScheduled,ConsecutiveMint,Burn,SetTokenRoyalty,SetDefaultRoyalty,RemoveTokenRoyalty,Mint,Approve,Transfer,ApproveForAll,ModuleAdded,ModuleRemoved,DocumentRemoved,DocumentUpdated,KeyAllowed,KeyRemoved,ClaimRevoked,SignaturesInvalidated,ClaimAdded,ClaimChanged,ClaimRemoved,Burn,Mint,ClaimTopicAdded,ClaimTopicRemoved,TrustedIssuerAdded,IssuerTopicsUpdated,TrustedIssuerRemoved,IdentityStored,CountryDataAdded,IdentityModified,IdentityUnstored,IdentityRecovered,CountryDataRemoved,CountryDataModified,TokensFrozen,AddressFrozen,ComplianceSet,TokensUnfrozen,RecoverySuccess,IdentityVerifierSet,TokenOnchainIdUpdated,ClaimTopicsAndIssuersSet,TokenBound,TokenUnbound,Deposit,Withdraw,Burn,UserAllowed,UserDisallowed,UserBlocked,UserUnblocked,Mint,Approve,Transfer","has_role,get_admin,grant_role,revoke_role,__constructor,renounce_role,get_role_admin,renounce_admin,set_role_admin,get_role_member,recovery_target,verify_identity,registry_address,get_existing_roles,transfer_admin_role,accept_admin_transfer,get_role_member_count,claim_topics_and_issuers,set_claim_topics_and_issuers"
f340242d143b42e273f628f44ccb907f55f5beb256f3de17de2c005fcdbc9783,"SimplePolicyEnforced,SpendingLimitPolicyEnforced,WeightedPolicyEnforced,ContextRuleAdded,ContextRuleUpdated,ContextRuleRemoved,SignerAdded,SignerRemoved,PolicyAdded,PolicyRemoved,SetRoot,SetClaimed,Paused,Unpaused","upgrade,__constructor,__check_auth,get_context_rule,get_context_rules,get_context_rules_count,add_context_rule,update_context_rule_name,update_context_rule_valid_until,remove_context_rule,add_signer,remove_signer,add_policy,remove_policy,execute"
f4c21ffa63ab60450af282dbd23876cb7dc6d3cdce4d12438e083fed39731622,"","__constructor,add_stablecoin,increase_supply,decrease_supply,claim,keep_peg,set_pegkeeper,set_admin,upgrade"
f4de70f678124ba1f17642e07b7a06355deb468e0df573b8897269258fb0ff1a,"","upgrade,__constructor,grant_role_batch,revoke_role_batch,renounce_admin,renounce_role,has_role,get_role_member_count,get_role_member,get_role_admin,get_admin,grant_role,revoke_role,transfer_admin_role,accept_admin_transfer,set_role_admin"
f4f9e67f883302b5f9da3f947651f1db322bc3880a44a676fea96ef6c30c0fe8,"Swept,Paused,SwapV2,Deposit,Unpaused,Upgraded,Redemption,BaseFeesSet,AdminRotated,Usdm0Assigned,Usdm1Assigned,WhitelistAdded,CollateralAdded,OperatorAssigned,WhitelistRemoved,CollateralEnabled,CollateralFeesSet,CollateralRemoved,DepositFeeCharged,CollateralDisabled,TrustedSignerAdded,BeneficiaryAssigned,RedemptionCancelled,RedemptionProcessed,RedemptionFeeCharged,TrustedSignerRemoved","swap_v2,pause,sweep,unpause,upgrade,get_usdm0,get_usdm1,is_paused,get_config,assign_usdm0,assign_usdm1,get_operator,__constructor,set_base_fees,add_collateral,is_whitelisted,assign_operator,compute_feed_id,get_beneficiary,get_collaterals,add_to_whitelist,verify_signature,enable_collateral,get_administrator,is_trusted_signer,remove_collateral,add_trusted_signer,assign_beneficiary,disable_collateral,get_trusted_signers,set_collateral_fees,get_contract_version,rotate_administrator,get_collateral_config,get_redeem_permit_seq,remove_from_whitelist,remove_trusted_signer,get_deposit_permit_seq,reset_usdm_token_admin,assert_contract_version,set_collateral_disabled,get_base_deposit_fee_bps,build_redeem_permit_digest,build_deposit_permit_digest,get_base_redemption_fee_bps,build_price_attestation_digest,redeem,redeem_usdm0,get_redemption,cancel_redemption,process_redemption,deposit,deposit_for_usdm0"
f52968630b8ae863f88f1111fca66cb1325163da9ef3b1bcbd7e1d55482e2f9c,"","__constructor,update_metadata,metadata,total_supply,balance,allowance,transfer,transfer_from,approve,decimals,name,symbol,burn,burn_from,get_owner,transfer_ownership,accept_ownership,renounce_ownership"
f6a8e0d756c92898ab21f2d8b0a4eb331f781a6eca21b00c4f45aade5c1f4987,"","pause,migrate,unpause,version,owner_of,transfer,is_paused,mint_badge,has_claimed,total_supply,badge_type_of,__constructor,cancel_upgrade,execute_upgrade,propose_upgrade,update_edition_cap,update_signing_key,lock_upgrades_forever,update_upgrade_timelock_secs"
f74d87d72381b4a5c787eb8b16a2b861aed6c3146583703ceb003d5befe9d338,"","provide_liquidity,swap,withdraw_liquidity,update_config,upgrade,query_config,query_share_token_address,query_stake_contract_address,query_pool_info,query_pool_info_for_factory,simulate_swap,simulate_reverse_swap,query_share,query_total_issued_lp,propose_admin,revoke_admin_change,accept_admin,query_admin,set_delegate,withdraw_to_delegate,deposit_from_delegate,donate,query_delegate_state,set_min_trading_balances,min_trading_balances,__constructor,query_version,add_new_key_to_storage"
f82af312de0de01dfc562c02a55942eaa7575c5ebcbbd7fe5512105c0c088f8d,"FactoryInitialized,IdentityAccountDeployed","upgrade,salt_for,certifier,account_for,__constructor,fee_recipients,deploy_identity,predict_identity,account_wasm_hash,certification_fee,satellite_allowed,set_account_wasm_hash,set_satellite_allowed"
f8a0c43cf07f2ecd6e372eede76aad6992fd86c647b4765deb76ce0a40853ac8,"SetUpgrader,SetDstConfig,Paused,SetAdmin,Unpaused,SetDenylist,SetAllowlist,SetPriceFeed,SetWorkerFeeLib,SetDepositAddress,SetSupportedMessageLib,SetDefaultMultiplierBps,SetSupportedOptionTypes,TtlConfigsSet,TtlConfigsFrozen,RoleGranted,RoleRevoked,RoleAdminChanged,OwnershipRenounced,OwnershipTransferred,OwnershipTransferring,OwnershipTransferCancelled,SignerSet,ThresholdSet","vid,admins,paused,get_fee,has_acl,migrate,upgrade,is_admin,upgrader,is_signer,set_admin,threshold,assign_job,authorizer,dst_config,price_feed,set_paused,set_signer,get_signers,ttl_configs,__check_auth,message_libs,set_denylist,set_upgrader,__constructor,set_allowlist,set_threshold,total_signers,allowlist_size,hash_call_data,is_on_denylist,set_dst_config,set_price_feed,worker_fee_lib,deposit_address,is_on_allowlist,set_ttl_configs,verify_signatures,freeze_ttl_configs,set_admin_by_admin,set_worker_fee_lib,execute_transaction,extend_instance_ttl,set_deposit_address,verify_n_signatures,is_ttl_configs_frozen,default_multiplier_bps,is_supported_message_lib,set_supported_message_lib,get_supported_option_types,set_default_multiplier_bps,set_supported_option_types"
fd5f159f3d32c57d73a3fcdc842f296b3e671f2516294387b5985b99c3b7881a,"","upgrade,__constructor,mint_from,mint,total_supply,balance,allowance,transfer,transfer_from,approve,decimals,name,symbol,burn,burn_from,has_role,get_role_member_count,get_role_member,get_role_admin,get_admin,grant_role,revoke_role,renounce_role,renounce_admin,transfer_admin_role,accept_admin_transfer,set_role_admin"
fde238eb32c2854e85f9cb510055b6032b138c85a6d94f573ad25bf67e9aa7e4,"RoleGranted,RoleRevoked,RoleAdminChanged,AdminTransferInitiated,AdminTransferCompleted,AdminRenounced,OwnershipTransfer,OwnershipTransferCompleted,OwnershipRenounced,SetRoot,SetClaimed,Paused,Unpaused,UserAllowed,UserDisallowed,UserBlocked,UserUnblocked,Burn,Transfer,Approve,Mint,Burn,ConsecutiveMint,SetDefaultRoyalty,SetTokenRoyalty,RemoveTokenRoyalty,Transfer,Approve,ApproveForAll,Mint,KeyAllowed,KeyRemoved,ClaimRevoked,SignaturesInvalidated,ClaimTopicAdded,ClaimTopicRemoved,TrustedIssuerAdded,TrustedIssuerRemoved,IssuerTopicsUpdated,ModuleAdded,ModuleRemoved,DocumentUpdated,DocumentRemoved,ClaimAdded,ClaimRemoved,ClaimChanged,IdentityStored,IdentityUnstored,IdentityModified,IdentityRecovered,CountryDataAdded,CountryDataRemoved,CountryDataModified,TokenBound,TokenUnbound,TokenOnchainIdUpdated,RecoverySuccess,AddressFrozen,TokensFrozen,TokensUnfrozen,Mint,Burn,ComplianceSet,ClaimTopicsAndIssuersSet,IdentityVerifierSet,Deposit,Withdraw","__constructor,total_supply,balance,allowance,transfer,transfer_from,approve,decimals,name,symbol,get_owner,transfer_ownership,accept_ownership,renounce_ownership"
fdefad64b96837147e1c333e51f537b696eab925e9f147e63d597c04e3c903f0,"Upgraded,SignerAdded,SignerRemoved,SignerUpdated","upgrade,add_signer,get_signer,__check_auth,__constructor,remove_signer,update_signer"
fe90f52a288c2188727adc064147da494e7e208c05507df5939b9b3e93c97ecd,"RoleGranted,RoleRevoked,RoleAdminChanged,AdminTransferInitiated,AdminTransferCompleted,AdminRenounced,OwnershipTransfer,OwnershipTransferCompleted,OwnershipRenounced,SetRoot,SetClaimed,Paused,Unpaused","upgrade,__constructor,deploy_vault,set_vault_wasm_hash,get_vault_wasm_hash,get_vaults,has_role,get_role_member_count,get_role_member,get_role_admin,get_admin,grant_role,revoke_role,renounce_role,renounce_admin,transfer_admin_role,accept_admin_transfer,set_role_admin"
ffa68ad3d49e5d61c13e386576c2a9215fdee4e38e9e01f62830fd6ccdc0afce,"","__constructor,is_whitelisted,add_to_whitelist,remove_from_whitelist,add_project,set_project_approved,set_project_rejected,reset_project,get_project_status,get_projects_statuses_in_bulk,get_projects_statuses_from_vec,get_all_projects_statuses,set_admin,get_trufa_score"
